ISO-10303-21;
HEADER;
/* Generated by software containing ST-Developer
 * from STEP Tools, Inc. (www.steptools.com) 
 */
/* OPTION: using custom renumber hook */

FILE_DESCRIPTION(
/* description */ ('STEP AP242',
'CAx-IF Rec.Pracs.---Representation and Presentation of Product Manufa
cturing Information (PMI)---4.0---2014-10-13',
'CAx-IF Rec.Pracs.---3D Tessellated Geometry---0.4---2014-09-14','2;1'),

/* implementation_level */ '2;1');

FILE_NAME(
/* name */ 'M2012SS1W01',
/* time_stamp */ '2026-06-22T23:26:26+02:00',
/* author */ ('License CC BY-ND 4.0'),
/* organization */ ('CADENAS'),
/* preprocessor_version */ 'ST-DEVELOPER v20',
/* originating_system */ 'PARTsolutions',
/* authorisation */ '  ');

FILE_SCHEMA (('AP242_MANAGED_MODEL_BASED_3D_ENGINEERING_MIM_LF { 1 0 10303 442 1 1 4 }'));
ENDSEC;

DATA;
#10=GEOMETRICALLY_BOUNDED_WIREFRAME_SHAPE_REPRESENTATION('',(#11),#7243);
#11=GEOMETRIC_CURVE_SET('',(#7232));
#12=SPHERICAL_SURFACE('',#4732,0.055);
#13=B_SPLINE_CURVE_WITH_KNOTS('',3,(#6246,#6247,#6248,#6249),
 .UNSPECIFIED.,.F.,.F.,(4,4),(0.00118163410495278,0.00185283111313177),
 .UNSPECIFIED.);
#14=B_SPLINE_CURVE_WITH_KNOTS('',3,(#6253,#6254,#6255,#6256),
 .UNSPECIFIED.,.F.,.F.,(4,4),(0.00118730305501289,0.00185849934850716),
 .UNSPECIFIED.);
#15=B_SPLINE_CURVE_WITH_KNOTS('',3,(#6562,#6563,#6564,#6565),
 .UNSPECIFIED.,.F.,.F.,(4,4),(0.00306885718558363,0.00455986719047821),
 .UNSPECIFIED.);
#16=B_SPLINE_CURVE_WITH_KNOTS('',3,(#6567,#6568,#6569,#6570),
 .UNSPECIFIED.,.F.,.F.,(4,4),(7.96285880359121E-7,0.00149180629077493),
 .UNSPECIFIED.);
#17=B_SPLINE_CURVE_WITH_KNOTS('',3,(#6572,#6573,#6574,#6575),
 .UNSPECIFIED.,.F.,.F.,(4,4),(0.00709167990536858,0.00941899641349842),
 .UNSPECIFIED.);
#18=B_SPLINE_CURVE_WITH_KNOTS('',3,(#6577,#6578,#6579,#6580),
 .UNSPECIFIED.,.F.,.F.,(4,4),(7.9914966355379E-7,0.00174288856842116),
 .UNSPECIFIED.);
#19=B_SPLINE_CURVE_WITH_KNOTS('',3,(#6582,#6583,#6584,#6585),
 .UNSPECIFIED.,.F.,.F.,(4,4),(0.00281777490793741,0.00455986432669501),
 .UNSPECIFIED.);
#20=B_SPLINE_CURVE_WITH_KNOTS('',3,(#6587,#6588,#6589,#6590),
 .UNSPECIFIED.,.F.,.F.,(4,4),(0.00478560659962797,0.00709167990536858),
 .UNSPECIFIED.);
#21=B_SPLINE_CURVE_WITH_KNOTS('',3,(#6592,#6593,#6594,#6595),
 .UNSPECIFIED.,.F.,.F.,(4,4),(0.00306885718558364,0.00455986719047821),
 .UNSPECIFIED.);
#22=B_SPLINE_CURVE_WITH_KNOTS('',3,(#6597,#6598,#6599,#6600),
 .UNSPECIFIED.,.F.,.F.,(4,4),(7.96285880359121E-7,0.00149180629077493),
 .UNSPECIFIED.);
#23=B_SPLINE_CURVE_WITH_KNOTS('',3,(#6602,#6603,#6604,#6605),
 .UNSPECIFIED.,.F.,.F.,(4,4),(0.00709167990536858,0.00941899641349842),
 .UNSPECIFIED.);
#24=B_SPLINE_CURVE_WITH_KNOTS('',3,(#6607,#6608,#6609,#6610),
 .UNSPECIFIED.,.F.,.F.,(4,4),(7.9914966355379E-7,0.00174288856842116),
 .UNSPECIFIED.);
#25=B_SPLINE_CURVE_WITH_KNOTS('',3,(#6612,#6613,#6614,#6615),
 .UNSPECIFIED.,.F.,.F.,(4,4),(0.00281777490793741,0.00455986432669501),
 .UNSPECIFIED.);
#26=B_SPLINE_CURVE_WITH_KNOTS('',3,(#6617,#6618,#6619,#6620),
 .UNSPECIFIED.,.F.,.F.,(4,4),(0.00478560659962797,0.00709167990536858),
 .UNSPECIFIED.);
#27=B_SPLINE_CURVE_WITH_KNOTS('',3,(#6626,#6627,#6628,#6629),
 .UNSPECIFIED.,.F.,.F.,(4,4),(0.00306885718558363,0.00455986719047821),
 .UNSPECIFIED.);
#28=B_SPLINE_CURVE_WITH_KNOTS('',3,(#6633,#6634,#6635,#6636),
 .UNSPECIFIED.,.F.,.F.,(4,4),(7.9914966355379E-7,0.00174288856842116),
 .UNSPECIFIED.);
#29=B_SPLINE_CURVE_WITH_KNOTS('',3,(#6640,#6641,#6642,#6643),
 .UNSPECIFIED.,.F.,.F.,(4,4),(0.00709167990536858,0.00941899641349842),
 .UNSPECIFIED.);
#30=B_SPLINE_CURVE_WITH_KNOTS('',3,(#6645,#6646,#6647,#6648),
 .UNSPECIFIED.,.F.,.F.,(4,4),(0.00478560659962797,0.00709167990536858),
 .UNSPECIFIED.);
#31=B_SPLINE_CURVE_WITH_KNOTS('',3,(#6652,#6653,#6654,#6655),
 .UNSPECIFIED.,.F.,.F.,(4,4),(0.00281777490793741,0.00455986432669501),
 .UNSPECIFIED.);
#32=B_SPLINE_CURVE_WITH_KNOTS('',3,(#6659,#6660,#6661,#6662),
 .UNSPECIFIED.,.F.,.F.,(4,4),(7.96285880359148E-7,0.00149180629077493),
 .UNSPECIFIED.);
#33=B_SPLINE_CURVE_WITH_KNOTS('',3,(#6666,#6667,#6668,#6669),
 .UNSPECIFIED.,.F.,.F.,(4,4),(0.00306885718558363,0.00455986719047821),
 .UNSPECIFIED.);
#34=B_SPLINE_CURVE_WITH_KNOTS('',3,(#6673,#6674,#6675,#6676),
 .UNSPECIFIED.,.F.,.F.,(4,4),(7.9914966355379E-7,0.00174288856842116),
 .UNSPECIFIED.);
#35=B_SPLINE_CURVE_WITH_KNOTS('',3,(#6680,#6681,#6682,#6683),
 .UNSPECIFIED.,.F.,.F.,(4,4),(0.00709167990536858,0.00941899641349842),
 .UNSPECIFIED.);
#36=B_SPLINE_CURVE_WITH_KNOTS('',3,(#6685,#6686,#6687,#6688),
 .UNSPECIFIED.,.F.,.F.,(4,4),(0.00478560659962797,0.00709167990536858),
 .UNSPECIFIED.);
#37=B_SPLINE_CURVE_WITH_KNOTS('',3,(#6690,#6691,#6692,#6693),
 .UNSPECIFIED.,.F.,.F.,(4,4),(0.00281777490793741,0.00455986432669501),
 .UNSPECIFIED.);
#38=B_SPLINE_CURVE_WITH_KNOTS('',3,(#6697,#6698,#6699,#6700),
 .UNSPECIFIED.,.F.,.F.,(4,4),(7.96285880359148E-7,0.00149180629077493),
 .UNSPECIFIED.);
#39=CONICAL_SURFACE('',#4458,0.1064,0.785398163397449);
#40=CONICAL_SURFACE('',#4553,0.189,1.22173047639603);
#41=CONICAL_SURFACE('',#4554,0.189,1.22173047639603);
#42=CONICAL_SURFACE('',#4555,0.189,1.22173047639603);
#43=CONICAL_SURFACE('',#4556,0.189,1.22173047639603);
#44=CONICAL_SURFACE('',#4557,0.189,1.22173047639603);
#45=CONICAL_SURFACE('',#4558,0.189,1.22173047639603);
#46=CONICAL_SURFACE('',#4565,0.1575,1.22173047639603);
#47=CONICAL_SURFACE('',#4567,0.1575,1.22173047639603);
#48=CONICAL_SURFACE('',#4569,0.1575,1.22173047639603);
#49=CONICAL_SURFACE('',#4571,0.1575,1.22173047639603);
#50=CONICAL_SURFACE('',#4573,0.1575,1.22173047639603);
#51=CONICAL_SURFACE('',#4578,0.1575,1.22173047639603);
#52=CONICAL_SURFACE('',#4579,0.125,0.785398163397449);
#53=CONICAL_SURFACE('',#4583,0.10565,0.785398163397448);
#54=CONTEXT_DEPENDENT_SHAPE_REPRESENTATION(#72,#7261);
#55=CONTEXT_DEPENDENT_SHAPE_REPRESENTATION(#73,#7263);
#56=CONTEXT_DEPENDENT_SHAPE_REPRESENTATION(#74,#7265);
#57=CONTEXT_DEPENDENT_SHAPE_REPRESENTATION(#75,#7267);
#58=CONTEXT_DEPENDENT_SHAPE_REPRESENTATION(#76,#7269);
#59=CONTEXT_DEPENDENT_SHAPE_REPRESENTATION(#77,#7270);
#60=CONTEXT_DEPENDENT_SHAPE_REPRESENTATION(#78,#7272);
#61=CONTEXT_DEPENDENT_SHAPE_REPRESENTATION(#79,#7274);
#62=CONTEXT_DEPENDENT_SHAPE_REPRESENTATION(#80,#7276);
#63=NEXT_ASSEMBLY_USAGE_OCCURRENCE('NAUO1','M20121SS1W01-switch',
'M20121SS1W01-switch',#7277,#7278,'');
#64=NEXT_ASSEMBLY_USAGE_OCCURRENCE('NAUO2','M201S1M201-bushing',
'M201S1M201-bushing',#7277,#7279,'');
#65=NEXT_ASSEMBLY_USAGE_OCCURRENCE('NAUO3','AT513H','AT513H',#7277,#7280,
'');
#66=NEXT_ASSEMBLY_USAGE_OCCURRENCE('NAUO4','AT507H','AT507H',#7277,#7281,
'');
#67=NEXT_ASSEMBLY_USAGE_OCCURRENCE('NAUO5','AT509','AT509',#7277,#7282,
'');
#68=NEXT_ASSEMBLY_USAGE_OCCURRENCE('NAUO6','AT513H','AT513H',#7277,#7280,
'');
#69=NEXT_ASSEMBLY_USAGE_OCCURRENCE('NAUO7','M201201-terminals',
'M201201-terminals',#7277,#7283,'');
#70=NEXT_ASSEMBLY_USAGE_OCCURRENCE('NAUO8','M20S-toggles',
'M20S-toggles',#7277,#7284,'');
#71=NEXT_ASSEMBLY_USAGE_OCCURRENCE('NAUO9','M20S-caps','M20S-caps',#7277,
#7285,'');
#72=(
REPRESENTATION_RELATIONSHIP(' ',' ',#4371,#4370)
REPRESENTATION_RELATIONSHIP_WITH_TRANSFORMATION(#81)
SHAPE_REPRESENTATION_RELATIONSHIP()
);
#73=(
REPRESENTATION_RELATIONSHIP(' ',' ',#4372,#4370)
REPRESENTATION_RELATIONSHIP_WITH_TRANSFORMATION(#82)
SHAPE_REPRESENTATION_RELATIONSHIP()
);
#74=(
REPRESENTATION_RELATIONSHIP(' ',' ',#4373,#4370)
REPRESENTATION_RELATIONSHIP_WITH_TRANSFORMATION(#83)
SHAPE_REPRESENTATION_RELATIONSHIP()
);
#75=(
REPRESENTATION_RELATIONSHIP(' ',' ',#4374,#4370)
REPRESENTATION_RELATIONSHIP_WITH_TRANSFORMATION(#84)
SHAPE_REPRESENTATION_RELATIONSHIP()
);
#76=(
REPRESENTATION_RELATIONSHIP(' ',' ',#4375,#4370)
REPRESENTATION_RELATIONSHIP_WITH_TRANSFORMATION(#85)
SHAPE_REPRESENTATION_RELATIONSHIP()
);
#77=(
REPRESENTATION_RELATIONSHIP(' ',' ',#4373,#4370)
REPRESENTATION_RELATIONSHIP_WITH_TRANSFORMATION(#86)
SHAPE_REPRESENTATION_RELATIONSHIP()
);
#78=(
REPRESENTATION_RELATIONSHIP(' ',' ',#4376,#4370)
REPRESENTATION_RELATIONSHIP_WITH_TRANSFORMATION(#87)
SHAPE_REPRESENTATION_RELATIONSHIP()
);
#79=(
REPRESENTATION_RELATIONSHIP(' ',' ',#4377,#4370)
REPRESENTATION_RELATIONSHIP_WITH_TRANSFORMATION(#88)
SHAPE_REPRESENTATION_RELATIONSHIP()
);
#80=(
REPRESENTATION_RELATIONSHIP(' ',' ',#4378,#4370)
REPRESENTATION_RELATIONSHIP_WITH_TRANSFORMATION(#89)
SHAPE_REPRESENTATION_RELATIONSHIP()
);
#81=ITEM_DEFINED_TRANSFORMATION(' ',' ',#4379,#4454);
#82=ITEM_DEFINED_TRANSFORMATION(' ',' ',#4379,#4544);
#83=ITEM_DEFINED_TRANSFORMATION(' ',' ',#4379,#4584);
#84=ITEM_DEFINED_TRANSFORMATION(' ',' ',#4379,#4606);
#85=ITEM_DEFINED_TRANSFORMATION(' ',' ',#4379,#4684);
#86=ITEM_DEFINED_TRANSFORMATION(' ',' ',#4379,#4685);
#87=ITEM_DEFINED_TRANSFORMATION(' ',' ',#4379,#4731);
#88=ITEM_DEFINED_TRANSFORMATION(' ',' ',#4379,#4737);
#89=ITEM_DEFINED_TRANSFORMATION(' ',' ',#4379,#4738);
#90=SHAPE_REPRESENTATION_RELATIONSHIP('','',#4371,#98);
#91=SHAPE_REPRESENTATION_RELATIONSHIP('','',#4372,#99);
#92=SHAPE_REPRESENTATION_RELATIONSHIP('','',#4373,#100);
#93=SHAPE_REPRESENTATION_RELATIONSHIP('','',#4374,#101);
#94=SHAPE_REPRESENTATION_RELATIONSHIP('','',#4375,#102);
#95=SHAPE_REPRESENTATION_RELATIONSHIP('','',#4376,#103);
#96=SHAPE_REPRESENTATION_RELATIONSHIP('','',#4377,#104);
#97=SHAPE_REPRESENTATION_RELATIONSHIP('','',#4378,#10);
#98=ADVANCED_BREP_SHAPE_REPRESENTATION('',(#4354),#7236);
#99=ADVANCED_BREP_SHAPE_REPRESENTATION('',(#4355),#7237);
#100=ADVANCED_BREP_SHAPE_REPRESENTATION('',(#4356),#7238);
#101=ADVANCED_BREP_SHAPE_REPRESENTATION('',(#4357),#7239);
#102=ADVANCED_BREP_SHAPE_REPRESENTATION('',(#4358),#7240);
#103=ADVANCED_BREP_SHAPE_REPRESENTATION('',(#4359),#7241);
#104=ADVANCED_BREP_SHAPE_REPRESENTATION('',(#4360),#7242);
#105=CYLINDRICAL_SURFACE('',#4387,0.00512000000000001);
#106=CYLINDRICAL_SURFACE('',#4391,0.00512000000000003);
#107=CYLINDRICAL_SURFACE('',#4407,0.00512000000000001);
#108=CYLINDRICAL_SURFACE('',#4411,0.00512000000000003);
#109=CYLINDRICAL_SURFACE('',#4432,0.00511999999999998);
#110=CYLINDRICAL_SURFACE('',#4434,0.00511999999999996);
#111=CYLINDRICAL_SURFACE('',#4436,0.00512000000000006);
#112=CYLINDRICAL_SURFACE('',#4438,0.00511999999999999);
#113=CYLINDRICAL_SURFACE('',#4460,0.125);
#114=CYLINDRICAL_SURFACE('',#4464,0.1575);
#115=CYLINDRICAL_SURFACE('',#4483,0.01);
#116=CYLINDRICAL_SURFACE('',#4486,0.01);
#117=CYLINDRICAL_SURFACE('',#4509,0.00999999999999998);
#118=CYLINDRICAL_SURFACE('',#4511,0.00999999999999997);
#119=CYLINDRICAL_SURFACE('',#4512,0.005);
#120=CYLINDRICAL_SURFACE('',#4516,0.005);
#121=CYLINDRICAL_SURFACE('',#4523,0.00499999999999995);
#122=CYLINDRICAL_SURFACE('',#4527,0.00499999999999995);
#123=CYLINDRICAL_SURFACE('',#4528,0.00500000000000001);
#124=CYLINDRICAL_SURFACE('',#4532,0.00499999999999995);
#125=CYLINDRICAL_SURFACE('',#4533,0.00499999999999995);
#126=CYLINDRICAL_SURFACE('',#4537,0.00500000000000001);
#127=CYLINDRICAL_SURFACE('',#4543,0.0875);
#128=CYLINDRICAL_SURFACE('',#4581,0.10565);
#129=CYLINDRICAL_SURFACE('',#4586,0.236);
#130=CYLINDRICAL_SURFACE('',#4592,0.125);
#131=CYLINDRICAL_SURFACE('',#4602,0.0155);
#132=CYLINDRICAL_SURFACE('',#4607,0.150000000000001);
#133=CYLINDRICAL_SURFACE('',#4611,0.126000000000001);
#134=CYLINDRICAL_SURFACE('',#4615,0.150000000000002);
#135=CYLINDRICAL_SURFACE('',#4619,0.125999999999999);
#136=CYLINDRICAL_SURFACE('',#4623,0.149999999999999);
#137=CYLINDRICAL_SURFACE('',#4627,0.126);
#138=CYLINDRICAL_SURFACE('',#4631,0.149999999999999);
#139=CYLINDRICAL_SURFACE('',#4635,0.126);
#140=CYLINDRICAL_SURFACE('',#4639,0.150000000000002);
#141=CYLINDRICAL_SURFACE('',#4643,0.126);
#142=CYLINDRICAL_SURFACE('',#4647,0.15);
#143=CYLINDRICAL_SURFACE('',#4651,0.126);
#144=CYLINDRICAL_SURFACE('',#4655,0.15);
#145=CYLINDRICAL_SURFACE('',#4659,0.126);
#146=CYLINDRICAL_SURFACE('',#4663,0.150000000000001);
#147=CYLINDRICAL_SURFACE('',#4667,0.126);
#148=CYLINDRICAL_SURFACE('',#4671,0.150000000000001);
#149=CYLINDRICAL_SURFACE('',#4675,0.125999999999997);
#150=CYLINDRICAL_SURFACE('',#4679,0.201);
#151=CYLINDRICAL_SURFACE('',#4687,0.00511999999999998);
#152=CYLINDRICAL_SURFACE('',#4691,0.00511999999999996);
#153=CYLINDRICAL_SURFACE('',#4695,0.00512000000000006);
#154=CYLINDRICAL_SURFACE('',#4699,0.00511999999999999);
#155=CYLINDRICAL_SURFACE('',#4734,0.055);
#156=CIRCLE('',#4381,0.00511999999999999);
#157=CIRCLE('',#4382,0.00512000000000006);
#158=CIRCLE('',#4383,0.00511999999999996);
#159=CIRCLE('',#4384,0.00511999999999998);
#160=CIRCLE('',#4388,0.00512000000000001);
#161=CIRCLE('',#4389,0.00512000000000001);
#162=CIRCLE('',#4392,0.00512000000000003);
#163=CIRCLE('',#4393,0.00512000000000003);
#164=CIRCLE('',#4408,0.00512000000000001);
#165=CIRCLE('',#4409,0.00512000000000001);
#166=CIRCLE('',#4412,0.00512000000000003);
#167=CIRCLE('',#4413,0.00512000000000003);
#168=CIRCLE('',#4426,0.00511999999999998);
#169=CIRCLE('',#4427,0.00511999999999996);
#170=CIRCLE('',#4428,0.00512000000000006);
#171=CIRCLE('',#4429,0.00511999999999999);
#172=CIRCLE('',#4456,0.0875);
#173=CIRCLE('',#4457,0.1064);
#174=CIRCLE('',#4459,0.125);
#175=CIRCLE('',#4461,0.125);
#176=CIRCLE('',#4463,0.1575);
#177=CIRCLE('',#4465,0.1575);
#178=CIRCLE('',#4466,0.1575);
#179=CIRCLE('',#4467,0.1575);
#180=CIRCLE('',#4468,0.1575);
#181=CIRCLE('',#4469,0.1575);
#182=CIRCLE('',#4472,0.005);
#183=CIRCLE('',#4473,0.00499999999999995);
#184=CIRCLE('',#4474,0.00500000000000001);
#185=CIRCLE('',#4475,0.00499999999999995);
#186=CIRCLE('',#4479,0.00499999999999995);
#187=CIRCLE('',#4480,0.00500000000000001);
#188=CIRCLE('',#4481,0.00499999999999995);
#189=CIRCLE('',#4482,0.005);
#190=CIRCLE('',#4484,0.01);
#191=CIRCLE('',#4485,0.01);
#192=CIRCLE('',#4487,0.01);
#193=CIRCLE('',#4488,0.01);
#194=CIRCLE('',#4490,0.005);
#195=CIRCLE('',#4491,0.00499999999999995);
#196=CIRCLE('',#4492,0.00500000000000001);
#197=CIRCLE('',#4493,0.00499999999999995);
#198=CIRCLE('',#4497,0.00499999999999995);
#199=CIRCLE('',#4498,0.00500000000000001);
#200=CIRCLE('',#4499,0.00499999999999995);
#201=CIRCLE('',#4500,0.005);
#202=CIRCLE('',#4502,0.00999999999999997);
#203=CIRCLE('',#4503,0.00999999999999998);
#204=CIRCLE('',#4505,0.00999999999999997);
#205=CIRCLE('',#4506,0.00999999999999998);
#206=CIRCLE('',#4508,0.0875);
#207=CIRCLE('',#4546,0.125);
#208=CIRCLE('',#4547,0.1575);
#209=CIRCLE('',#4548,0.1575);
#210=CIRCLE('',#4549,0.1575);
#211=CIRCLE('',#4550,0.1575);
#212=CIRCLE('',#4551,0.1575);
#213=CIRCLE('',#4552,0.1575);
#214=CIRCLE('',#4566,0.1575);
#215=CIRCLE('',#4568,0.1575);
#216=CIRCLE('',#4570,0.1575);
#217=CIRCLE('',#4572,0.1575);
#218=CIRCLE('',#4574,0.1575);
#219=CIRCLE('',#4576,0.125);
#220=CIRCLE('',#4577,0.1575);
#221=CIRCLE('',#4580,0.10565);
#222=CIRCLE('',#4582,0.10565);
#223=CIRCLE('',#4587,0.236);
#224=CIRCLE('',#4588,0.236);
#225=CIRCLE('',#4593,0.125);
#226=CIRCLE('',#4594,0.125);
#227=CIRCLE('',#4599,0.0155);
#228=CIRCLE('',#4601,0.0155);
#229=CIRCLE('',#4608,0.150000000000001);
#230=CIRCLE('',#4609,0.150000000000001);
#231=CIRCLE('',#4612,0.126000000000001);
#232=CIRCLE('',#4613,0.126000000000001);
#233=CIRCLE('',#4616,0.150000000000002);
#234=CIRCLE('',#4617,0.150000000000002);
#235=CIRCLE('',#4620,0.125999999999999);
#236=CIRCLE('',#4621,0.125999999999999);
#237=CIRCLE('',#4624,0.149999999999999);
#238=CIRCLE('',#4625,0.149999999999999);
#239=CIRCLE('',#4628,0.126);
#240=CIRCLE('',#4629,0.126);
#241=CIRCLE('',#4632,0.149999999999999);
#242=CIRCLE('',#4633,0.149999999999999);
#243=CIRCLE('',#4636,0.126);
#244=CIRCLE('',#4637,0.126);
#245=CIRCLE('',#4640,0.150000000000002);
#246=CIRCLE('',#4641,0.150000000000002);
#247=CIRCLE('',#4644,0.126);
#248=CIRCLE('',#4645,0.126);
#249=CIRCLE('',#4648,0.15);
#250=CIRCLE('',#4649,0.15);
#251=CIRCLE('',#4652,0.126);
#252=CIRCLE('',#4653,0.126);
#253=CIRCLE('',#4656,0.15);
#254=CIRCLE('',#4657,0.15);
#255=CIRCLE('',#4660,0.126);
#256=CIRCLE('',#4661,0.126);
#257=CIRCLE('',#4664,0.150000000000001);
#258=CIRCLE('',#4665,0.150000000000001);
#259=CIRCLE('',#4668,0.126);
#260=CIRCLE('',#4669,0.126);
#261=CIRCLE('',#4672,0.150000000000001);
#262=CIRCLE('',#4673,0.150000000000001);
#263=CIRCLE('',#4676,0.125999999999997);
#264=CIRCLE('',#4677,0.125999999999997);
#265=CIRCLE('',#4680,0.201);
#266=CIRCLE('',#4681,0.201);
#267=CIRCLE('',#4688,0.00511999999999998);
#268=CIRCLE('',#4689,0.00511999999999998);
#269=CIRCLE('',#4692,0.00511999999999996);
#270=CIRCLE('',#4693,0.00511999999999996);
#271=CIRCLE('',#4696,0.00512000000000006);
#272=CIRCLE('',#4697,0.00512000000000006);
#273=CIRCLE('',#4700,0.00511999999999999);
#274=CIRCLE('',#4701,0.00511999999999999);
#275=CIRCLE('',#4733,0.055);
#276=CIRCLE('',#4735,0.055);
#277=ORIENTED_EDGE('',*,*,#1481,.F.);
#278=ORIENTED_EDGE('',*,*,#1482,.F.);
#279=ORIENTED_EDGE('',*,*,#1483,.F.);
#280=ORIENTED_EDGE('',*,*,#1484,.F.);
#281=ORIENTED_EDGE('',*,*,#1485,.F.);
#282=ORIENTED_EDGE('',*,*,#1486,.F.);
#283=ORIENTED_EDGE('',*,*,#1487,.F.);
#284=ORIENTED_EDGE('',*,*,#1488,.F.);
#285=ORIENTED_EDGE('',*,*,#1489,.F.);
#286=ORIENTED_EDGE('',*,*,#1490,.F.);
#287=ORIENTED_EDGE('',*,*,#1491,.F.);
#288=ORIENTED_EDGE('',*,*,#1492,.F.);
#289=ORIENTED_EDGE('',*,*,#1493,.F.);
#290=ORIENTED_EDGE('',*,*,#1494,.F.);
#291=ORIENTED_EDGE('',*,*,#1495,.F.);
#292=ORIENTED_EDGE('',*,*,#1496,.F.);
#293=ORIENTED_EDGE('',*,*,#1497,.F.);
#294=ORIENTED_EDGE('',*,*,#1498,.F.);
#295=ORIENTED_EDGE('',*,*,#1499,.F.);
#296=ORIENTED_EDGE('',*,*,#1500,.F.);
#297=ORIENTED_EDGE('',*,*,#1501,.F.);
#298=ORIENTED_EDGE('',*,*,#1502,.F.);
#299=ORIENTED_EDGE('',*,*,#1503,.T.);
#300=ORIENTED_EDGE('',*,*,#1504,.T.);
#301=ORIENTED_EDGE('',*,*,#1505,.F.);
#302=ORIENTED_EDGE('',*,*,#1504,.F.);
#303=ORIENTED_EDGE('',*,*,#1506,.T.);
#304=ORIENTED_EDGE('',*,*,#1507,.T.);
#305=ORIENTED_EDGE('',*,*,#1508,.F.);
#306=ORIENTED_EDGE('',*,*,#1507,.F.);
#307=ORIENTED_EDGE('',*,*,#1509,.T.);
#308=ORIENTED_EDGE('',*,*,#1510,.T.);
#309=ORIENTED_EDGE('',*,*,#1511,.F.);
#310=ORIENTED_EDGE('',*,*,#1510,.F.);
#311=ORIENTED_EDGE('',*,*,#1512,.T.);
#312=ORIENTED_EDGE('',*,*,#1513,.T.);
#313=ORIENTED_EDGE('',*,*,#1514,.F.);
#314=ORIENTED_EDGE('',*,*,#1513,.F.);
#315=ORIENTED_EDGE('',*,*,#1515,.T.);
#316=ORIENTED_EDGE('',*,*,#1516,.T.);
#317=ORIENTED_EDGE('',*,*,#1517,.F.);
#318=ORIENTED_EDGE('',*,*,#1516,.F.);
#319=ORIENTED_EDGE('',*,*,#1518,.T.);
#320=ORIENTED_EDGE('',*,*,#1519,.T.);
#321=ORIENTED_EDGE('',*,*,#1520,.F.);
#322=ORIENTED_EDGE('',*,*,#1519,.F.);
#323=ORIENTED_EDGE('',*,*,#1521,.T.);
#324=ORIENTED_EDGE('',*,*,#1522,.T.);
#325=ORIENTED_EDGE('',*,*,#1523,.F.);
#326=ORIENTED_EDGE('',*,*,#1522,.F.);
#327=ORIENTED_EDGE('',*,*,#1524,.T.);
#328=ORIENTED_EDGE('',*,*,#1525,.T.);
#329=ORIENTED_EDGE('',*,*,#1526,.F.);
#330=ORIENTED_EDGE('',*,*,#1525,.F.);
#331=ORIENTED_EDGE('',*,*,#1527,.T.);
#332=ORIENTED_EDGE('',*,*,#1528,.T.);
#333=ORIENTED_EDGE('',*,*,#1529,.F.);
#334=ORIENTED_EDGE('',*,*,#1528,.F.);
#335=ORIENTED_EDGE('',*,*,#1530,.T.);
#336=ORIENTED_EDGE('',*,*,#1531,.T.);
#337=ORIENTED_EDGE('',*,*,#1532,.F.);
#338=ORIENTED_EDGE('',*,*,#1531,.F.);
#339=ORIENTED_EDGE('',*,*,#1533,.T.);
#340=ORIENTED_EDGE('',*,*,#1534,.T.);
#341=ORIENTED_EDGE('',*,*,#1535,.F.);
#342=ORIENTED_EDGE('',*,*,#1534,.F.);
#343=ORIENTED_EDGE('',*,*,#1536,.T.);
#344=ORIENTED_EDGE('',*,*,#1537,.T.);
#345=ORIENTED_EDGE('',*,*,#1538,.F.);
#346=ORIENTED_EDGE('',*,*,#1537,.F.);
#347=ORIENTED_EDGE('',*,*,#1539,.T.);
#348=ORIENTED_EDGE('',*,*,#1540,.T.);
#349=ORIENTED_EDGE('',*,*,#1541,.F.);
#350=ORIENTED_EDGE('',*,*,#1540,.F.);
#351=ORIENTED_EDGE('',*,*,#1542,.T.);
#352=ORIENTED_EDGE('',*,*,#1543,.T.);
#353=ORIENTED_EDGE('',*,*,#1544,.F.);
#354=ORIENTED_EDGE('',*,*,#1543,.F.);
#355=ORIENTED_EDGE('',*,*,#1545,.T.);
#356=ORIENTED_EDGE('',*,*,#1546,.T.);
#357=ORIENTED_EDGE('',*,*,#1547,.F.);
#358=ORIENTED_EDGE('',*,*,#1546,.F.);
#359=ORIENTED_EDGE('',*,*,#1548,.T.);
#360=ORIENTED_EDGE('',*,*,#1549,.T.);
#361=ORIENTED_EDGE('',*,*,#1550,.F.);
#362=ORIENTED_EDGE('',*,*,#1549,.F.);
#363=ORIENTED_EDGE('',*,*,#1551,.T.);
#364=ORIENTED_EDGE('',*,*,#1552,.T.);
#365=ORIENTED_EDGE('',*,*,#1553,.F.);
#366=ORIENTED_EDGE('',*,*,#1552,.F.);
#367=ORIENTED_EDGE('',*,*,#1554,.T.);
#368=ORIENTED_EDGE('',*,*,#1555,.T.);
#369=ORIENTED_EDGE('',*,*,#1556,.F.);
#370=ORIENTED_EDGE('',*,*,#1555,.F.);
#371=ORIENTED_EDGE('',*,*,#1557,.T.);
#372=ORIENTED_EDGE('',*,*,#1558,.T.);
#373=ORIENTED_EDGE('',*,*,#1559,.F.);
#374=ORIENTED_EDGE('',*,*,#1558,.F.);
#375=ORIENTED_EDGE('',*,*,#1560,.T.);
#376=ORIENTED_EDGE('',*,*,#1561,.T.);
#377=ORIENTED_EDGE('',*,*,#1562,.F.);
#378=ORIENTED_EDGE('',*,*,#1561,.F.);
#379=ORIENTED_EDGE('',*,*,#1563,.T.);
#380=ORIENTED_EDGE('',*,*,#1564,.T.);
#381=ORIENTED_EDGE('',*,*,#1565,.F.);
#382=ORIENTED_EDGE('',*,*,#1564,.F.);
#383=ORIENTED_EDGE('',*,*,#1566,.T.);
#384=ORIENTED_EDGE('',*,*,#1567,.T.);
#385=ORIENTED_EDGE('',*,*,#1568,.F.);
#386=ORIENTED_EDGE('',*,*,#1567,.F.);
#387=ORIENTED_EDGE('',*,*,#1569,.T.);
#388=ORIENTED_EDGE('',*,*,#1570,.T.);
#389=ORIENTED_EDGE('',*,*,#1571,.F.);
#390=ORIENTED_EDGE('',*,*,#1570,.F.);
#391=ORIENTED_EDGE('',*,*,#1572,.T.);
#392=ORIENTED_EDGE('',*,*,#1573,.T.);
#393=ORIENTED_EDGE('',*,*,#1574,.F.);
#394=ORIENTED_EDGE('',*,*,#1573,.F.);
#395=ORIENTED_EDGE('',*,*,#1575,.T.);
#396=ORIENTED_EDGE('',*,*,#1576,.T.);
#397=ORIENTED_EDGE('',*,*,#1577,.F.);
#398=ORIENTED_EDGE('',*,*,#1576,.F.);
#399=ORIENTED_EDGE('',*,*,#1578,.T.);
#400=ORIENTED_EDGE('',*,*,#1579,.T.);
#401=ORIENTED_EDGE('',*,*,#1580,.F.);
#402=ORIENTED_EDGE('',*,*,#1579,.F.);
#403=ORIENTED_EDGE('',*,*,#1581,.T.);
#404=ORIENTED_EDGE('',*,*,#1582,.T.);
#405=ORIENTED_EDGE('',*,*,#1583,.F.);
#406=ORIENTED_EDGE('',*,*,#1582,.F.);
#407=ORIENTED_EDGE('',*,*,#1584,.T.);
#408=ORIENTED_EDGE('',*,*,#1585,.T.);
#409=ORIENTED_EDGE('',*,*,#1586,.F.);
#410=ORIENTED_EDGE('',*,*,#1585,.F.);
#411=ORIENTED_EDGE('',*,*,#1587,.T.);
#412=ORIENTED_EDGE('',*,*,#1588,.T.);
#413=ORIENTED_EDGE('',*,*,#1589,.F.);
#414=ORIENTED_EDGE('',*,*,#1588,.F.);
#415=ORIENTED_EDGE('',*,*,#1590,.T.);
#416=ORIENTED_EDGE('',*,*,#1591,.T.);
#417=ORIENTED_EDGE('',*,*,#1592,.F.);
#418=ORIENTED_EDGE('',*,*,#1591,.F.);
#419=ORIENTED_EDGE('',*,*,#1593,.T.);
#420=ORIENTED_EDGE('',*,*,#1594,.T.);
#421=ORIENTED_EDGE('',*,*,#1595,.F.);
#422=ORIENTED_EDGE('',*,*,#1594,.F.);
#423=ORIENTED_EDGE('',*,*,#1596,.T.);
#424=ORIENTED_EDGE('',*,*,#1502,.T.);
#425=ORIENTED_EDGE('',*,*,#1597,.T.);
#426=ORIENTED_EDGE('',*,*,#1598,.T.);
#427=ORIENTED_EDGE('',*,*,#1599,.T.);
#428=ORIENTED_EDGE('',*,*,#1600,.T.);
#429=ORIENTED_EDGE('',*,*,#1601,.T.);
#430=ORIENTED_EDGE('',*,*,#1602,.T.);
#431=ORIENTED_EDGE('',*,*,#1603,.T.);
#432=ORIENTED_EDGE('',*,*,#1604,.T.);
#433=ORIENTED_EDGE('',*,*,#1503,.F.);
#434=ORIENTED_EDGE('',*,*,#1596,.F.);
#435=ORIENTED_EDGE('',*,*,#1593,.F.);
#436=ORIENTED_EDGE('',*,*,#1590,.F.);
#437=ORIENTED_EDGE('',*,*,#1587,.F.);
#438=ORIENTED_EDGE('',*,*,#1584,.F.);
#439=ORIENTED_EDGE('',*,*,#1581,.F.);
#440=ORIENTED_EDGE('',*,*,#1578,.F.);
#441=ORIENTED_EDGE('',*,*,#1575,.F.);
#442=ORIENTED_EDGE('',*,*,#1572,.F.);
#443=ORIENTED_EDGE('',*,*,#1569,.F.);
#444=ORIENTED_EDGE('',*,*,#1566,.F.);
#445=ORIENTED_EDGE('',*,*,#1563,.F.);
#446=ORIENTED_EDGE('',*,*,#1560,.F.);
#447=ORIENTED_EDGE('',*,*,#1557,.F.);
#448=ORIENTED_EDGE('',*,*,#1554,.F.);
#449=ORIENTED_EDGE('',*,*,#1551,.F.);
#450=ORIENTED_EDGE('',*,*,#1548,.F.);
#451=ORIENTED_EDGE('',*,*,#1545,.F.);
#452=ORIENTED_EDGE('',*,*,#1542,.F.);
#453=ORIENTED_EDGE('',*,*,#1539,.F.);
#454=ORIENTED_EDGE('',*,*,#1536,.F.);
#455=ORIENTED_EDGE('',*,*,#1533,.F.);
#456=ORIENTED_EDGE('',*,*,#1530,.F.);
#457=ORIENTED_EDGE('',*,*,#1527,.F.);
#458=ORIENTED_EDGE('',*,*,#1524,.F.);
#459=ORIENTED_EDGE('',*,*,#1521,.F.);
#460=ORIENTED_EDGE('',*,*,#1518,.F.);
#461=ORIENTED_EDGE('',*,*,#1515,.F.);
#462=ORIENTED_EDGE('',*,*,#1512,.F.);
#463=ORIENTED_EDGE('',*,*,#1509,.F.);
#464=ORIENTED_EDGE('',*,*,#1506,.F.);
#465=ORIENTED_EDGE('',*,*,#1501,.T.);
#466=ORIENTED_EDGE('',*,*,#1505,.T.);
#467=ORIENTED_EDGE('',*,*,#1508,.T.);
#468=ORIENTED_EDGE('',*,*,#1511,.T.);
#469=ORIENTED_EDGE('',*,*,#1514,.T.);
#470=ORIENTED_EDGE('',*,*,#1517,.T.);
#471=ORIENTED_EDGE('',*,*,#1520,.T.);
#472=ORIENTED_EDGE('',*,*,#1523,.T.);
#473=ORIENTED_EDGE('',*,*,#1526,.T.);
#474=ORIENTED_EDGE('',*,*,#1529,.T.);
#475=ORIENTED_EDGE('',*,*,#1532,.T.);
#476=ORIENTED_EDGE('',*,*,#1535,.T.);
#477=ORIENTED_EDGE('',*,*,#1538,.T.);
#478=ORIENTED_EDGE('',*,*,#1541,.T.);
#479=ORIENTED_EDGE('',*,*,#1544,.T.);
#480=ORIENTED_EDGE('',*,*,#1547,.T.);
#481=ORIENTED_EDGE('',*,*,#1550,.T.);
#482=ORIENTED_EDGE('',*,*,#1553,.T.);
#483=ORIENTED_EDGE('',*,*,#1556,.T.);
#484=ORIENTED_EDGE('',*,*,#1559,.T.);
#485=ORIENTED_EDGE('',*,*,#1562,.T.);
#486=ORIENTED_EDGE('',*,*,#1565,.T.);
#487=ORIENTED_EDGE('',*,*,#1568,.T.);
#488=ORIENTED_EDGE('',*,*,#1571,.T.);
#489=ORIENTED_EDGE('',*,*,#1574,.T.);
#490=ORIENTED_EDGE('',*,*,#1577,.T.);
#491=ORIENTED_EDGE('',*,*,#1580,.T.);
#492=ORIENTED_EDGE('',*,*,#1583,.T.);
#493=ORIENTED_EDGE('',*,*,#1586,.T.);
#494=ORIENTED_EDGE('',*,*,#1589,.T.);
#495=ORIENTED_EDGE('',*,*,#1592,.T.);
#496=ORIENTED_EDGE('',*,*,#1595,.T.);
#497=ORIENTED_EDGE('',*,*,#1597,.F.);
#498=ORIENTED_EDGE('',*,*,#1605,.F.);
#499=ORIENTED_EDGE('',*,*,#1485,.T.);
#500=ORIENTED_EDGE('',*,*,#1606,.T.);
#501=ORIENTED_EDGE('',*,*,#1598,.F.);
#502=ORIENTED_EDGE('',*,*,#1606,.F.);
#503=ORIENTED_EDGE('',*,*,#1492,.T.);
#504=ORIENTED_EDGE('',*,*,#1607,.T.);
#505=ORIENTED_EDGE('',*,*,#1599,.F.);
#506=ORIENTED_EDGE('',*,*,#1607,.F.);
#507=ORIENTED_EDGE('',*,*,#1491,.T.);
#508=ORIENTED_EDGE('',*,*,#1608,.T.);
#509=ORIENTED_EDGE('',*,*,#1600,.F.);
#510=ORIENTED_EDGE('',*,*,#1608,.F.);
#511=ORIENTED_EDGE('',*,*,#1490,.T.);
#512=ORIENTED_EDGE('',*,*,#1609,.T.);
#513=ORIENTED_EDGE('',*,*,#1601,.F.);
#514=ORIENTED_EDGE('',*,*,#1609,.F.);
#515=ORIENTED_EDGE('',*,*,#1489,.T.);
#516=ORIENTED_EDGE('',*,*,#1610,.T.);
#517=ORIENTED_EDGE('',*,*,#1602,.F.);
#518=ORIENTED_EDGE('',*,*,#1610,.F.);
#519=ORIENTED_EDGE('',*,*,#1488,.T.);
#520=ORIENTED_EDGE('',*,*,#1611,.T.);
#521=ORIENTED_EDGE('',*,*,#1603,.F.);
#522=ORIENTED_EDGE('',*,*,#1611,.F.);
#523=ORIENTED_EDGE('',*,*,#1487,.T.);
#524=ORIENTED_EDGE('',*,*,#1612,.T.);
#525=ORIENTED_EDGE('',*,*,#1604,.F.);
#526=ORIENTED_EDGE('',*,*,#1612,.F.);
#527=ORIENTED_EDGE('',*,*,#1486,.T.);
#528=ORIENTED_EDGE('',*,*,#1605,.T.);
#529=ORIENTED_EDGE('',*,*,#1493,.T.);
#530=ORIENTED_EDGE('',*,*,#1613,.F.);
#531=ORIENTED_EDGE('',*,*,#1614,.T.);
#532=ORIENTED_EDGE('',*,*,#1615,.T.);
#533=ORIENTED_EDGE('',*,*,#1494,.T.);
#534=ORIENTED_EDGE('',*,*,#1615,.F.);
#535=ORIENTED_EDGE('',*,*,#1616,.T.);
#536=ORIENTED_EDGE('',*,*,#1617,.T.);
#537=ORIENTED_EDGE('',*,*,#1495,.T.);
#538=ORIENTED_EDGE('',*,*,#1617,.F.);
#539=ORIENTED_EDGE('',*,*,#1618,.T.);
#540=ORIENTED_EDGE('',*,*,#1619,.T.);
#541=ORIENTED_EDGE('',*,*,#1496,.T.);
#542=ORIENTED_EDGE('',*,*,#1619,.F.);
#543=ORIENTED_EDGE('',*,*,#1620,.T.);
#544=ORIENTED_EDGE('',*,*,#1613,.T.);
#545=ORIENTED_EDGE('',*,*,#1614,.F.);
#546=ORIENTED_EDGE('',*,*,#1620,.F.);
#547=ORIENTED_EDGE('',*,*,#1618,.F.);
#548=ORIENTED_EDGE('',*,*,#1616,.F.);
#549=ORIENTED_EDGE('',*,*,#1481,.T.);
#550=ORIENTED_EDGE('',*,*,#1621,.F.);
#551=ORIENTED_EDGE('',*,*,#1622,.T.);
#552=ORIENTED_EDGE('',*,*,#1623,.T.);
#553=ORIENTED_EDGE('',*,*,#1482,.T.);
#554=ORIENTED_EDGE('',*,*,#1623,.F.);
#555=ORIENTED_EDGE('',*,*,#1624,.T.);
#556=ORIENTED_EDGE('',*,*,#1625,.T.);
#557=ORIENTED_EDGE('',*,*,#1483,.T.);
#558=ORIENTED_EDGE('',*,*,#1625,.F.);
#559=ORIENTED_EDGE('',*,*,#1626,.T.);
#560=ORIENTED_EDGE('',*,*,#1627,.T.);
#561=ORIENTED_EDGE('',*,*,#1484,.T.);
#562=ORIENTED_EDGE('',*,*,#1627,.F.);
#563=ORIENTED_EDGE('',*,*,#1628,.T.);
#564=ORIENTED_EDGE('',*,*,#1621,.T.);
#565=ORIENTED_EDGE('',*,*,#1622,.F.);
#566=ORIENTED_EDGE('',*,*,#1628,.F.);
#567=ORIENTED_EDGE('',*,*,#1626,.F.);
#568=ORIENTED_EDGE('',*,*,#1624,.F.);
#569=ORIENTED_EDGE('',*,*,#1497,.T.);
#570=ORIENTED_EDGE('',*,*,#1629,.F.);
#571=ORIENTED_EDGE('',*,*,#1630,.T.);
#572=ORIENTED_EDGE('',*,*,#1631,.T.);
#573=ORIENTED_EDGE('',*,*,#1498,.T.);
#574=ORIENTED_EDGE('',*,*,#1631,.F.);
#575=ORIENTED_EDGE('',*,*,#1632,.T.);
#576=ORIENTED_EDGE('',*,*,#1633,.T.);
#577=ORIENTED_EDGE('',*,*,#1499,.T.);
#578=ORIENTED_EDGE('',*,*,#1633,.F.);
#579=ORIENTED_EDGE('',*,*,#1634,.T.);
#580=ORIENTED_EDGE('',*,*,#1635,.T.);
#581=ORIENTED_EDGE('',*,*,#1500,.T.);
#582=ORIENTED_EDGE('',*,*,#1635,.F.);
#583=ORIENTED_EDGE('',*,*,#1636,.T.);
#584=ORIENTED_EDGE('',*,*,#1629,.T.);
#585=ORIENTED_EDGE('',*,*,#1630,.F.);
#586=ORIENTED_EDGE('',*,*,#1636,.F.);
#587=ORIENTED_EDGE('',*,*,#1634,.F.);
#588=ORIENTED_EDGE('',*,*,#1632,.F.);
#589=ORIENTED_EDGE('',*,*,#1637,.T.);
#590=ORIENTED_EDGE('',*,*,#1638,.F.);
#591=ORIENTED_EDGE('',*,*,#1639,.F.);
#592=ORIENTED_EDGE('',*,*,#1640,.F.);
#593=ORIENTED_EDGE('',*,*,#1641,.F.);
#594=ORIENTED_EDGE('',*,*,#1642,.F.);
#595=ORIENTED_EDGE('',*,*,#1643,.F.);
#596=ORIENTED_EDGE('',*,*,#1644,.F.);
#597=ORIENTED_EDGE('',*,*,#1639,.T.);
#598=ORIENTED_EDGE('',*,*,#1645,.F.);
#599=ORIENTED_EDGE('',*,*,#1646,.F.);
#600=ORIENTED_EDGE('',*,*,#1647,.F.);
#601=ORIENTED_EDGE('',*,*,#1643,.T.);
#602=ORIENTED_EDGE('',*,*,#1648,.F.);
#603=ORIENTED_EDGE('',*,*,#1649,.F.);
#604=ORIENTED_EDGE('',*,*,#1650,.F.);
#605=ORIENTED_EDGE('',*,*,#1646,.T.);
#606=ORIENTED_EDGE('',*,*,#1651,.F.);
#607=ORIENTED_EDGE('',*,*,#1652,.F.);
#608=ORIENTED_EDGE('',*,*,#1653,.F.);
#609=ORIENTED_EDGE('',*,*,#1654,.F.);
#610=ORIENTED_EDGE('',*,*,#1655,.F.);
#611=ORIENTED_EDGE('',*,*,#1656,.F.);
#612=ORIENTED_EDGE('',*,*,#1657,.F.);
#613=ORIENTED_EDGE('',*,*,#1649,.T.);
#614=ORIENTED_EDGE('',*,*,#1654,.T.);
#615=ORIENTED_EDGE('',*,*,#1658,.F.);
#616=ORIENTED_EDGE('',*,*,#1659,.F.);
#617=ORIENTED_EDGE('',*,*,#1660,.T.);
#618=ORIENTED_EDGE('',*,*,#1661,.T.);
#619=ORIENTED_EDGE('',*,*,#1662,.T.);
#620=ORIENTED_EDGE('',*,*,#1663,.T.);
#621=ORIENTED_EDGE('',*,*,#1664,.F.);
#622=ORIENTED_EDGE('',*,*,#1665,.F.);
#623=ORIENTED_EDGE('',*,*,#1666,.F.);
#624=ORIENTED_EDGE('',*,*,#1667,.T.);
#625=ORIENTED_EDGE('',*,*,#1668,.T.);
#626=ORIENTED_EDGE('',*,*,#1669,.T.);
#627=ORIENTED_EDGE('',*,*,#1670,.F.);
#628=ORIENTED_EDGE('',*,*,#1671,.F.);
#629=ORIENTED_EDGE('',*,*,#1672,.F.);
#630=ORIENTED_EDGE('',*,*,#1673,.T.);
#631=ORIENTED_EDGE('',*,*,#1674,.T.);
#632=ORIENTED_EDGE('',*,*,#1675,.T.);
#633=ORIENTED_EDGE('',*,*,#1676,.T.);
#634=ORIENTED_EDGE('',*,*,#1665,.T.);
#635=ORIENTED_EDGE('',*,*,#1677,.F.);
#636=ORIENTED_EDGE('',*,*,#1678,.F.);
#637=ORIENTED_EDGE('',*,*,#1679,.T.);
#638=ORIENTED_EDGE('',*,*,#1671,.T.);
#639=ORIENTED_EDGE('',*,*,#1680,.F.);
#640=ORIENTED_EDGE('',*,*,#1681,.F.);
#641=ORIENTED_EDGE('',*,*,#1682,.T.);
#642=ORIENTED_EDGE('',*,*,#1683,.F.);
#643=ORIENTED_EDGE('',*,*,#1684,.F.);
#644=ORIENTED_EDGE('',*,*,#1685,.F.);
#645=ORIENTED_EDGE('',*,*,#1686,.F.);
#646=ORIENTED_EDGE('',*,*,#1687,.F.);
#647=ORIENTED_EDGE('',*,*,#1688,.T.);
#648=ORIENTED_EDGE('',*,*,#1681,.T.);
#649=ORIENTED_EDGE('',*,*,#1689,.T.);
#650=ORIENTED_EDGE('',*,*,#1690,.F.);
#651=ORIENTED_EDGE('',*,*,#1691,.F.);
#652=ORIENTED_EDGE('',*,*,#1692,.F.);
#653=ORIENTED_EDGE('',*,*,#1693,.T.);
#654=ORIENTED_EDGE('',*,*,#1678,.T.);
#655=ORIENTED_EDGE('',*,*,#1694,.T.);
#656=ORIENTED_EDGE('',*,*,#1695,.F.);
#657=ORIENTED_EDGE('',*,*,#1696,.F.);
#658=ORIENTED_EDGE('',*,*,#1684,.T.);
#659=ORIENTED_EDGE('',*,*,#1697,.T.);
#660=ORIENTED_EDGE('',*,*,#1698,.F.);
#661=ORIENTED_EDGE('',*,*,#1699,.T.);
#662=ORIENTED_EDGE('',*,*,#1700,.T.);
#663=ORIENTED_EDGE('',*,*,#1701,.T.);
#664=ORIENTED_EDGE('',*,*,#1702,.F.);
#665=ORIENTED_EDGE('',*,*,#1703,.T.);
#666=ORIENTED_EDGE('',*,*,#1704,.F.);
#667=ORIENTED_EDGE('',*,*,#1705,.F.);
#668=ORIENTED_EDGE('',*,*,#1706,.F.);
#669=ORIENTED_EDGE('',*,*,#1707,.T.);
#670=ORIENTED_EDGE('',*,*,#1708,.F.);
#671=ORIENTED_EDGE('',*,*,#1709,.T.);
#672=ORIENTED_EDGE('',*,*,#1710,.F.);
#673=ORIENTED_EDGE('',*,*,#1711,.F.);
#674=ORIENTED_EDGE('',*,*,#1712,.F.);
#675=ORIENTED_EDGE('',*,*,#1713,.T.);
#676=ORIENTED_EDGE('',*,*,#1714,.F.);
#677=ORIENTED_EDGE('',*,*,#1715,.T.);
#678=ORIENTED_EDGE('',*,*,#1716,.F.);
#679=ORIENTED_EDGE('',*,*,#1717,.F.);
#680=ORIENTED_EDGE('',*,*,#1718,.F.);
#681=ORIENTED_EDGE('',*,*,#1702,.T.);
#682=ORIENTED_EDGE('',*,*,#1708,.T.);
#683=ORIENTED_EDGE('',*,*,#1719,.F.);
#684=ORIENTED_EDGE('',*,*,#1720,.F.);
#685=ORIENTED_EDGE('',*,*,#1721,.T.);
#686=ORIENTED_EDGE('',*,*,#1714,.T.);
#687=ORIENTED_EDGE('',*,*,#1722,.F.);
#688=ORIENTED_EDGE('',*,*,#1723,.F.);
#689=ORIENTED_EDGE('',*,*,#1724,.T.);
#690=ORIENTED_EDGE('',*,*,#1725,.F.);
#691=ORIENTED_EDGE('',*,*,#1726,.F.);
#692=ORIENTED_EDGE('',*,*,#1727,.F.);
#693=ORIENTED_EDGE('',*,*,#1728,.F.);
#694=ORIENTED_EDGE('',*,*,#1729,.F.);
#695=ORIENTED_EDGE('',*,*,#1730,.T.);
#696=ORIENTED_EDGE('',*,*,#1723,.T.);
#697=ORIENTED_EDGE('',*,*,#1731,.T.);
#698=ORIENTED_EDGE('',*,*,#1732,.F.);
#699=ORIENTED_EDGE('',*,*,#1733,.F.);
#700=ORIENTED_EDGE('',*,*,#1734,.F.);
#701=ORIENTED_EDGE('',*,*,#1735,.T.);
#702=ORIENTED_EDGE('',*,*,#1720,.T.);
#703=ORIENTED_EDGE('',*,*,#1736,.T.);
#704=ORIENTED_EDGE('',*,*,#1737,.F.);
#705=ORIENTED_EDGE('',*,*,#1738,.F.);
#706=ORIENTED_EDGE('',*,*,#1739,.T.);
#707=ORIENTED_EDGE('',*,*,#1740,.T.);
#708=ORIENTED_EDGE('',*,*,#1741,.T.);
#709=ORIENTED_EDGE('',*,*,#1659,.T.);
#710=ORIENTED_EDGE('',*,*,#1742,.F.);
#711=ORIENTED_EDGE('',*,*,#1743,.F.);
#712=ORIENTED_EDGE('',*,*,#1744,.F.);
#713=ORIENTED_EDGE('',*,*,#1745,.F.);
#714=ORIENTED_EDGE('',*,*,#1746,.F.);
#715=ORIENTED_EDGE('',*,*,#1740,.F.);
#716=ORIENTED_EDGE('',*,*,#1747,.T.);
#717=ORIENTED_EDGE('',*,*,#1748,.F.);
#718=ORIENTED_EDGE('',*,*,#1698,.T.);
#719=ORIENTED_EDGE('',*,*,#1749,.T.);
#720=ORIENTED_EDGE('',*,*,#1750,.F.);
#721=ORIENTED_EDGE('',*,*,#1742,.T.);
#722=ORIENTED_EDGE('',*,*,#1751,.T.);
#723=ORIENTED_EDGE('',*,*,#1752,.T.);
#724=ORIENTED_EDGE('',*,*,#1700,.F.);
#725=ORIENTED_EDGE('',*,*,#1753,.F.);
#726=ORIENTED_EDGE('',*,*,#1754,.F.);
#727=ORIENTED_EDGE('',*,*,#1745,.T.);
#728=ORIENTED_EDGE('',*,*,#1755,.F.);
#729=ORIENTED_EDGE('',*,*,#1756,.F.);
#730=ORIENTED_EDGE('',*,*,#1660,.F.);
#731=ORIENTED_EDGE('',*,*,#1741,.F.);
#732=ORIENTED_EDGE('',*,*,#1754,.T.);
#733=ORIENTED_EDGE('',*,*,#1726,.T.);
#734=ORIENTED_EDGE('',*,*,#1751,.F.);
#735=ORIENTED_EDGE('',*,*,#1744,.T.);
#736=ORIENTED_EDGE('',*,*,#1757,.F.);
#737=ORIENTED_EDGE('',*,*,#1652,.T.);
#738=ORIENTED_EDGE('',*,*,#1758,.T.);
#739=ORIENTED_EDGE('',*,*,#1759,.T.);
#740=ORIENTED_EDGE('',*,*,#1760,.T.);
#741=ORIENTED_EDGE('',*,*,#1656,.T.);
#742=ORIENTED_EDGE('',*,*,#1755,.T.);
#743=ORIENTED_EDGE('',*,*,#1743,.T.);
#744=ORIENTED_EDGE('',*,*,#1750,.T.);
#745=ORIENTED_EDGE('',*,*,#1676,.F.);
#746=ORIENTED_EDGE('',*,*,#1747,.F.);
#747=ORIENTED_EDGE('',*,*,#1739,.F.);
#748=ORIENTED_EDGE('',*,*,#1658,.T.);
#749=ORIENTED_EDGE('',*,*,#1761,.T.);
#750=ORIENTED_EDGE('',*,*,#1757,.T.);
#751=ORIENTED_EDGE('',*,*,#1762,.F.);
#752=ORIENTED_EDGE('',*,*,#1736,.F.);
#753=ORIENTED_EDGE('',*,*,#1719,.T.);
#754=ORIENTED_EDGE('',*,*,#1707,.F.);
#755=ORIENTED_EDGE('',*,*,#1706,.T.);
#756=ORIENTED_EDGE('',*,*,#1763,.F.);
#757=ORIENTED_EDGE('',*,*,#1737,.T.);
#758=ORIENTED_EDGE('',*,*,#1762,.T.);
#759=ORIENTED_EDGE('',*,*,#1705,.T.);
#760=ORIENTED_EDGE('',*,*,#1764,.F.);
#761=ORIENTED_EDGE('',*,*,#1738,.T.);
#762=ORIENTED_EDGE('',*,*,#1763,.T.);
#763=ORIENTED_EDGE('',*,*,#1752,.F.);
#764=ORIENTED_EDGE('',*,*,#1725,.T.);
#765=ORIENTED_EDGE('',*,*,#1764,.T.);
#766=ORIENTED_EDGE('',*,*,#1704,.T.);
#767=ORIENTED_EDGE('',*,*,#1701,.F.);
#768=ORIENTED_EDGE('',*,*,#1677,.T.);
#769=ORIENTED_EDGE('',*,*,#1664,.T.);
#770=ORIENTED_EDGE('',*,*,#1765,.F.);
#771=ORIENTED_EDGE('',*,*,#1694,.F.);
#772=ORIENTED_EDGE('',*,*,#1695,.T.);
#773=ORIENTED_EDGE('',*,*,#1765,.T.);
#774=ORIENTED_EDGE('',*,*,#1663,.F.);
#775=ORIENTED_EDGE('',*,*,#1766,.F.);
#776=ORIENTED_EDGE('',*,*,#1683,.T.);
#777=ORIENTED_EDGE('',*,*,#1767,.T.);
#778=ORIENTED_EDGE('',*,*,#1661,.F.);
#779=ORIENTED_EDGE('',*,*,#1749,.F.);
#780=ORIENTED_EDGE('',*,*,#1697,.F.);
#781=ORIENTED_EDGE('',*,*,#1696,.T.);
#782=ORIENTED_EDGE('',*,*,#1766,.T.);
#783=ORIENTED_EDGE('',*,*,#1662,.F.);
#784=ORIENTED_EDGE('',*,*,#1767,.F.);
#785=ORIENTED_EDGE('',*,*,#1718,.T.);
#786=ORIENTED_EDGE('',*,*,#1768,.F.);
#787=ORIENTED_EDGE('',*,*,#1727,.T.);
#788=ORIENTED_EDGE('',*,*,#1753,.T.);
#789=ORIENTED_EDGE('',*,*,#1703,.F.);
#790=ORIENTED_EDGE('',*,*,#1717,.T.);
#791=ORIENTED_EDGE('',*,*,#1769,.F.);
#792=ORIENTED_EDGE('',*,*,#1728,.T.);
#793=ORIENTED_EDGE('',*,*,#1768,.T.);
#794=ORIENTED_EDGE('',*,*,#1716,.T.);
#795=ORIENTED_EDGE('',*,*,#1770,.F.);
#796=ORIENTED_EDGE('',*,*,#1729,.T.);
#797=ORIENTED_EDGE('',*,*,#1769,.T.);
#798=ORIENTED_EDGE('',*,*,#1724,.F.);
#799=ORIENTED_EDGE('',*,*,#1730,.F.);
#800=ORIENTED_EDGE('',*,*,#1770,.T.);
#801=ORIENTED_EDGE('',*,*,#1715,.F.);
#802=ORIENTED_EDGE('',*,*,#1685,.T.);
#803=ORIENTED_EDGE('',*,*,#1699,.F.);
#804=ORIENTED_EDGE('',*,*,#1748,.T.);
#805=ORIENTED_EDGE('',*,*,#1675,.F.);
#806=ORIENTED_EDGE('',*,*,#1771,.F.);
#807=ORIENTED_EDGE('',*,*,#1686,.T.);
#808=ORIENTED_EDGE('',*,*,#1771,.T.);
#809=ORIENTED_EDGE('',*,*,#1674,.F.);
#810=ORIENTED_EDGE('',*,*,#1772,.F.);
#811=ORIENTED_EDGE('',*,*,#1687,.T.);
#812=ORIENTED_EDGE('',*,*,#1772,.T.);
#813=ORIENTED_EDGE('',*,*,#1673,.F.);
#814=ORIENTED_EDGE('',*,*,#1773,.F.);
#815=ORIENTED_EDGE('',*,*,#1773,.T.);
#816=ORIENTED_EDGE('',*,*,#1672,.T.);
#817=ORIENTED_EDGE('',*,*,#1682,.F.);
#818=ORIENTED_EDGE('',*,*,#1688,.F.);
#819=ORIENTED_EDGE('',*,*,#1774,.F.);
#820=ORIENTED_EDGE('',*,*,#1731,.F.);
#821=ORIENTED_EDGE('',*,*,#1722,.T.);
#822=ORIENTED_EDGE('',*,*,#1713,.F.);
#823=ORIENTED_EDGE('',*,*,#1712,.T.);
#824=ORIENTED_EDGE('',*,*,#1775,.F.);
#825=ORIENTED_EDGE('',*,*,#1732,.T.);
#826=ORIENTED_EDGE('',*,*,#1774,.T.);
#827=ORIENTED_EDGE('',*,*,#1711,.T.);
#828=ORIENTED_EDGE('',*,*,#1776,.F.);
#829=ORIENTED_EDGE('',*,*,#1733,.T.);
#830=ORIENTED_EDGE('',*,*,#1775,.T.);
#831=ORIENTED_EDGE('',*,*,#1710,.T.);
#832=ORIENTED_EDGE('',*,*,#1777,.F.);
#833=ORIENTED_EDGE('',*,*,#1734,.T.);
#834=ORIENTED_EDGE('',*,*,#1776,.T.);
#835=ORIENTED_EDGE('',*,*,#1721,.F.);
#836=ORIENTED_EDGE('',*,*,#1735,.F.);
#837=ORIENTED_EDGE('',*,*,#1777,.T.);
#838=ORIENTED_EDGE('',*,*,#1709,.F.);
#839=ORIENTED_EDGE('',*,*,#1778,.T.);
#840=ORIENTED_EDGE('',*,*,#1666,.T.);
#841=ORIENTED_EDGE('',*,*,#1679,.F.);
#842=ORIENTED_EDGE('',*,*,#1693,.F.);
#843=ORIENTED_EDGE('',*,*,#1692,.T.);
#844=ORIENTED_EDGE('',*,*,#1779,.T.);
#845=ORIENTED_EDGE('',*,*,#1667,.F.);
#846=ORIENTED_EDGE('',*,*,#1778,.F.);
#847=ORIENTED_EDGE('',*,*,#1691,.T.);
#848=ORIENTED_EDGE('',*,*,#1780,.T.);
#849=ORIENTED_EDGE('',*,*,#1668,.F.);
#850=ORIENTED_EDGE('',*,*,#1779,.F.);
#851=ORIENTED_EDGE('',*,*,#1690,.T.);
#852=ORIENTED_EDGE('',*,*,#1781,.T.);
#853=ORIENTED_EDGE('',*,*,#1669,.F.);
#854=ORIENTED_EDGE('',*,*,#1780,.F.);
#855=ORIENTED_EDGE('',*,*,#1680,.T.);
#856=ORIENTED_EDGE('',*,*,#1670,.T.);
#857=ORIENTED_EDGE('',*,*,#1781,.F.);
#858=ORIENTED_EDGE('',*,*,#1689,.F.);
#859=ORIENTED_EDGE('',*,*,#1655,.T.);
#860=ORIENTED_EDGE('',*,*,#1756,.T.);
#861=ORIENTED_EDGE('',*,*,#1761,.F.);
#862=ORIENTED_EDGE('',*,*,#1653,.T.);
#863=ORIENTED_EDGE('',*,*,#1641,.T.);
#864=ORIENTED_EDGE('',*,*,#1782,.T.);
#865=ORIENTED_EDGE('',*,*,#1759,.F.);
#866=ORIENTED_EDGE('',*,*,#1783,.F.);
#867=ORIENTED_EDGE('',*,*,#1638,.T.);
#868=ORIENTED_EDGE('',*,*,#1783,.T.);
#869=ORIENTED_EDGE('',*,*,#1758,.F.);
#870=ORIENTED_EDGE('',*,*,#1651,.T.);
#871=ORIENTED_EDGE('',*,*,#1648,.T.);
#872=ORIENTED_EDGE('',*,*,#1645,.T.);
#873=ORIENTED_EDGE('',*,*,#1642,.T.);
#874=ORIENTED_EDGE('',*,*,#1640,.T.);
#875=ORIENTED_EDGE('',*,*,#1644,.T.);
#876=ORIENTED_EDGE('',*,*,#1647,.T.);
#877=ORIENTED_EDGE('',*,*,#1650,.T.);
#878=ORIENTED_EDGE('',*,*,#1657,.T.);
#879=ORIENTED_EDGE('',*,*,#1760,.F.);
#880=ORIENTED_EDGE('',*,*,#1782,.F.);
#881=ORIENTED_EDGE('',*,*,#1746,.T.);
#882=ORIENTED_EDGE('',*,*,#1637,.F.);
#883=ORIENTED_EDGE('',*,*,#1784,.F.);
#884=ORIENTED_EDGE('',*,*,#1785,.T.);
#885=ORIENTED_EDGE('',*,*,#1786,.T.);
#886=ORIENTED_EDGE('',*,*,#1787,.T.);
#887=ORIENTED_EDGE('',*,*,#1788,.T.);
#888=ORIENTED_EDGE('',*,*,#1789,.T.);
#889=ORIENTED_EDGE('',*,*,#1790,.T.);
#890=ORIENTED_EDGE('',*,*,#1791,.T.);
#891=ORIENTED_EDGE('',*,*,#1792,.T.);
#892=ORIENTED_EDGE('',*,*,#1793,.T.);
#893=ORIENTED_EDGE('',*,*,#1794,.T.);
#894=ORIENTED_EDGE('',*,*,#1795,.T.);
#895=ORIENTED_EDGE('',*,*,#1796,.T.);
#896=ORIENTED_EDGE('',*,*,#1785,.F.);
#897=ORIENTED_EDGE('',*,*,#1793,.F.);
#898=ORIENTED_EDGE('',*,*,#1797,.T.);
#899=ORIENTED_EDGE('',*,*,#1798,.T.);
#900=ORIENTED_EDGE('',*,*,#1792,.F.);
#901=ORIENTED_EDGE('',*,*,#1799,.T.);
#902=ORIENTED_EDGE('',*,*,#1800,.T.);
#903=ORIENTED_EDGE('',*,*,#1790,.F.);
#904=ORIENTED_EDGE('',*,*,#1801,.T.);
#905=ORIENTED_EDGE('',*,*,#1802,.T.);
#906=ORIENTED_EDGE('',*,*,#1788,.F.);
#907=ORIENTED_EDGE('',*,*,#1803,.T.);
#908=ORIENTED_EDGE('',*,*,#1804,.T.);
#909=ORIENTED_EDGE('',*,*,#1787,.F.);
#910=ORIENTED_EDGE('',*,*,#1805,.T.);
#911=ORIENTED_EDGE('',*,*,#1806,.T.);
#912=ORIENTED_EDGE('',*,*,#1807,.T.);
#913=ORIENTED_EDGE('',*,*,#1805,.F.);
#914=ORIENTED_EDGE('',*,*,#1786,.F.);
#915=ORIENTED_EDGE('',*,*,#1796,.F.);
#916=ORIENTED_EDGE('',*,*,#1808,.F.);
#917=ORIENTED_EDGE('',*,*,#1809,.F.);
#918=ORIENTED_EDGE('',*,*,#1810,.F.);
#919=ORIENTED_EDGE('',*,*,#1811,.F.);
#920=ORIENTED_EDGE('',*,*,#1812,.T.);
#921=ORIENTED_EDGE('',*,*,#1803,.F.);
#922=ORIENTED_EDGE('',*,*,#1806,.F.);
#923=ORIENTED_EDGE('',*,*,#1807,.F.);
#924=ORIENTED_EDGE('',*,*,#1813,.F.);
#925=ORIENTED_EDGE('',*,*,#1814,.F.);
#926=ORIENTED_EDGE('',*,*,#1815,.T.);
#927=ORIENTED_EDGE('',*,*,#1801,.F.);
#928=ORIENTED_EDGE('',*,*,#1789,.F.);
#929=ORIENTED_EDGE('',*,*,#1804,.F.);
#930=ORIENTED_EDGE('',*,*,#1812,.F.);
#931=ORIENTED_EDGE('',*,*,#1816,.F.);
#932=ORIENTED_EDGE('',*,*,#1817,.F.);
#933=ORIENTED_EDGE('',*,*,#1818,.F.);
#934=ORIENTED_EDGE('',*,*,#1819,.T.);
#935=ORIENTED_EDGE('',*,*,#1799,.F.);
#936=ORIENTED_EDGE('',*,*,#1791,.F.);
#937=ORIENTED_EDGE('',*,*,#1802,.F.);
#938=ORIENTED_EDGE('',*,*,#1815,.F.);
#939=ORIENTED_EDGE('',*,*,#1820,.F.);
#940=ORIENTED_EDGE('',*,*,#1821,.F.);
#941=ORIENTED_EDGE('',*,*,#1822,.F.);
#942=ORIENTED_EDGE('',*,*,#1823,.T.);
#943=ORIENTED_EDGE('',*,*,#1797,.F.);
#944=ORIENTED_EDGE('',*,*,#1800,.F.);
#945=ORIENTED_EDGE('',*,*,#1819,.F.);
#946=ORIENTED_EDGE('',*,*,#1824,.F.);
#947=ORIENTED_EDGE('',*,*,#1825,.F.);
#948=ORIENTED_EDGE('',*,*,#1808,.T.);
#949=ORIENTED_EDGE('',*,*,#1795,.F.);
#950=ORIENTED_EDGE('',*,*,#1794,.F.);
#951=ORIENTED_EDGE('',*,*,#1798,.F.);
#952=ORIENTED_EDGE('',*,*,#1823,.F.);
#953=ORIENTED_EDGE('',*,*,#1826,.F.);
#954=ORIENTED_EDGE('',*,*,#1827,.F.);
#955=ORIENTED_EDGE('',*,*,#1828,.F.);
#956=ORIENTED_EDGE('',*,*,#1813,.T.);
#957=ORIENTED_EDGE('',*,*,#1811,.T.);
#958=ORIENTED_EDGE('',*,*,#1829,.T.);
#959=ORIENTED_EDGE('',*,*,#1816,.T.);
#960=ORIENTED_EDGE('',*,*,#1814,.T.);
#961=ORIENTED_EDGE('',*,*,#1830,.T.);
#962=ORIENTED_EDGE('',*,*,#1820,.T.);
#963=ORIENTED_EDGE('',*,*,#1818,.T.);
#964=ORIENTED_EDGE('',*,*,#1831,.T.);
#965=ORIENTED_EDGE('',*,*,#1832,.T.);
#966=ORIENTED_EDGE('',*,*,#1809,.T.);
#967=ORIENTED_EDGE('',*,*,#1828,.T.);
#968=ORIENTED_EDGE('',*,*,#1824,.T.);
#969=ORIENTED_EDGE('',*,*,#1822,.T.);
#970=ORIENTED_EDGE('',*,*,#1833,.T.);
#971=ORIENTED_EDGE('',*,*,#1834,.T.);
#972=ORIENTED_EDGE('',*,*,#1829,.F.);
#973=ORIENTED_EDGE('',*,*,#1810,.T.);
#974=ORIENTED_EDGE('',*,*,#1832,.F.);
#975=ORIENTED_EDGE('',*,*,#1827,.T.);
#976=ORIENTED_EDGE('',*,*,#1835,.F.);
#977=ORIENTED_EDGE('',*,*,#1833,.F.);
#978=ORIENTED_EDGE('',*,*,#1821,.T.);
#979=ORIENTED_EDGE('',*,*,#1831,.F.);
#980=ORIENTED_EDGE('',*,*,#1817,.T.);
#981=ORIENTED_EDGE('',*,*,#1830,.F.);
#982=ORIENTED_EDGE('',*,*,#1826,.T.);
#983=ORIENTED_EDGE('',*,*,#1825,.T.);
#984=ORIENTED_EDGE('',*,*,#1835,.T.);
#985=ORIENTED_EDGE('',*,*,#1836,.T.);
#986=ORIENTED_EDGE('',*,*,#1834,.F.);
#987=ORIENTED_EDGE('',*,*,#1837,.T.);
#988=ORIENTED_EDGE('',*,*,#1836,.F.);
#989=ORIENTED_EDGE('',*,*,#1784,.T.);
#990=ORIENTED_EDGE('',*,*,#1837,.F.);
#991=ORIENTED_EDGE('',*,*,#1838,.F.);
#992=ORIENTED_EDGE('',*,*,#1839,.T.);
#993=ORIENTED_EDGE('',*,*,#1840,.F.);
#994=ORIENTED_EDGE('',*,*,#1841,.F.);
#995=ORIENTED_EDGE('',*,*,#1842,.T.);
#996=ORIENTED_EDGE('',*,*,#1843,.F.);
#997=ORIENTED_EDGE('',*,*,#1844,.F.);
#998=ORIENTED_EDGE('',*,*,#1840,.T.);
#999=ORIENTED_EDGE('',*,*,#1845,.F.);
#1000=ORIENTED_EDGE('',*,*,#1846,.F.);
#1001=ORIENTED_EDGE('',*,*,#1847,.T.);
#1002=ORIENTED_EDGE('',*,*,#1848,.T.);
#1003=ORIENTED_EDGE('',*,*,#1849,.F.);
#1004=ORIENTED_EDGE('',*,*,#1850,.F.);
#1005=ORIENTED_EDGE('',*,*,#1851,.T.);
#1006=ORIENTED_EDGE('',*,*,#1846,.T.);
#1007=ORIENTED_EDGE('',*,*,#1852,.F.);
#1008=ORIENTED_EDGE('',*,*,#1853,.F.);
#1009=ORIENTED_EDGE('',*,*,#1854,.T.);
#1010=ORIENTED_EDGE('',*,*,#1850,.T.);
#1011=ORIENTED_EDGE('',*,*,#1855,.F.);
#1012=ORIENTED_EDGE('',*,*,#1848,.F.);
#1013=ORIENTED_EDGE('',*,*,#1856,.T.);
#1014=ORIENTED_EDGE('',*,*,#1853,.T.);
#1015=ORIENTED_EDGE('',*,*,#1857,.T.);
#1016=ORIENTED_EDGE('',*,*,#1858,.T.);
#1017=ORIENTED_EDGE('',*,*,#1859,.F.);
#1018=ORIENTED_EDGE('',*,*,#1843,.T.);
#1019=ORIENTED_EDGE('',*,*,#1859,.T.);
#1020=ORIENTED_EDGE('',*,*,#1860,.T.);
#1021=ORIENTED_EDGE('',*,*,#1841,.T.);
#1022=ORIENTED_EDGE('',*,*,#1844,.T.);
#1023=ORIENTED_EDGE('',*,*,#1847,.F.);
#1024=ORIENTED_EDGE('',*,*,#1851,.F.);
#1025=ORIENTED_EDGE('',*,*,#1854,.F.);
#1026=ORIENTED_EDGE('',*,*,#1856,.F.);
#1027=ORIENTED_EDGE('',*,*,#1839,.F.);
#1028=ORIENTED_EDGE('',*,*,#1861,.T.);
#1029=ORIENTED_EDGE('',*,*,#1862,.F.);
#1030=ORIENTED_EDGE('',*,*,#1863,.F.);
#1031=ORIENTED_EDGE('',*,*,#1857,.F.);
#1032=ORIENTED_EDGE('',*,*,#1842,.F.);
#1033=ORIENTED_EDGE('',*,*,#1845,.T.);
#1034=ORIENTED_EDGE('',*,*,#1855,.T.);
#1035=ORIENTED_EDGE('',*,*,#1852,.T.);
#1036=ORIENTED_EDGE('',*,*,#1849,.T.);
#1037=ORIENTED_EDGE('',*,*,#1858,.F.);
#1038=ORIENTED_EDGE('',*,*,#1863,.T.);
#1039=ORIENTED_EDGE('',*,*,#1864,.T.);
#1040=ORIENTED_EDGE('',*,*,#1865,.T.);
#1041=ORIENTED_EDGE('',*,*,#1866,.T.);
#1042=ORIENTED_EDGE('',*,*,#1867,.T.);
#1043=ORIENTED_EDGE('',*,*,#1861,.F.);
#1044=ORIENTED_EDGE('',*,*,#1838,.T.);
#1045=ORIENTED_EDGE('',*,*,#1868,.F.);
#1046=ORIENTED_EDGE('',*,*,#1869,.F.);
#1047=ORIENTED_EDGE('',*,*,#1870,.F.);
#1048=ORIENTED_EDGE('',*,*,#1871,.F.);
#1049=ORIENTED_EDGE('',*,*,#1871,.T.);
#1050=ORIENTED_EDGE('',*,*,#1872,.F.);
#1051=ORIENTED_EDGE('',*,*,#1864,.F.);
#1052=ORIENTED_EDGE('',*,*,#1862,.T.);
#1053=ORIENTED_EDGE('',*,*,#1870,.T.);
#1054=ORIENTED_EDGE('',*,*,#1873,.F.);
#1055=ORIENTED_EDGE('',*,*,#1865,.F.);
#1056=ORIENTED_EDGE('',*,*,#1872,.T.);
#1057=ORIENTED_EDGE('',*,*,#1869,.T.);
#1058=ORIENTED_EDGE('',*,*,#1874,.F.);
#1059=ORIENTED_EDGE('',*,*,#1866,.F.);
#1060=ORIENTED_EDGE('',*,*,#1873,.T.);
#1061=ORIENTED_EDGE('',*,*,#1868,.T.);
#1062=ORIENTED_EDGE('',*,*,#1860,.F.);
#1063=ORIENTED_EDGE('',*,*,#1867,.F.);
#1064=ORIENTED_EDGE('',*,*,#1874,.T.);
#1065=ORIENTED_EDGE('',*,*,#1875,.F.);
#1066=ORIENTED_EDGE('',*,*,#1876,.F.);
#1067=ORIENTED_EDGE('',*,*,#1877,.T.);
#1068=ORIENTED_EDGE('',*,*,#1878,.T.);
#1069=ORIENTED_EDGE('',*,*,#1879,.F.);
#1070=ORIENTED_EDGE('',*,*,#1880,.F.);
#1071=ORIENTED_EDGE('',*,*,#1881,.T.);
#1072=ORIENTED_EDGE('',*,*,#1876,.T.);
#1073=ORIENTED_EDGE('',*,*,#1882,.F.);
#1074=ORIENTED_EDGE('',*,*,#1883,.F.);
#1075=ORIENTED_EDGE('',*,*,#1884,.T.);
#1076=ORIENTED_EDGE('',*,*,#1880,.T.);
#1077=ORIENTED_EDGE('',*,*,#1885,.F.);
#1078=ORIENTED_EDGE('',*,*,#1886,.F.);
#1079=ORIENTED_EDGE('',*,*,#1887,.T.);
#1080=ORIENTED_EDGE('',*,*,#1883,.T.);
#1081=ORIENTED_EDGE('',*,*,#1888,.F.);
#1082=ORIENTED_EDGE('',*,*,#1889,.F.);
#1083=ORIENTED_EDGE('',*,*,#1890,.T.);
#1084=ORIENTED_EDGE('',*,*,#1886,.T.);
#1085=ORIENTED_EDGE('',*,*,#1891,.F.);
#1086=ORIENTED_EDGE('',*,*,#1892,.F.);
#1087=ORIENTED_EDGE('',*,*,#1893,.T.);
#1088=ORIENTED_EDGE('',*,*,#1889,.T.);
#1089=ORIENTED_EDGE('',*,*,#1894,.F.);
#1090=ORIENTED_EDGE('',*,*,#1895,.F.);
#1091=ORIENTED_EDGE('',*,*,#1896,.T.);
#1092=ORIENTED_EDGE('',*,*,#1892,.T.);
#1093=ORIENTED_EDGE('',*,*,#1897,.F.);
#1094=ORIENTED_EDGE('',*,*,#1898,.F.);
#1095=ORIENTED_EDGE('',*,*,#1899,.T.);
#1096=ORIENTED_EDGE('',*,*,#1895,.T.);
#1097=ORIENTED_EDGE('',*,*,#1900,.F.);
#1098=ORIENTED_EDGE('',*,*,#1901,.F.);
#1099=ORIENTED_EDGE('',*,*,#1902,.T.);
#1100=ORIENTED_EDGE('',*,*,#1898,.T.);
#1101=ORIENTED_EDGE('',*,*,#1903,.F.);
#1102=ORIENTED_EDGE('',*,*,#1904,.F.);
#1103=ORIENTED_EDGE('',*,*,#1905,.T.);
#1104=ORIENTED_EDGE('',*,*,#1901,.T.);
#1105=ORIENTED_EDGE('',*,*,#1906,.F.);
#1106=ORIENTED_EDGE('',*,*,#1907,.F.);
#1107=ORIENTED_EDGE('',*,*,#1908,.T.);
#1108=ORIENTED_EDGE('',*,*,#1904,.T.);
#1109=ORIENTED_EDGE('',*,*,#1909,.F.);
#1110=ORIENTED_EDGE('',*,*,#1910,.F.);
#1111=ORIENTED_EDGE('',*,*,#1911,.T.);
#1112=ORIENTED_EDGE('',*,*,#1907,.T.);
#1113=ORIENTED_EDGE('',*,*,#1912,.F.);
#1114=ORIENTED_EDGE('',*,*,#1913,.F.);
#1115=ORIENTED_EDGE('',*,*,#1914,.T.);
#1116=ORIENTED_EDGE('',*,*,#1910,.T.);
#1117=ORIENTED_EDGE('',*,*,#1915,.F.);
#1118=ORIENTED_EDGE('',*,*,#1916,.F.);
#1119=ORIENTED_EDGE('',*,*,#1917,.T.);
#1120=ORIENTED_EDGE('',*,*,#1913,.T.);
#1121=ORIENTED_EDGE('',*,*,#1918,.F.);
#1122=ORIENTED_EDGE('',*,*,#1919,.F.);
#1123=ORIENTED_EDGE('',*,*,#1920,.T.);
#1124=ORIENTED_EDGE('',*,*,#1916,.T.);
#1125=ORIENTED_EDGE('',*,*,#1921,.F.);
#1126=ORIENTED_EDGE('',*,*,#1922,.F.);
#1127=ORIENTED_EDGE('',*,*,#1923,.T.);
#1128=ORIENTED_EDGE('',*,*,#1919,.T.);
#1129=ORIENTED_EDGE('',*,*,#1924,.F.);
#1130=ORIENTED_EDGE('',*,*,#1925,.F.);
#1131=ORIENTED_EDGE('',*,*,#1926,.T.);
#1132=ORIENTED_EDGE('',*,*,#1922,.T.);
#1133=ORIENTED_EDGE('',*,*,#1927,.F.);
#1134=ORIENTED_EDGE('',*,*,#1928,.F.);
#1135=ORIENTED_EDGE('',*,*,#1929,.T.);
#1136=ORIENTED_EDGE('',*,*,#1925,.T.);
#1137=ORIENTED_EDGE('',*,*,#1930,.F.);
#1138=ORIENTED_EDGE('',*,*,#1931,.F.);
#1139=ORIENTED_EDGE('',*,*,#1932,.T.);
#1140=ORIENTED_EDGE('',*,*,#1928,.T.);
#1141=ORIENTED_EDGE('',*,*,#1933,.F.);
#1142=ORIENTED_EDGE('',*,*,#1934,.F.);
#1143=ORIENTED_EDGE('',*,*,#1935,.T.);
#1144=ORIENTED_EDGE('',*,*,#1931,.T.);
#1145=ORIENTED_EDGE('',*,*,#1936,.F.);
#1146=ORIENTED_EDGE('',*,*,#1937,.F.);
#1147=ORIENTED_EDGE('',*,*,#1938,.T.);
#1148=ORIENTED_EDGE('',*,*,#1934,.T.);
#1149=ORIENTED_EDGE('',*,*,#1939,.F.);
#1150=ORIENTED_EDGE('',*,*,#1940,.F.);
#1151=ORIENTED_EDGE('',*,*,#1941,.T.);
#1152=ORIENTED_EDGE('',*,*,#1937,.T.);
#1153=ORIENTED_EDGE('',*,*,#1942,.F.);
#1154=ORIENTED_EDGE('',*,*,#1943,.F.);
#1155=ORIENTED_EDGE('',*,*,#1944,.T.);
#1156=ORIENTED_EDGE('',*,*,#1940,.T.);
#1157=ORIENTED_EDGE('',*,*,#1945,.F.);
#1158=ORIENTED_EDGE('',*,*,#1946,.F.);
#1159=ORIENTED_EDGE('',*,*,#1947,.T.);
#1160=ORIENTED_EDGE('',*,*,#1943,.T.);
#1161=ORIENTED_EDGE('',*,*,#1948,.F.);
#1162=ORIENTED_EDGE('',*,*,#1949,.F.);
#1163=ORIENTED_EDGE('',*,*,#1950,.T.);
#1164=ORIENTED_EDGE('',*,*,#1946,.T.);
#1165=ORIENTED_EDGE('',*,*,#1951,.F.);
#1166=ORIENTED_EDGE('',*,*,#1952,.F.);
#1167=ORIENTED_EDGE('',*,*,#1953,.T.);
#1168=ORIENTED_EDGE('',*,*,#1949,.T.);
#1169=ORIENTED_EDGE('',*,*,#1954,.F.);
#1170=ORIENTED_EDGE('',*,*,#1955,.F.);
#1171=ORIENTED_EDGE('',*,*,#1956,.T.);
#1172=ORIENTED_EDGE('',*,*,#1952,.T.);
#1173=ORIENTED_EDGE('',*,*,#1957,.F.);
#1174=ORIENTED_EDGE('',*,*,#1958,.F.);
#1175=ORIENTED_EDGE('',*,*,#1959,.T.);
#1176=ORIENTED_EDGE('',*,*,#1955,.T.);
#1177=ORIENTED_EDGE('',*,*,#1960,.F.);
#1178=ORIENTED_EDGE('',*,*,#1961,.F.);
#1179=ORIENTED_EDGE('',*,*,#1962,.T.);
#1180=ORIENTED_EDGE('',*,*,#1958,.T.);
#1181=ORIENTED_EDGE('',*,*,#1963,.F.);
#1182=ORIENTED_EDGE('',*,*,#1964,.F.);
#1183=ORIENTED_EDGE('',*,*,#1965,.T.);
#1184=ORIENTED_EDGE('',*,*,#1961,.T.);
#1185=ORIENTED_EDGE('',*,*,#1966,.F.);
#1186=ORIENTED_EDGE('',*,*,#1967,.F.);
#1187=ORIENTED_EDGE('',*,*,#1968,.T.);
#1188=ORIENTED_EDGE('',*,*,#1964,.T.);
#1189=ORIENTED_EDGE('',*,*,#1969,.F.);
#1190=ORIENTED_EDGE('',*,*,#1970,.F.);
#1191=ORIENTED_EDGE('',*,*,#1971,.T.);
#1192=ORIENTED_EDGE('',*,*,#1967,.T.);
#1193=ORIENTED_EDGE('',*,*,#1972,.F.);
#1194=ORIENTED_EDGE('',*,*,#1973,.F.);
#1195=ORIENTED_EDGE('',*,*,#1974,.T.);
#1196=ORIENTED_EDGE('',*,*,#1970,.T.);
#1197=ORIENTED_EDGE('',*,*,#1975,.F.);
#1198=ORIENTED_EDGE('',*,*,#1976,.F.);
#1199=ORIENTED_EDGE('',*,*,#1977,.T.);
#1200=ORIENTED_EDGE('',*,*,#1973,.T.);
#1201=ORIENTED_EDGE('',*,*,#1978,.F.);
#1202=ORIENTED_EDGE('',*,*,#1979,.F.);
#1203=ORIENTED_EDGE('',*,*,#1980,.T.);
#1204=ORIENTED_EDGE('',*,*,#1976,.T.);
#1205=ORIENTED_EDGE('',*,*,#1981,.F.);
#1206=ORIENTED_EDGE('',*,*,#1878,.F.);
#1207=ORIENTED_EDGE('',*,*,#1982,.T.);
#1208=ORIENTED_EDGE('',*,*,#1979,.T.);
#1209=ORIENTED_EDGE('',*,*,#1983,.F.);
#1210=ORIENTED_EDGE('',*,*,#1984,.T.);
#1211=ORIENTED_EDGE('',*,*,#1877,.F.);
#1212=ORIENTED_EDGE('',*,*,#1881,.F.);
#1213=ORIENTED_EDGE('',*,*,#1884,.F.);
#1214=ORIENTED_EDGE('',*,*,#1887,.F.);
#1215=ORIENTED_EDGE('',*,*,#1890,.F.);
#1216=ORIENTED_EDGE('',*,*,#1893,.F.);
#1217=ORIENTED_EDGE('',*,*,#1896,.F.);
#1218=ORIENTED_EDGE('',*,*,#1899,.F.);
#1219=ORIENTED_EDGE('',*,*,#1902,.F.);
#1220=ORIENTED_EDGE('',*,*,#1905,.F.);
#1221=ORIENTED_EDGE('',*,*,#1908,.F.);
#1222=ORIENTED_EDGE('',*,*,#1911,.F.);
#1223=ORIENTED_EDGE('',*,*,#1914,.F.);
#1224=ORIENTED_EDGE('',*,*,#1917,.F.);
#1225=ORIENTED_EDGE('',*,*,#1920,.F.);
#1226=ORIENTED_EDGE('',*,*,#1923,.F.);
#1227=ORIENTED_EDGE('',*,*,#1926,.F.);
#1228=ORIENTED_EDGE('',*,*,#1929,.F.);
#1229=ORIENTED_EDGE('',*,*,#1932,.F.);
#1230=ORIENTED_EDGE('',*,*,#1935,.F.);
#1231=ORIENTED_EDGE('',*,*,#1938,.F.);
#1232=ORIENTED_EDGE('',*,*,#1941,.F.);
#1233=ORIENTED_EDGE('',*,*,#1944,.F.);
#1234=ORIENTED_EDGE('',*,*,#1947,.F.);
#1235=ORIENTED_EDGE('',*,*,#1950,.F.);
#1236=ORIENTED_EDGE('',*,*,#1953,.F.);
#1237=ORIENTED_EDGE('',*,*,#1956,.F.);
#1238=ORIENTED_EDGE('',*,*,#1959,.F.);
#1239=ORIENTED_EDGE('',*,*,#1962,.F.);
#1240=ORIENTED_EDGE('',*,*,#1965,.F.);
#1241=ORIENTED_EDGE('',*,*,#1968,.F.);
#1242=ORIENTED_EDGE('',*,*,#1971,.F.);
#1243=ORIENTED_EDGE('',*,*,#1974,.F.);
#1244=ORIENTED_EDGE('',*,*,#1977,.F.);
#1245=ORIENTED_EDGE('',*,*,#1980,.F.);
#1246=ORIENTED_EDGE('',*,*,#1982,.F.);
#1247=ORIENTED_EDGE('',*,*,#1983,.T.);
#1248=ORIENTED_EDGE('',*,*,#1875,.T.);
#1249=ORIENTED_EDGE('',*,*,#1981,.T.);
#1250=ORIENTED_EDGE('',*,*,#1978,.T.);
#1251=ORIENTED_EDGE('',*,*,#1975,.T.);
#1252=ORIENTED_EDGE('',*,*,#1972,.T.);
#1253=ORIENTED_EDGE('',*,*,#1969,.T.);
#1254=ORIENTED_EDGE('',*,*,#1966,.T.);
#1255=ORIENTED_EDGE('',*,*,#1963,.T.);
#1256=ORIENTED_EDGE('',*,*,#1960,.T.);
#1257=ORIENTED_EDGE('',*,*,#1957,.T.);
#1258=ORIENTED_EDGE('',*,*,#1954,.T.);
#1259=ORIENTED_EDGE('',*,*,#1951,.T.);
#1260=ORIENTED_EDGE('',*,*,#1948,.T.);
#1261=ORIENTED_EDGE('',*,*,#1945,.T.);
#1262=ORIENTED_EDGE('',*,*,#1942,.T.);
#1263=ORIENTED_EDGE('',*,*,#1939,.T.);
#1264=ORIENTED_EDGE('',*,*,#1936,.T.);
#1265=ORIENTED_EDGE('',*,*,#1933,.T.);
#1266=ORIENTED_EDGE('',*,*,#1930,.T.);
#1267=ORIENTED_EDGE('',*,*,#1927,.T.);
#1268=ORIENTED_EDGE('',*,*,#1924,.T.);
#1269=ORIENTED_EDGE('',*,*,#1921,.T.);
#1270=ORIENTED_EDGE('',*,*,#1918,.T.);
#1271=ORIENTED_EDGE('',*,*,#1915,.T.);
#1272=ORIENTED_EDGE('',*,*,#1912,.T.);
#1273=ORIENTED_EDGE('',*,*,#1909,.T.);
#1274=ORIENTED_EDGE('',*,*,#1906,.T.);
#1275=ORIENTED_EDGE('',*,*,#1903,.T.);
#1276=ORIENTED_EDGE('',*,*,#1900,.T.);
#1277=ORIENTED_EDGE('',*,*,#1897,.T.);
#1278=ORIENTED_EDGE('',*,*,#1894,.T.);
#1279=ORIENTED_EDGE('',*,*,#1891,.T.);
#1280=ORIENTED_EDGE('',*,*,#1888,.T.);
#1281=ORIENTED_EDGE('',*,*,#1885,.T.);
#1282=ORIENTED_EDGE('',*,*,#1882,.T.);
#1283=ORIENTED_EDGE('',*,*,#1879,.T.);
#1284=ORIENTED_EDGE('',*,*,#1984,.F.);
#1285=ORIENTED_EDGE('',*,*,#1985,.T.);
#1286=ORIENTED_EDGE('',*,*,#1986,.F.);
#1287=ORIENTED_EDGE('',*,*,#1987,.F.);
#1288=ORIENTED_EDGE('',*,*,#1988,.T.);
#1289=ORIENTED_EDGE('',*,*,#1989,.T.);
#1290=ORIENTED_EDGE('',*,*,#1990,.F.);
#1291=ORIENTED_EDGE('',*,*,#1991,.F.);
#1292=ORIENTED_EDGE('',*,*,#1986,.T.);
#1293=ORIENTED_EDGE('',*,*,#1992,.T.);
#1294=ORIENTED_EDGE('',*,*,#1993,.F.);
#1295=ORIENTED_EDGE('',*,*,#1994,.F.);
#1296=ORIENTED_EDGE('',*,*,#1990,.T.);
#1297=ORIENTED_EDGE('',*,*,#1995,.T.);
#1298=ORIENTED_EDGE('',*,*,#1996,.F.);
#1299=ORIENTED_EDGE('',*,*,#1997,.F.);
#1300=ORIENTED_EDGE('',*,*,#1993,.T.);
#1301=ORIENTED_EDGE('',*,*,#1998,.T.);
#1302=ORIENTED_EDGE('',*,*,#1999,.F.);
#1303=ORIENTED_EDGE('',*,*,#2000,.F.);
#1304=ORIENTED_EDGE('',*,*,#1996,.T.);
#1305=ORIENTED_EDGE('',*,*,#2001,.T.);
#1306=ORIENTED_EDGE('',*,*,#2002,.F.);
#1307=ORIENTED_EDGE('',*,*,#2003,.F.);
#1308=ORIENTED_EDGE('',*,*,#1999,.T.);
#1309=ORIENTED_EDGE('',*,*,#2004,.T.);
#1310=ORIENTED_EDGE('',*,*,#2005,.F.);
#1311=ORIENTED_EDGE('',*,*,#2006,.F.);
#1312=ORIENTED_EDGE('',*,*,#2002,.T.);
#1313=ORIENTED_EDGE('',*,*,#2007,.T.);
#1314=ORIENTED_EDGE('',*,*,#1988,.F.);
#1315=ORIENTED_EDGE('',*,*,#2008,.F.);
#1316=ORIENTED_EDGE('',*,*,#2005,.T.);
#1317=ORIENTED_EDGE('',*,*,#1987,.T.);
#1318=ORIENTED_EDGE('',*,*,#1991,.T.);
#1319=ORIENTED_EDGE('',*,*,#1994,.T.);
#1320=ORIENTED_EDGE('',*,*,#1997,.T.);
#1321=ORIENTED_EDGE('',*,*,#2000,.T.);
#1322=ORIENTED_EDGE('',*,*,#2003,.T.);
#1323=ORIENTED_EDGE('',*,*,#2006,.T.);
#1324=ORIENTED_EDGE('',*,*,#2008,.T.);
#1325=ORIENTED_EDGE('',*,*,#2009,.F.);
#1326=ORIENTED_EDGE('',*,*,#2010,.F.);
#1327=ORIENTED_EDGE('',*,*,#2011,.T.);
#1328=ORIENTED_EDGE('',*,*,#2012,.T.);
#1329=ORIENTED_EDGE('',*,*,#2013,.F.);
#1330=ORIENTED_EDGE('',*,*,#2014,.F.);
#1331=ORIENTED_EDGE('',*,*,#2015,.T.);
#1332=ORIENTED_EDGE('',*,*,#2016,.T.);
#1333=ORIENTED_EDGE('',*,*,#2017,.F.);
#1334=ORIENTED_EDGE('',*,*,#2018,.F.);
#1335=ORIENTED_EDGE('',*,*,#2019,.T.);
#1336=ORIENTED_EDGE('',*,*,#2020,.T.);
#1337=ORIENTED_EDGE('',*,*,#1985,.F.);
#1338=ORIENTED_EDGE('',*,*,#2007,.F.);
#1339=ORIENTED_EDGE('',*,*,#2004,.F.);
#1340=ORIENTED_EDGE('',*,*,#2001,.F.);
#1341=ORIENTED_EDGE('',*,*,#1998,.F.);
#1342=ORIENTED_EDGE('',*,*,#1995,.F.);
#1343=ORIENTED_EDGE('',*,*,#1992,.F.);
#1344=ORIENTED_EDGE('',*,*,#1989,.F.);
#1345=ORIENTED_EDGE('',*,*,#2021,.T.);
#1346=ORIENTED_EDGE('',*,*,#2022,.F.);
#1347=ORIENTED_EDGE('',*,*,#2023,.F.);
#1348=ORIENTED_EDGE('',*,*,#2017,.T.);
#1349=ORIENTED_EDGE('',*,*,#2024,.T.);
#1350=ORIENTED_EDGE('',*,*,#2025,.F.);
#1351=ORIENTED_EDGE('',*,*,#2026,.F.);
#1352=ORIENTED_EDGE('',*,*,#2022,.T.);
#1353=ORIENTED_EDGE('',*,*,#2027,.T.);
#1354=ORIENTED_EDGE('',*,*,#2019,.F.);
#1355=ORIENTED_EDGE('',*,*,#2028,.F.);
#1356=ORIENTED_EDGE('',*,*,#2025,.T.);
#1357=ORIENTED_EDGE('',*,*,#2029,.F.);
#1358=ORIENTED_EDGE('',*,*,#2030,.F.);
#1359=ORIENTED_EDGE('',*,*,#2031,.T.);
#1360=ORIENTED_EDGE('',*,*,#2032,.T.);
#1361=ORIENTED_EDGE('',*,*,#2033,.F.);
#1362=ORIENTED_EDGE('',*,*,#2034,.F.);
#1363=ORIENTED_EDGE('',*,*,#2035,.T.);
#1364=ORIENTED_EDGE('',*,*,#2030,.T.);
#1365=ORIENTED_EDGE('',*,*,#2036,.F.);
#1366=ORIENTED_EDGE('',*,*,#2037,.F.);
#1367=ORIENTED_EDGE('',*,*,#2038,.T.);
#1368=ORIENTED_EDGE('',*,*,#2034,.T.);
#1369=ORIENTED_EDGE('',*,*,#2039,.F.);
#1370=ORIENTED_EDGE('',*,*,#2032,.F.);
#1371=ORIENTED_EDGE('',*,*,#2040,.T.);
#1372=ORIENTED_EDGE('',*,*,#2037,.T.);
#1373=ORIENTED_EDGE('',*,*,#2031,.F.);
#1374=ORIENTED_EDGE('',*,*,#2035,.F.);
#1375=ORIENTED_EDGE('',*,*,#2038,.F.);
#1376=ORIENTED_EDGE('',*,*,#2040,.F.);
#1377=ORIENTED_EDGE('',*,*,#2023,.T.);
#1378=ORIENTED_EDGE('',*,*,#2026,.T.);
#1379=ORIENTED_EDGE('',*,*,#2028,.T.);
#1380=ORIENTED_EDGE('',*,*,#2018,.T.);
#1381=ORIENTED_EDGE('',*,*,#2029,.T.);
#1382=ORIENTED_EDGE('',*,*,#2039,.T.);
#1383=ORIENTED_EDGE('',*,*,#2036,.T.);
#1384=ORIENTED_EDGE('',*,*,#2033,.T.);
#1385=ORIENTED_EDGE('',*,*,#2021,.F.);
#1386=ORIENTED_EDGE('',*,*,#2020,.F.);
#1387=ORIENTED_EDGE('',*,*,#2027,.F.);
#1388=ORIENTED_EDGE('',*,*,#2024,.F.);
#1389=ORIENTED_EDGE('',*,*,#2041,.T.);
#1390=ORIENTED_EDGE('',*,*,#2042,.F.);
#1391=ORIENTED_EDGE('',*,*,#2043,.F.);
#1392=ORIENTED_EDGE('',*,*,#2013,.T.);
#1393=ORIENTED_EDGE('',*,*,#2044,.T.);
#1394=ORIENTED_EDGE('',*,*,#2045,.F.);
#1395=ORIENTED_EDGE('',*,*,#2046,.F.);
#1396=ORIENTED_EDGE('',*,*,#2042,.T.);
#1397=ORIENTED_EDGE('',*,*,#2047,.T.);
#1398=ORIENTED_EDGE('',*,*,#2015,.F.);
#1399=ORIENTED_EDGE('',*,*,#2048,.F.);
#1400=ORIENTED_EDGE('',*,*,#2045,.T.);
#1401=ORIENTED_EDGE('',*,*,#2049,.F.);
#1402=ORIENTED_EDGE('',*,*,#2050,.F.);
#1403=ORIENTED_EDGE('',*,*,#2051,.T.);
#1404=ORIENTED_EDGE('',*,*,#2052,.T.);
#1405=ORIENTED_EDGE('',*,*,#2053,.F.);
#1406=ORIENTED_EDGE('',*,*,#2054,.F.);
#1407=ORIENTED_EDGE('',*,*,#2055,.T.);
#1408=ORIENTED_EDGE('',*,*,#2050,.T.);
#1409=ORIENTED_EDGE('',*,*,#2056,.F.);
#1410=ORIENTED_EDGE('',*,*,#2057,.F.);
#1411=ORIENTED_EDGE('',*,*,#2058,.T.);
#1412=ORIENTED_EDGE('',*,*,#2054,.T.);
#1413=ORIENTED_EDGE('',*,*,#2059,.F.);
#1414=ORIENTED_EDGE('',*,*,#2052,.F.);
#1415=ORIENTED_EDGE('',*,*,#2060,.T.);
#1416=ORIENTED_EDGE('',*,*,#2057,.T.);
#1417=ORIENTED_EDGE('',*,*,#2051,.F.);
#1418=ORIENTED_EDGE('',*,*,#2055,.F.);
#1419=ORIENTED_EDGE('',*,*,#2058,.F.);
#1420=ORIENTED_EDGE('',*,*,#2060,.F.);
#1421=ORIENTED_EDGE('',*,*,#2043,.T.);
#1422=ORIENTED_EDGE('',*,*,#2046,.T.);
#1423=ORIENTED_EDGE('',*,*,#2048,.T.);
#1424=ORIENTED_EDGE('',*,*,#2014,.T.);
#1425=ORIENTED_EDGE('',*,*,#2049,.T.);
#1426=ORIENTED_EDGE('',*,*,#2059,.T.);
#1427=ORIENTED_EDGE('',*,*,#2056,.T.);
#1428=ORIENTED_EDGE('',*,*,#2053,.T.);
#1429=ORIENTED_EDGE('',*,*,#2041,.F.);
#1430=ORIENTED_EDGE('',*,*,#2016,.F.);
#1431=ORIENTED_EDGE('',*,*,#2047,.F.);
#1432=ORIENTED_EDGE('',*,*,#2044,.F.);
#1433=ORIENTED_EDGE('',*,*,#2061,.T.);
#1434=ORIENTED_EDGE('',*,*,#2062,.F.);
#1435=ORIENTED_EDGE('',*,*,#2063,.F.);
#1436=ORIENTED_EDGE('',*,*,#2009,.T.);
#1437=ORIENTED_EDGE('',*,*,#2064,.T.);
#1438=ORIENTED_EDGE('',*,*,#2065,.F.);
#1439=ORIENTED_EDGE('',*,*,#2066,.F.);
#1440=ORIENTED_EDGE('',*,*,#2062,.T.);
#1441=ORIENTED_EDGE('',*,*,#2067,.T.);
#1442=ORIENTED_EDGE('',*,*,#2011,.F.);
#1443=ORIENTED_EDGE('',*,*,#2068,.F.);
#1444=ORIENTED_EDGE('',*,*,#2065,.T.);
#1445=ORIENTED_EDGE('',*,*,#2069,.F.);
#1446=ORIENTED_EDGE('',*,*,#2070,.F.);
#1447=ORIENTED_EDGE('',*,*,#2071,.T.);
#1448=ORIENTED_EDGE('',*,*,#2072,.T.);
#1449=ORIENTED_EDGE('',*,*,#2073,.F.);
#1450=ORIENTED_EDGE('',*,*,#2074,.F.);
#1451=ORIENTED_EDGE('',*,*,#2075,.T.);
#1452=ORIENTED_EDGE('',*,*,#2070,.T.);
#1453=ORIENTED_EDGE('',*,*,#2076,.F.);
#1454=ORIENTED_EDGE('',*,*,#2077,.F.);
#1455=ORIENTED_EDGE('',*,*,#2078,.T.);
#1456=ORIENTED_EDGE('',*,*,#2074,.T.);
#1457=ORIENTED_EDGE('',*,*,#2079,.F.);
#1458=ORIENTED_EDGE('',*,*,#2072,.F.);
#1459=ORIENTED_EDGE('',*,*,#2080,.T.);
#1460=ORIENTED_EDGE('',*,*,#2077,.T.);
#1461=ORIENTED_EDGE('',*,*,#2071,.F.);
#1462=ORIENTED_EDGE('',*,*,#2075,.F.);
#1463=ORIENTED_EDGE('',*,*,#2078,.F.);
#1464=ORIENTED_EDGE('',*,*,#2080,.F.);
#1465=ORIENTED_EDGE('',*,*,#2063,.T.);
#1466=ORIENTED_EDGE('',*,*,#2066,.T.);
#1467=ORIENTED_EDGE('',*,*,#2068,.T.);
#1468=ORIENTED_EDGE('',*,*,#2010,.T.);
#1469=ORIENTED_EDGE('',*,*,#2069,.T.);
#1470=ORIENTED_EDGE('',*,*,#2079,.T.);
#1471=ORIENTED_EDGE('',*,*,#2076,.T.);
#1472=ORIENTED_EDGE('',*,*,#2073,.T.);
#1473=ORIENTED_EDGE('',*,*,#2061,.F.);
#1474=ORIENTED_EDGE('',*,*,#2012,.F.);
#1475=ORIENTED_EDGE('',*,*,#2067,.F.);
#1476=ORIENTED_EDGE('',*,*,#2064,.F.);
#1477=ORIENTED_EDGE('',*,*,#2081,.F.);
#1478=ORIENTED_EDGE('',*,*,#2082,.F.);
#1479=ORIENTED_EDGE('',*,*,#2081,.T.);
#1480=ORIENTED_EDGE('',*,*,#2082,.T.);
#1481=EDGE_CURVE('',#2083,#2084,#2483,.T.);
#1482=EDGE_CURVE('',#2085,#2083,#2484,.T.);
#1483=EDGE_CURVE('',#2086,#2085,#2485,.T.);
#1484=EDGE_CURVE('',#2084,#2086,#2486,.T.);
#1485=EDGE_CURVE('',#2087,#2088,#2487,.T.);
#1486=EDGE_CURVE('',#2089,#2087,#156,.T.);
#1487=EDGE_CURVE('',#2090,#2089,#2488,.T.);
#1488=EDGE_CURVE('',#2091,#2090,#157,.T.);
#1489=EDGE_CURVE('',#2092,#2091,#2489,.T.);
#1490=EDGE_CURVE('',#2093,#2092,#158,.T.);
#1491=EDGE_CURVE('',#2094,#2093,#2490,.T.);
#1492=EDGE_CURVE('',#2088,#2094,#159,.T.);
#1493=EDGE_CURVE('',#2095,#2096,#2491,.T.);
#1494=EDGE_CURVE('',#2097,#2095,#2492,.T.);
#1495=EDGE_CURVE('',#2098,#2097,#2493,.T.);
#1496=EDGE_CURVE('',#2096,#2098,#2494,.T.);
#1497=EDGE_CURVE('',#2099,#2100,#2495,.T.);
#1498=EDGE_CURVE('',#2101,#2099,#2496,.T.);
#1499=EDGE_CURVE('',#2102,#2101,#2497,.T.);
#1500=EDGE_CURVE('',#2100,#2102,#2498,.T.);
#1501=EDGE_CURVE('',#2103,#2104,#2499,.T.);
#1502=EDGE_CURVE('',#2105,#2103,#2500,.T.);
#1503=EDGE_CURVE('',#2105,#2106,#2501,.T.);
#1504=EDGE_CURVE('',#2106,#2104,#2502,.T.);
#1505=EDGE_CURVE('',#2104,#2107,#2503,.T.);
#1506=EDGE_CURVE('',#2106,#2108,#2504,.T.);
#1507=EDGE_CURVE('',#2108,#2107,#2505,.T.);
#1508=EDGE_CURVE('',#2107,#2109,#160,.T.);
#1509=EDGE_CURVE('',#2108,#2110,#161,.T.);
#1510=EDGE_CURVE('',#2110,#2109,#2506,.T.);
#1511=EDGE_CURVE('',#2109,#2111,#2507,.T.);
#1512=EDGE_CURVE('',#2110,#2112,#2508,.T.);
#1513=EDGE_CURVE('',#2112,#2111,#2509,.T.);
#1514=EDGE_CURVE('',#2111,#2113,#162,.T.);
#1515=EDGE_CURVE('',#2112,#2114,#163,.T.);
#1516=EDGE_CURVE('',#2114,#2113,#2510,.T.);
#1517=EDGE_CURVE('',#2113,#2115,#2511,.T.);
#1518=EDGE_CURVE('',#2114,#2116,#2512,.T.);
#1519=EDGE_CURVE('',#2116,#2115,#2513,.T.);
#1520=EDGE_CURVE('',#2115,#2117,#2514,.T.);
#1521=EDGE_CURVE('',#2116,#2118,#2515,.T.);
#1522=EDGE_CURVE('',#2118,#2117,#2516,.T.);
#1523=EDGE_CURVE('',#2117,#2119,#2517,.T.);
#1524=EDGE_CURVE('',#2118,#2120,#2518,.T.);
#1525=EDGE_CURVE('',#2120,#2119,#2519,.T.);
#1526=EDGE_CURVE('',#2119,#2121,#2520,.T.);
#1527=EDGE_CURVE('',#2120,#2122,#2521,.T.);
#1528=EDGE_CURVE('',#2122,#2121,#2522,.T.);
#1529=EDGE_CURVE('',#2121,#2123,#2523,.T.);
#1530=EDGE_CURVE('',#2122,#2124,#2524,.T.);
#1531=EDGE_CURVE('',#2124,#2123,#2525,.T.);
#1532=EDGE_CURVE('',#2123,#2125,#2526,.T.);
#1533=EDGE_CURVE('',#2124,#2126,#2527,.T.);
#1534=EDGE_CURVE('',#2126,#2125,#2528,.T.);
#1535=EDGE_CURVE('',#2125,#2127,#2529,.T.);
#1536=EDGE_CURVE('',#2126,#2128,#2530,.T.);
#1537=EDGE_CURVE('',#2128,#2127,#2531,.T.);
#1538=EDGE_CURVE('',#2127,#2129,#2532,.T.);
#1539=EDGE_CURVE('',#2128,#2130,#2533,.T.);
#1540=EDGE_CURVE('',#2130,#2129,#2534,.T.);
#1541=EDGE_CURVE('',#2129,#2131,#2535,.T.);
#1542=EDGE_CURVE('',#2130,#2132,#2536,.T.);
#1543=EDGE_CURVE('',#2132,#2131,#2537,.T.);
#1544=EDGE_CURVE('',#2131,#2133,#2538,.T.);
#1545=EDGE_CURVE('',#2132,#2134,#2539,.T.);
#1546=EDGE_CURVE('',#2134,#2133,#2540,.T.);
#1547=EDGE_CURVE('',#2133,#2135,#2541,.T.);
#1548=EDGE_CURVE('',#2134,#2136,#2542,.T.);
#1549=EDGE_CURVE('',#2136,#2135,#2543,.T.);
#1550=EDGE_CURVE('',#2135,#2137,#2544,.T.);
#1551=EDGE_CURVE('',#2136,#2138,#2545,.T.);
#1552=EDGE_CURVE('',#2138,#2137,#2546,.T.);
#1553=EDGE_CURVE('',#2137,#2139,#2547,.T.);
#1554=EDGE_CURVE('',#2138,#2140,#2548,.T.);
#1555=EDGE_CURVE('',#2140,#2139,#2549,.T.);
#1556=EDGE_CURVE('',#2139,#2141,#164,.T.);
#1557=EDGE_CURVE('',#2140,#2142,#165,.T.);
#1558=EDGE_CURVE('',#2142,#2141,#2550,.T.);
#1559=EDGE_CURVE('',#2141,#2143,#2551,.T.);
#1560=EDGE_CURVE('',#2142,#2144,#2552,.T.);
#1561=EDGE_CURVE('',#2144,#2143,#2553,.T.);
#1562=EDGE_CURVE('',#2143,#2145,#166,.T.);
#1563=EDGE_CURVE('',#2144,#2146,#167,.T.);
#1564=EDGE_CURVE('',#2146,#2145,#2554,.T.);
#1565=EDGE_CURVE('',#2145,#2147,#2555,.T.);
#1566=EDGE_CURVE('',#2146,#2148,#2556,.T.);
#1567=EDGE_CURVE('',#2148,#2147,#2557,.T.);
#1568=EDGE_CURVE('',#2147,#2149,#2558,.T.);
#1569=EDGE_CURVE('',#2148,#2150,#2559,.T.);
#1570=EDGE_CURVE('',#2150,#2149,#2560,.T.);
#1571=EDGE_CURVE('',#2149,#2151,#2561,.T.);
#1572=EDGE_CURVE('',#2150,#2152,#2562,.T.);
#1573=EDGE_CURVE('',#2152,#2151,#2563,.T.);
#1574=EDGE_CURVE('',#2151,#2153,#2564,.T.);
#1575=EDGE_CURVE('',#2152,#2154,#2565,.T.);
#1576=EDGE_CURVE('',#2154,#2153,#2566,.T.);
#1577=EDGE_CURVE('',#2153,#2155,#2567,.T.);
#1578=EDGE_CURVE('',#2154,#2156,#2568,.T.);
#1579=EDGE_CURVE('',#2156,#2155,#2569,.T.);
#1580=EDGE_CURVE('',#2155,#2157,#2570,.T.);
#1581=EDGE_CURVE('',#2156,#2158,#2571,.T.);
#1582=EDGE_CURVE('',#2158,#2157,#2572,.T.);
#1583=EDGE_CURVE('',#2157,#2159,#2573,.T.);
#1584=EDGE_CURVE('',#2158,#2160,#2574,.T.);
#1585=EDGE_CURVE('',#2160,#2159,#2575,.T.);
#1586=EDGE_CURVE('',#2159,#2161,#2576,.T.);
#1587=EDGE_CURVE('',#2160,#2162,#2577,.T.);
#1588=EDGE_CURVE('',#2162,#2161,#2578,.T.);
#1589=EDGE_CURVE('',#2161,#2163,#2579,.T.);
#1590=EDGE_CURVE('',#2162,#2164,#2580,.T.);
#1591=EDGE_CURVE('',#2164,#2163,#2581,.T.);
#1592=EDGE_CURVE('',#2163,#2165,#2582,.T.);
#1593=EDGE_CURVE('',#2164,#2166,#2583,.T.);
#1594=EDGE_CURVE('',#2166,#2165,#2584,.T.);
#1595=EDGE_CURVE('',#2165,#2103,#2585,.T.);
#1596=EDGE_CURVE('',#2166,#2105,#2586,.T.);
#1597=EDGE_CURVE('',#2167,#2168,#2587,.T.);
#1598=EDGE_CURVE('',#2168,#2169,#168,.T.);
#1599=EDGE_CURVE('',#2169,#2170,#2588,.T.);
#1600=EDGE_CURVE('',#2170,#2171,#169,.T.);
#1601=EDGE_CURVE('',#2171,#2172,#2589,.T.);
#1602=EDGE_CURVE('',#2172,#2173,#170,.T.);
#1603=EDGE_CURVE('',#2173,#2174,#2590,.T.);
#1604=EDGE_CURVE('',#2174,#2167,#171,.T.);
#1605=EDGE_CURVE('',#2087,#2167,#2591,.T.);
#1606=EDGE_CURVE('',#2088,#2168,#2592,.T.);
#1607=EDGE_CURVE('',#2094,#2169,#2593,.T.);
#1608=EDGE_CURVE('',#2093,#2170,#2594,.T.);
#1609=EDGE_CURVE('',#2092,#2171,#2595,.T.);
#1610=EDGE_CURVE('',#2091,#2172,#2596,.T.);
#1611=EDGE_CURVE('',#2090,#2173,#2597,.T.);
#1612=EDGE_CURVE('',#2089,#2174,#2598,.T.);
#1613=EDGE_CURVE('',#2175,#2096,#2599,.T.);
#1614=EDGE_CURVE('',#2175,#2176,#2600,.T.);
#1615=EDGE_CURVE('',#2176,#2095,#2601,.T.);
#1616=EDGE_CURVE('',#2176,#2177,#2602,.T.);
#1617=EDGE_CURVE('',#2177,#2097,#2603,.T.);
#1618=EDGE_CURVE('',#2177,#2178,#2604,.T.);
#1619=EDGE_CURVE('',#2178,#2098,#2605,.T.);
#1620=EDGE_CURVE('',#2178,#2175,#2606,.T.);
#1621=EDGE_CURVE('',#2179,#2084,#2607,.T.);
#1622=EDGE_CURVE('',#2179,#2180,#2608,.T.);
#1623=EDGE_CURVE('',#2180,#2083,#2609,.T.);
#1624=EDGE_CURVE('',#2180,#2181,#2610,.T.);
#1625=EDGE_CURVE('',#2181,#2085,#2611,.T.);
#1626=EDGE_CURVE('',#2181,#2182,#2612,.T.);
#1627=EDGE_CURVE('',#2182,#2086,#2613,.T.);
#1628=EDGE_CURVE('',#2182,#2179,#2614,.T.);
#1629=EDGE_CURVE('',#2183,#2100,#2615,.T.);
#1630=EDGE_CURVE('',#2183,#2184,#2616,.T.);
#1631=EDGE_CURVE('',#2184,#2099,#2617,.T.);
#1632=EDGE_CURVE('',#2184,#2185,#2618,.T.);
#1633=EDGE_CURVE('',#2185,#2101,#2619,.T.);
#1634=EDGE_CURVE('',#2185,#2186,#2620,.T.);
#1635=EDGE_CURVE('',#2186,#2102,#2621,.T.);
#1636=EDGE_CURVE('',#2186,#2183,#2622,.T.);
#1637=EDGE_CURVE('',#2187,#2187,#172,.T.);
#1638=EDGE_CURVE('',#2188,#2189,#2623,.T.);
#1639=EDGE_CURVE('',#2190,#2188,#173,.T.);
#1640=EDGE_CURVE('',#2191,#2190,#2624,.T.);
#1641=EDGE_CURVE('',#2189,#2191,#2625,.T.);
#1642=EDGE_CURVE('',#2192,#2188,#13,.T.);
#1643=EDGE_CURVE('',#2193,#2192,#174,.T.);
#1644=EDGE_CURVE('',#2190,#2193,#14,.T.);
#1645=EDGE_CURVE('',#2194,#2192,#2626,.F.);
#1646=EDGE_CURVE('',#2195,#2194,#175,.T.);
#1647=EDGE_CURVE('',#2193,#2195,#2627,.T.);
#1648=EDGE_CURVE('',#2196,#2194,#2628,.T.);
#1649=EDGE_CURVE('',#2197,#2196,#176,.T.);
#1650=EDGE_CURVE('',#2195,#2197,#2629,.T.);
#1651=EDGE_CURVE('',#2198,#2196,#2630,.F.);
#1652=EDGE_CURVE('',#2199,#2198,#177,.T.);
#1653=EDGE_CURVE('',#2200,#2199,#178,.T.);
#1654=EDGE_CURVE('',#2201,#2200,#179,.T.);
#1655=EDGE_CURVE('',#2202,#2201,#180,.T.);
#1656=EDGE_CURVE('',#2203,#2202,#181,.T.);
#1657=EDGE_CURVE('',#2197,#2203,#2631,.T.);
#1658=EDGE_CURVE('',#2204,#2200,#2632,.T.);
#1659=EDGE_CURVE('',#2205,#2204,#2633,.T.);
#1660=EDGE_CURVE('',#2205,#2201,#2634,.T.);
#1661=EDGE_CURVE('',#2206,#2207,#2635,.T.);
#1662=EDGE_CURVE('',#2207,#2208,#2636,.T.);
#1663=EDGE_CURVE('',#2208,#2209,#2637,.T.);
#1664=EDGE_CURVE('',#2210,#2209,#182,.T.);
#1665=EDGE_CURVE('',#2211,#2210,#2638,.T.);
#1666=EDGE_CURVE('',#2212,#2211,#183,.T.);
#1667=EDGE_CURVE('',#2212,#2213,#2639,.T.);
#1668=EDGE_CURVE('',#2213,#2214,#2640,.T.);
#1669=EDGE_CURVE('',#2214,#2215,#2641,.T.);
#1670=EDGE_CURVE('',#2216,#2215,#184,.T.);
#1671=EDGE_CURVE('',#2217,#2216,#2642,.T.);
#1672=EDGE_CURVE('',#2218,#2217,#185,.T.);
#1673=EDGE_CURVE('',#2218,#2219,#2643,.T.);
#1674=EDGE_CURVE('',#2219,#2220,#2644,.T.);
#1675=EDGE_CURVE('',#2220,#2221,#2645,.T.);
#1676=EDGE_CURVE('',#2221,#2206,#2646,.T.);
#1677=EDGE_CURVE('',#2222,#2210,#2647,.T.);
#1678=EDGE_CURVE('',#2223,#2222,#2648,.T.);
#1679=EDGE_CURVE('',#2223,#2211,#2649,.T.);
#1680=EDGE_CURVE('',#2224,#2216,#2650,.T.);
#1681=EDGE_CURVE('',#2225,#2224,#2651,.T.);
#1682=EDGE_CURVE('',#2225,#2217,#2652,.T.);
#1683=EDGE_CURVE('',#2226,#2227,#2653,.T.);
#1684=EDGE_CURVE('',#2228,#2226,#2654,.T.);
#1685=EDGE_CURVE('',#2229,#2228,#2655,.T.);
#1686=EDGE_CURVE('',#2230,#2229,#2656,.T.);
#1687=EDGE_CURVE('',#2231,#2230,#2657,.T.);
#1688=EDGE_CURVE('',#2231,#2225,#186,.F.);
#1689=EDGE_CURVE('',#2224,#2232,#187,.F.);
#1690=EDGE_CURVE('',#2233,#2232,#2658,.T.);
#1691=EDGE_CURVE('',#2234,#2233,#2659,.T.);
#1692=EDGE_CURVE('',#2235,#2234,#2660,.T.);
#1693=EDGE_CURVE('',#2235,#2223,#188,.F.);
#1694=EDGE_CURVE('',#2222,#2236,#189,.F.);
#1695=EDGE_CURVE('',#2237,#2236,#2661,.T.);
#1696=EDGE_CURVE('',#2227,#2237,#2662,.T.);
#1697=EDGE_CURVE('',#2226,#2238,#190,.T.);
#1698=EDGE_CURVE('',#2239,#2238,#2663,.T.);
#1699=EDGE_CURVE('',#2239,#2228,#191,.T.);
#1700=EDGE_CURVE('',#2240,#2241,#2664,.T.);
#1701=EDGE_CURVE('',#2241,#2242,#192,.T.);
#1702=EDGE_CURVE('',#2243,#2242,#2665,.T.);
#1703=EDGE_CURVE('',#2243,#2240,#193,.T.);
#1704=EDGE_CURVE('',#2244,#2242,#2666,.T.);
#1705=EDGE_CURVE('',#2245,#2244,#2667,.T.);
#1706=EDGE_CURVE('',#2246,#2245,#2668,.T.);
#1707=EDGE_CURVE('',#2246,#2247,#194,.F.);
#1708=EDGE_CURVE('',#2248,#2247,#2669,.T.);
#1709=EDGE_CURVE('',#2248,#2249,#195,.F.);
#1710=EDGE_CURVE('',#2250,#2249,#2670,.T.);
#1711=EDGE_CURVE('',#2251,#2250,#2671,.T.);
#1712=EDGE_CURVE('',#2252,#2251,#2672,.T.);
#1713=EDGE_CURVE('',#2252,#2253,#196,.F.);
#1714=EDGE_CURVE('',#2254,#2253,#2673,.T.);
#1715=EDGE_CURVE('',#2254,#2255,#197,.F.);
#1716=EDGE_CURVE('',#2256,#2255,#2674,.T.);
#1717=EDGE_CURVE('',#2257,#2256,#2675,.T.);
#1718=EDGE_CURVE('',#2243,#2257,#2676,.T.);
#1719=EDGE_CURVE('',#2258,#2247,#2677,.T.);
#1720=EDGE_CURVE('',#2259,#2258,#2678,.T.);
#1721=EDGE_CURVE('',#2259,#2248,#2679,.T.);
#1722=EDGE_CURVE('',#2260,#2253,#2680,.T.);
#1723=EDGE_CURVE('',#2261,#2260,#2681,.T.);
#1724=EDGE_CURVE('',#2261,#2254,#2682,.T.);
#1725=EDGE_CURVE('',#2262,#2263,#2683,.T.);
#1726=EDGE_CURVE('',#2264,#2262,#2684,.T.);
#1727=EDGE_CURVE('',#2265,#2264,#2685,.T.);
#1728=EDGE_CURVE('',#2266,#2265,#2686,.T.);
#1729=EDGE_CURVE('',#2267,#2266,#2687,.T.);
#1730=EDGE_CURVE('',#2267,#2261,#198,.T.);
#1731=EDGE_CURVE('',#2260,#2268,#199,.T.);
#1732=EDGE_CURVE('',#2269,#2268,#2688,.T.);
#1733=EDGE_CURVE('',#2270,#2269,#2689,.T.);
#1734=EDGE_CURVE('',#2271,#2270,#2690,.T.);
#1735=EDGE_CURVE('',#2271,#2259,#200,.T.);
#1736=EDGE_CURVE('',#2258,#2272,#201,.T.);
#1737=EDGE_CURVE('',#2273,#2272,#2691,.T.);
#1738=EDGE_CURVE('',#2263,#2273,#2692,.T.);
#1739=EDGE_CURVE('',#2204,#2274,#202,.T.);
#1740=EDGE_CURVE('',#2274,#2275,#2693,.T.);
#1741=EDGE_CURVE('',#2275,#2205,#203,.T.);
#1742=EDGE_CURVE('',#2276,#2277,#2694,.T.);
#1743=EDGE_CURVE('',#2278,#2276,#204,.T.);
#1744=EDGE_CURVE('',#2279,#2278,#2695,.T.);
#1745=EDGE_CURVE('',#2277,#2279,#205,.T.);
#1746=EDGE_CURVE('',#2280,#2280,#206,.T.);
#1747=EDGE_CURVE('',#2274,#2221,#2696,.T.);
#1748=EDGE_CURVE('',#2239,#2221,#2697,.T.);
#1749=EDGE_CURVE('',#2238,#2206,#2698,.T.);
#1750=EDGE_CURVE('',#2276,#2206,#2699,.T.);
#1751=EDGE_CURVE('',#2277,#2262,#2700,.T.);
#1752=EDGE_CURVE('',#2262,#2241,#2701,.T.);
#1753=EDGE_CURVE('',#2264,#2240,#2702,.T.);
#1754=EDGE_CURVE('',#2275,#2264,#2703,.T.);
#1755=EDGE_CURVE('',#2202,#2279,#2704,.T.);
#1756=EDGE_CURVE('',#2201,#2202,#2705,.T.);
#1757=EDGE_CURVE('',#2199,#2278,#2706,.T.);
#1758=EDGE_CURVE('',#2198,#2281,#2707,.T.);
#1759=EDGE_CURVE('',#2281,#2282,#2708,.T.);
#1760=EDGE_CURVE('',#2282,#2203,#2709,.T.);
#1761=EDGE_CURVE('',#2200,#2199,#2710,.T.);
#1762=EDGE_CURVE('',#2272,#2246,#2711,.T.);
#1763=EDGE_CURVE('',#2273,#2245,#2712,.T.);
#1764=EDGE_CURVE('',#2263,#2244,#2713,.T.);
#1765=EDGE_CURVE('',#2236,#2209,#2714,.T.);
#1766=EDGE_CURVE('',#2237,#2208,#2715,.T.);
#1767=EDGE_CURVE('',#2227,#2207,#2716,.T.);
#1768=EDGE_CURVE('',#2265,#2257,#2717,.T.);
#1769=EDGE_CURVE('',#2266,#2256,#2718,.T.);
#1770=EDGE_CURVE('',#2267,#2255,#2719,.T.);
#1771=EDGE_CURVE('',#2229,#2220,#2720,.T.);
#1772=EDGE_CURVE('',#2230,#2219,#2721,.T.);
#1773=EDGE_CURVE('',#2231,#2218,#2722,.T.);
#1774=EDGE_CURVE('',#2268,#2252,#2723,.T.);
#1775=EDGE_CURVE('',#2269,#2251,#2724,.T.);
#1776=EDGE_CURVE('',#2270,#2250,#2725,.T.);
#1777=EDGE_CURVE('',#2271,#2249,#2726,.T.);
#1778=EDGE_CURVE('',#2235,#2212,#2727,.T.);
#1779=EDGE_CURVE('',#2234,#2213,#2728,.T.);
#1780=EDGE_CURVE('',#2233,#2214,#2729,.T.);
#1781=EDGE_CURVE('',#2232,#2215,#2730,.T.);
#1782=EDGE_CURVE('',#2191,#2282,#2731,.T.);
#1783=EDGE_CURVE('',#2189,#2281,#2732,.T.);
#1784=EDGE_CURVE('',#2283,#2283,#207,.T.);
#1785=EDGE_CURVE('',#2284,#2285,#208,.T.);
#1786=EDGE_CURVE('',#2285,#2286,#2733,.T.);
#1787=EDGE_CURVE('',#2286,#2287,#209,.T.);
#1788=EDGE_CURVE('',#2287,#2288,#210,.T.);
#1789=EDGE_CURVE('',#2288,#2289,#2734,.T.);
#1790=EDGE_CURVE('',#2289,#2290,#211,.T.);
#1791=EDGE_CURVE('',#2290,#2291,#2735,.T.);
#1792=EDGE_CURVE('',#2291,#2292,#212,.T.);
#1793=EDGE_CURVE('',#2292,#2293,#213,.T.);
#1794=EDGE_CURVE('',#2293,#2284,#2736,.T.);
#1795=EDGE_CURVE('',#2284,#2294,#15,.T.);
#1796=EDGE_CURVE('',#2294,#2285,#16,.T.);
#1797=EDGE_CURVE('',#2292,#2295,#17,.T.);
#1798=EDGE_CURVE('',#2295,#2293,#18,.T.);
#1799=EDGE_CURVE('',#2291,#2296,#19,.T.);
#1800=EDGE_CURVE('',#2296,#2292,#20,.T.);
#1801=EDGE_CURVE('',#2289,#2297,#21,.T.);
#1802=EDGE_CURVE('',#2297,#2290,#22,.T.);
#1803=EDGE_CURVE('',#2287,#2298,#23,.T.);
#1804=EDGE_CURVE('',#2298,#2288,#24,.T.);
#1805=EDGE_CURVE('',#2286,#2299,#25,.T.);
#1806=EDGE_CURVE('',#2299,#2287,#26,.T.);
#1807=EDGE_CURVE('',#2300,#2299,#2737,.T.);
#1808=EDGE_CURVE('',#2301,#2294,#2738,.T.);
#1809=EDGE_CURVE('',#2302,#2301,#27,.T.);
#1810=EDGE_CURVE('',#2303,#2302,#2739,.T.);
#1811=EDGE_CURVE('',#2300,#2303,#28,.T.);
#1812=EDGE_CURVE('',#2304,#2298,#2740,.T.);
#1813=EDGE_CURVE('',#2305,#2300,#29,.T.);
#1814=EDGE_CURVE('',#2304,#2305,#30,.T.);
#1815=EDGE_CURVE('',#2306,#2297,#2741,.T.);
#1816=EDGE_CURVE('',#2307,#2304,#31,.T.);
#1817=EDGE_CURVE('',#2308,#2307,#2742,.T.);
#1818=EDGE_CURVE('',#2306,#2308,#32,.T.);
#1819=EDGE_CURVE('',#2309,#2296,#2743,.T.);
#1820=EDGE_CURVE('',#2310,#2306,#33,.T.);
#1821=EDGE_CURVE('',#2311,#2310,#2744,.T.);
#1822=EDGE_CURVE('',#2309,#2311,#34,.T.);
#1823=EDGE_CURVE('',#2312,#2295,#2745,.T.);
#1824=EDGE_CURVE('',#2313,#2309,#35,.T.);
#1825=EDGE_CURVE('',#2312,#2313,#36,.T.);
#1826=EDGE_CURVE('',#2314,#2312,#37,.T.);
#1827=EDGE_CURVE('',#2315,#2314,#2746,.T.);
#1828=EDGE_CURVE('',#2301,#2315,#38,.T.);
#1829=EDGE_CURVE('',#2303,#2305,#214,.T.);
#1830=EDGE_CURVE('',#2305,#2307,#215,.T.);
#1831=EDGE_CURVE('',#2308,#2310,#216,.T.);
#1832=EDGE_CURVE('',#2315,#2302,#217,.T.);
#1833=EDGE_CURVE('',#2311,#2313,#218,.T.);
#1834=EDGE_CURVE('',#2316,#2316,#219,.T.);
#1835=EDGE_CURVE('',#2313,#2314,#220,.T.);
#1836=EDGE_CURVE('',#2317,#2317,#221,.T.);
#1837=EDGE_CURVE('',#2318,#2318,#222,.T.);
#1838=EDGE_CURVE('',#2319,#2320,#2747,.T.);
#1839=EDGE_CURVE('',#2319,#2321,#2748,.T.);
#1840=EDGE_CURVE('',#2322,#2321,#2749,.T.);
#1841=EDGE_CURVE('',#2320,#2322,#2750,.T.);
#1842=EDGE_CURVE('',#2321,#2323,#223,.T.);
#1843=EDGE_CURVE('',#2324,#2323,#2751,.T.);
#1844=EDGE_CURVE('',#2322,#2324,#224,.T.);
#1845=EDGE_CURVE('',#2325,#2326,#2752,.T.);
#1846=EDGE_CURVE('',#2327,#2325,#2753,.T.);
#1847=EDGE_CURVE('',#2327,#2328,#2754,.T.);
#1848=EDGE_CURVE('',#2328,#2326,#2755,.T.);
#1849=EDGE_CURVE('',#2329,#2325,#2756,.T.);
#1850=EDGE_CURVE('',#2330,#2329,#2757,.T.);
#1851=EDGE_CURVE('',#2330,#2327,#2758,.T.);
#1852=EDGE_CURVE('',#2331,#2329,#2759,.T.);
#1853=EDGE_CURVE('',#2332,#2331,#2760,.T.);
#1854=EDGE_CURVE('',#2332,#2330,#2761,.T.);
#1855=EDGE_CURVE('',#2326,#2331,#225,.T.);
#1856=EDGE_CURVE('',#2328,#2332,#226,.T.);
#1857=EDGE_CURVE('',#2323,#2333,#2762,.T.);
#1858=EDGE_CURVE('',#2333,#2334,#2763,.T.);
#1859=EDGE_CURVE('',#2324,#2334,#2764,.T.);
#1860=EDGE_CURVE('',#2334,#2320,#2765,.T.);
#1861=EDGE_CURVE('',#2319,#2335,#2766,.T.);
#1862=EDGE_CURVE('',#2336,#2335,#2767,.T.);
#1863=EDGE_CURVE('',#2333,#2336,#2768,.T.);
#1864=EDGE_CURVE('',#2336,#2337,#227,.T.);
#1865=EDGE_CURVE('',#2337,#2338,#2769,.T.);
#1866=EDGE_CURVE('',#2338,#2339,#2770,.T.);
#1867=EDGE_CURVE('',#2339,#2334,#2771,.T.);
#1868=EDGE_CURVE('',#2340,#2320,#2772,.T.);
#1869=EDGE_CURVE('',#2341,#2340,#2773,.T.);
#1870=EDGE_CURVE('',#2342,#2341,#2774,.T.);
#1871=EDGE_CURVE('',#2335,#2342,#228,.T.);
#1872=EDGE_CURVE('',#2337,#2342,#2775,.T.);
#1873=EDGE_CURVE('',#2338,#2341,#2776,.T.);
#1874=EDGE_CURVE('',#2339,#2340,#2777,.T.);
#1875=EDGE_CURVE('',#2343,#2344,#229,.T.);
#1876=EDGE_CURVE('',#2345,#2343,#2778,.T.);
#1877=EDGE_CURVE('',#2345,#2346,#230,.T.);
#1878=EDGE_CURVE('',#2346,#2344,#2779,.T.);
#1879=EDGE_CURVE('',#2347,#2343,#2780,.T.);
#1880=EDGE_CURVE('',#2348,#2347,#2781,.T.);
#1881=EDGE_CURVE('',#2348,#2345,#2782,.T.);
#1882=EDGE_CURVE('',#2349,#2347,#231,.T.);
#1883=EDGE_CURVE('',#2350,#2349,#2783,.T.);
#1884=EDGE_CURVE('',#2350,#2348,#232,.T.);
#1885=EDGE_CURVE('',#2351,#2349,#2784,.T.);
#1886=EDGE_CURVE('',#2352,#2351,#2785,.T.);
#1887=EDGE_CURVE('',#2352,#2350,#2786,.T.);
#1888=EDGE_CURVE('',#2353,#2351,#233,.T.);
#1889=EDGE_CURVE('',#2354,#2353,#2787,.T.);
#1890=EDGE_CURVE('',#2354,#2352,#234,.T.);
#1891=EDGE_CURVE('',#2355,#2353,#2788,.T.);
#1892=EDGE_CURVE('',#2356,#2355,#2789,.T.);
#1893=EDGE_CURVE('',#2356,#2354,#2790,.T.);
#1894=EDGE_CURVE('',#2357,#2355,#235,.T.);
#1895=EDGE_CURVE('',#2358,#2357,#2791,.T.);
#1896=EDGE_CURVE('',#2358,#2356,#236,.T.);
#1897=EDGE_CURVE('',#2359,#2357,#2792,.T.);
#1898=EDGE_CURVE('',#2360,#2359,#2793,.T.);
#1899=EDGE_CURVE('',#2360,#2358,#2794,.T.);
#1900=EDGE_CURVE('',#2361,#2359,#237,.T.);
#1901=EDGE_CURVE('',#2362,#2361,#2795,.T.);
#1902=EDGE_CURVE('',#2362,#2360,#238,.T.);
#1903=EDGE_CURVE('',#2363,#2361,#2796,.T.);
#1904=EDGE_CURVE('',#2364,#2363,#2797,.T.);
#1905=EDGE_CURVE('',#2364,#2362,#2798,.T.);
#1906=EDGE_CURVE('',#2365,#2363,#239,.T.);
#1907=EDGE_CURVE('',#2366,#2365,#2799,.T.);
#1908=EDGE_CURVE('',#2366,#2364,#240,.T.);
#1909=EDGE_CURVE('',#2367,#2365,#2800,.T.);
#1910=EDGE_CURVE('',#2368,#2367,#2801,.T.);
#1911=EDGE_CURVE('',#2368,#2366,#2802,.T.);
#1912=EDGE_CURVE('',#2369,#2367,#241,.T.);
#1913=EDGE_CURVE('',#2370,#2369,#2803,.T.);
#1914=EDGE_CURVE('',#2370,#2368,#242,.T.);
#1915=EDGE_CURVE('',#2371,#2369,#2804,.T.);
#1916=EDGE_CURVE('',#2372,#2371,#2805,.T.);
#1917=EDGE_CURVE('',#2372,#2370,#2806,.T.);
#1918=EDGE_CURVE('',#2373,#2371,#243,.T.);
#1919=EDGE_CURVE('',#2374,#2373,#2807,.T.);
#1920=EDGE_CURVE('',#2374,#2372,#244,.T.);
#1921=EDGE_CURVE('',#2375,#2373,#2808,.T.);
#1922=EDGE_CURVE('',#2376,#2375,#2809,.T.);
#1923=EDGE_CURVE('',#2376,#2374,#2810,.T.);
#1924=EDGE_CURVE('',#2377,#2375,#245,.T.);
#1925=EDGE_CURVE('',#2378,#2377,#2811,.T.);
#1926=EDGE_CURVE('',#2378,#2376,#246,.T.);
#1927=EDGE_CURVE('',#2379,#2377,#2812,.T.);
#1928=EDGE_CURVE('',#2380,#2379,#2813,.T.);
#1929=EDGE_CURVE('',#2380,#2378,#2814,.T.);
#1930=EDGE_CURVE('',#2381,#2379,#247,.T.);
#1931=EDGE_CURVE('',#2382,#2381,#2815,.T.);
#1932=EDGE_CURVE('',#2382,#2380,#248,.T.);
#1933=EDGE_CURVE('',#2383,#2381,#2816,.T.);
#1934=EDGE_CURVE('',#2384,#2383,#2817,.T.);
#1935=EDGE_CURVE('',#2384,#2382,#2818,.T.);
#1936=EDGE_CURVE('',#2385,#2383,#249,.T.);
#1937=EDGE_CURVE('',#2386,#2385,#2819,.T.);
#1938=EDGE_CURVE('',#2386,#2384,#250,.T.);
#1939=EDGE_CURVE('',#2387,#2385,#2820,.T.);
#1940=EDGE_CURVE('',#2388,#2387,#2821,.T.);
#1941=EDGE_CURVE('',#2388,#2386,#2822,.T.);
#1942=EDGE_CURVE('',#2389,#2387,#251,.T.);
#1943=EDGE_CURVE('',#2390,#2389,#2823,.T.);
#1944=EDGE_CURVE('',#2390,#2388,#252,.T.);
#1945=EDGE_CURVE('',#2391,#2389,#2824,.T.);
#1946=EDGE_CURVE('',#2392,#2391,#2825,.T.);
#1947=EDGE_CURVE('',#2392,#2390,#2826,.T.);
#1948=EDGE_CURVE('',#2393,#2391,#253,.T.);
#1949=EDGE_CURVE('',#2394,#2393,#2827,.T.);
#1950=EDGE_CURVE('',#2394,#2392,#254,.T.);
#1951=EDGE_CURVE('',#2395,#2393,#2828,.T.);
#1952=EDGE_CURVE('',#2396,#2395,#2829,.T.);
#1953=EDGE_CURVE('',#2396,#2394,#2830,.T.);
#1954=EDGE_CURVE('',#2397,#2395,#255,.T.);
#1955=EDGE_CURVE('',#2398,#2397,#2831,.T.);
#1956=EDGE_CURVE('',#2398,#2396,#256,.T.);
#1957=EDGE_CURVE('',#2399,#2397,#2832,.T.);
#1958=EDGE_CURVE('',#2400,#2399,#2833,.T.);
#1959=EDGE_CURVE('',#2400,#2398,#2834,.T.);
#1960=EDGE_CURVE('',#2401,#2399,#257,.T.);
#1961=EDGE_CURVE('',#2402,#2401,#2835,.T.);
#1962=EDGE_CURVE('',#2402,#2400,#258,.T.);
#1963=EDGE_CURVE('',#2403,#2401,#2836,.T.);
#1964=EDGE_CURVE('',#2404,#2403,#2837,.T.);
#1965=EDGE_CURVE('',#2404,#2402,#2838,.T.);
#1966=EDGE_CURVE('',#2405,#2403,#259,.T.);
#1967=EDGE_CURVE('',#2406,#2405,#2839,.T.);
#1968=EDGE_CURVE('',#2406,#2404,#260,.T.);
#1969=EDGE_CURVE('',#2407,#2405,#2840,.T.);
#1970=EDGE_CURVE('',#2408,#2407,#2841,.T.);
#1971=EDGE_CURVE('',#2408,#2406,#2842,.T.);
#1972=EDGE_CURVE('',#2409,#2407,#261,.T.);
#1973=EDGE_CURVE('',#2410,#2409,#2843,.T.);
#1974=EDGE_CURVE('',#2410,#2408,#262,.T.);
#1975=EDGE_CURVE('',#2411,#2409,#2844,.T.);
#1976=EDGE_CURVE('',#2412,#2411,#2845,.T.);
#1977=EDGE_CURVE('',#2412,#2410,#2846,.T.);
#1978=EDGE_CURVE('',#2413,#2411,#263,.T.);
#1979=EDGE_CURVE('',#2414,#2413,#2847,.T.);
#1980=EDGE_CURVE('',#2414,#2412,#264,.T.);
#1981=EDGE_CURVE('',#2344,#2413,#2848,.T.);
#1982=EDGE_CURVE('',#2346,#2414,#2849,.T.);
#1983=EDGE_CURVE('',#2415,#2415,#265,.T.);
#1984=EDGE_CURVE('',#2416,#2416,#266,.T.);
#1985=EDGE_CURVE('',#2417,#2418,#2850,.T.);
#1986=EDGE_CURVE('',#2419,#2418,#2851,.T.);
#1987=EDGE_CURVE('',#2420,#2419,#2852,.T.);
#1988=EDGE_CURVE('',#2420,#2417,#2853,.T.);
#1989=EDGE_CURVE('',#2418,#2421,#267,.T.);
#1990=EDGE_CURVE('',#2422,#2421,#2854,.T.);
#1991=EDGE_CURVE('',#2419,#2422,#268,.T.);
#1992=EDGE_CURVE('',#2421,#2423,#2855,.T.);
#1993=EDGE_CURVE('',#2424,#2423,#2856,.T.);
#1994=EDGE_CURVE('',#2422,#2424,#2857,.T.);
#1995=EDGE_CURVE('',#2423,#2425,#269,.T.);
#1996=EDGE_CURVE('',#2426,#2425,#2858,.T.);
#1997=EDGE_CURVE('',#2424,#2426,#270,.T.);
#1998=EDGE_CURVE('',#2425,#2427,#2859,.T.);
#1999=EDGE_CURVE('',#2428,#2427,#2860,.T.);
#2000=EDGE_CURVE('',#2426,#2428,#2861,.T.);
#2001=EDGE_CURVE('',#2427,#2429,#271,.T.);
#2002=EDGE_CURVE('',#2430,#2429,#2862,.T.);
#2003=EDGE_CURVE('',#2428,#2430,#272,.T.);
#2004=EDGE_CURVE('',#2429,#2431,#2863,.T.);
#2005=EDGE_CURVE('',#2432,#2431,#2864,.T.);
#2006=EDGE_CURVE('',#2430,#2432,#2865,.T.);
#2007=EDGE_CURVE('',#2431,#2417,#273,.T.);
#2008=EDGE_CURVE('',#2432,#2420,#274,.T.);
#2009=EDGE_CURVE('',#2433,#2434,#2866,.T.);
#2010=EDGE_CURVE('',#2435,#2433,#2867,.T.);
#2011=EDGE_CURVE('',#2435,#2436,#2868,.T.);
#2012=EDGE_CURVE('',#2436,#2434,#2869,.T.);
#2013=EDGE_CURVE('',#2437,#2438,#2870,.T.);
#2014=EDGE_CURVE('',#2439,#2437,#2871,.T.);
#2015=EDGE_CURVE('',#2439,#2440,#2872,.T.);
#2016=EDGE_CURVE('',#2440,#2438,#2873,.T.);
#2017=EDGE_CURVE('',#2441,#2442,#2874,.T.);
#2018=EDGE_CURVE('',#2443,#2441,#2875,.T.);
#2019=EDGE_CURVE('',#2443,#2444,#2876,.T.);
#2020=EDGE_CURVE('',#2444,#2442,#2877,.T.);
#2021=EDGE_CURVE('',#2442,#2445,#2878,.T.);
#2022=EDGE_CURVE('',#2446,#2445,#2879,.T.);
#2023=EDGE_CURVE('',#2441,#2446,#2880,.T.);
#2024=EDGE_CURVE('',#2445,#2447,#2881,.T.);
#2025=EDGE_CURVE('',#2448,#2447,#2882,.T.);
#2026=EDGE_CURVE('',#2446,#2448,#2883,.T.);
#2027=EDGE_CURVE('',#2447,#2444,#2884,.T.);
#2028=EDGE_CURVE('',#2448,#2443,#2885,.T.);
#2029=EDGE_CURVE('',#2449,#2450,#2886,.T.);
#2030=EDGE_CURVE('',#2451,#2449,#2887,.T.);
#2031=EDGE_CURVE('',#2451,#2452,#2888,.T.);
#2032=EDGE_CURVE('',#2452,#2450,#2889,.T.);
#2033=EDGE_CURVE('',#2453,#2449,#2890,.T.);
#2034=EDGE_CURVE('',#2454,#2453,#2891,.T.);
#2035=EDGE_CURVE('',#2454,#2451,#2892,.T.);
#2036=EDGE_CURVE('',#2455,#2453,#2893,.T.);
#2037=EDGE_CURVE('',#2456,#2455,#2894,.T.);
#2038=EDGE_CURVE('',#2456,#2454,#2895,.T.);
#2039=EDGE_CURVE('',#2450,#2455,#2896,.T.);
#2040=EDGE_CURVE('',#2452,#2456,#2897,.T.);
#2041=EDGE_CURVE('',#2438,#2457,#2898,.T.);
#2042=EDGE_CURVE('',#2458,#2457,#2899,.T.);
#2043=EDGE_CURVE('',#2437,#2458,#2900,.T.);
#2044=EDGE_CURVE('',#2457,#2459,#2901,.T.);
#2045=EDGE_CURVE('',#2460,#2459,#2902,.T.);
#2046=EDGE_CURVE('',#2458,#2460,#2903,.T.);
#2047=EDGE_CURVE('',#2459,#2440,#2904,.T.);
#2048=EDGE_CURVE('',#2460,#2439,#2905,.T.);
#2049=EDGE_CURVE('',#2461,#2462,#2906,.T.);
#2050=EDGE_CURVE('',#2463,#2461,#2907,.T.);
#2051=EDGE_CURVE('',#2463,#2464,#2908,.T.);
#2052=EDGE_CURVE('',#2464,#2462,#2909,.T.);
#2053=EDGE_CURVE('',#2465,#2461,#2910,.T.);
#2054=EDGE_CURVE('',#2466,#2465,#2911,.T.);
#2055=EDGE_CURVE('',#2466,#2463,#2912,.T.);
#2056=EDGE_CURVE('',#2467,#2465,#2913,.T.);
#2057=EDGE_CURVE('',#2468,#2467,#2914,.T.);
#2058=EDGE_CURVE('',#2468,#2466,#2915,.T.);
#2059=EDGE_CURVE('',#2462,#2467,#2916,.T.);
#2060=EDGE_CURVE('',#2464,#2468,#2917,.T.);
#2061=EDGE_CURVE('',#2434,#2469,#2918,.T.);
#2062=EDGE_CURVE('',#2470,#2469,#2919,.T.);
#2063=EDGE_CURVE('',#2433,#2470,#2920,.T.);
#2064=EDGE_CURVE('',#2469,#2471,#2921,.T.);
#2065=EDGE_CURVE('',#2472,#2471,#2922,.T.);
#2066=EDGE_CURVE('',#2470,#2472,#2923,.T.);
#2067=EDGE_CURVE('',#2471,#2436,#2924,.T.);
#2068=EDGE_CURVE('',#2472,#2435,#2925,.T.);
#2069=EDGE_CURVE('',#2473,#2474,#2926,.T.);
#2070=EDGE_CURVE('',#2475,#2473,#2927,.T.);
#2071=EDGE_CURVE('',#2475,#2476,#2928,.T.);
#2072=EDGE_CURVE('',#2476,#2474,#2929,.T.);
#2073=EDGE_CURVE('',#2477,#2473,#2930,.T.);
#2074=EDGE_CURVE('',#2478,#2477,#2931,.T.);
#2075=EDGE_CURVE('',#2478,#2475,#2932,.T.);
#2076=EDGE_CURVE('',#2479,#2477,#2933,.T.);
#2077=EDGE_CURVE('',#2480,#2479,#2934,.T.);
#2078=EDGE_CURVE('',#2480,#2478,#2935,.T.);
#2079=EDGE_CURVE('',#2474,#2479,#2936,.T.);
#2080=EDGE_CURVE('',#2476,#2480,#2937,.T.);
#2081=EDGE_CURVE('',#2481,#2481,#275,.T.);
#2082=EDGE_CURVE('',#2482,#2482,#276,.T.);
#2083=VERTEX_POINT('',#5917);
#2084=VERTEX_POINT('',#5918);
#2085=VERTEX_POINT('',#5920);
#2086=VERTEX_POINT('',#5922);
#2087=VERTEX_POINT('',#5925);
#2088=VERTEX_POINT('',#5926);
#2089=VERTEX_POINT('',#5928);
#2090=VERTEX_POINT('',#5930);
#2091=VERTEX_POINT('',#5932);
#2092=VERTEX_POINT('',#5934);
#2093=VERTEX_POINT('',#5936);
#2094=VERTEX_POINT('',#5938);
#2095=VERTEX_POINT('',#5941);
#2096=VERTEX_POINT('',#5942);
#2097=VERTEX_POINT('',#5944);
#2098=VERTEX_POINT('',#5946);
#2099=VERTEX_POINT('',#5949);
#2100=VERTEX_POINT('',#5950);
#2101=VERTEX_POINT('',#5952);
#2102=VERTEX_POINT('',#5954);
#2103=VERTEX_POINT('',#5958);
#2104=VERTEX_POINT('',#5959);
#2105=VERTEX_POINT('',#5961);
#2106=VERTEX_POINT('',#5963);
#2107=VERTEX_POINT('',#5967);
#2108=VERTEX_POINT('',#5969);
#2109=VERTEX_POINT('',#5973);
#2110=VERTEX_POINT('',#5975);
#2111=VERTEX_POINT('',#5979);
#2112=VERTEX_POINT('',#5981);
#2113=VERTEX_POINT('',#5985);
#2114=VERTEX_POINT('',#5987);
#2115=VERTEX_POINT('',#5991);
#2116=VERTEX_POINT('',#5993);
#2117=VERTEX_POINT('',#5997);
#2118=VERTEX_POINT('',#5999);
#2119=VERTEX_POINT('',#6003);
#2120=VERTEX_POINT('',#6005);
#2121=VERTEX_POINT('',#6009);
#2122=VERTEX_POINT('',#6011);
#2123=VERTEX_POINT('',#6015);
#2124=VERTEX_POINT('',#6017);
#2125=VERTEX_POINT('',#6021);
#2126=VERTEX_POINT('',#6023);
#2127=VERTEX_POINT('',#6027);
#2128=VERTEX_POINT('',#6029);
#2129=VERTEX_POINT('',#6033);
#2130=VERTEX_POINT('',#6035);
#2131=VERTEX_POINT('',#6039);
#2132=VERTEX_POINT('',#6041);
#2133=VERTEX_POINT('',#6045);
#2134=VERTEX_POINT('',#6047);
#2135=VERTEX_POINT('',#6051);
#2136=VERTEX_POINT('',#6053);
#2137=VERTEX_POINT('',#6057);
#2138=VERTEX_POINT('',#6059);
#2139=VERTEX_POINT('',#6063);
#2140=VERTEX_POINT('',#6065);
#2141=VERTEX_POINT('',#6069);
#2142=VERTEX_POINT('',#6071);
#2143=VERTEX_POINT('',#6075);
#2144=VERTEX_POINT('',#6077);
#2145=VERTEX_POINT('',#6081);
#2146=VERTEX_POINT('',#6083);
#2147=VERTEX_POINT('',#6087);
#2148=VERTEX_POINT('',#6089);
#2149=VERTEX_POINT('',#6093);
#2150=VERTEX_POINT('',#6095);
#2151=VERTEX_POINT('',#6099);
#2152=VERTEX_POINT('',#6101);
#2153=VERTEX_POINT('',#6105);
#2154=VERTEX_POINT('',#6107);
#2155=VERTEX_POINT('',#6111);
#2156=VERTEX_POINT('',#6113);
#2157=VERTEX_POINT('',#6117);
#2158=VERTEX_POINT('',#6119);
#2159=VERTEX_POINT('',#6123);
#2160=VERTEX_POINT('',#6125);
#2161=VERTEX_POINT('',#6129);
#2162=VERTEX_POINT('',#6131);
#2163=VERTEX_POINT('',#6135);
#2164=VERTEX_POINT('',#6137);
#2165=VERTEX_POINT('',#6141);
#2166=VERTEX_POINT('',#6143);
#2167=VERTEX_POINT('',#6150);
#2168=VERTEX_POINT('',#6151);
#2169=VERTEX_POINT('',#6153);
#2170=VERTEX_POINT('',#6155);
#2171=VERTEX_POINT('',#6157);
#2172=VERTEX_POINT('',#6159);
#2173=VERTEX_POINT('',#6161);
#2174=VERTEX_POINT('',#6163);
#2175=VERTEX_POINT('',#6184);
#2176=VERTEX_POINT('',#6186);
#2177=VERTEX_POINT('',#6190);
#2178=VERTEX_POINT('',#6194);
#2179=VERTEX_POINT('',#6201);
#2180=VERTEX_POINT('',#6203);
#2181=VERTEX_POINT('',#6207);
#2182=VERTEX_POINT('',#6211);
#2183=VERTEX_POINT('',#6218);
#2184=VERTEX_POINT('',#6220);
#2185=VERTEX_POINT('',#6224);
#2186=VERTEX_POINT('',#6228);
#2187=VERTEX_POINT('',#6236);
#2188=VERTEX_POINT('',#6238);
#2189=VERTEX_POINT('',#6239);
#2190=VERTEX_POINT('',#6241);
#2191=VERTEX_POINT('',#6243);
#2192=VERTEX_POINT('',#6250);
#2193=VERTEX_POINT('',#6252);
#2194=VERTEX_POINT('',#6259);
#2195=VERTEX_POINT('',#6261);
#2196=VERTEX_POINT('',#6265);
#2197=VERTEX_POINT('',#6267);
#2198=VERTEX_POINT('',#6271);
#2199=VERTEX_POINT('',#6273);
#2200=VERTEX_POINT('',#6275);
#2201=VERTEX_POINT('',#6277);
#2202=VERTEX_POINT('',#6279);
#2203=VERTEX_POINT('',#6281);
#2204=VERTEX_POINT('',#6285);
#2205=VERTEX_POINT('',#6287);
#2206=VERTEX_POINT('',#6291);
#2207=VERTEX_POINT('',#6292);
#2208=VERTEX_POINT('',#6294);
#2209=VERTEX_POINT('',#6296);
#2210=VERTEX_POINT('',#6298);
#2211=VERTEX_POINT('',#6300);
#2212=VERTEX_POINT('',#6302);
#2213=VERTEX_POINT('',#6304);
#2214=VERTEX_POINT('',#6306);
#2215=VERTEX_POINT('',#6308);
#2216=VERTEX_POINT('',#6310);
#2217=VERTEX_POINT('',#6312);
#2218=VERTEX_POINT('',#6314);
#2219=VERTEX_POINT('',#6316);
#2220=VERTEX_POINT('',#6318);
#2221=VERTEX_POINT('',#6320);
#2222=VERTEX_POINT('',#6324);
#2223=VERTEX_POINT('',#6326);
#2224=VERTEX_POINT('',#6330);
#2225=VERTEX_POINT('',#6332);
#2226=VERTEX_POINT('',#6336);
#2227=VERTEX_POINT('',#6337);
#2228=VERTEX_POINT('',#6339);
#2229=VERTEX_POINT('',#6341);
#2230=VERTEX_POINT('',#6343);
#2231=VERTEX_POINT('',#6345);
#2232=VERTEX_POINT('',#6348);
#2233=VERTEX_POINT('',#6350);
#2234=VERTEX_POINT('',#6352);
#2235=VERTEX_POINT('',#6354);
#2236=VERTEX_POINT('',#6357);
#2237=VERTEX_POINT('',#6359);
#2238=VERTEX_POINT('',#6363);
#2239=VERTEX_POINT('',#6365);
#2240=VERTEX_POINT('',#6369);
#2241=VERTEX_POINT('',#6370);
#2242=VERTEX_POINT('',#6372);
#2243=VERTEX_POINT('',#6374);
#2244=VERTEX_POINT('',#6378);
#2245=VERTEX_POINT('',#6380);
#2246=VERTEX_POINT('',#6382);
#2247=VERTEX_POINT('',#6384);
#2248=VERTEX_POINT('',#6386);
#2249=VERTEX_POINT('',#6388);
#2250=VERTEX_POINT('',#6390);
#2251=VERTEX_POINT('',#6392);
#2252=VERTEX_POINT('',#6394);
#2253=VERTEX_POINT('',#6396);
#2254=VERTEX_POINT('',#6398);
#2255=VERTEX_POINT('',#6400);
#2256=VERTEX_POINT('',#6402);
#2257=VERTEX_POINT('',#6404);
#2258=VERTEX_POINT('',#6408);
#2259=VERTEX_POINT('',#6410);
#2260=VERTEX_POINT('',#6414);
#2261=VERTEX_POINT('',#6416);
#2262=VERTEX_POINT('',#6420);
#2263=VERTEX_POINT('',#6421);
#2264=VERTEX_POINT('',#6423);
#2265=VERTEX_POINT('',#6425);
#2266=VERTEX_POINT('',#6427);
#2267=VERTEX_POINT('',#6429);
#2268=VERTEX_POINT('',#6432);
#2269=VERTEX_POINT('',#6434);
#2270=VERTEX_POINT('',#6436);
#2271=VERTEX_POINT('',#6438);
#2272=VERTEX_POINT('',#6441);
#2273=VERTEX_POINT('',#6443);
#2274=VERTEX_POINT('',#6447);
#2275=VERTEX_POINT('',#6449);
#2276=VERTEX_POINT('',#6453);
#2277=VERTEX_POINT('',#6454);
#2278=VERTEX_POINT('',#6456);
#2279=VERTEX_POINT('',#6458);
#2280=VERTEX_POINT('',#6462);
#2281=VERTEX_POINT('',#6477);
#2282=VERTEX_POINT('',#6479);
#2283=VERTEX_POINT('',#6540);
#2284=VERTEX_POINT('',#6542);
#2285=VERTEX_POINT('',#6543);
#2286=VERTEX_POINT('',#6545);
#2287=VERTEX_POINT('',#6547);
#2288=VERTEX_POINT('',#6549);
#2289=VERTEX_POINT('',#6551);
#2290=VERTEX_POINT('',#6553);
#2291=VERTEX_POINT('',#6555);
#2292=VERTEX_POINT('',#6557);
#2293=VERTEX_POINT('',#6559);
#2294=VERTEX_POINT('',#6566);
#2295=VERTEX_POINT('',#6576);
#2296=VERTEX_POINT('',#6586);
#2297=VERTEX_POINT('',#6596);
#2298=VERTEX_POINT('',#6606);
#2299=VERTEX_POINT('',#6616);
#2300=VERTEX_POINT('',#6623);
#2301=VERTEX_POINT('',#6625);
#2302=VERTEX_POINT('',#6630);
#2303=VERTEX_POINT('',#6632);
#2304=VERTEX_POINT('',#6639);
#2305=VERTEX_POINT('',#6644);
#2306=VERTEX_POINT('',#6651);
#2307=VERTEX_POINT('',#6656);
#2308=VERTEX_POINT('',#6658);
#2309=VERTEX_POINT('',#6665);
#2310=VERTEX_POINT('',#6670);
#2311=VERTEX_POINT('',#6672);
#2312=VERTEX_POINT('',#6679);
#2313=VERTEX_POINT('',#6684);
#2314=VERTEX_POINT('',#6694);
#2315=VERTEX_POINT('',#6696);
#2316=VERTEX_POINT('',#6713);
#2317=VERTEX_POINT('',#6718);
#2318=VERTEX_POINT('',#6721);
#2319=VERTEX_POINT('',#6726);
#2320=VERTEX_POINT('',#6727);
#2321=VERTEX_POINT('',#6729);
#2322=VERTEX_POINT('',#6731);
#2323=VERTEX_POINT('',#6735);
#2324=VERTEX_POINT('',#6737);
#2325=VERTEX_POINT('',#6741);
#2326=VERTEX_POINT('',#6742);
#2327=VERTEX_POINT('',#6744);
#2328=VERTEX_POINT('',#6746);
#2329=VERTEX_POINT('',#6750);
#2330=VERTEX_POINT('',#6752);
#2331=VERTEX_POINT('',#6756);
#2332=VERTEX_POINT('',#6758);
#2333=VERTEX_POINT('',#6765);
#2334=VERTEX_POINT('',#6767);
#2335=VERTEX_POINT('',#6773);
#2336=VERTEX_POINT('',#6775);
#2337=VERTEX_POINT('',#6779);
#2338=VERTEX_POINT('',#6781);
#2339=VERTEX_POINT('',#6783);
#2340=VERTEX_POINT('',#6787);
#2341=VERTEX_POINT('',#6789);
#2342=VERTEX_POINT('',#6791);
#2343=VERTEX_POINT('',#6803);
#2344=VERTEX_POINT('',#6804);
#2345=VERTEX_POINT('',#6806);
#2346=VERTEX_POINT('',#6808);
#2347=VERTEX_POINT('',#6812);
#2348=VERTEX_POINT('',#6814);
#2349=VERTEX_POINT('',#6818);
#2350=VERTEX_POINT('',#6820);
#2351=VERTEX_POINT('',#6824);
#2352=VERTEX_POINT('',#6826);
#2353=VERTEX_POINT('',#6830);
#2354=VERTEX_POINT('',#6832);
#2355=VERTEX_POINT('',#6836);
#2356=VERTEX_POINT('',#6838);
#2357=VERTEX_POINT('',#6842);
#2358=VERTEX_POINT('',#6844);
#2359=VERTEX_POINT('',#6848);
#2360=VERTEX_POINT('',#6850);
#2361=VERTEX_POINT('',#6854);
#2362=VERTEX_POINT('',#6856);
#2363=VERTEX_POINT('',#6860);
#2364=VERTEX_POINT('',#6862);
#2365=VERTEX_POINT('',#6866);
#2366=VERTEX_POINT('',#6868);
#2367=VERTEX_POINT('',#6872);
#2368=VERTEX_POINT('',#6874);
#2369=VERTEX_POINT('',#6878);
#2370=VERTEX_POINT('',#6880);
#2371=VERTEX_POINT('',#6884);
#2372=VERTEX_POINT('',#6886);
#2373=VERTEX_POINT('',#6890);
#2374=VERTEX_POINT('',#6892);
#2375=VERTEX_POINT('',#6896);
#2376=VERTEX_POINT('',#6898);
#2377=VERTEX_POINT('',#6902);
#2378=VERTEX_POINT('',#6904);
#2379=VERTEX_POINT('',#6908);
#2380=VERTEX_POINT('',#6910);
#2381=VERTEX_POINT('',#6914);
#2382=VERTEX_POINT('',#6916);
#2383=VERTEX_POINT('',#6920);
#2384=VERTEX_POINT('',#6922);
#2385=VERTEX_POINT('',#6926);
#2386=VERTEX_POINT('',#6928);
#2387=VERTEX_POINT('',#6932);
#2388=VERTEX_POINT('',#6934);
#2389=VERTEX_POINT('',#6938);
#2390=VERTEX_POINT('',#6940);
#2391=VERTEX_POINT('',#6944);
#2392=VERTEX_POINT('',#6946);
#2393=VERTEX_POINT('',#6950);
#2394=VERTEX_POINT('',#6952);
#2395=VERTEX_POINT('',#6956);
#2396=VERTEX_POINT('',#6958);
#2397=VERTEX_POINT('',#6962);
#2398=VERTEX_POINT('',#6964);
#2399=VERTEX_POINT('',#6968);
#2400=VERTEX_POINT('',#6970);
#2401=VERTEX_POINT('',#6974);
#2402=VERTEX_POINT('',#6976);
#2403=VERTEX_POINT('',#6980);
#2404=VERTEX_POINT('',#6982);
#2405=VERTEX_POINT('',#6986);
#2406=VERTEX_POINT('',#6988);
#2407=VERTEX_POINT('',#6992);
#2408=VERTEX_POINT('',#6994);
#2409=VERTEX_POINT('',#6998);
#2410=VERTEX_POINT('',#7000);
#2411=VERTEX_POINT('',#7004);
#2412=VERTEX_POINT('',#7006);
#2413=VERTEX_POINT('',#7010);
#2414=VERTEX_POINT('',#7012);
#2415=VERTEX_POINT('',#7019);
#2416=VERTEX_POINT('',#7021);
#2417=VERTEX_POINT('',#7028);
#2418=VERTEX_POINT('',#7029);
#2419=VERTEX_POINT('',#7031);
#2420=VERTEX_POINT('',#7033);
#2421=VERTEX_POINT('',#7037);
#2422=VERTEX_POINT('',#7039);
#2423=VERTEX_POINT('',#7043);
#2424=VERTEX_POINT('',#7045);
#2425=VERTEX_POINT('',#7049);
#2426=VERTEX_POINT('',#7051);
#2427=VERTEX_POINT('',#7055);
#2428=VERTEX_POINT('',#7057);
#2429=VERTEX_POINT('',#7061);
#2430=VERTEX_POINT('',#7063);
#2431=VERTEX_POINT('',#7067);
#2432=VERTEX_POINT('',#7069);
#2433=VERTEX_POINT('',#7077);
#2434=VERTEX_POINT('',#7078);
#2435=VERTEX_POINT('',#7080);
#2436=VERTEX_POINT('',#7082);
#2437=VERTEX_POINT('',#7085);
#2438=VERTEX_POINT('',#7086);
#2439=VERTEX_POINT('',#7088);
#2440=VERTEX_POINT('',#7090);
#2441=VERTEX_POINT('',#7093);
#2442=VERTEX_POINT('',#7094);
#2443=VERTEX_POINT('',#7096);
#2444=VERTEX_POINT('',#7098);
#2445=VERTEX_POINT('',#7102);
#2446=VERTEX_POINT('',#7104);
#2447=VERTEX_POINT('',#7108);
#2448=VERTEX_POINT('',#7110);
#2449=VERTEX_POINT('',#7117);
#2450=VERTEX_POINT('',#7118);
#2451=VERTEX_POINT('',#7120);
#2452=VERTEX_POINT('',#7122);
#2453=VERTEX_POINT('',#7126);
#2454=VERTEX_POINT('',#7128);
#2455=VERTEX_POINT('',#7132);
#2456=VERTEX_POINT('',#7134);
#2457=VERTEX_POINT('',#7143);
#2458=VERTEX_POINT('',#7145);
#2459=VERTEX_POINT('',#7149);
#2460=VERTEX_POINT('',#7151);
#2461=VERTEX_POINT('',#7158);
#2462=VERTEX_POINT('',#7159);
#2463=VERTEX_POINT('',#7161);
#2464=VERTEX_POINT('',#7163);
#2465=VERTEX_POINT('',#7167);
#2466=VERTEX_POINT('',#7169);
#2467=VERTEX_POINT('',#7173);
#2468=VERTEX_POINT('',#7175);
#2469=VERTEX_POINT('',#7184);
#2470=VERTEX_POINT('',#7186);
#2471=VERTEX_POINT('',#7190);
#2472=VERTEX_POINT('',#7192);
#2473=VERTEX_POINT('',#7199);
#2474=VERTEX_POINT('',#7200);
#2475=VERTEX_POINT('',#7202);
#2476=VERTEX_POINT('',#7204);
#2477=VERTEX_POINT('',#7208);
#2478=VERTEX_POINT('',#7210);
#2479=VERTEX_POINT('',#7214);
#2480=VERTEX_POINT('',#7216);
#2481=VERTEX_POINT('',#7226);
#2482=VERTEX_POINT('',#7229);
#2483=LINE('',#5916,#2938);
#2484=LINE('',#5919,#2939);
#2485=LINE('',#5921,#2940);
#2486=LINE('',#5923,#2941);
#2487=LINE('',#5924,#2942);
#2488=LINE('',#5929,#2943);
#2489=LINE('',#5933,#2944);
#2490=LINE('',#5937,#2945);
#2491=LINE('',#5940,#2946);
#2492=LINE('',#5943,#2947);
#2493=LINE('',#5945,#2948);
#2494=LINE('',#5947,#2949);
#2495=LINE('',#5948,#2950);
#2496=LINE('',#5951,#2951);
#2497=LINE('',#5953,#2952);
#2498=LINE('',#5955,#2953);
#2499=LINE('',#5957,#2954);
#2500=LINE('',#5960,#2955);
#2501=LINE('',#5962,#2956);
#2502=LINE('',#5964,#2957);
#2503=LINE('',#5966,#2958);
#2504=LINE('',#5968,#2959);
#2505=LINE('',#5970,#2960);
#2506=LINE('',#5976,#2961);
#2507=LINE('',#5978,#2962);
#2508=LINE('',#5980,#2963);
#2509=LINE('',#5982,#2964);
#2510=LINE('',#5988,#2965);
#2511=LINE('',#5990,#2966);
#2512=LINE('',#5992,#2967);
#2513=LINE('',#5994,#2968);
#2514=LINE('',#5996,#2969);
#2515=LINE('',#5998,#2970);
#2516=LINE('',#6000,#2971);
#2517=LINE('',#6002,#2972);
#2518=LINE('',#6004,#2973);
#2519=LINE('',#6006,#2974);
#2520=LINE('',#6008,#2975);
#2521=LINE('',#6010,#2976);
#2522=LINE('',#6012,#2977);
#2523=LINE('',#6014,#2978);
#2524=LINE('',#6016,#2979);
#2525=LINE('',#6018,#2980);
#2526=LINE('',#6020,#2981);
#2527=LINE('',#6022,#2982);
#2528=LINE('',#6024,#2983);
#2529=LINE('',#6026,#2984);
#2530=LINE('',#6028,#2985);
#2531=LINE('',#6030,#2986);
#2532=LINE('',#6032,#2987);
#2533=LINE('',#6034,#2988);
#2534=LINE('',#6036,#2989);
#2535=LINE('',#6038,#2990);
#2536=LINE('',#6040,#2991);
#2537=LINE('',#6042,#2992);
#2538=LINE('',#6044,#2993);
#2539=LINE('',#6046,#2994);
#2540=LINE('',#6048,#2995);
#2541=LINE('',#6050,#2996);
#2542=LINE('',#6052,#2997);
#2543=LINE('',#6054,#2998);
#2544=LINE('',#6056,#2999);
#2545=LINE('',#6058,#3000);
#2546=LINE('',#6060,#3001);
#2547=LINE('',#6062,#3002);
#2548=LINE('',#6064,#3003);
#2549=LINE('',#6066,#3004);
#2550=LINE('',#6072,#3005);
#2551=LINE('',#6074,#3006);
#2552=LINE('',#6076,#3007);
#2553=LINE('',#6078,#3008);
#2554=LINE('',#6084,#3009);
#2555=LINE('',#6086,#3010);
#2556=LINE('',#6088,#3011);
#2557=LINE('',#6090,#3012);
#2558=LINE('',#6092,#3013);
#2559=LINE('',#6094,#3014);
#2560=LINE('',#6096,#3015);
#2561=LINE('',#6098,#3016);
#2562=LINE('',#6100,#3017);
#2563=LINE('',#6102,#3018);
#2564=LINE('',#6104,#3019);
#2565=LINE('',#6106,#3020);
#2566=LINE('',#6108,#3021);
#2567=LINE('',#6110,#3022);
#2568=LINE('',#6112,#3023);
#2569=LINE('',#6114,#3024);
#2570=LINE('',#6116,#3025);
#2571=LINE('',#6118,#3026);
#2572=LINE('',#6120,#3027);
#2573=LINE('',#6122,#3028);
#2574=LINE('',#6124,#3029);
#2575=LINE('',#6126,#3030);
#2576=LINE('',#6128,#3031);
#2577=LINE('',#6130,#3032);
#2578=LINE('',#6132,#3033);
#2579=LINE('',#6134,#3034);
#2580=LINE('',#6136,#3035);
#2581=LINE('',#6138,#3036);
#2582=LINE('',#6140,#3037);
#2583=LINE('',#6142,#3038);
#2584=LINE('',#6144,#3039);
#2585=LINE('',#6146,#3040);
#2586=LINE('',#6147,#3041);
#2587=LINE('',#6149,#3042);
#2588=LINE('',#6154,#3043);
#2589=LINE('',#6158,#3044);
#2590=LINE('',#6162,#3045);
#2591=LINE('',#6167,#3046);
#2592=LINE('',#6168,#3047);
#2593=LINE('',#6170,#3048);
#2594=LINE('',#6172,#3049);
#2595=LINE('',#6174,#3050);
#2596=LINE('',#6176,#3051);
#2597=LINE('',#6178,#3052);
#2598=LINE('',#6180,#3053);
#2599=LINE('',#6183,#3054);
#2600=LINE('',#6185,#3055);
#2601=LINE('',#6187,#3056);
#2602=LINE('',#6189,#3057);
#2603=LINE('',#6191,#3058);
#2604=LINE('',#6193,#3059);
#2605=LINE('',#6195,#3060);
#2606=LINE('',#6197,#3061);
#2607=LINE('',#6200,#3062);
#2608=LINE('',#6202,#3063);
#2609=LINE('',#6204,#3064);
#2610=LINE('',#6206,#3065);
#2611=LINE('',#6208,#3066);
#2612=LINE('',#6210,#3067);
#2613=LINE('',#6212,#3068);
#2614=LINE('',#6214,#3069);
#2615=LINE('',#6217,#3070);
#2616=LINE('',#6219,#3071);
#2617=LINE('',#6221,#3072);
#2618=LINE('',#6223,#3073);
#2619=LINE('',#6225,#3074);
#2620=LINE('',#6227,#3075);
#2621=LINE('',#6229,#3076);
#2622=LINE('',#6231,#3077);
#2623=LINE('',#6237,#3078);
#2624=LINE('',#6242,#3079);
#2625=LINE('',#6244,#3080);
#2626=LINE('',#6258,#3081);
#2627=LINE('',#6262,#3082);
#2628=LINE('',#6264,#3083);
#2629=LINE('',#6268,#3084);
#2630=LINE('',#6270,#3085);
#2631=LINE('',#6282,#3086);
#2632=LINE('',#6284,#3087);
#2633=LINE('',#6286,#3088);
#2634=LINE('',#6288,#3089);
#2635=LINE('',#6290,#3090);
#2636=LINE('',#6293,#3091);
#2637=LINE('',#6295,#3092);
#2638=LINE('',#6299,#3093);
#2639=LINE('',#6303,#3094);
#2640=LINE('',#6305,#3095);
#2641=LINE('',#6307,#3096);
#2642=LINE('',#6311,#3097);
#2643=LINE('',#6315,#3098);
#2644=LINE('',#6317,#3099);
#2645=LINE('',#6319,#3100);
#2646=LINE('',#6321,#3101);
#2647=LINE('',#6323,#3102);
#2648=LINE('',#6325,#3103);
#2649=LINE('',#6327,#3104);
#2650=LINE('',#6329,#3105);
#2651=LINE('',#6331,#3106);
#2652=LINE('',#6333,#3107);
#2653=LINE('',#6335,#3108);
#2654=LINE('',#6338,#3109);
#2655=LINE('',#6340,#3110);
#2656=LINE('',#6342,#3111);
#2657=LINE('',#6344,#3112);
#2658=LINE('',#6349,#3113);
#2659=LINE('',#6351,#3114);
#2660=LINE('',#6353,#3115);
#2661=LINE('',#6358,#3116);
#2662=LINE('',#6360,#3117);
#2663=LINE('',#6364,#3118);
#2664=LINE('',#6368,#3119);
#2665=LINE('',#6373,#3120);
#2666=LINE('',#6377,#3121);
#2667=LINE('',#6379,#3122);
#2668=LINE('',#6381,#3123);
#2669=LINE('',#6385,#3124);
#2670=LINE('',#6389,#3125);
#2671=LINE('',#6391,#3126);
#2672=LINE('',#6393,#3127);
#2673=LINE('',#6397,#3128);
#2674=LINE('',#6401,#3129);
#2675=LINE('',#6403,#3130);
#2676=LINE('',#6405,#3131);
#2677=LINE('',#6407,#3132);
#2678=LINE('',#6409,#3133);
#2679=LINE('',#6411,#3134);
#2680=LINE('',#6413,#3135);
#2681=LINE('',#6415,#3136);
#2682=LINE('',#6417,#3137);
#2683=LINE('',#6419,#3138);
#2684=LINE('',#6422,#3139);
#2685=LINE('',#6424,#3140);
#2686=LINE('',#6426,#3141);
#2687=LINE('',#6428,#3142);
#2688=LINE('',#6433,#3143);
#2689=LINE('',#6435,#3144);
#2690=LINE('',#6437,#3145);
#2691=LINE('',#6442,#3146);
#2692=LINE('',#6444,#3147);
#2693=LINE('',#6448,#3148);
#2694=LINE('',#6452,#3149);
#2695=LINE('',#6457,#3150);
#2696=LINE('',#6463,#3151);
#2697=LINE('',#6464,#3152);
#2698=LINE('',#6465,#3153);
#2699=LINE('',#6466,#3154);
#2700=LINE('',#6467,#3155);
#2701=LINE('',#6468,#3156);
#2702=LINE('',#6469,#3157);
#2703=LINE('',#6470,#3158);
#2704=LINE('',#6472,#3159);
#2705=LINE('',#6473,#3160);
#2706=LINE('',#6475,#3161);
#2707=LINE('',#6476,#3162);
#2708=LINE('',#6478,#3163);
#2709=LINE('',#6480,#3164);
#2710=LINE('',#6482,#3165);
#2711=LINE('',#6484,#3166);
#2712=LINE('',#6486,#3167);
#2713=LINE('',#6488,#3168);
#2714=LINE('',#6491,#3169);
#2715=LINE('',#6493,#3170);
#2716=LINE('',#6495,#3171);
#2717=LINE('',#6498,#3172);
#2718=LINE('',#6500,#3173);
#2719=LINE('',#6502,#3174);
#2720=LINE('',#6505,#3175);
#2721=LINE('',#6507,#3176);
#2722=LINE('',#6509,#3177);
#2723=LINE('',#6512,#3178);
#2724=LINE('',#6514,#3179);
#2725=LINE('',#6516,#3180);
#2726=LINE('',#6518,#3181);
#2727=LINE('',#6521,#3182);
#2728=LINE('',#6523,#3183);
#2729=LINE('',#6525,#3184);
#2730=LINE('',#6527,#3185);
#2731=LINE('',#6532,#3186);
#2732=LINE('',#6533,#3187);
#2733=LINE('',#6544,#3188);
#2734=LINE('',#6550,#3189);
#2735=LINE('',#6554,#3190);
#2736=LINE('',#6560,#3191);
#2737=LINE('',#6622,#3192);
#2738=LINE('',#6624,#3193);
#2739=LINE('',#6631,#3194);
#2740=LINE('',#6638,#3195);
#2741=LINE('',#6650,#3196);
#2742=LINE('',#6657,#3197);
#2743=LINE('',#6664,#3198);
#2744=LINE('',#6671,#3199);
#2745=LINE('',#6678,#3200);
#2746=LINE('',#6695,#3201);
#2747=LINE('',#6725,#3202);
#2748=LINE('',#6728,#3203);
#2749=LINE('',#6730,#3204);
#2750=LINE('',#6732,#3205);
#2751=LINE('',#6736,#3206);
#2752=LINE('',#6740,#3207);
#2753=LINE('',#6743,#3208);
#2754=LINE('',#6745,#3209);
#2755=LINE('',#6747,#3210);
#2756=LINE('',#6749,#3211);
#2757=LINE('',#6751,#3212);
#2758=LINE('',#6753,#3213);
#2759=LINE('',#6755,#3214);
#2760=LINE('',#6757,#3215);
#2761=LINE('',#6759,#3216);
#2762=LINE('',#6764,#3217);
#2763=LINE('',#6766,#3218);
#2764=LINE('',#6768,#3219);
#2765=LINE('',#6770,#3220);
#2766=LINE('',#6772,#3221);
#2767=LINE('',#6774,#3222);
#2768=LINE('',#6776,#3223);
#2769=LINE('',#6780,#3224);
#2770=LINE('',#6782,#3225);
#2771=LINE('',#6784,#3226);
#2772=LINE('',#6786,#3227);
#2773=LINE('',#6788,#3228);
#2774=LINE('',#6790,#3229);
#2775=LINE('',#6794,#3230);
#2776=LINE('',#6796,#3231);
#2777=LINE('',#6798,#3232);
#2778=LINE('',#6805,#3233);
#2779=LINE('',#6809,#3234);
#2780=LINE('',#6811,#3235);
#2781=LINE('',#6813,#3236);
#2782=LINE('',#6815,#3237);
#2783=LINE('',#6819,#3238);
#2784=LINE('',#6823,#3239);
#2785=LINE('',#6825,#3240);
#2786=LINE('',#6827,#3241);
#2787=LINE('',#6831,#3242);
#2788=LINE('',#6835,#3243);
#2789=LINE('',#6837,#3244);
#2790=LINE('',#6839,#3245);
#2791=LINE('',#6843,#3246);
#2792=LINE('',#6847,#3247);
#2793=LINE('',#6849,#3248);
#2794=LINE('',#6851,#3249);
#2795=LINE('',#6855,#3250);
#2796=LINE('',#6859,#3251);
#2797=LINE('',#6861,#3252);
#2798=LINE('',#6863,#3253);
#2799=LINE('',#6867,#3254);
#2800=LINE('',#6871,#3255);
#2801=LINE('',#6873,#3256);
#2802=LINE('',#6875,#3257);
#2803=LINE('',#6879,#3258);
#2804=LINE('',#6883,#3259);
#2805=LINE('',#6885,#3260);
#2806=LINE('',#6887,#3261);
#2807=LINE('',#6891,#3262);
#2808=LINE('',#6895,#3263);
#2809=LINE('',#6897,#3264);
#2810=LINE('',#6899,#3265);
#2811=LINE('',#6903,#3266);
#2812=LINE('',#6907,#3267);
#2813=LINE('',#6909,#3268);
#2814=LINE('',#6911,#3269);
#2815=LINE('',#6915,#3270);
#2816=LINE('',#6919,#3271);
#2817=LINE('',#6921,#3272);
#2818=LINE('',#6923,#3273);
#2819=LINE('',#6927,#3274);
#2820=LINE('',#6931,#3275);
#2821=LINE('',#6933,#3276);
#2822=LINE('',#6935,#3277);
#2823=LINE('',#6939,#3278);
#2824=LINE('',#6943,#3279);
#2825=LINE('',#6945,#3280);
#2826=LINE('',#6947,#3281);
#2827=LINE('',#6951,#3282);
#2828=LINE('',#6955,#3283);
#2829=LINE('',#6957,#3284);
#2830=LINE('',#6959,#3285);
#2831=LINE('',#6963,#3286);
#2832=LINE('',#6967,#3287);
#2833=LINE('',#6969,#3288);
#2834=LINE('',#6971,#3289);
#2835=LINE('',#6975,#3290);
#2836=LINE('',#6979,#3291);
#2837=LINE('',#6981,#3292);
#2838=LINE('',#6983,#3293);
#2839=LINE('',#6987,#3294);
#2840=LINE('',#6991,#3295);
#2841=LINE('',#6993,#3296);
#2842=LINE('',#6995,#3297);
#2843=LINE('',#6999,#3298);
#2844=LINE('',#7003,#3299);
#2845=LINE('',#7005,#3300);
#2846=LINE('',#7007,#3301);
#2847=LINE('',#7011,#3302);
#2848=LINE('',#7015,#3303);
#2849=LINE('',#7016,#3304);
#2850=LINE('',#7027,#3305);
#2851=LINE('',#7030,#3306);
#2852=LINE('',#7032,#3307);
#2853=LINE('',#7034,#3308);
#2854=LINE('',#7038,#3309);
#2855=LINE('',#7042,#3310);
#2856=LINE('',#7044,#3311);
#2857=LINE('',#7046,#3312);
#2858=LINE('',#7050,#3313);
#2859=LINE('',#7054,#3314);
#2860=LINE('',#7056,#3315);
#2861=LINE('',#7058,#3316);
#2862=LINE('',#7062,#3317);
#2863=LINE('',#7066,#3318);
#2864=LINE('',#7068,#3319);
#2865=LINE('',#7070,#3320);
#2866=LINE('',#7076,#3321);
#2867=LINE('',#7079,#3322);
#2868=LINE('',#7081,#3323);
#2869=LINE('',#7083,#3324);
#2870=LINE('',#7084,#3325);
#2871=LINE('',#7087,#3326);
#2872=LINE('',#7089,#3327);
#2873=LINE('',#7091,#3328);
#2874=LINE('',#7092,#3329);
#2875=LINE('',#7095,#3330);
#2876=LINE('',#7097,#3331);
#2877=LINE('',#7099,#3332);
#2878=LINE('',#7101,#3333);
#2879=LINE('',#7103,#3334);
#2880=LINE('',#7105,#3335);
#2881=LINE('',#7107,#3336);
#2882=LINE('',#7109,#3337);
#2883=LINE('',#7111,#3338);
#2884=LINE('',#7113,#3339);
#2885=LINE('',#7114,#3340);
#2886=LINE('',#7116,#3341);
#2887=LINE('',#7119,#3342);
#2888=LINE('',#7121,#3343);
#2889=LINE('',#7123,#3344);
#2890=LINE('',#7125,#3345);
#2891=LINE('',#7127,#3346);
#2892=LINE('',#7129,#3347);
#2893=LINE('',#7131,#3348);
#2894=LINE('',#7133,#3349);
#2895=LINE('',#7135,#3350);
#2896=LINE('',#7137,#3351);
#2897=LINE('',#7138,#3352);
#2898=LINE('',#7142,#3353);
#2899=LINE('',#7144,#3354);
#2900=LINE('',#7146,#3355);
#2901=LINE('',#7148,#3356);
#2902=LINE('',#7150,#3357);
#2903=LINE('',#7152,#3358);
#2904=LINE('',#7154,#3359);
#2905=LINE('',#7155,#3360);
#2906=LINE('',#7157,#3361);
#2907=LINE('',#7160,#3362);
#2908=LINE('',#7162,#3363);
#2909=LINE('',#7164,#3364);
#2910=LINE('',#7166,#3365);
#2911=LINE('',#7168,#3366);
#2912=LINE('',#7170,#3367);
#2913=LINE('',#7172,#3368);
#2914=LINE('',#7174,#3369);
#2915=LINE('',#7176,#3370);
#2916=LINE('',#7178,#3371);
#2917=LINE('',#7179,#3372);
#2918=LINE('',#7183,#3373);
#2919=LINE('',#7185,#3374);
#2920=LINE('',#7187,#3375);
#2921=LINE('',#7189,#3376);
#2922=LINE('',#7191,#3377);
#2923=LINE('',#7193,#3378);
#2924=LINE('',#7195,#3379);
#2925=LINE('',#7196,#3380);
#2926=LINE('',#7198,#3381);
#2927=LINE('',#7201,#3382);
#2928=LINE('',#7203,#3383);
#2929=LINE('',#7205,#3384);
#2930=LINE('',#7207,#3385);
#2931=LINE('',#7209,#3386);
#2932=LINE('',#7211,#3387);
#2933=LINE('',#7213,#3388);
#2934=LINE('',#7215,#3389);
#2935=LINE('',#7217,#3390);
#2936=LINE('',#7219,#3391);
#2937=LINE('',#7220,#3392);
#2938=VECTOR('',#4743,39.3700787401575);
#2939=VECTOR('',#4744,39.3700787401575);
#2940=VECTOR('',#4745,39.3700787401575);
#2941=VECTOR('',#4746,39.3700787401575);
#2942=VECTOR('',#4747,39.3700787401575);
#2943=VECTOR('',#4750,39.3700787401575);
#2944=VECTOR('',#4753,39.3700787401575);
#2945=VECTOR('',#4756,39.3700787401575);
#2946=VECTOR('',#4759,39.3700787401575);
#2947=VECTOR('',#4760,39.3700787401575);
#2948=VECTOR('',#4761,39.3700787401575);
#2949=VECTOR('',#4762,39.3700787401575);
#2950=VECTOR('',#4763,39.3700787401575);
#2951=VECTOR('',#4764,39.3700787401575);
#2952=VECTOR('',#4765,39.3700787401575);
#2953=VECTOR('',#4766,39.3700787401575);
#2954=VECTOR('',#4769,39.3700787401575);
#2955=VECTOR('',#4770,39.3700787401575);
#2956=VECTOR('',#4771,39.3700787401575);
#2957=VECTOR('',#4772,39.3700787401575);
#2958=VECTOR('',#4775,39.3700787401575);
#2959=VECTOR('',#4776,39.3700787401575);
#2960=VECTOR('',#4777,39.3700787401575);
#2961=VECTOR('',#4784,39.3700787401575);
#2962=VECTOR('',#4787,39.3700787401575);
#2963=VECTOR('',#4788,39.3700787401575);
#2964=VECTOR('',#4789,39.3700787401575);
#2965=VECTOR('',#4796,39.3700787401575);
#2966=VECTOR('',#4799,39.3700787401575);
#2967=VECTOR('',#4800,39.3700787401575);
#2968=VECTOR('',#4801,39.3700787401575);
#2969=VECTOR('',#4804,39.3700787401575);
#2970=VECTOR('',#4805,39.3700787401575);
#2971=VECTOR('',#4806,39.3700787401575);
#2972=VECTOR('',#4809,39.3700787401575);
#2973=VECTOR('',#4810,39.3700787401575);
#2974=VECTOR('',#4811,39.3700787401575);
#2975=VECTOR('',#4814,39.3700787401575);
#2976=VECTOR('',#4815,39.3700787401575);
#2977=VECTOR('',#4816,39.3700787401575);
#2978=VECTOR('',#4819,39.3700787401575);
#2979=VECTOR('',#4820,39.3700787401575);
#2980=VECTOR('',#4821,39.3700787401575);
#2981=VECTOR('',#4824,39.3700787401575);
#2982=VECTOR('',#4825,39.3700787401575);
#2983=VECTOR('',#4826,39.3700787401575);
#2984=VECTOR('',#4829,39.3700787401575);
#2985=VECTOR('',#4830,39.3700787401575);
#2986=VECTOR('',#4831,39.3700787401575);
#2987=VECTOR('',#4834,39.3700787401575);
#2988=VECTOR('',#4835,39.3700787401575);
#2989=VECTOR('',#4836,39.3700787401575);
#2990=VECTOR('',#4839,39.3700787401575);
#2991=VECTOR('',#4840,39.3700787401575);
#2992=VECTOR('',#4841,39.3700787401575);
#2993=VECTOR('',#4844,39.3700787401575);
#2994=VECTOR('',#4845,39.3700787401575);
#2995=VECTOR('',#4846,39.3700787401575);
#2996=VECTOR('',#4849,39.3700787401575);
#2997=VECTOR('',#4850,39.3700787401575);
#2998=VECTOR('',#4851,39.3700787401575);
#2999=VECTOR('',#4854,39.3700787401575);
#3000=VECTOR('',#4855,39.3700787401575);
#3001=VECTOR('',#4856,39.3700787401575);
#3002=VECTOR('',#4859,39.3700787401575);
#3003=VECTOR('',#4860,39.3700787401575);
#3004=VECTOR('',#4861,39.3700787401575);
#3005=VECTOR('',#4868,39.3700787401575);
#3006=VECTOR('',#4871,39.3700787401575);
#3007=VECTOR('',#4872,39.3700787401575);
#3008=VECTOR('',#4873,39.3700787401575);
#3009=VECTOR('',#4880,39.3700787401575);
#3010=VECTOR('',#4883,39.3700787401575);
#3011=VECTOR('',#4884,39.3700787401575);
#3012=VECTOR('',#4885,39.3700787401575);
#3013=VECTOR('',#4888,39.3700787401575);
#3014=VECTOR('',#4889,39.3700787401575);
#3015=VECTOR('',#4890,39.3700787401575);
#3016=VECTOR('',#4893,39.3700787401575);
#3017=VECTOR('',#4894,39.3700787401575);
#3018=VECTOR('',#4895,39.3700787401575);
#3019=VECTOR('',#4898,39.3700787401575);
#3020=VECTOR('',#4899,39.3700787401575);
#3021=VECTOR('',#4900,39.3700787401575);
#3022=VECTOR('',#4903,39.3700787401575);
#3023=VECTOR('',#4904,39.3700787401575);
#3024=VECTOR('',#4905,39.3700787401575);
#3025=VECTOR('',#4908,39.3700787401575);
#3026=VECTOR('',#4909,39.3700787401575);
#3027=VECTOR('',#4910,39.3700787401575);
#3028=VECTOR('',#4913,39.3700787401575);
#3029=VECTOR('',#4914,39.3700787401575);
#3030=VECTOR('',#4915,39.3700787401575);
#3031=VECTOR('',#4918,39.3700787401575);
#3032=VECTOR('',#4919,39.3700787401575);
#3033=VECTOR('',#4920,39.3700787401575);
#3034=VECTOR('',#4923,39.3700787401575);
#3035=VECTOR('',#4924,39.3700787401575);
#3036=VECTOR('',#4925,39.3700787401575);
#3037=VECTOR('',#4928,39.3700787401575);
#3038=VECTOR('',#4929,39.3700787401575);
#3039=VECTOR('',#4930,39.3700787401575);
#3040=VECTOR('',#4933,39.3700787401575);
#3041=VECTOR('',#4934,39.3700787401575);
#3042=VECTOR('',#4937,39.3700787401575);
#3043=VECTOR('',#4940,39.3700787401575);
#3044=VECTOR('',#4943,39.3700787401575);
#3045=VECTOR('',#4946,39.3700787401575);
#3046=VECTOR('',#4953,39.3700787401575);
#3047=VECTOR('',#4954,39.3700787401575);
#3048=VECTOR('',#4957,39.3700787401575);
#3049=VECTOR('',#4960,39.3700787401575);
#3050=VECTOR('',#4963,39.3700787401575);
#3051=VECTOR('',#4966,39.3700787401575);
#3052=VECTOR('',#4969,39.3700787401575);
#3053=VECTOR('',#4972,39.3700787401575);
#3054=VECTOR('',#4977,39.3700787401575);
#3055=VECTOR('',#4978,39.3700787401575);
#3056=VECTOR('',#4979,39.3700787401575);
#3057=VECTOR('',#4982,39.3700787401575);
#3058=VECTOR('',#4983,39.3700787401575);
#3059=VECTOR('',#4986,39.3700787401575);
#3060=VECTOR('',#4987,39.3700787401575);
#3061=VECTOR('',#4990,39.3700787401575);
#3062=VECTOR('',#4995,39.3700787401575);
#3063=VECTOR('',#4996,39.3700787401575);
#3064=VECTOR('',#4997,39.3700787401575);
#3065=VECTOR('',#5000,39.3700787401575);
#3066=VECTOR('',#5001,39.3700787401575);
#3067=VECTOR('',#5004,39.3700787401575);
#3068=VECTOR('',#5005,39.3700787401575);
#3069=VECTOR('',#5008,39.3700787401575);
#3070=VECTOR('',#5013,39.3700787401575);
#3071=VECTOR('',#5014,39.3700787401575);
#3072=VECTOR('',#5015,39.3700787401575);
#3073=VECTOR('',#5018,39.3700787401575);
#3074=VECTOR('',#5019,39.3700787401575);
#3075=VECTOR('',#5022,39.3700787401575);
#3076=VECTOR('',#5023,39.3700787401575);
#3077=VECTOR('',#5026,39.3700787401575);
#3078=VECTOR('',#5035,39.3700787401575);
#3079=VECTOR('',#5038,39.3700787401575);
#3080=VECTOR('',#5039,39.3700787401575);
#3081=VECTOR('',#5046,39.3700787401575);
#3082=VECTOR('',#5049,39.3700787401575);
#3083=VECTOR('',#5052,39.3700787401575);
#3084=VECTOR('',#5055,39.3700787401575);
#3085=VECTOR('',#5058,39.3700787401575);
#3086=VECTOR('',#5069,39.3700787401575);
#3087=VECTOR('',#5072,39.3700787401575);
#3088=VECTOR('',#5073,39.3700787401575);
#3089=VECTOR('',#5074,39.3700787401575);
#3090=VECTOR('',#5077,39.3700787401575);
#3091=VECTOR('',#5078,39.3700787401575);
#3092=VECTOR('',#5079,39.3700787401575);
#3093=VECTOR('',#5082,39.3700787401575);
#3094=VECTOR('',#5085,39.3700787401575);
#3095=VECTOR('',#5086,39.3700787401575);
#3096=VECTOR('',#5087,39.3700787401575);
#3097=VECTOR('',#5090,39.3700787401575);
#3098=VECTOR('',#5093,39.3700787401575);
#3099=VECTOR('',#5094,39.3700787401575);
#3100=VECTOR('',#5095,39.3700787401575);
#3101=VECTOR('',#5096,39.3700787401575);
#3102=VECTOR('',#5099,39.3700787401575);
#3103=VECTOR('',#5100,39.3700787401575);
#3104=VECTOR('',#5101,39.3700787401575);
#3105=VECTOR('',#5104,39.3700787401575);
#3106=VECTOR('',#5105,39.3700787401575);
#3107=VECTOR('',#5106,39.3700787401575);
#3108=VECTOR('',#5109,39.3700787401575);
#3109=VECTOR('',#5110,39.3700787401575);
#3110=VECTOR('',#5111,39.3700787401575);
#3111=VECTOR('',#5112,39.3700787401575);
#3112=VECTOR('',#5113,39.3700787401575);
#3113=VECTOR('',#5118,39.3700787401575);
#3114=VECTOR('',#5119,39.3700787401575);
#3115=VECTOR('',#5120,39.3700787401575);
#3116=VECTOR('',#5125,39.3700787401575);
#3117=VECTOR('',#5126,39.3700787401575);
#3118=VECTOR('',#5131,39.3700787401575);
#3119=VECTOR('',#5136,39.3700787401575);
#3120=VECTOR('',#5139,39.3700787401575);
#3121=VECTOR('',#5144,39.3700787401575);
#3122=VECTOR('',#5145,39.3700787401575);
#3123=VECTOR('',#5146,39.3700787401575);
#3124=VECTOR('',#5149,39.3700787401575);
#3125=VECTOR('',#5152,39.3700787401575);
#3126=VECTOR('',#5153,39.3700787401575);
#3127=VECTOR('',#5154,39.3700787401575);
#3128=VECTOR('',#5157,39.3700787401575);
#3129=VECTOR('',#5160,39.3700787401575);
#3130=VECTOR('',#5161,39.3700787401575);
#3131=VECTOR('',#5162,39.3700787401575);
#3132=VECTOR('',#5165,39.3700787401575);
#3133=VECTOR('',#5166,39.3700787401575);
#3134=VECTOR('',#5167,39.3700787401575);
#3135=VECTOR('',#5170,39.3700787401575);
#3136=VECTOR('',#5171,39.3700787401575);
#3137=VECTOR('',#5172,39.3700787401575);
#3138=VECTOR('',#5175,39.3700787401575);
#3139=VECTOR('',#5176,39.3700787401575);
#3140=VECTOR('',#5177,39.3700787401575);
#3141=VECTOR('',#5178,39.3700787401575);
#3142=VECTOR('',#5179,39.3700787401575);
#3143=VECTOR('',#5184,39.3700787401575);
#3144=VECTOR('',#5185,39.3700787401575);
#3145=VECTOR('',#5186,39.3700787401575);
#3146=VECTOR('',#5191,39.3700787401575);
#3147=VECTOR('',#5192,39.3700787401575);
#3148=VECTOR('',#5197,39.3700787401575);
#3149=VECTOR('',#5202,39.3700787401575);
#3150=VECTOR('',#5205,39.3700787401575);
#3151=VECTOR('',#5212,39.3700787401575);
#3152=VECTOR('',#5213,39.3700787401575);
#3153=VECTOR('',#5214,39.3700787401575);
#3154=VECTOR('',#5215,39.3700787401575);
#3155=VECTOR('',#5216,39.3700787401575);
#3156=VECTOR('',#5217,39.3700787401575);
#3157=VECTOR('',#5218,39.3700787401575);
#3158=VECTOR('',#5219,39.3700787401575);
#3159=VECTOR('',#5222,39.3700787401575);
#3160=VECTOR('',#5223,39.3700787401575);
#3161=VECTOR('',#5226,39.3700787401575);
#3162=VECTOR('',#5227,39.3700787401575);
#3163=VECTOR('',#5228,39.3700787401575);
#3164=VECTOR('',#5229,39.3700787401575);
#3165=VECTOR('',#5232,39.3700787401575);
#3166=VECTOR('',#5235,39.3700787401575);
#3167=VECTOR('',#5238,39.3700787401575);
#3168=VECTOR('',#5241,39.3700787401575);
#3169=VECTOR('',#5246,39.3700787401575);
#3170=VECTOR('',#5249,39.3700787401575);
#3171=VECTOR('',#5252,39.3700787401575);
#3172=VECTOR('',#5257,39.3700787401575);
#3173=VECTOR('',#5260,39.3700787401575);
#3174=VECTOR('',#5263,39.3700787401575);
#3175=VECTOR('',#5268,39.3700787401575);
#3176=VECTOR('',#5271,39.3700787401575);
#3177=VECTOR('',#5274,39.3700787401575);
#3178=VECTOR('',#5279,39.3700787401575);
#3179=VECTOR('',#5282,39.3700787401575);
#3180=VECTOR('',#5285,39.3700787401575);
#3181=VECTOR('',#5288,39.3700787401575);
#3182=VECTOR('',#5293,39.3700787401575);
#3183=VECTOR('',#5296,39.3700787401575);
#3184=VECTOR('',#5299,39.3700787401575);
#3185=VECTOR('',#5302,39.3700787401575);
#3186=VECTOR('',#5311,39.3700787401575);
#3187=VECTOR('',#5312,39.3700787401575);
#3188=VECTOR('',#5327,39.3700787401575);
#3189=VECTOR('',#5332,39.3700787401575);
#3190=VECTOR('',#5335,39.3700787401575);
#3191=VECTOR('',#5340,39.3700787401575);
#3192=VECTOR('',#5355,39.3700787401575);
#3193=VECTOR('',#5356,39.3700787401575);
#3194=VECTOR('',#5357,39.3700787401575);
#3195=VECTOR('',#5360,39.3700787401575);
#3196=VECTOR('',#5363,39.3700787401575);
#3197=VECTOR('',#5364,39.3700787401575);
#3198=VECTOR('',#5367,39.3700787401575);
#3199=VECTOR('',#5368,39.3700787401575);
#3200=VECTOR('',#5371,39.3700787401575);
#3201=VECTOR('',#5374,39.3700787401575);
#3202=VECTOR('',#5417,39.3700787401575);
#3203=VECTOR('',#5418,39.3700787401575);
#3204=VECTOR('',#5419,39.3700787401575);
#3205=VECTOR('',#5420,39.3700787401575);
#3206=VECTOR('',#5425,39.3700787401575);
#3207=VECTOR('',#5430,39.3700787401575);
#3208=VECTOR('',#5431,39.3700787401575);
#3209=VECTOR('',#5432,39.3700787401575);
#3210=VECTOR('',#5433,39.3700787401575);
#3211=VECTOR('',#5436,39.3700787401575);
#3212=VECTOR('',#5437,39.3700787401575);
#3213=VECTOR('',#5438,39.3700787401575);
#3214=VECTOR('',#5441,39.3700787401575);
#3215=VECTOR('',#5442,39.3700787401575);
#3216=VECTOR('',#5443,39.3700787401575);
#3217=VECTOR('',#5452,39.3700787401575);
#3218=VECTOR('',#5453,39.3700787401575);
#3219=VECTOR('',#5454,39.3700787401575);
#3220=VECTOR('',#5457,39.3700787401575);
#3221=VECTOR('',#5460,39.3700787401575);
#3222=VECTOR('',#5461,39.3700787401575);
#3223=VECTOR('',#5462,39.3700787401575);
#3224=VECTOR('',#5467,39.3700787401575);
#3225=VECTOR('',#5468,39.3700787401575);
#3226=VECTOR('',#5469,39.3700787401575);
#3227=VECTOR('',#5472,39.3700787401575);
#3228=VECTOR('',#5473,39.3700787401575);
#3229=VECTOR('',#5474,39.3700787401575);
#3230=VECTOR('',#5479,39.3700787401575);
#3231=VECTOR('',#5482,39.3700787401575);
#3232=VECTOR('',#5485,39.3700787401575);
#3233=VECTOR('',#5494,39.3700787401575);
#3234=VECTOR('',#5497,39.3700787401575);
#3235=VECTOR('',#5500,39.3700787401575);
#3236=VECTOR('',#5501,39.3700787401575);
#3237=VECTOR('',#5502,39.3700787401575);
#3238=VECTOR('',#5507,39.3700787401575);
#3239=VECTOR('',#5512,39.3700787401575);
#3240=VECTOR('',#5513,39.3700787401575);
#3241=VECTOR('',#5514,39.3700787401575);
#3242=VECTOR('',#5519,39.3700787401575);
#3243=VECTOR('',#5524,39.3700787401575);
#3244=VECTOR('',#5525,39.3700787401575);
#3245=VECTOR('',#5526,39.3700787401575);
#3246=VECTOR('',#5531,39.3700787401575);
#3247=VECTOR('',#5536,39.3700787401575);
#3248=VECTOR('',#5537,39.3700787401575);
#3249=VECTOR('',#5538,39.3700787401575);
#3250=VECTOR('',#5543,39.3700787401575);
#3251=VECTOR('',#5548,39.3700787401575);
#3252=VECTOR('',#5549,39.3700787401575);
#3253=VECTOR('',#5550,39.3700787401575);
#3254=VECTOR('',#5555,39.3700787401575);
#3255=VECTOR('',#5560,39.3700787401575);
#3256=VECTOR('',#5561,39.3700787401575);
#3257=VECTOR('',#5562,39.3700787401575);
#3258=VECTOR('',#5567,39.3700787401575);
#3259=VECTOR('',#5572,39.3700787401575);
#3260=VECTOR('',#5573,39.3700787401575);
#3261=VECTOR('',#5574,39.3700787401575);
#3262=VECTOR('',#5579,39.3700787401575);
#3263=VECTOR('',#5584,39.3700787401575);
#3264=VECTOR('',#5585,39.3700787401575);
#3265=VECTOR('',#5586,39.3700787401575);
#3266=VECTOR('',#5591,39.3700787401575);
#3267=VECTOR('',#5596,39.3700787401575);
#3268=VECTOR('',#5597,39.3700787401575);
#3269=VECTOR('',#5598,39.3700787401575);
#3270=VECTOR('',#5603,39.3700787401575);
#3271=VECTOR('',#5608,39.3700787401575);
#3272=VECTOR('',#5609,39.3700787401575);
#3273=VECTOR('',#5610,39.3700787401575);
#3274=VECTOR('',#5615,39.3700787401575);
#3275=VECTOR('',#5620,39.3700787401575);
#3276=VECTOR('',#5621,39.3700787401575);
#3277=VECTOR('',#5622,39.3700787401575);
#3278=VECTOR('',#5627,39.3700787401575);
#3279=VECTOR('',#5632,39.3700787401575);
#3280=VECTOR('',#5633,39.3700787401575);
#3281=VECTOR('',#5634,39.3700787401575);
#3282=VECTOR('',#5639,39.3700787401575);
#3283=VECTOR('',#5644,39.3700787401575);
#3284=VECTOR('',#5645,39.3700787401575);
#3285=VECTOR('',#5646,39.3700787401575);
#3286=VECTOR('',#5651,39.3700787401575);
#3287=VECTOR('',#5656,39.3700787401575);
#3288=VECTOR('',#5657,39.3700787401575);
#3289=VECTOR('',#5658,39.3700787401575);
#3290=VECTOR('',#5663,39.3700787401575);
#3291=VECTOR('',#5668,39.3700787401575);
#3292=VECTOR('',#5669,39.3700787401575);
#3293=VECTOR('',#5670,39.3700787401575);
#3294=VECTOR('',#5675,39.3700787401575);
#3295=VECTOR('',#5680,39.3700787401575);
#3296=VECTOR('',#5681,39.3700787401575);
#3297=VECTOR('',#5682,39.3700787401575);
#3298=VECTOR('',#5687,39.3700787401575);
#3299=VECTOR('',#5692,39.3700787401575);
#3300=VECTOR('',#5693,39.3700787401575);
#3301=VECTOR('',#5694,39.3700787401575);
#3302=VECTOR('',#5699,39.3700787401575);
#3303=VECTOR('',#5704,39.3700787401575);
#3304=VECTOR('',#5705,39.3700787401575);
#3305=VECTOR('',#5722,39.3700787401575);
#3306=VECTOR('',#5723,39.3700787401575);
#3307=VECTOR('',#5724,39.3700787401575);
#3308=VECTOR('',#5725,39.3700787401575);
#3309=VECTOR('',#5730,39.3700787401575);
#3310=VECTOR('',#5735,39.3700787401575);
#3311=VECTOR('',#5736,39.3700787401575);
#3312=VECTOR('',#5737,39.3700787401575);
#3313=VECTOR('',#5742,39.3700787401575);
#3314=VECTOR('',#5747,39.3700787401575);
#3315=VECTOR('',#5748,39.3700787401575);
#3316=VECTOR('',#5749,39.3700787401575);
#3317=VECTOR('',#5754,39.3700787401575);
#3318=VECTOR('',#5759,39.3700787401575);
#3319=VECTOR('',#5760,39.3700787401575);
#3320=VECTOR('',#5761,39.3700787401575);
#3321=VECTOR('',#5772,39.3700787401575);
#3322=VECTOR('',#5773,39.3700787401575);
#3323=VECTOR('',#5774,39.3700787401575);
#3324=VECTOR('',#5775,39.3700787401575);
#3325=VECTOR('',#5776,39.3700787401575);
#3326=VECTOR('',#5777,39.3700787401575);
#3327=VECTOR('',#5778,39.3700787401575);
#3328=VECTOR('',#5779,39.3700787401575);
#3329=VECTOR('',#5780,39.3700787401575);
#3330=VECTOR('',#5781,39.3700787401575);
#3331=VECTOR('',#5782,39.3700787401575);
#3332=VECTOR('',#5783,39.3700787401575);
#3333=VECTOR('',#5786,39.3700787401575);
#3334=VECTOR('',#5787,39.3700787401575);
#3335=VECTOR('',#5788,39.3700787401575);
#3336=VECTOR('',#5791,39.3700787401575);
#3337=VECTOR('',#5792,39.3700787401575);
#3338=VECTOR('',#5793,39.3700787401575);
#3339=VECTOR('',#5796,39.3700787401575);
#3340=VECTOR('',#5797,39.3700787401575);
#3341=VECTOR('',#5800,39.3700787401575);
#3342=VECTOR('',#5801,39.3700787401575);
#3343=VECTOR('',#5802,39.3700787401575);
#3344=VECTOR('',#5803,39.3700787401575);
#3345=VECTOR('',#5806,39.3700787401575);
#3346=VECTOR('',#5807,39.3700787401575);
#3347=VECTOR('',#5808,39.3700787401575);
#3348=VECTOR('',#5811,39.3700787401575);
#3349=VECTOR('',#5812,39.3700787401575);
#3350=VECTOR('',#5813,39.3700787401575);
#3351=VECTOR('',#5816,39.3700787401575);
#3352=VECTOR('',#5817,39.3700787401575);
#3353=VECTOR('',#5824,39.3700787401575);
#3354=VECTOR('',#5825,39.3700787401575);
#3355=VECTOR('',#5826,39.3700787401575);
#3356=VECTOR('',#5829,39.3700787401575);
#3357=VECTOR('',#5830,39.3700787401575);
#3358=VECTOR('',#5831,39.3700787401575);
#3359=VECTOR('',#5834,39.3700787401575);
#3360=VECTOR('',#5835,39.3700787401575);
#3361=VECTOR('',#5838,39.3700787401575);
#3362=VECTOR('',#5839,39.3700787401575);
#3363=VECTOR('',#5840,39.3700787401575);
#3364=VECTOR('',#5841,39.3700787401575);
#3365=VECTOR('',#5844,39.3700787401575);
#3366=VECTOR('',#5845,39.3700787401575);
#3367=VECTOR('',#5846,39.3700787401575);
#3368=VECTOR('',#5849,39.3700787401575);
#3369=VECTOR('',#5850,39.3700787401575);
#3370=VECTOR('',#5851,39.3700787401575);
#3371=VECTOR('',#5854,39.3700787401575);
#3372=VECTOR('',#5855,39.3700787401575);
#3373=VECTOR('',#5862,39.3700787401575);
#3374=VECTOR('',#5863,39.3700787401575);
#3375=VECTOR('',#5864,39.3700787401575);
#3376=VECTOR('',#5867,39.3700787401575);
#3377=VECTOR('',#5868,39.3700787401575);
#3378=VECTOR('',#5869,39.3700787401575);
#3379=VECTOR('',#5872,39.3700787401575);
#3380=VECTOR('',#5873,39.3700787401575);
#3381=VECTOR('',#5876,39.3700787401575);
#3382=VECTOR('',#5877,39.3700787401575);
#3383=VECTOR('',#5878,39.3700787401575);
#3384=VECTOR('',#5879,39.3700787401575);
#3385=VECTOR('',#5882,39.3700787401575);
#3386=VECTOR('',#5883,39.3700787401575);
#3387=VECTOR('',#5884,39.3700787401575);
#3388=VECTOR('',#5887,39.3700787401575);
#3389=VECTOR('',#5888,39.3700787401575);
#3390=VECTOR('',#5889,39.3700787401575);
#3391=VECTOR('',#5892,39.3700787401575);
#3392=VECTOR('',#5893,39.3700787401575);
#3393=EDGE_LOOP('',(#277,#278,#279,#280));
#3394=EDGE_LOOP('',(#281,#282,#283,#284,#285,#286,#287,#288));
#3395=EDGE_LOOP('',(#289,#290,#291,#292));
#3396=EDGE_LOOP('',(#293,#294,#295,#296));
#3397=EDGE_LOOP('',(#297,#298,#299,#300));
#3398=EDGE_LOOP('',(#301,#302,#303,#304));
#3399=EDGE_LOOP('',(#305,#306,#307,#308));
#3400=EDGE_LOOP('',(#309,#310,#311,#312));
#3401=EDGE_LOOP('',(#313,#314,#315,#316));
#3402=EDGE_LOOP('',(#317,#318,#319,#320));
#3403=EDGE_LOOP('',(#321,#322,#323,#324));
#3404=EDGE_LOOP('',(#325,#326,#327,#328));
#3405=EDGE_LOOP('',(#329,#330,#331,#332));
#3406=EDGE_LOOP('',(#333,#334,#335,#336));
#3407=EDGE_LOOP('',(#337,#338,#339,#340));
#3408=EDGE_LOOP('',(#341,#342,#343,#344));
#3409=EDGE_LOOP('',(#345,#346,#347,#348));
#3410=EDGE_LOOP('',(#349,#350,#351,#352));
#3411=EDGE_LOOP('',(#353,#354,#355,#356));
#3412=EDGE_LOOP('',(#357,#358,#359,#360));
#3413=EDGE_LOOP('',(#361,#362,#363,#364));
#3414=EDGE_LOOP('',(#365,#366,#367,#368));
#3415=EDGE_LOOP('',(#369,#370,#371,#372));
#3416=EDGE_LOOP('',(#373,#374,#375,#376));
#3417=EDGE_LOOP('',(#377,#378,#379,#380));
#3418=EDGE_LOOP('',(#381,#382,#383,#384));
#3419=EDGE_LOOP('',(#385,#386,#387,#388));
#3420=EDGE_LOOP('',(#389,#390,#391,#392));
#3421=EDGE_LOOP('',(#393,#394,#395,#396));
#3422=EDGE_LOOP('',(#397,#398,#399,#400));
#3423=EDGE_LOOP('',(#401,#402,#403,#404));
#3424=EDGE_LOOP('',(#405,#406,#407,#408));
#3425=EDGE_LOOP('',(#409,#410,#411,#412));
#3426=EDGE_LOOP('',(#413,#414,#415,#416));
#3427=EDGE_LOOP('',(#417,#418,#419,#420));
#3428=EDGE_LOOP('',(#421,#422,#423,#424));
#3429=EDGE_LOOP('',(#425,#426,#427,#428,#429,#430,#431,#432));
#3430=EDGE_LOOP('',(#433,#434,#435,#436,#437,#438,#439,#440,#441,#442,#443,
#444,#445,#446,#447,#448,#449,#450,#451,#452,#453,#454,#455,#456,#457,#458,
#459,#460,#461,#462,#463,#464));
#3431=EDGE_LOOP('',(#465,#466,#467,#468,#469,#470,#471,#472,#473,#474,#475,
#476,#477,#478,#479,#480,#481,#482,#483,#484,#485,#486,#487,#488,#489,#490,
#491,#492,#493,#494,#495,#496));
#3432=EDGE_LOOP('',(#497,#498,#499,#500));
#3433=EDGE_LOOP('',(#501,#502,#503,#504));
#3434=EDGE_LOOP('',(#505,#506,#507,#508));
#3435=EDGE_LOOP('',(#509,#510,#511,#512));
#3436=EDGE_LOOP('',(#513,#514,#515,#516));
#3437=EDGE_LOOP('',(#517,#518,#519,#520));
#3438=EDGE_LOOP('',(#521,#522,#523,#524));
#3439=EDGE_LOOP('',(#525,#526,#527,#528));
#3440=EDGE_LOOP('',(#529,#530,#531,#532));
#3441=EDGE_LOOP('',(#533,#534,#535,#536));
#3442=EDGE_LOOP('',(#537,#538,#539,#540));
#3443=EDGE_LOOP('',(#541,#542,#543,#544));
#3444=EDGE_LOOP('',(#545,#546,#547,#548));
#3445=EDGE_LOOP('',(#549,#550,#551,#552));
#3446=EDGE_LOOP('',(#553,#554,#555,#556));
#3447=EDGE_LOOP('',(#557,#558,#559,#560));
#3448=EDGE_LOOP('',(#561,#562,#563,#564));
#3449=EDGE_LOOP('',(#565,#566,#567,#568));
#3450=EDGE_LOOP('',(#569,#570,#571,#572));
#3451=EDGE_LOOP('',(#573,#574,#575,#576));
#3452=EDGE_LOOP('',(#577,#578,#579,#580));
#3453=EDGE_LOOP('',(#581,#582,#583,#584));
#3454=EDGE_LOOP('',(#585,#586,#587,#588));
#3455=EDGE_LOOP('',(#589));
#3456=EDGE_LOOP('',(#590,#591,#592,#593));
#3457=EDGE_LOOP('',(#594,#595,#596,#597));
#3458=EDGE_LOOP('',(#598,#599,#600,#601));
#3459=EDGE_LOOP('',(#602,#603,#604,#605));
#3460=EDGE_LOOP('',(#606,#607,#608,#609,#610,#611,#612,#613));
#3461=EDGE_LOOP('',(#614,#615,#616,#617));
#3462=EDGE_LOOP('',(#618,#619,#620,#621,#622,#623,#624,#625,#626,#627,#628,
#629,#630,#631,#632,#633));
#3463=EDGE_LOOP('',(#634,#635,#636,#637));
#3464=EDGE_LOOP('',(#638,#639,#640,#641));
#3465=EDGE_LOOP('',(#642,#643,#644,#645,#646,#647,#648,#649,#650,#651,#652,
#653,#654,#655,#656,#657));
#3466=EDGE_LOOP('',(#658,#659,#660,#661));
#3467=EDGE_LOOP('',(#662,#663,#664,#665));
#3468=EDGE_LOOP('',(#666,#667,#668,#669,#670,#671,#672,#673,#674,#675,#676,
#677,#678,#679,#680,#681));
#3469=EDGE_LOOP('',(#682,#683,#684,#685));
#3470=EDGE_LOOP('',(#686,#687,#688,#689));
#3471=EDGE_LOOP('',(#690,#691,#692,#693,#694,#695,#696,#697,#698,#699,#700,
#701,#702,#703,#704,#705));
#3472=EDGE_LOOP('',(#706,#707,#708,#709));
#3473=EDGE_LOOP('',(#710,#711,#712,#713));
#3474=EDGE_LOOP('',(#714));
#3475=EDGE_LOOP('',(#715,#716,#717,#718,#719,#720,#721,#722,#723,#724,#725,
#726));
#3476=EDGE_LOOP('',(#727,#728,#729,#730,#731,#732,#733,#734));
#3477=EDGE_LOOP('',(#735,#736,#737,#738,#739,#740,#741,#742));
#3478=EDGE_LOOP('',(#743,#744,#745,#746,#747,#748,#749,#750));
#3479=EDGE_LOOP('',(#751,#752,#753,#754));
#3480=EDGE_LOOP('',(#755,#756,#757,#758));
#3481=EDGE_LOOP('',(#759,#760,#761,#762));
#3482=EDGE_LOOP('',(#763,#764,#765,#766,#767));
#3483=EDGE_LOOP('',(#768,#769,#770,#771));
#3484=EDGE_LOOP('',(#772,#773,#774,#775));
#3485=EDGE_LOOP('',(#776,#777,#778,#779,#780));
#3486=EDGE_LOOP('',(#781,#782,#783,#784));
#3487=EDGE_LOOP('',(#785,#786,#787,#788,#789));
#3488=EDGE_LOOP('',(#790,#791,#792,#793));
#3489=EDGE_LOOP('',(#794,#795,#796,#797));
#3490=EDGE_LOOP('',(#798,#799,#800,#801));
#3491=EDGE_LOOP('',(#802,#803,#804,#805,#806));
#3492=EDGE_LOOP('',(#807,#808,#809,#810));
#3493=EDGE_LOOP('',(#811,#812,#813,#814));
#3494=EDGE_LOOP('',(#815,#816,#817,#818));
#3495=EDGE_LOOP('',(#819,#820,#821,#822));
#3496=EDGE_LOOP('',(#823,#824,#825,#826));
#3497=EDGE_LOOP('',(#827,#828,#829,#830));
#3498=EDGE_LOOP('',(#831,#832,#833,#834));
#3499=EDGE_LOOP('',(#835,#836,#837,#838));
#3500=EDGE_LOOP('',(#839,#840,#841,#842));
#3501=EDGE_LOOP('',(#843,#844,#845,#846));
#3502=EDGE_LOOP('',(#847,#848,#849,#850));
#3503=EDGE_LOOP('',(#851,#852,#853,#854));
#3504=EDGE_LOOP('',(#855,#856,#857,#858));
#3505=EDGE_LOOP('',(#859,#860));
#3506=EDGE_LOOP('',(#861,#862));
#3507=EDGE_LOOP('',(#863,#864,#865,#866));
#3508=EDGE_LOOP('',(#867,#868,#869,#870,#871,#872,#873));
#3509=EDGE_LOOP('',(#874,#875,#876,#877,#878,#879,#880));
#3510=EDGE_LOOP('',(#881));
#3511=EDGE_LOOP('',(#882));
#3512=EDGE_LOOP('',(#883));
#3513=EDGE_LOOP('',(#884,#885,#886,#887,#888,#889,#890,#891,#892,#893));
#3514=EDGE_LOOP('',(#894,#895,#896));
#3515=EDGE_LOOP('',(#897,#898,#899));
#3516=EDGE_LOOP('',(#900,#901,#902));
#3517=EDGE_LOOP('',(#903,#904,#905));
#3518=EDGE_LOOP('',(#906,#907,#908));
#3519=EDGE_LOOP('',(#909,#910,#911));
#3520=EDGE_LOOP('',(#912,#913,#914,#915,#916,#917,#918,#919));
#3521=EDGE_LOOP('',(#920,#921,#922,#923,#924,#925));
#3522=EDGE_LOOP('',(#926,#927,#928,#929,#930,#931,#932,#933));
#3523=EDGE_LOOP('',(#934,#935,#936,#937,#938,#939,#940,#941));
#3524=EDGE_LOOP('',(#942,#943,#944,#945,#946,#947));
#3525=EDGE_LOOP('',(#948,#949,#950,#951,#952,#953,#954,#955));
#3526=EDGE_LOOP('',(#956,#957,#958));
#3527=EDGE_LOOP('',(#959,#960,#961));
#3528=EDGE_LOOP('',(#962,#963,#964));
#3529=EDGE_LOOP('',(#965,#966,#967));
#3530=EDGE_LOOP('',(#968,#969,#970));
#3531=EDGE_LOOP('',(#971));
#3532=EDGE_LOOP('',(#972,#973,#974,#975,#976,#977,#978,#979,#980,#981));
#3533=EDGE_LOOP('',(#982,#983,#984));
#3534=EDGE_LOOP('',(#985));
#3535=EDGE_LOOP('',(#986));
#3536=EDGE_LOOP('',(#987));
#3537=EDGE_LOOP('',(#988));
#3538=EDGE_LOOP('',(#989));
#3539=EDGE_LOOP('',(#990));
#3540=EDGE_LOOP('',(#991,#992,#993,#994));
#3541=EDGE_LOOP('',(#995,#996,#997,#998));
#3542=EDGE_LOOP('',(#999,#1000,#1001,#1002));
#3543=EDGE_LOOP('',(#1003,#1004,#1005,#1006));
#3544=EDGE_LOOP('',(#1007,#1008,#1009,#1010));
#3545=EDGE_LOOP('',(#1011,#1012,#1013,#1014));
#3546=EDGE_LOOP('',(#1015,#1016,#1017,#1018));
#3547=EDGE_LOOP('',(#1019,#1020,#1021,#1022));
#3548=EDGE_LOOP('',(#1023,#1024,#1025,#1026));
#3549=EDGE_LOOP('',(#1027,#1028,#1029,#1030,#1031,#1032));
#3550=EDGE_LOOP('',(#1033,#1034,#1035,#1036));
#3551=EDGE_LOOP('',(#1037,#1038,#1039,#1040,#1041,#1042));
#3552=EDGE_LOOP('',(#1043,#1044,#1045,#1046,#1047,#1048));
#3553=EDGE_LOOP('',(#1049,#1050,#1051,#1052));
#3554=EDGE_LOOP('',(#1053,#1054,#1055,#1056));
#3555=EDGE_LOOP('',(#1057,#1058,#1059,#1060));
#3556=EDGE_LOOP('',(#1061,#1062,#1063,#1064));
#3557=EDGE_LOOP('',(#1065,#1066,#1067,#1068));
#3558=EDGE_LOOP('',(#1069,#1070,#1071,#1072));
#3559=EDGE_LOOP('',(#1073,#1074,#1075,#1076));
#3560=EDGE_LOOP('',(#1077,#1078,#1079,#1080));
#3561=EDGE_LOOP('',(#1081,#1082,#1083,#1084));
#3562=EDGE_LOOP('',(#1085,#1086,#1087,#1088));
#3563=EDGE_LOOP('',(#1089,#1090,#1091,#1092));
#3564=EDGE_LOOP('',(#1093,#1094,#1095,#1096));
#3565=EDGE_LOOP('',(#1097,#1098,#1099,#1100));
#3566=EDGE_LOOP('',(#1101,#1102,#1103,#1104));
#3567=EDGE_LOOP('',(#1105,#1106,#1107,#1108));
#3568=EDGE_LOOP('',(#1109,#1110,#1111,#1112));
#3569=EDGE_LOOP('',(#1113,#1114,#1115,#1116));
#3570=EDGE_LOOP('',(#1117,#1118,#1119,#1120));
#3571=EDGE_LOOP('',(#1121,#1122,#1123,#1124));
#3572=EDGE_LOOP('',(#1125,#1126,#1127,#1128));
#3573=EDGE_LOOP('',(#1129,#1130,#1131,#1132));
#3574=EDGE_LOOP('',(#1133,#1134,#1135,#1136));
#3575=EDGE_LOOP('',(#1137,#1138,#1139,#1140));
#3576=EDGE_LOOP('',(#1141,#1142,#1143,#1144));
#3577=EDGE_LOOP('',(#1145,#1146,#1147,#1148));
#3578=EDGE_LOOP('',(#1149,#1150,#1151,#1152));
#3579=EDGE_LOOP('',(#1153,#1154,#1155,#1156));
#3580=EDGE_LOOP('',(#1157,#1158,#1159,#1160));
#3581=EDGE_LOOP('',(#1161,#1162,#1163,#1164));
#3582=EDGE_LOOP('',(#1165,#1166,#1167,#1168));
#3583=EDGE_LOOP('',(#1169,#1170,#1171,#1172));
#3584=EDGE_LOOP('',(#1173,#1174,#1175,#1176));
#3585=EDGE_LOOP('',(#1177,#1178,#1179,#1180));
#3586=EDGE_LOOP('',(#1181,#1182,#1183,#1184));
#3587=EDGE_LOOP('',(#1185,#1186,#1187,#1188));
#3588=EDGE_LOOP('',(#1189,#1190,#1191,#1192));
#3589=EDGE_LOOP('',(#1193,#1194,#1195,#1196));
#3590=EDGE_LOOP('',(#1197,#1198,#1199,#1200));
#3591=EDGE_LOOP('',(#1201,#1202,#1203,#1204));
#3592=EDGE_LOOP('',(#1205,#1206,#1207,#1208));
#3593=EDGE_LOOP('',(#1209));
#3594=EDGE_LOOP('',(#1210));
#3595=EDGE_LOOP('',(#1211,#1212,#1213,#1214,#1215,#1216,#1217,#1218,#1219,
#1220,#1221,#1222,#1223,#1224,#1225,#1226,#1227,#1228,#1229,#1230,#1231,
#1232,#1233,#1234,#1235,#1236,#1237,#1238,#1239,#1240,#1241,#1242,#1243,
#1244,#1245,#1246));
#3596=EDGE_LOOP('',(#1247));
#3597=EDGE_LOOP('',(#1248,#1249,#1250,#1251,#1252,#1253,#1254,#1255,#1256,
#1257,#1258,#1259,#1260,#1261,#1262,#1263,#1264,#1265,#1266,#1267,#1268,
#1269,#1270,#1271,#1272,#1273,#1274,#1275,#1276,#1277,#1278,#1279,#1280,
#1281,#1282,#1283));
#3598=EDGE_LOOP('',(#1284));
#3599=EDGE_LOOP('',(#1285,#1286,#1287,#1288));
#3600=EDGE_LOOP('',(#1289,#1290,#1291,#1292));
#3601=EDGE_LOOP('',(#1293,#1294,#1295,#1296));
#3602=EDGE_LOOP('',(#1297,#1298,#1299,#1300));
#3603=EDGE_LOOP('',(#1301,#1302,#1303,#1304));
#3604=EDGE_LOOP('',(#1305,#1306,#1307,#1308));
#3605=EDGE_LOOP('',(#1309,#1310,#1311,#1312));
#3606=EDGE_LOOP('',(#1313,#1314,#1315,#1316));
#3607=EDGE_LOOP('',(#1317,#1318,#1319,#1320,#1321,#1322,#1323,#1324));
#3608=EDGE_LOOP('',(#1325,#1326,#1327,#1328));
#3609=EDGE_LOOP('',(#1329,#1330,#1331,#1332));
#3610=EDGE_LOOP('',(#1333,#1334,#1335,#1336));
#3611=EDGE_LOOP('',(#1337,#1338,#1339,#1340,#1341,#1342,#1343,#1344));
#3612=EDGE_LOOP('',(#1345,#1346,#1347,#1348));
#3613=EDGE_LOOP('',(#1349,#1350,#1351,#1352));
#3614=EDGE_LOOP('',(#1353,#1354,#1355,#1356));
#3615=EDGE_LOOP('',(#1357,#1358,#1359,#1360));
#3616=EDGE_LOOP('',(#1361,#1362,#1363,#1364));
#3617=EDGE_LOOP('',(#1365,#1366,#1367,#1368));
#3618=EDGE_LOOP('',(#1369,#1370,#1371,#1372));
#3619=EDGE_LOOP('',(#1373,#1374,#1375,#1376));
#3620=EDGE_LOOP('',(#1377,#1378,#1379,#1380));
#3621=EDGE_LOOP('',(#1381,#1382,#1383,#1384));
#3622=EDGE_LOOP('',(#1385,#1386,#1387,#1388));
#3623=EDGE_LOOP('',(#1389,#1390,#1391,#1392));
#3624=EDGE_LOOP('',(#1393,#1394,#1395,#1396));
#3625=EDGE_LOOP('',(#1397,#1398,#1399,#1400));
#3626=EDGE_LOOP('',(#1401,#1402,#1403,#1404));
#3627=EDGE_LOOP('',(#1405,#1406,#1407,#1408));
#3628=EDGE_LOOP('',(#1409,#1410,#1411,#1412));
#3629=EDGE_LOOP('',(#1413,#1414,#1415,#1416));
#3630=EDGE_LOOP('',(#1417,#1418,#1419,#1420));
#3631=EDGE_LOOP('',(#1421,#1422,#1423,#1424));
#3632=EDGE_LOOP('',(#1425,#1426,#1427,#1428));
#3633=EDGE_LOOP('',(#1429,#1430,#1431,#1432));
#3634=EDGE_LOOP('',(#1433,#1434,#1435,#1436));
#3635=EDGE_LOOP('',(#1437,#1438,#1439,#1440));
#3636=EDGE_LOOP('',(#1441,#1442,#1443,#1444));
#3637=EDGE_LOOP('',(#1445,#1446,#1447,#1448));
#3638=EDGE_LOOP('',(#1449,#1450,#1451,#1452));
#3639=EDGE_LOOP('',(#1453,#1454,#1455,#1456));
#3640=EDGE_LOOP('',(#1457,#1458,#1459,#1460));
#3641=EDGE_LOOP('',(#1461,#1462,#1463,#1464));
#3642=EDGE_LOOP('',(#1465,#1466,#1467,#1468));
#3643=EDGE_LOOP('',(#1469,#1470,#1471,#1472));
#3644=EDGE_LOOP('',(#1473,#1474,#1475,#1476));
#3645=EDGE_LOOP('',(#1477));
#3646=EDGE_LOOP('',(#1478));
#3647=EDGE_LOOP('',(#1479));
#3648=EDGE_LOOP('',(#1480));
#3649=FACE_BOUND('',#3393,.T.);
#3650=FACE_BOUND('',#3394,.T.);
#3651=FACE_BOUND('',#3395,.T.);
#3652=FACE_BOUND('',#3396,.T.);
#3653=FACE_BOUND('',#3397,.T.);
#3654=FACE_BOUND('',#3398,.T.);
#3655=FACE_BOUND('',#3399,.T.);
#3656=FACE_BOUND('',#3400,.T.);
#3657=FACE_BOUND('',#3401,.T.);
#3658=FACE_BOUND('',#3402,.T.);
#3659=FACE_BOUND('',#3403,.T.);
#3660=FACE_BOUND('',#3404,.T.);
#3661=FACE_BOUND('',#3405,.T.);
#3662=FACE_BOUND('',#3406,.T.);
#3663=FACE_BOUND('',#3407,.T.);
#3664=FACE_BOUND('',#3408,.T.);
#3665=FACE_BOUND('',#3409,.T.);
#3666=FACE_BOUND('',#3410,.T.);
#3667=FACE_BOUND('',#3411,.T.);
#3668=FACE_BOUND('',#3412,.T.);
#3669=FACE_BOUND('',#3413,.T.);
#3670=FACE_BOUND('',#3414,.T.);
#3671=FACE_BOUND('',#3415,.T.);
#3672=FACE_BOUND('',#3416,.T.);
#3673=FACE_BOUND('',#3417,.T.);
#3674=FACE_BOUND('',#3418,.T.);
#3675=FACE_BOUND('',#3419,.T.);
#3676=FACE_BOUND('',#3420,.T.);
#3677=FACE_BOUND('',#3421,.T.);
#3678=FACE_BOUND('',#3422,.T.);
#3679=FACE_BOUND('',#3423,.T.);
#3680=FACE_BOUND('',#3424,.T.);
#3681=FACE_BOUND('',#3425,.T.);
#3682=FACE_BOUND('',#3426,.T.);
#3683=FACE_BOUND('',#3427,.T.);
#3684=FACE_BOUND('',#3428,.T.);
#3685=FACE_BOUND('',#3429,.T.);
#3686=FACE_BOUND('',#3430,.T.);
#3687=FACE_BOUND('',#3431,.T.);
#3688=FACE_BOUND('',#3432,.T.);
#3689=FACE_BOUND('',#3433,.T.);
#3690=FACE_BOUND('',#3434,.T.);
#3691=FACE_BOUND('',#3435,.T.);
#3692=FACE_BOUND('',#3436,.T.);
#3693=FACE_BOUND('',#3437,.T.);
#3694=FACE_BOUND('',#3438,.T.);
#3695=FACE_BOUND('',#3439,.T.);
#3696=FACE_BOUND('',#3440,.T.);
#3697=FACE_BOUND('',#3441,.T.);
#3698=FACE_BOUND('',#3442,.T.);
#3699=FACE_BOUND('',#3443,.T.);
#3700=FACE_BOUND('',#3444,.T.);
#3701=FACE_BOUND('',#3445,.T.);
#3702=FACE_BOUND('',#3446,.T.);
#3703=FACE_BOUND('',#3447,.T.);
#3704=FACE_BOUND('',#3448,.T.);
#3705=FACE_BOUND('',#3449,.T.);
#3706=FACE_BOUND('',#3450,.T.);
#3707=FACE_BOUND('',#3451,.T.);
#3708=FACE_BOUND('',#3452,.T.);
#3709=FACE_BOUND('',#3453,.T.);
#3710=FACE_BOUND('',#3454,.T.);
#3711=FACE_BOUND('',#3455,.T.);
#3712=FACE_BOUND('',#3456,.T.);
#3713=FACE_BOUND('',#3457,.T.);
#3714=FACE_BOUND('',#3458,.T.);
#3715=FACE_BOUND('',#3459,.T.);
#3716=FACE_BOUND('',#3460,.T.);
#3717=FACE_BOUND('',#3461,.T.);
#3718=FACE_BOUND('',#3462,.T.);
#3719=FACE_BOUND('',#3463,.T.);
#3720=FACE_BOUND('',#3464,.T.);
#3721=FACE_BOUND('',#3465,.T.);
#3722=FACE_BOUND('',#3466,.T.);
#3723=FACE_BOUND('',#3467,.T.);
#3724=FACE_BOUND('',#3468,.T.);
#3725=FACE_BOUND('',#3469,.T.);
#3726=FACE_BOUND('',#3470,.T.);
#3727=FACE_BOUND('',#3471,.T.);
#3728=FACE_BOUND('',#3472,.T.);
#3729=FACE_BOUND('',#3473,.T.);
#3730=FACE_BOUND('',#3474,.T.);
#3731=FACE_BOUND('',#3475,.T.);
#3732=FACE_BOUND('',#3476,.T.);
#3733=FACE_BOUND('',#3477,.T.);
#3734=FACE_BOUND('',#3478,.T.);
#3735=FACE_BOUND('',#3479,.T.);
#3736=FACE_BOUND('',#3480,.T.);
#3737=FACE_BOUND('',#3481,.T.);
#3738=FACE_BOUND('',#3482,.T.);
#3739=FACE_BOUND('',#3483,.T.);
#3740=FACE_BOUND('',#3484,.T.);
#3741=FACE_BOUND('',#3485,.T.);
#3742=FACE_BOUND('',#3486,.T.);
#3743=FACE_BOUND('',#3487,.T.);
#3744=FACE_BOUND('',#3488,.T.);
#3745=FACE_BOUND('',#3489,.T.);
#3746=FACE_BOUND('',#3490,.T.);
#3747=FACE_BOUND('',#3491,.T.);
#3748=FACE_BOUND('',#3492,.T.);
#3749=FACE_BOUND('',#3493,.T.);
#3750=FACE_BOUND('',#3494,.T.);
#3751=FACE_BOUND('',#3495,.T.);
#3752=FACE_BOUND('',#3496,.T.);
#3753=FACE_BOUND('',#3497,.T.);
#3754=FACE_BOUND('',#3498,.T.);
#3755=FACE_BOUND('',#3499,.T.);
#3756=FACE_BOUND('',#3500,.T.);
#3757=FACE_BOUND('',#3501,.T.);
#3758=FACE_BOUND('',#3502,.T.);
#3759=FACE_BOUND('',#3503,.T.);
#3760=FACE_BOUND('',#3504,.T.);
#3761=FACE_BOUND('',#3505,.T.);
#3762=FACE_BOUND('',#3506,.T.);
#3763=FACE_BOUND('',#3507,.T.);
#3764=FACE_BOUND('',#3508,.T.);
#3765=FACE_BOUND('',#3509,.T.);
#3766=FACE_BOUND('',#3510,.T.);
#3767=FACE_BOUND('',#3511,.T.);
#3768=FACE_BOUND('',#3512,.T.);
#3769=FACE_BOUND('',#3513,.T.);
#3770=FACE_BOUND('',#3514,.T.);
#3771=FACE_BOUND('',#3515,.T.);
#3772=FACE_BOUND('',#3516,.T.);
#3773=FACE_BOUND('',#3517,.T.);
#3774=FACE_BOUND('',#3518,.T.);
#3775=FACE_BOUND('',#3519,.T.);
#3776=FACE_BOUND('',#3520,.T.);
#3777=FACE_BOUND('',#3521,.T.);
#3778=FACE_BOUND('',#3522,.T.);
#3779=FACE_BOUND('',#3523,.T.);
#3780=FACE_BOUND('',#3524,.T.);
#3781=FACE_BOUND('',#3525,.T.);
#3782=FACE_BOUND('',#3526,.T.);
#3783=FACE_BOUND('',#3527,.T.);
#3784=FACE_BOUND('',#3528,.T.);
#3785=FACE_BOUND('',#3529,.T.);
#3786=FACE_BOUND('',#3530,.T.);
#3787=FACE_BOUND('',#3531,.T.);
#3788=FACE_BOUND('',#3532,.T.);
#3789=FACE_BOUND('',#3533,.T.);
#3790=FACE_BOUND('',#3534,.T.);
#3791=FACE_BOUND('',#3535,.T.);
#3792=FACE_BOUND('',#3536,.T.);
#3793=FACE_BOUND('',#3537,.T.);
#3794=FACE_BOUND('',#3538,.T.);
#3795=FACE_BOUND('',#3539,.T.);
#3796=FACE_BOUND('',#3540,.T.);
#3797=FACE_BOUND('',#3541,.T.);
#3798=FACE_BOUND('',#3542,.T.);
#3799=FACE_BOUND('',#3543,.T.);
#3800=FACE_BOUND('',#3544,.T.);
#3801=FACE_BOUND('',#3545,.T.);
#3802=FACE_BOUND('',#3546,.T.);
#3803=FACE_BOUND('',#3547,.T.);
#3804=FACE_BOUND('',#3548,.T.);
#3805=FACE_BOUND('',#3549,.T.);
#3806=FACE_BOUND('',#3550,.T.);
#3807=FACE_BOUND('',#3551,.T.);
#3808=FACE_BOUND('',#3552,.T.);
#3809=FACE_BOUND('',#3553,.T.);
#3810=FACE_BOUND('',#3554,.T.);
#3811=FACE_BOUND('',#3555,.T.);
#3812=FACE_BOUND('',#3556,.T.);
#3813=FACE_BOUND('',#3557,.T.);
#3814=FACE_BOUND('',#3558,.T.);
#3815=FACE_BOUND('',#3559,.T.);
#3816=FACE_BOUND('',#3560,.T.);
#3817=FACE_BOUND('',#3561,.T.);
#3818=FACE_BOUND('',#3562,.T.);
#3819=FACE_BOUND('',#3563,.T.);
#3820=FACE_BOUND('',#3564,.T.);
#3821=FACE_BOUND('',#3565,.T.);
#3822=FACE_BOUND('',#3566,.T.);
#3823=FACE_BOUND('',#3567,.T.);
#3824=FACE_BOUND('',#3568,.T.);
#3825=FACE_BOUND('',#3569,.T.);
#3826=FACE_BOUND('',#3570,.T.);
#3827=FACE_BOUND('',#3571,.T.);
#3828=FACE_BOUND('',#3572,.T.);
#3829=FACE_BOUND('',#3573,.T.);
#3830=FACE_BOUND('',#3574,.T.);
#3831=FACE_BOUND('',#3575,.T.);
#3832=FACE_BOUND('',#3576,.T.);
#3833=FACE_BOUND('',#3577,.T.);
#3834=FACE_BOUND('',#3578,.T.);
#3835=FACE_BOUND('',#3579,.T.);
#3836=FACE_BOUND('',#3580,.T.);
#3837=FACE_BOUND('',#3581,.T.);
#3838=FACE_BOUND('',#3582,.T.);
#3839=FACE_BOUND('',#3583,.T.);
#3840=FACE_BOUND('',#3584,.T.);
#3841=FACE_BOUND('',#3585,.T.);
#3842=FACE_BOUND('',#3586,.T.);
#3843=FACE_BOUND('',#3587,.T.);
#3844=FACE_BOUND('',#3588,.T.);
#3845=FACE_BOUND('',#3589,.T.);
#3846=FACE_BOUND('',#3590,.T.);
#3847=FACE_BOUND('',#3591,.T.);
#3848=FACE_BOUND('',#3592,.T.);
#3849=FACE_BOUND('',#3593,.T.);
#3850=FACE_BOUND('',#3594,.T.);
#3851=FACE_BOUND('',#3595,.T.);
#3852=FACE_BOUND('',#3596,.T.);
#3853=FACE_BOUND('',#3597,.T.);
#3854=FACE_BOUND('',#3598,.T.);
#3855=FACE_BOUND('',#3599,.T.);
#3856=FACE_BOUND('',#3600,.T.);
#3857=FACE_BOUND('',#3601,.T.);
#3858=FACE_BOUND('',#3602,.T.);
#3859=FACE_BOUND('',#3603,.T.);
#3860=FACE_BOUND('',#3604,.T.);
#3861=FACE_BOUND('',#3605,.T.);
#3862=FACE_BOUND('',#3606,.T.);
#3863=FACE_BOUND('',#3607,.T.);
#3864=FACE_BOUND('',#3608,.T.);
#3865=FACE_BOUND('',#3609,.T.);
#3866=FACE_BOUND('',#3610,.T.);
#3867=FACE_BOUND('',#3611,.T.);
#3868=FACE_BOUND('',#3612,.T.);
#3869=FACE_BOUND('',#3613,.T.);
#3870=FACE_BOUND('',#3614,.T.);
#3871=FACE_BOUND('',#3615,.T.);
#3872=FACE_BOUND('',#3616,.T.);
#3873=FACE_BOUND('',#3617,.T.);
#3874=FACE_BOUND('',#3618,.T.);
#3875=FACE_BOUND('',#3619,.T.);
#3876=FACE_BOUND('',#3620,.T.);
#3877=FACE_BOUND('',#3621,.T.);
#3878=FACE_BOUND('',#3622,.T.);
#3879=FACE_BOUND('',#3623,.T.);
#3880=FACE_BOUND('',#3624,.T.);
#3881=FACE_BOUND('',#3625,.T.);
#3882=FACE_BOUND('',#3626,.T.);
#3883=FACE_BOUND('',#3627,.T.);
#3884=FACE_BOUND('',#3628,.T.);
#3885=FACE_BOUND('',#3629,.T.);
#3886=FACE_BOUND('',#3630,.T.);
#3887=FACE_BOUND('',#3631,.T.);
#3888=FACE_BOUND('',#3632,.T.);
#3889=FACE_BOUND('',#3633,.T.);
#3890=FACE_BOUND('',#3634,.T.);
#3891=FACE_BOUND('',#3635,.T.);
#3892=FACE_BOUND('',#3636,.T.);
#3893=FACE_BOUND('',#3637,.T.);
#3894=FACE_BOUND('',#3638,.T.);
#3895=FACE_BOUND('',#3639,.T.);
#3896=FACE_BOUND('',#3640,.T.);
#3897=FACE_BOUND('',#3641,.T.);
#3898=FACE_BOUND('',#3642,.T.);
#3899=FACE_BOUND('',#3643,.T.);
#3900=FACE_BOUND('',#3644,.T.);
#3901=FACE_BOUND('',#3645,.T.);
#3902=FACE_BOUND('',#3646,.T.);
#3903=FACE_BOUND('',#3647,.T.);
#3904=FACE_BOUND('',#3648,.T.);
#3905=PLANE('',#4380);
#3906=PLANE('',#4385);
#3907=PLANE('',#4386);
#3908=PLANE('',#4390);
#3909=PLANE('',#4394);
#3910=PLANE('',#4395);
#3911=PLANE('',#4396);
#3912=PLANE('',#4397);
#3913=PLANE('',#4398);
#3914=PLANE('',#4399);
#3915=PLANE('',#4400);
#3916=PLANE('',#4401);
#3917=PLANE('',#4402);
#3918=PLANE('',#4403);
#3919=PLANE('',#4404);
#3920=PLANE('',#4405);
#3921=PLANE('',#4406);
#3922=PLANE('',#4410);
#3923=PLANE('',#4414);
#3924=PLANE('',#4415);
#3925=PLANE('',#4416);
#3926=PLANE('',#4417);
#3927=PLANE('',#4418);
#3928=PLANE('',#4419);
#3929=PLANE('',#4420);
#3930=PLANE('',#4421);
#3931=PLANE('',#4422);
#3932=PLANE('',#4423);
#3933=PLANE('',#4424);
#3934=PLANE('',#4425);
#3935=PLANE('',#4430);
#3936=PLANE('',#4431);
#3937=PLANE('',#4433);
#3938=PLANE('',#4435);
#3939=PLANE('',#4437);
#3940=PLANE('',#4439);
#3941=PLANE('',#4440);
#3942=PLANE('',#4441);
#3943=PLANE('',#4442);
#3944=PLANE('',#4443);
#3945=PLANE('',#4444);
#3946=PLANE('',#4445);
#3947=PLANE('',#4446);
#3948=PLANE('',#4447);
#3949=PLANE('',#4448);
#3950=PLANE('',#4449);
#3951=PLANE('',#4450);
#3952=PLANE('',#4451);
#3953=PLANE('',#4452);
#3954=PLANE('',#4453);
#3955=PLANE('',#4455);
#3956=PLANE('',#4462);
#3957=PLANE('',#4470);
#3958=PLANE('',#4471);
#3959=PLANE('',#4476);
#3960=PLANE('',#4477);
#3961=PLANE('',#4478);
#3962=PLANE('',#4489);
#3963=PLANE('',#4494);
#3964=PLANE('',#4495);
#3965=PLANE('',#4496);
#3966=PLANE('',#4501);
#3967=PLANE('',#4504);
#3968=PLANE('',#4507);
#3969=PLANE('',#4510);
#3970=PLANE('',#4513);
#3971=PLANE('',#4514);
#3972=PLANE('',#4515);
#3973=PLANE('',#4517);
#3974=PLANE('',#4518);
#3975=PLANE('',#4519);
#3976=PLANE('',#4520);
#3977=PLANE('',#4521);
#3978=PLANE('',#4522);
#3979=PLANE('',#4524);
#3980=PLANE('',#4525);
#3981=PLANE('',#4526);
#3982=PLANE('',#4529);
#3983=PLANE('',#4530);
#3984=PLANE('',#4531);
#3985=PLANE('',#4534);
#3986=PLANE('',#4535);
#3987=PLANE('',#4536);
#3988=PLANE('',#4538);
#3989=PLANE('',#4539);
#3990=PLANE('',#4540);
#3991=PLANE('',#4541);
#3992=PLANE('',#4542);
#3993=PLANE('',#4545);
#3994=PLANE('',#4559);
#3995=PLANE('',#4560);
#3996=PLANE('',#4561);
#3997=PLANE('',#4562);
#3998=PLANE('',#4563);
#3999=PLANE('',#4564);
#4000=PLANE('',#4575);
#4001=PLANE('',#4585);
#4002=PLANE('',#4589);
#4003=PLANE('',#4590);
#4004=PLANE('',#4591);
#4005=PLANE('',#4595);
#4006=PLANE('',#4596);
#4007=PLANE('',#4597);
#4008=PLANE('',#4598);
#4009=PLANE('',#4600);
#4010=PLANE('',#4603);
#4011=PLANE('',#4604);
#4012=PLANE('',#4605);
#4013=PLANE('',#4610);
#4014=PLANE('',#4614);
#4015=PLANE('',#4618);
#4016=PLANE('',#4622);
#4017=PLANE('',#4626);
#4018=PLANE('',#4630);
#4019=PLANE('',#4634);
#4020=PLANE('',#4638);
#4021=PLANE('',#4642);
#4022=PLANE('',#4646);
#4023=PLANE('',#4650);
#4024=PLANE('',#4654);
#4025=PLANE('',#4658);
#4026=PLANE('',#4662);
#4027=PLANE('',#4666);
#4028=PLANE('',#4670);
#4029=PLANE('',#4674);
#4030=PLANE('',#4678);
#4031=PLANE('',#4682);
#4032=PLANE('',#4683);
#4033=PLANE('',#4686);
#4034=PLANE('',#4690);
#4035=PLANE('',#4694);
#4036=PLANE('',#4698);
#4037=PLANE('',#4702);
#4038=PLANE('',#4703);
#4039=PLANE('',#4704);
#4040=PLANE('',#4705);
#4041=PLANE('',#4706);
#4042=PLANE('',#4707);
#4043=PLANE('',#4708);
#4044=PLANE('',#4709);
#4045=PLANE('',#4710);
#4046=PLANE('',#4711);
#4047=PLANE('',#4712);
#4048=PLANE('',#4713);
#4049=PLANE('',#4714);
#4050=PLANE('',#4715);
#4051=PLANE('',#4716);
#4052=PLANE('',#4717);
#4053=PLANE('',#4718);
#4054=PLANE('',#4719);
#4055=PLANE('',#4720);
#4056=PLANE('',#4721);
#4057=PLANE('',#4722);
#4058=PLANE('',#4723);
#4059=PLANE('',#4724);
#4060=PLANE('',#4725);
#4061=PLANE('',#4726);
#4062=PLANE('',#4727);
#4063=PLANE('',#4728);
#4064=PLANE('',#4729);
#4065=PLANE('',#4730);
#4066=PLANE('',#4736);
#4067=ADVANCED_FACE('',(#3649,#3650,#3651,#3652),#3905,.F.);
#4068=ADVANCED_FACE('',(#3653),#3906,.T.);
#4069=ADVANCED_FACE('',(#3654),#3907,.T.);
#4070=ADVANCED_FACE('',(#3655),#105,.T.);
#4071=ADVANCED_FACE('',(#3656),#3908,.T.);
#4072=ADVANCED_FACE('',(#3657),#106,.T.);
#4073=ADVANCED_FACE('',(#3658),#3909,.T.);
#4074=ADVANCED_FACE('',(#3659),#3910,.T.);
#4075=ADVANCED_FACE('',(#3660),#3911,.T.);
#4076=ADVANCED_FACE('',(#3661),#3912,.T.);
#4077=ADVANCED_FACE('',(#3662),#3913,.T.);
#4078=ADVANCED_FACE('',(#3663),#3914,.T.);
#4079=ADVANCED_FACE('',(#3664),#3915,.T.);
#4080=ADVANCED_FACE('',(#3665),#3916,.T.);
#4081=ADVANCED_FACE('',(#3666),#3917,.T.);
#4082=ADVANCED_FACE('',(#3667),#3918,.T.);
#4083=ADVANCED_FACE('',(#3668),#3919,.T.);
#4084=ADVANCED_FACE('',(#3669),#3920,.T.);
#4085=ADVANCED_FACE('',(#3670),#3921,.T.);
#4086=ADVANCED_FACE('',(#3671),#107,.T.);
#4087=ADVANCED_FACE('',(#3672),#3922,.T.);
#4088=ADVANCED_FACE('',(#3673),#108,.T.);
#4089=ADVANCED_FACE('',(#3674),#3923,.T.);
#4090=ADVANCED_FACE('',(#3675),#3924,.T.);
#4091=ADVANCED_FACE('',(#3676),#3925,.T.);
#4092=ADVANCED_FACE('',(#3677),#3926,.T.);
#4093=ADVANCED_FACE('',(#3678),#3927,.T.);
#4094=ADVANCED_FACE('',(#3679),#3928,.T.);
#4095=ADVANCED_FACE('',(#3680),#3929,.T.);
#4096=ADVANCED_FACE('',(#3681),#3930,.T.);
#4097=ADVANCED_FACE('',(#3682),#3931,.T.);
#4098=ADVANCED_FACE('',(#3683),#3932,.T.);
#4099=ADVANCED_FACE('',(#3684),#3933,.T.);
#4100=ADVANCED_FACE('',(#3685,#3686),#3934,.F.);
#4101=ADVANCED_FACE('',(#3687),#3935,.T.);
#4102=ADVANCED_FACE('',(#3688),#3936,.T.);
#4103=ADVANCED_FACE('',(#3689),#109,.F.);
#4104=ADVANCED_FACE('',(#3690),#3937,.T.);
#4105=ADVANCED_FACE('',(#3691),#110,.F.);
#4106=ADVANCED_FACE('',(#3692),#3938,.T.);
#4107=ADVANCED_FACE('',(#3693),#111,.F.);
#4108=ADVANCED_FACE('',(#3694),#3939,.T.);
#4109=ADVANCED_FACE('',(#3695),#112,.F.);
#4110=ADVANCED_FACE('',(#3696),#3940,.T.);
#4111=ADVANCED_FACE('',(#3697),#3941,.T.);
#4112=ADVANCED_FACE('',(#3698),#3942,.T.);
#4113=ADVANCED_FACE('',(#3699),#3943,.T.);
#4114=ADVANCED_FACE('',(#3700),#3944,.F.);
#4115=ADVANCED_FACE('',(#3701),#3945,.T.);
#4116=ADVANCED_FACE('',(#3702),#3946,.T.);
#4117=ADVANCED_FACE('',(#3703),#3947,.T.);
#4118=ADVANCED_FACE('',(#3704),#3948,.T.);
#4119=ADVANCED_FACE('',(#3705),#3949,.F.);
#4120=ADVANCED_FACE('',(#3706),#3950,.T.);
#4121=ADVANCED_FACE('',(#3707),#3951,.T.);
#4122=ADVANCED_FACE('',(#3708),#3952,.T.);
#4123=ADVANCED_FACE('',(#3709),#3953,.T.);
#4124=ADVANCED_FACE('',(#3710),#3954,.F.);
#4125=ADVANCED_FACE('',(#3711,#3712),#3955,.F.);
#4126=ADVANCED_FACE('',(#3713),#39,.T.);
#4127=ADVANCED_FACE('',(#3714),#113,.T.);
#4128=ADVANCED_FACE('',(#3715),#3956,.F.);
#4129=ADVANCED_FACE('',(#3716),#114,.T.);
#4130=ADVANCED_FACE('',(#3717),#3957,.F.);
#4131=ADVANCED_FACE('',(#3718),#3958,.F.);
#4132=ADVANCED_FACE('',(#3719),#3959,.F.);
#4133=ADVANCED_FACE('',(#3720),#3960,.F.);
#4134=ADVANCED_FACE('',(#3721),#3961,.F.);
#4135=ADVANCED_FACE('',(#3722),#115,.F.);
#4136=ADVANCED_FACE('',(#3723),#116,.F.);
#4137=ADVANCED_FACE('',(#3724),#3962,.F.);
#4138=ADVANCED_FACE('',(#3725),#3963,.F.);
#4139=ADVANCED_FACE('',(#3726),#3964,.F.);
#4140=ADVANCED_FACE('',(#3727),#3965,.F.);
#4141=ADVANCED_FACE('',(#3728),#3966,.T.);
#4142=ADVANCED_FACE('',(#3729),#3967,.F.);
#4143=ADVANCED_FACE('',(#3730,#3731),#3968,.F.);
#4144=ADVANCED_FACE('',(#3732),#117,.T.);
#4145=ADVANCED_FACE('',(#3733),#3969,.F.);
#4146=ADVANCED_FACE('',(#3734),#118,.T.);
#4147=ADVANCED_FACE('',(#3735),#119,.T.);
#4148=ADVANCED_FACE('',(#3736),#3970,.T.);
#4149=ADVANCED_FACE('',(#3737),#3971,.T.);
#4150=ADVANCED_FACE('',(#3738),#3972,.T.);
#4151=ADVANCED_FACE('',(#3739),#120,.T.);
#4152=ADVANCED_FACE('',(#3740),#3973,.T.);
#4153=ADVANCED_FACE('',(#3741),#3974,.T.);
#4154=ADVANCED_FACE('',(#3742),#3975,.T.);
#4155=ADVANCED_FACE('',(#3743),#3976,.T.);
#4156=ADVANCED_FACE('',(#3744),#3977,.T.);
#4157=ADVANCED_FACE('',(#3745),#3978,.T.);
#4158=ADVANCED_FACE('',(#3746),#121,.T.);
#4159=ADVANCED_FACE('',(#3747),#3979,.T.);
#4160=ADVANCED_FACE('',(#3748),#3980,.T.);
#4161=ADVANCED_FACE('',(#3749),#3981,.T.);
#4162=ADVANCED_FACE('',(#3750),#122,.T.);
#4163=ADVANCED_FACE('',(#3751),#123,.T.);
#4164=ADVANCED_FACE('',(#3752),#3982,.T.);
#4165=ADVANCED_FACE('',(#3753),#3983,.T.);
#4166=ADVANCED_FACE('',(#3754),#3984,.T.);
#4167=ADVANCED_FACE('',(#3755),#124,.T.);
#4168=ADVANCED_FACE('',(#3756),#125,.T.);
#4169=ADVANCED_FACE('',(#3757),#3985,.T.);
#4170=ADVANCED_FACE('',(#3758),#3986,.T.);
#4171=ADVANCED_FACE('',(#3759),#3987,.T.);
#4172=ADVANCED_FACE('',(#3760),#126,.T.);
#4173=ADVANCED_FACE('',(#3761),#3988,.F.);
#4174=ADVANCED_FACE('',(#3762),#3989,.F.);
#4175=ADVANCED_FACE('',(#3763),#3990,.T.);
#4176=ADVANCED_FACE('',(#3764),#3991,.T.);
#4177=ADVANCED_FACE('',(#3765),#3992,.T.);
#4178=ADVANCED_FACE('',(#3766,#3767),#127,.F.);
#4179=ADVANCED_FACE('',(#3768,#3769),#3993,.F.);
#4180=ADVANCED_FACE('',(#3770),#40,.T.);
#4181=ADVANCED_FACE('',(#3771),#41,.T.);
#4182=ADVANCED_FACE('',(#3772),#42,.T.);
#4183=ADVANCED_FACE('',(#3773),#43,.T.);
#4184=ADVANCED_FACE('',(#3774),#44,.T.);
#4185=ADVANCED_FACE('',(#3775),#45,.T.);
#4186=ADVANCED_FACE('',(#3776),#3994,.F.);
#4187=ADVANCED_FACE('',(#3777),#3995,.F.);
#4188=ADVANCED_FACE('',(#3778),#3996,.F.);
#4189=ADVANCED_FACE('',(#3779),#3997,.F.);
#4190=ADVANCED_FACE('',(#3780),#3998,.F.);
#4191=ADVANCED_FACE('',(#3781),#3999,.F.);
#4192=ADVANCED_FACE('',(#3782),#46,.T.);
#4193=ADVANCED_FACE('',(#3783),#47,.T.);
#4194=ADVANCED_FACE('',(#3784),#48,.T.);
#4195=ADVANCED_FACE('',(#3785),#49,.T.);
#4196=ADVANCED_FACE('',(#3786),#50,.T.);
#4197=ADVANCED_FACE('',(#3787,#3788),#4000,.F.);
#4198=ADVANCED_FACE('',(#3789),#51,.T.);
#4199=ADVANCED_FACE('',(#3790,#3791),#52,.F.);
#4200=ADVANCED_FACE('',(#3792,#3793),#128,.F.);
#4201=ADVANCED_FACE('',(#3794,#3795),#53,.F.);
#4202=ADVANCED_FACE('',(#3796),#4001,.F.);
#4203=ADVANCED_FACE('',(#3797),#129,.T.);
#4204=ADVANCED_FACE('',(#3798),#4002,.T.);
#4205=ADVANCED_FACE('',(#3799),#4003,.T.);
#4206=ADVANCED_FACE('',(#3800),#4004,.T.);
#4207=ADVANCED_FACE('',(#3801),#130,.F.);
#4208=ADVANCED_FACE('',(#3802),#4005,.F.);
#4209=ADVANCED_FACE('',(#3803,#3804),#4006,.T.);
#4210=ADVANCED_FACE('',(#3805,#3806),#4007,.F.);
#4211=ADVANCED_FACE('',(#3807),#4008,.T.);
#4212=ADVANCED_FACE('',(#3808),#4009,.F.);
#4213=ADVANCED_FACE('',(#3809),#131,.T.);
#4214=ADVANCED_FACE('',(#3810),#4010,.F.);
#4215=ADVANCED_FACE('',(#3811),#4011,.F.);
#4216=ADVANCED_FACE('',(#3812),#4012,.F.);
#4217=ADVANCED_FACE('',(#3813),#132,.F.);
#4218=ADVANCED_FACE('',(#3814),#4013,.T.);
#4219=ADVANCED_FACE('',(#3815),#133,.F.);
#4220=ADVANCED_FACE('',(#3816),#4014,.T.);
#4221=ADVANCED_FACE('',(#3817),#134,.F.);
#4222=ADVANCED_FACE('',(#3818),#4015,.T.);
#4223=ADVANCED_FACE('',(#3819),#135,.F.);
#4224=ADVANCED_FACE('',(#3820),#4016,.T.);
#4225=ADVANCED_FACE('',(#3821),#136,.F.);
#4226=ADVANCED_FACE('',(#3822),#4017,.T.);
#4227=ADVANCED_FACE('',(#3823),#137,.F.);
#4228=ADVANCED_FACE('',(#3824),#4018,.T.);
#4229=ADVANCED_FACE('',(#3825),#138,.F.);
#4230=ADVANCED_FACE('',(#3826),#4019,.T.);
#4231=ADVANCED_FACE('',(#3827),#139,.F.);
#4232=ADVANCED_FACE('',(#3828),#4020,.T.);
#4233=ADVANCED_FACE('',(#3829),#140,.F.);
#4234=ADVANCED_FACE('',(#3830),#4021,.T.);
#4235=ADVANCED_FACE('',(#3831),#141,.F.);
#4236=ADVANCED_FACE('',(#3832),#4022,.T.);
#4237=ADVANCED_FACE('',(#3833),#142,.F.);
#4238=ADVANCED_FACE('',(#3834),#4023,.T.);
#4239=ADVANCED_FACE('',(#3835),#143,.F.);
#4240=ADVANCED_FACE('',(#3836),#4024,.T.);
#4241=ADVANCED_FACE('',(#3837),#144,.F.);
#4242=ADVANCED_FACE('',(#3838),#4025,.T.);
#4243=ADVANCED_FACE('',(#3839),#145,.F.);
#4244=ADVANCED_FACE('',(#3840),#4026,.T.);
#4245=ADVANCED_FACE('',(#3841),#146,.F.);
#4246=ADVANCED_FACE('',(#3842),#4027,.T.);
#4247=ADVANCED_FACE('',(#3843),#147,.F.);
#4248=ADVANCED_FACE('',(#3844),#4028,.T.);
#4249=ADVANCED_FACE('',(#3845),#148,.F.);
#4250=ADVANCED_FACE('',(#3846),#4029,.T.);
#4251=ADVANCED_FACE('',(#3847),#149,.F.);
#4252=ADVANCED_FACE('',(#3848),#4030,.T.);
#4253=ADVANCED_FACE('',(#3849,#3850),#150,.T.);
#4254=ADVANCED_FACE('',(#3851,#3852),#4031,.T.);
#4255=ADVANCED_FACE('',(#3853,#3854),#4032,.F.);
#4256=ADVANCED_FACE('',(#3855),#4033,.F.);
#4257=ADVANCED_FACE('',(#3856),#151,.T.);
#4258=ADVANCED_FACE('',(#3857),#4034,.F.);
#4259=ADVANCED_FACE('',(#3858),#152,.T.);
#4260=ADVANCED_FACE('',(#3859),#4035,.F.);
#4261=ADVANCED_FACE('',(#3860),#153,.T.);
#4262=ADVANCED_FACE('',(#3861),#4036,.F.);
#4263=ADVANCED_FACE('',(#3862),#154,.T.);
#4264=ADVANCED_FACE('',(#3863),#4037,.T.);
#4265=ADVANCED_FACE('',(#3864,#3865,#3866,#3867),#4038,.F.);
#4266=ADVANCED_FACE('',(#3868),#4039,.F.);
#4267=ADVANCED_FACE('',(#3869),#4040,.F.);
#4268=ADVANCED_FACE('',(#3870),#4041,.F.);
#4269=ADVANCED_FACE('',(#3871),#4042,.T.);
#4270=ADVANCED_FACE('',(#3872),#4043,.T.);
#4271=ADVANCED_FACE('',(#3873),#4044,.T.);
#4272=ADVANCED_FACE('',(#3874),#4045,.T.);
#4273=ADVANCED_FACE('',(#3875,#3876),#4046,.T.);
#4274=ADVANCED_FACE('',(#3877,#3878),#4047,.F.);
#4275=ADVANCED_FACE('',(#3879),#4048,.F.);
#4276=ADVANCED_FACE('',(#3880),#4049,.F.);
#4277=ADVANCED_FACE('',(#3881),#4050,.F.);
#4278=ADVANCED_FACE('',(#3882),#4051,.T.);
#4279=ADVANCED_FACE('',(#3883),#4052,.T.);
#4280=ADVANCED_FACE('',(#3884),#4053,.T.);
#4281=ADVANCED_FACE('',(#3885),#4054,.T.);
#4282=ADVANCED_FACE('',(#3886,#3887),#4055,.T.);
#4283=ADVANCED_FACE('',(#3888,#3889),#4056,.F.);
#4284=ADVANCED_FACE('',(#3890),#4057,.F.);
#4285=ADVANCED_FACE('',(#3891),#4058,.F.);
#4286=ADVANCED_FACE('',(#3892),#4059,.F.);
#4287=ADVANCED_FACE('',(#3893),#4060,.T.);
#4288=ADVANCED_FACE('',(#3894),#4061,.T.);
#4289=ADVANCED_FACE('',(#3895),#4062,.T.);
#4290=ADVANCED_FACE('',(#3896),#4063,.T.);
#4291=ADVANCED_FACE('',(#3897,#3898),#4064,.T.);
#4292=ADVANCED_FACE('',(#3899,#3900),#4065,.F.);
#4293=ADVANCED_FACE('',(#3901),#12,.T.);
#4294=ADVANCED_FACE('',(#3902,#3903),#155,.T.);
#4295=ADVANCED_FACE('',(#3904),#4066,.F.);
#4296=CLOSED_SHELL('',(#4067,#4068,#4069,#4070,#4071,#4072,#4073,#4074,
#4075,#4076,#4077,#4078,#4079,#4080,#4081,#4082,#4083,#4084,#4085,#4086,
#4087,#4088,#4089,#4090,#4091,#4092,#4093,#4094,#4095,#4096,#4097,#4098,
#4099,#4100,#4101,#4102,#4103,#4104,#4105,#4106,#4107,#4108,#4109,#4110,
#4111,#4112,#4113,#4114,#4115,#4116,#4117,#4118,#4119,#4120,#4121,#4122,
#4123,#4124));
#4297=CLOSED_SHELL('',(#4125,#4126,#4127,#4128,#4129,#4130,#4131,#4132,
#4133,#4134,#4135,#4136,#4137,#4138,#4139,#4140,#4141,#4142,#4143,#4144,
#4145,#4146,#4147,#4148,#4149,#4150,#4151,#4152,#4153,#4154,#4155,#4156,
#4157,#4158,#4159,#4160,#4161,#4162,#4163,#4164,#4165,#4166,#4167,#4168,
#4169,#4170,#4171,#4172,#4173,#4174,#4175,#4176,#4177,#4178));
#4298=CLOSED_SHELL('',(#4179,#4180,#4181,#4182,#4183,#4184,#4185,#4186,
#4187,#4188,#4189,#4190,#4191,#4192,#4193,#4194,#4195,#4196,#4197,#4198,
#4199,#4200,#4201));
#4299=CLOSED_SHELL('',(#4202,#4203,#4204,#4205,#4206,#4207,#4208,#4209,
#4210,#4211,#4212,#4213,#4214,#4215,#4216));
#4300=CLOSED_SHELL('',(#4217,#4218,#4219,#4220,#4221,#4222,#4223,#4224,
#4225,#4226,#4227,#4228,#4229,#4230,#4231,#4232,#4233,#4234,#4235,#4236,
#4237,#4238,#4239,#4240,#4241,#4242,#4243,#4244,#4245,#4246,#4247,#4248,
#4249,#4250,#4251,#4252,#4253,#4254,#4255));
#4301=CLOSED_SHELL('',(#4256,#4257,#4258,#4259,#4260,#4261,#4262,#4263,
#4264,#4265,#4266,#4267,#4268,#4269,#4270,#4271,#4272,#4273,#4274,#4275,
#4276,#4277,#4278,#4279,#4280,#4281,#4282,#4283,#4284,#4285,#4286,#4287,
#4288,#4289,#4290,#4291,#4292));
#4302=CLOSED_SHELL('',(#4293,#4294,#4295));
#4303=STYLED_ITEM('',(#4310),#4354);
#4304=STYLED_ITEM('',(#4311),#4355);
#4305=STYLED_ITEM('',(#4312),#4356);
#4306=STYLED_ITEM('',(#4313),#4357);
#4307=STYLED_ITEM('',(#4314),#4358);
#4308=STYLED_ITEM('',(#4315),#4359);
#4309=STYLED_ITEM('',(#4316),#4360);
#4310=PRESENTATION_STYLE_ASSIGNMENT((#4317));
#4311=PRESENTATION_STYLE_ASSIGNMENT((#4318));
#4312=PRESENTATION_STYLE_ASSIGNMENT((#4319));
#4313=PRESENTATION_STYLE_ASSIGNMENT((#4320));
#4314=PRESENTATION_STYLE_ASSIGNMENT((#4321));
#4315=PRESENTATION_STYLE_ASSIGNMENT((#4322));
#4316=PRESENTATION_STYLE_ASSIGNMENT((#4323));
#4317=SURFACE_STYLE_USAGE(.BOTH.,#4324);
#4318=SURFACE_STYLE_USAGE(.BOTH.,#4325);
#4319=SURFACE_STYLE_USAGE(.BOTH.,#4326);
#4320=SURFACE_STYLE_USAGE(.BOTH.,#4327);
#4321=SURFACE_STYLE_USAGE(.BOTH.,#4328);
#4322=SURFACE_STYLE_USAGE(.BOTH.,#4329);
#4323=SURFACE_STYLE_USAGE(.BOTH.,#4330);
#4324=SURFACE_SIDE_STYLE('',(#4331));
#4325=SURFACE_SIDE_STYLE('',(#4332));
#4326=SURFACE_SIDE_STYLE('',(#4333));
#4327=SURFACE_SIDE_STYLE('',(#4334));
#4328=SURFACE_SIDE_STYLE('',(#4335));
#4329=SURFACE_SIDE_STYLE('',(#4336));
#4330=SURFACE_SIDE_STYLE('',(#4337));
#4331=SURFACE_STYLE_FILL_AREA(#4338);
#4332=SURFACE_STYLE_FILL_AREA(#4339);
#4333=SURFACE_STYLE_FILL_AREA(#4340);
#4334=SURFACE_STYLE_FILL_AREA(#4341);
#4335=SURFACE_STYLE_FILL_AREA(#4342);
#4336=SURFACE_STYLE_FILL_AREA(#4343);
#4337=SURFACE_STYLE_FILL_AREA(#4344);
#4338=FILL_AREA_STYLE('',(#4345));
#4339=FILL_AREA_STYLE('',(#4346));
#4340=FILL_AREA_STYLE('',(#4347));
#4341=FILL_AREA_STYLE('',(#4348));
#4342=FILL_AREA_STYLE('',(#4349));
#4343=FILL_AREA_STYLE('',(#4350));
#4344=FILL_AREA_STYLE('',(#4351));
#4345=FILL_AREA_STYLE_COLOUR('',#4352);
#4346=FILL_AREA_STYLE_COLOUR('',#4353);
#4347=FILL_AREA_STYLE_COLOUR('',#4353);
#4348=FILL_AREA_STYLE_COLOUR('',#4353);
#4349=FILL_AREA_STYLE_COLOUR('',#4353);
#4350=FILL_AREA_STYLE_COLOUR('',#4353);
#4351=FILL_AREA_STYLE_COLOUR('',#4353);
#4352=COLOUR_RGB('',0.30588236451149,0.431372553110123,0.278431385755539);
#4353=COLOUR_RGB('',0.689999997615814,0.689999997615814,0.689999997615814);
#4354=MANIFOLD_SOLID_BREP('M20121SS1W01-switch',#4296);
#4355=MANIFOLD_SOLID_BREP('M201S1M201-bushing',#4297);
#4356=MANIFOLD_SOLID_BREP('AT513H',#4298);
#4357=MANIFOLD_SOLID_BREP('AT507H',#4299);
#4358=MANIFOLD_SOLID_BREP('AT509',#4300);
#4359=MANIFOLD_SOLID_BREP('M201201-terminals',#4301);
#4360=MANIFOLD_SOLID_BREP('M20S-toggles',#4302);
#4361=SHAPE_DEFINITION_REPRESENTATION(#7259,#4370);
#4362=SHAPE_DEFINITION_REPRESENTATION(#7260,#4371);
#4363=SHAPE_DEFINITION_REPRESENTATION(#7262,#4372);
#4364=SHAPE_DEFINITION_REPRESENTATION(#7264,#4373);
#4365=SHAPE_DEFINITION_REPRESENTATION(#7266,#4374);
#4366=SHAPE_DEFINITION_REPRESENTATION(#7268,#4375);
#4367=SHAPE_DEFINITION_REPRESENTATION(#7271,#4376);
#4368=SHAPE_DEFINITION_REPRESENTATION(#7273,#4377);
#4369=SHAPE_DEFINITION_REPRESENTATION(#7275,#4378);
#4370=SHAPE_REPRESENTATION('M2012SS1W01',(#4379,#4454,#4544,#4584,#4606,
#4684,#4685,#4731,#4737,#4738),#7235);
#4371=SHAPE_REPRESENTATION('M20121SS1W01-switch',(#4379),#7236);
#4372=SHAPE_REPRESENTATION('M201S1M201-bushing',(#4379),#7237);
#4373=SHAPE_REPRESENTATION('AT513H',(#4379),#7238);
#4374=SHAPE_REPRESENTATION('AT507H',(#4379),#7239);
#4375=SHAPE_REPRESENTATION('AT509',(#4379),#7240);
#4376=SHAPE_REPRESENTATION('M201201-terminals',(#4379),#7241);
#4377=SHAPE_REPRESENTATION('M20S-toggles',(#4379),#7242);
#4378=SHAPE_REPRESENTATION('M20S-caps',(#4379),#7243);
#4379=AXIS2_PLACEMENT_3D('',#5914,#4739,#4740);
#4380=AXIS2_PLACEMENT_3D('',#5915,#4741,#4742);
#4381=AXIS2_PLACEMENT_3D('',#5927,#4748,#4749);
#4382=AXIS2_PLACEMENT_3D('',#5931,#4751,#4752);
#4383=AXIS2_PLACEMENT_3D('',#5935,#4754,#4755);
#4384=AXIS2_PLACEMENT_3D('',#5939,#4757,#4758);
#4385=AXIS2_PLACEMENT_3D('',#5956,#4767,#4768);
#4386=AXIS2_PLACEMENT_3D('',#5965,#4773,#4774);
#4387=AXIS2_PLACEMENT_3D('',#5971,#4778,#4779);
#4388=AXIS2_PLACEMENT_3D('',#5972,#4780,#4781);
#4389=AXIS2_PLACEMENT_3D('',#5974,#4782,#4783);
#4390=AXIS2_PLACEMENT_3D('',#5977,#4785,#4786);
#4391=AXIS2_PLACEMENT_3D('',#5983,#4790,#4791);
#4392=AXIS2_PLACEMENT_3D('',#5984,#4792,#4793);
#4393=AXIS2_PLACEMENT_3D('',#5986,#4794,#4795);
#4394=AXIS2_PLACEMENT_3D('',#5989,#4797,#4798);
#4395=AXIS2_PLACEMENT_3D('',#5995,#4802,#4803);
#4396=AXIS2_PLACEMENT_3D('',#6001,#4807,#4808);
#4397=AXIS2_PLACEMENT_3D('',#6007,#4812,#4813);
#4398=AXIS2_PLACEMENT_3D('',#6013,#4817,#4818);
#4399=AXIS2_PLACEMENT_3D('',#6019,#4822,#4823);
#4400=AXIS2_PLACEMENT_3D('',#6025,#4827,#4828);
#4401=AXIS2_PLACEMENT_3D('',#6031,#4832,#4833);
#4402=AXIS2_PLACEMENT_3D('',#6037,#4837,#4838);
#4403=AXIS2_PLACEMENT_3D('',#6043,#4842,#4843);
#4404=AXIS2_PLACEMENT_3D('',#6049,#4847,#4848);
#4405=AXIS2_PLACEMENT_3D('',#6055,#4852,#4853);
#4406=AXIS2_PLACEMENT_3D('',#6061,#4857,#4858);
#4407=AXIS2_PLACEMENT_3D('',#6067,#4862,#4863);
#4408=AXIS2_PLACEMENT_3D('',#6068,#4864,#4865);
#4409=AXIS2_PLACEMENT_3D('',#6070,#4866,#4867);
#4410=AXIS2_PLACEMENT_3D('',#6073,#4869,#4870);
#4411=AXIS2_PLACEMENT_3D('',#6079,#4874,#4875);
#4412=AXIS2_PLACEMENT_3D('',#6080,#4876,#4877);
#4413=AXIS2_PLACEMENT_3D('',#6082,#4878,#4879);
#4414=AXIS2_PLACEMENT_3D('',#6085,#4881,#4882);
#4415=AXIS2_PLACEMENT_3D('',#6091,#4886,#4887);
#4416=AXIS2_PLACEMENT_3D('',#6097,#4891,#4892);
#4417=AXIS2_PLACEMENT_3D('',#6103,#4896,#4897);
#4418=AXIS2_PLACEMENT_3D('',#6109,#4901,#4902);
#4419=AXIS2_PLACEMENT_3D('',#6115,#4906,#4907);
#4420=AXIS2_PLACEMENT_3D('',#6121,#4911,#4912);
#4421=AXIS2_PLACEMENT_3D('',#6127,#4916,#4917);
#4422=AXIS2_PLACEMENT_3D('',#6133,#4921,#4922);
#4423=AXIS2_PLACEMENT_3D('',#6139,#4926,#4927);
#4424=AXIS2_PLACEMENT_3D('',#6145,#4931,#4932);
#4425=AXIS2_PLACEMENT_3D('',#6148,#4935,#4936);
#4426=AXIS2_PLACEMENT_3D('',#6152,#4938,#4939);
#4427=AXIS2_PLACEMENT_3D('',#6156,#4941,#4942);
#4428=AXIS2_PLACEMENT_3D('',#6160,#4944,#4945);
#4429=AXIS2_PLACEMENT_3D('',#6164,#4947,#4948);
#4430=AXIS2_PLACEMENT_3D('',#6165,#4949,#4950);
#4431=AXIS2_PLACEMENT_3D('',#6166,#4951,#4952);
#4432=AXIS2_PLACEMENT_3D('',#6169,#4955,#4956);
#4433=AXIS2_PLACEMENT_3D('',#6171,#4958,#4959);
#4434=AXIS2_PLACEMENT_3D('',#6173,#4961,#4962);
#4435=AXIS2_PLACEMENT_3D('',#6175,#4964,#4965);
#4436=AXIS2_PLACEMENT_3D('',#6177,#4967,#4968);
#4437=AXIS2_PLACEMENT_3D('',#6179,#4970,#4971);
#4438=AXIS2_PLACEMENT_3D('',#6181,#4973,#4974);
#4439=AXIS2_PLACEMENT_3D('',#6182,#4975,#4976);
#4440=AXIS2_PLACEMENT_3D('',#6188,#4980,#4981);
#4441=AXIS2_PLACEMENT_3D('',#6192,#4984,#4985);
#4442=AXIS2_PLACEMENT_3D('',#6196,#4988,#4989);
#4443=AXIS2_PLACEMENT_3D('',#6198,#4991,#4992);
#4444=AXIS2_PLACEMENT_3D('',#6199,#4993,#4994);
#4445=AXIS2_PLACEMENT_3D('',#6205,#4998,#4999);
#4446=AXIS2_PLACEMENT_3D('',#6209,#5002,#5003);
#4447=AXIS2_PLACEMENT_3D('',#6213,#5006,#5007);
#4448=AXIS2_PLACEMENT_3D('',#6215,#5009,#5010);
#4449=AXIS2_PLACEMENT_3D('',#6216,#5011,#5012);
#4450=AXIS2_PLACEMENT_3D('',#6222,#5016,#5017);
#4451=AXIS2_PLACEMENT_3D('',#6226,#5020,#5021);
#4452=AXIS2_PLACEMENT_3D('',#6230,#5024,#5025);
#4453=AXIS2_PLACEMENT_3D('',#6232,#5027,#5028);
#4454=AXIS2_PLACEMENT_3D('',#6233,#5029,#5030);
#4455=AXIS2_PLACEMENT_3D('',#6234,#5031,#5032);
#4456=AXIS2_PLACEMENT_3D('',#6235,#5033,#5034);
#4457=AXIS2_PLACEMENT_3D('',#6240,#5036,#5037);
#4458=AXIS2_PLACEMENT_3D('',#6245,#5040,#5041);
#4459=AXIS2_PLACEMENT_3D('',#6251,#5042,#5043);
#4460=AXIS2_PLACEMENT_3D('',#6257,#5044,#5045);
#4461=AXIS2_PLACEMENT_3D('',#6260,#5047,#5048);
#4462=AXIS2_PLACEMENT_3D('',#6263,#5050,#5051);
#4463=AXIS2_PLACEMENT_3D('',#6266,#5053,#5054);
#4464=AXIS2_PLACEMENT_3D('',#6269,#5056,#5057);
#4465=AXIS2_PLACEMENT_3D('',#6272,#5059,#5060);
#4466=AXIS2_PLACEMENT_3D('',#6274,#5061,#5062);
#4467=AXIS2_PLACEMENT_3D('',#6276,#5063,#5064);
#4468=AXIS2_PLACEMENT_3D('',#6278,#5065,#5066);
#4469=AXIS2_PLACEMENT_3D('',#6280,#5067,#5068);
#4470=AXIS2_PLACEMENT_3D('',#6283,#5070,#5071);
#4471=AXIS2_PLACEMENT_3D('',#6289,#5075,#5076);
#4472=AXIS2_PLACEMENT_3D('',#6297,#5080,#5081);
#4473=AXIS2_PLACEMENT_3D('',#6301,#5083,#5084);
#4474=AXIS2_PLACEMENT_3D('',#6309,#5088,#5089);
#4475=AXIS2_PLACEMENT_3D('',#6313,#5091,#5092);
#4476=AXIS2_PLACEMENT_3D('',#6322,#5097,#5098);
#4477=AXIS2_PLACEMENT_3D('',#6328,#5102,#5103);
#4478=AXIS2_PLACEMENT_3D('',#6334,#5107,#5108);
#4479=AXIS2_PLACEMENT_3D('',#6346,#5114,#5115);
#4480=AXIS2_PLACEMENT_3D('',#6347,#5116,#5117);
#4481=AXIS2_PLACEMENT_3D('',#6355,#5121,#5122);
#4482=AXIS2_PLACEMENT_3D('',#6356,#5123,#5124);
#4483=AXIS2_PLACEMENT_3D('',#6361,#5127,#5128);
#4484=AXIS2_PLACEMENT_3D('',#6362,#5129,#5130);
#4485=AXIS2_PLACEMENT_3D('',#6366,#5132,#5133);
#4486=AXIS2_PLACEMENT_3D('',#6367,#5134,#5135);
#4487=AXIS2_PLACEMENT_3D('',#6371,#5137,#5138);
#4488=AXIS2_PLACEMENT_3D('',#6375,#5140,#5141);
#4489=AXIS2_PLACEMENT_3D('',#6376,#5142,#5143);
#4490=AXIS2_PLACEMENT_3D('',#6383,#5147,#5148);
#4491=AXIS2_PLACEMENT_3D('',#6387,#5150,#5151);
#4492=AXIS2_PLACEMENT_3D('',#6395,#5155,#5156);
#4493=AXIS2_PLACEMENT_3D('',#6399,#5158,#5159);
#4494=AXIS2_PLACEMENT_3D('',#6406,#5163,#5164);
#4495=AXIS2_PLACEMENT_3D('',#6412,#5168,#5169);
#4496=AXIS2_PLACEMENT_3D('',#6418,#5173,#5174);
#4497=AXIS2_PLACEMENT_3D('',#6430,#5180,#5181);
#4498=AXIS2_PLACEMENT_3D('',#6431,#5182,#5183);
#4499=AXIS2_PLACEMENT_3D('',#6439,#5187,#5188);
#4500=AXIS2_PLACEMENT_3D('',#6440,#5189,#5190);
#4501=AXIS2_PLACEMENT_3D('',#6445,#5193,#5194);
#4502=AXIS2_PLACEMENT_3D('',#6446,#5195,#5196);
#4503=AXIS2_PLACEMENT_3D('',#6450,#5198,#5199);
#4504=AXIS2_PLACEMENT_3D('',#6451,#5200,#5201);
#4505=AXIS2_PLACEMENT_3D('',#6455,#5203,#5204);
#4506=AXIS2_PLACEMENT_3D('',#6459,#5206,#5207);
#4507=AXIS2_PLACEMENT_3D('',#6460,#5208,#5209);
#4508=AXIS2_PLACEMENT_3D('',#6461,#5210,#5211);
#4509=AXIS2_PLACEMENT_3D('',#6471,#5220,#5221);
#4510=AXIS2_PLACEMENT_3D('',#6474,#5224,#5225);
#4511=AXIS2_PLACEMENT_3D('',#6481,#5230,#5231);
#4512=AXIS2_PLACEMENT_3D('',#6483,#5233,#5234);
#4513=AXIS2_PLACEMENT_3D('',#6485,#5236,#5237);
#4514=AXIS2_PLACEMENT_3D('',#6487,#5239,#5240);
#4515=AXIS2_PLACEMENT_3D('',#6489,#5242,#5243);
#4516=AXIS2_PLACEMENT_3D('',#6490,#5244,#5245);
#4517=AXIS2_PLACEMENT_3D('',#6492,#5247,#5248);
#4518=AXIS2_PLACEMENT_3D('',#6494,#5250,#5251);
#4519=AXIS2_PLACEMENT_3D('',#6496,#5253,#5254);
#4520=AXIS2_PLACEMENT_3D('',#6497,#5255,#5256);
#4521=AXIS2_PLACEMENT_3D('',#6499,#5258,#5259);
#4522=AXIS2_PLACEMENT_3D('',#6501,#5261,#5262);
#4523=AXIS2_PLACEMENT_3D('',#6503,#5264,#5265);
#4524=AXIS2_PLACEMENT_3D('',#6504,#5266,#5267);
#4525=AXIS2_PLACEMENT_3D('',#6506,#5269,#5270);
#4526=AXIS2_PLACEMENT_3D('',#6508,#5272,#5273);
#4527=AXIS2_PLACEMENT_3D('',#6510,#5275,#5276);
#4528=AXIS2_PLACEMENT_3D('',#6511,#5277,#5278);
#4529=AXIS2_PLACEMENT_3D('',#6513,#5280,#5281);
#4530=AXIS2_PLACEMENT_3D('',#6515,#5283,#5284);
#4531=AXIS2_PLACEMENT_3D('',#6517,#5286,#5287);
#4532=AXIS2_PLACEMENT_3D('',#6519,#5289,#5290);
#4533=AXIS2_PLACEMENT_3D('',#6520,#5291,#5292);
#4534=AXIS2_PLACEMENT_3D('',#6522,#5294,#5295);
#4535=AXIS2_PLACEMENT_3D('',#6524,#5297,#5298);
#4536=AXIS2_PLACEMENT_3D('',#6526,#5300,#5301);
#4537=AXIS2_PLACEMENT_3D('',#6528,#5303,#5304);
#4538=AXIS2_PLACEMENT_3D('',#6529,#5305,#5306);
#4539=AXIS2_PLACEMENT_3D('',#6530,#5307,#5308);
#4540=AXIS2_PLACEMENT_3D('',#6531,#5309,#5310);
#4541=AXIS2_PLACEMENT_3D('',#6534,#5313,#5314);
#4542=AXIS2_PLACEMENT_3D('',#6535,#5315,#5316);
#4543=AXIS2_PLACEMENT_3D('',#6536,#5317,#5318);
#4544=AXIS2_PLACEMENT_3D('',#6537,#5319,#5320);
#4545=AXIS2_PLACEMENT_3D('',#6538,#5321,#5322);
#4546=AXIS2_PLACEMENT_3D('',#6539,#5323,#5324);
#4547=AXIS2_PLACEMENT_3D('',#6541,#5325,#5326);
#4548=AXIS2_PLACEMENT_3D('',#6546,#5328,#5329);
#4549=AXIS2_PLACEMENT_3D('',#6548,#5330,#5331);
#4550=AXIS2_PLACEMENT_3D('',#6552,#5333,#5334);
#4551=AXIS2_PLACEMENT_3D('',#6556,#5336,#5337);
#4552=AXIS2_PLACEMENT_3D('',#6558,#5338,#5339);
#4553=AXIS2_PLACEMENT_3D('',#6561,#5341,#5342);
#4554=AXIS2_PLACEMENT_3D('',#6571,#5343,#5344);
#4555=AXIS2_PLACEMENT_3D('',#6581,#5345,#5346);
#4556=AXIS2_PLACEMENT_3D('',#6591,#5347,#5348);
#4557=AXIS2_PLACEMENT_3D('',#6601,#5349,#5350);
#4558=AXIS2_PLACEMENT_3D('',#6611,#5351,#5352);
#4559=AXIS2_PLACEMENT_3D('',#6621,#5353,#5354);
#4560=AXIS2_PLACEMENT_3D('',#6637,#5358,#5359);
#4561=AXIS2_PLACEMENT_3D('',#6649,#5361,#5362);
#4562=AXIS2_PLACEMENT_3D('',#6663,#5365,#5366);
#4563=AXIS2_PLACEMENT_3D('',#6677,#5369,#5370);
#4564=AXIS2_PLACEMENT_3D('',#6689,#5372,#5373);
#4565=AXIS2_PLACEMENT_3D('',#6701,#5375,#5376);
#4566=AXIS2_PLACEMENT_3D('',#6702,#5377,#5378);
#4567=AXIS2_PLACEMENT_3D('',#6703,#5379,#5380);
#4568=AXIS2_PLACEMENT_3D('',#6704,#5381,#5382);
#4569=AXIS2_PLACEMENT_3D('',#6705,#5383,#5384);
#4570=AXIS2_PLACEMENT_3D('',#6706,#5385,#5386);
#4571=AXIS2_PLACEMENT_3D('',#6707,#5387,#5388);
#4572=AXIS2_PLACEMENT_3D('',#6708,#5389,#5390);
#4573=AXIS2_PLACEMENT_3D('',#6709,#5391,#5392);
#4574=AXIS2_PLACEMENT_3D('',#6710,#5393,#5394);
#4575=AXIS2_PLACEMENT_3D('',#6711,#5395,#5396);
#4576=AXIS2_PLACEMENT_3D('',#6712,#5397,#5398);
#4577=AXIS2_PLACEMENT_3D('',#6714,#5399,#5400);
#4578=AXIS2_PLACEMENT_3D('',#6715,#5401,#5402);
#4579=AXIS2_PLACEMENT_3D('',#6716,#5403,#5404);
#4580=AXIS2_PLACEMENT_3D('',#6717,#5405,#5406);
#4581=AXIS2_PLACEMENT_3D('',#6719,#5407,#5408);
#4582=AXIS2_PLACEMENT_3D('',#6720,#5409,#5410);
#4583=AXIS2_PLACEMENT_3D('',#6722,#5411,#5412);
#4584=AXIS2_PLACEMENT_3D('',#6723,#5413,#5414);
#4585=AXIS2_PLACEMENT_3D('',#6724,#5415,#5416);
#4586=AXIS2_PLACEMENT_3D('',#6733,#5421,#5422);
#4587=AXIS2_PLACEMENT_3D('',#6734,#5423,#5424);
#4588=AXIS2_PLACEMENT_3D('',#6738,#5426,#5427);
#4589=AXIS2_PLACEMENT_3D('',#6739,#5428,#5429);
#4590=AXIS2_PLACEMENT_3D('',#6748,#5434,#5435);
#4591=AXIS2_PLACEMENT_3D('',#6754,#5439,#5440);
#4592=AXIS2_PLACEMENT_3D('',#6760,#5444,#5445);
#4593=AXIS2_PLACEMENT_3D('',#6761,#5446,#5447);
#4594=AXIS2_PLACEMENT_3D('',#6762,#5448,#5449);
#4595=AXIS2_PLACEMENT_3D('',#6763,#5450,#5451);
#4596=AXIS2_PLACEMENT_3D('',#6769,#5455,#5456);
#4597=AXIS2_PLACEMENT_3D('',#6771,#5458,#5459);
#4598=AXIS2_PLACEMENT_3D('',#6777,#5463,#5464);
#4599=AXIS2_PLACEMENT_3D('',#6778,#5465,#5466);
#4600=AXIS2_PLACEMENT_3D('',#6785,#5470,#5471);
#4601=AXIS2_PLACEMENT_3D('',#6792,#5475,#5476);
#4602=AXIS2_PLACEMENT_3D('',#6793,#5477,#5478);
#4603=AXIS2_PLACEMENT_3D('',#6795,#5480,#5481);
#4604=AXIS2_PLACEMENT_3D('',#6797,#5483,#5484);
#4605=AXIS2_PLACEMENT_3D('',#6799,#5486,#5487);
#4606=AXIS2_PLACEMENT_3D('',#6800,#5488,#5489);
#4607=AXIS2_PLACEMENT_3D('',#6801,#5490,#5491);
#4608=AXIS2_PLACEMENT_3D('',#6802,#5492,#5493);
#4609=AXIS2_PLACEMENT_3D('',#6807,#5495,#5496);
#4610=AXIS2_PLACEMENT_3D('',#6810,#5498,#5499);
#4611=AXIS2_PLACEMENT_3D('',#6816,#5503,#5504);
#4612=AXIS2_PLACEMENT_3D('',#6817,#5505,#5506);
#4613=AXIS2_PLACEMENT_3D('',#6821,#5508,#5509);
#4614=AXIS2_PLACEMENT_3D('',#6822,#5510,#5511);
#4615=AXIS2_PLACEMENT_3D('',#6828,#5515,#5516);
#4616=AXIS2_PLACEMENT_3D('',#6829,#5517,#5518);
#4617=AXIS2_PLACEMENT_3D('',#6833,#5520,#5521);
#4618=AXIS2_PLACEMENT_3D('',#6834,#5522,#5523);
#4619=AXIS2_PLACEMENT_3D('',#6840,#5527,#5528);
#4620=AXIS2_PLACEMENT_3D('',#6841,#5529,#5530);
#4621=AXIS2_PLACEMENT_3D('',#6845,#5532,#5533);
#4622=AXIS2_PLACEMENT_3D('',#6846,#5534,#5535);
#4623=AXIS2_PLACEMENT_3D('',#6852,#5539,#5540);
#4624=AXIS2_PLACEMENT_3D('',#6853,#5541,#5542);
#4625=AXIS2_PLACEMENT_3D('',#6857,#5544,#5545);
#4626=AXIS2_PLACEMENT_3D('',#6858,#5546,#5547);
#4627=AXIS2_PLACEMENT_3D('',#6864,#5551,#5552);
#4628=AXIS2_PLACEMENT_3D('',#6865,#5553,#5554);
#4629=AXIS2_PLACEMENT_3D('',#6869,#5556,#5557);
#4630=AXIS2_PLACEMENT_3D('',#6870,#5558,#5559);
#4631=AXIS2_PLACEMENT_3D('',#6876,#5563,#5564);
#4632=AXIS2_PLACEMENT_3D('',#6877,#5565,#5566);
#4633=AXIS2_PLACEMENT_3D('',#6881,#5568,#5569);
#4634=AXIS2_PLACEMENT_3D('',#6882,#5570,#5571);
#4635=AXIS2_PLACEMENT_3D('',#6888,#5575,#5576);
#4636=AXIS2_PLACEMENT_3D('',#6889,#5577,#5578);
#4637=AXIS2_PLACEMENT_3D('',#6893,#5580,#5581);
#4638=AXIS2_PLACEMENT_3D('',#6894,#5582,#5583);
#4639=AXIS2_PLACEMENT_3D('',#6900,#5587,#5588);
#4640=AXIS2_PLACEMENT_3D('',#6901,#5589,#5590);
#4641=AXIS2_PLACEMENT_3D('',#6905,#5592,#5593);
#4642=AXIS2_PLACEMENT_3D('',#6906,#5594,#5595);
#4643=AXIS2_PLACEMENT_3D('',#6912,#5599,#5600);
#4644=AXIS2_PLACEMENT_3D('',#6913,#5601,#5602);
#4645=AXIS2_PLACEMENT_3D('',#6917,#5604,#5605);
#4646=AXIS2_PLACEMENT_3D('',#6918,#5606,#5607);
#4647=AXIS2_PLACEMENT_3D('',#6924,#5611,#5612);
#4648=AXIS2_PLACEMENT_3D('',#6925,#5613,#5614);
#4649=AXIS2_PLACEMENT_3D('',#6929,#5616,#5617);
#4650=AXIS2_PLACEMENT_3D('',#6930,#5618,#5619);
#4651=AXIS2_PLACEMENT_3D('',#6936,#5623,#5624);
#4652=AXIS2_PLACEMENT_3D('',#6937,#5625,#5626);
#4653=AXIS2_PLACEMENT_3D('',#6941,#5628,#5629);
#4654=AXIS2_PLACEMENT_3D('',#6942,#5630,#5631);
#4655=AXIS2_PLACEMENT_3D('',#6948,#5635,#5636);
#4656=AXIS2_PLACEMENT_3D('',#6949,#5637,#5638);
#4657=AXIS2_PLACEMENT_3D('',#6953,#5640,#5641);
#4658=AXIS2_PLACEMENT_3D('',#6954,#5642,#5643);
#4659=AXIS2_PLACEMENT_3D('',#6960,#5647,#5648);
#4660=AXIS2_PLACEMENT_3D('',#6961,#5649,#5650);
#4661=AXIS2_PLACEMENT_3D('',#6965,#5652,#5653);
#4662=AXIS2_PLACEMENT_3D('',#6966,#5654,#5655);
#4663=AXIS2_PLACEMENT_3D('',#6972,#5659,#5660);
#4664=AXIS2_PLACEMENT_3D('',#6973,#5661,#5662);
#4665=AXIS2_PLACEMENT_3D('',#6977,#5664,#5665);
#4666=AXIS2_PLACEMENT_3D('',#6978,#5666,#5667);
#4667=AXIS2_PLACEMENT_3D('',#6984,#5671,#5672);
#4668=AXIS2_PLACEMENT_3D('',#6985,#5673,#5674);
#4669=AXIS2_PLACEMENT_3D('',#6989,#5676,#5677);
#4670=AXIS2_PLACEMENT_3D('',#6990,#5678,#5679);
#4671=AXIS2_PLACEMENT_3D('',#6996,#5683,#5684);
#4672=AXIS2_PLACEMENT_3D('',#6997,#5685,#5686);
#4673=AXIS2_PLACEMENT_3D('',#7001,#5688,#5689);
#4674=AXIS2_PLACEMENT_3D('',#7002,#5690,#5691);
#4675=AXIS2_PLACEMENT_3D('',#7008,#5695,#5696);
#4676=AXIS2_PLACEMENT_3D('',#7009,#5697,#5698);
#4677=AXIS2_PLACEMENT_3D('',#7013,#5700,#5701);
#4678=AXIS2_PLACEMENT_3D('',#7014,#5702,#5703);
#4679=AXIS2_PLACEMENT_3D('',#7017,#5706,#5707);
#4680=AXIS2_PLACEMENT_3D('',#7018,#5708,#5709);
#4681=AXIS2_PLACEMENT_3D('',#7020,#5710,#5711);
#4682=AXIS2_PLACEMENT_3D('',#7022,#5712,#5713);
#4683=AXIS2_PLACEMENT_3D('',#7023,#5714,#5715);
#4684=AXIS2_PLACEMENT_3D('',#7024,#5716,#5717);
#4685=AXIS2_PLACEMENT_3D('',#7025,#5718,#5719);
#4686=AXIS2_PLACEMENT_3D('',#7026,#5720,#5721);
#4687=AXIS2_PLACEMENT_3D('',#7035,#5726,#5727);
#4688=AXIS2_PLACEMENT_3D('',#7036,#5728,#5729);
#4689=AXIS2_PLACEMENT_3D('',#7040,#5731,#5732);
#4690=AXIS2_PLACEMENT_3D('',#7041,#5733,#5734);
#4691=AXIS2_PLACEMENT_3D('',#7047,#5738,#5739);
#4692=AXIS2_PLACEMENT_3D('',#7048,#5740,#5741);
#4693=AXIS2_PLACEMENT_3D('',#7052,#5743,#5744);
#4694=AXIS2_PLACEMENT_3D('',#7053,#5745,#5746);
#4695=AXIS2_PLACEMENT_3D('',#7059,#5750,#5751);
#4696=AXIS2_PLACEMENT_3D('',#7060,#5752,#5753);
#4697=AXIS2_PLACEMENT_3D('',#7064,#5755,#5756);
#4698=AXIS2_PLACEMENT_3D('',#7065,#5757,#5758);
#4699=AXIS2_PLACEMENT_3D('',#7071,#5762,#5763);
#4700=AXIS2_PLACEMENT_3D('',#7072,#5764,#5765);
#4701=AXIS2_PLACEMENT_3D('',#7073,#5766,#5767);
#4702=AXIS2_PLACEMENT_3D('',#7074,#5768,#5769);
#4703=AXIS2_PLACEMENT_3D('',#7075,#5770,#5771);
#4704=AXIS2_PLACEMENT_3D('',#7100,#5784,#5785);
#4705=AXIS2_PLACEMENT_3D('',#7106,#5789,#5790);
#4706=AXIS2_PLACEMENT_3D('',#7112,#5794,#5795);
#4707=AXIS2_PLACEMENT_3D('',#7115,#5798,#5799);
#4708=AXIS2_PLACEMENT_3D('',#7124,#5804,#5805);
#4709=AXIS2_PLACEMENT_3D('',#7130,#5809,#5810);
#4710=AXIS2_PLACEMENT_3D('',#7136,#5814,#5815);
#4711=AXIS2_PLACEMENT_3D('',#7139,#5818,#5819);
#4712=AXIS2_PLACEMENT_3D('',#7140,#5820,#5821);
#4713=AXIS2_PLACEMENT_3D('',#7141,#5822,#5823);
#4714=AXIS2_PLACEMENT_3D('',#7147,#5827,#5828);
#4715=AXIS2_PLACEMENT_3D('',#7153,#5832,#5833);
#4716=AXIS2_PLACEMENT_3D('',#7156,#5836,#5837);
#4717=AXIS2_PLACEMENT_3D('',#7165,#5842,#5843);
#4718=AXIS2_PLACEMENT_3D('',#7171,#5847,#5848);
#4719=AXIS2_PLACEMENT_3D('',#7177,#5852,#5853);
#4720=AXIS2_PLACEMENT_3D('',#7180,#5856,#5857);
#4721=AXIS2_PLACEMENT_3D('',#7181,#5858,#5859);
#4722=AXIS2_PLACEMENT_3D('',#7182,#5860,#5861);
#4723=AXIS2_PLACEMENT_3D('',#7188,#5865,#5866);
#4724=AXIS2_PLACEMENT_3D('',#7194,#5870,#5871);
#4725=AXIS2_PLACEMENT_3D('',#7197,#5874,#5875);
#4726=AXIS2_PLACEMENT_3D('',#7206,#5880,#5881);
#4727=AXIS2_PLACEMENT_3D('',#7212,#5885,#5886);
#4728=AXIS2_PLACEMENT_3D('',#7218,#5890,#5891);
#4729=AXIS2_PLACEMENT_3D('',#7221,#5894,#5895);
#4730=AXIS2_PLACEMENT_3D('',#7222,#5896,#5897);
#4731=AXIS2_PLACEMENT_3D('',#7223,#5898,#5899);
#4732=AXIS2_PLACEMENT_3D('',#7224,#5900,#5901);
#4733=AXIS2_PLACEMENT_3D('',#7225,#5902,#5903);
#4734=AXIS2_PLACEMENT_3D('',#7227,#5904,#5905);
#4735=AXIS2_PLACEMENT_3D('',#7228,#5906,#5907);
#4736=AXIS2_PLACEMENT_3D('',#7230,#5908,#5909);
#4737=AXIS2_PLACEMENT_3D('',#7231,#5910,#5911);
#4738=AXIS2_PLACEMENT_3D('',#7233,#5912,#5913);
#4739=DIRECTION('',(0.,0.,1.));
#4740=DIRECTION('',(1.,0.,0.));
#4741=DIRECTION('',(0.,1.,0.));
#4742=DIRECTION('',(0.,0.,1.));
#4743=DIRECTION('',(0.,0.,-1.));
#4744=DIRECTION('',(-1.,0.,0.));
#4745=DIRECTION('',(0.,0.,1.));
#4746=DIRECTION('',(1.,0.,0.));
#4747=DIRECTION('',(0.,0.,1.));
#4748=DIRECTION('',(0.,1.,0.));
#4749=DIRECTION('',(1.,0.,0.));
#4750=DIRECTION('',(-1.,0.,0.));
#4751=DIRECTION('',(0.,1.,0.));
#4752=DIRECTION('',(1.,0.,0.));
#4753=DIRECTION('',(0.,0.,-1.));
#4754=DIRECTION('',(0.,1.,0.));
#4755=DIRECTION('',(1.,0.,0.));
#4756=DIRECTION('',(1.,0.,0.));
#4757=DIRECTION('',(0.,1.,0.));
#4758=DIRECTION('',(1.,0.,0.));
#4759=DIRECTION('',(0.,0.,-1.));
#4760=DIRECTION('',(-1.,0.,0.));
#4761=DIRECTION('',(0.,0.,1.));
#4762=DIRECTION('',(1.,0.,0.));
#4763=DIRECTION('',(0.,0.,-1.));
#4764=DIRECTION('',(-1.,0.,0.));
#4765=DIRECTION('',(0.,0.,1.));
#4766=DIRECTION('',(1.,0.,0.));
#4767=DIRECTION('',(0.,0.,-1.));
#4768=DIRECTION('',(-1.,0.,0.));
#4769=DIRECTION('',(-1.,0.,0.));
#4770=DIRECTION('',(0.,1.,0.));
#4771=DIRECTION('',(-1.,0.,0.));
#4772=DIRECTION('',(0.,1.,0.));
#4773=DIRECTION('',(-1.,0.,0.));
#4774=DIRECTION('',(0.,0.,1.));
#4775=DIRECTION('',(0.,0.,1.));
#4776=DIRECTION('',(0.,0.,1.));
#4777=DIRECTION('',(0.,1.,0.));
#4778=DIRECTION('',(0.,1.,0.));
#4779=DIRECTION('',(0.,0.,1.));
#4780=DIRECTION('',(0.,1.,0.));
#4781=DIRECTION('',(1.,0.,0.));
#4782=DIRECTION('',(0.,1.,0.));
#4783=DIRECTION('',(1.,0.,0.));
#4784=DIRECTION('',(0.,1.,0.));
#4785=DIRECTION('',(0.,0.,1.));
#4786=DIRECTION('',(1.,0.,0.));
#4787=DIRECTION('',(1.,0.,0.));
#4788=DIRECTION('',(1.,0.,0.));
#4789=DIRECTION('',(0.,1.,0.));
#4790=DIRECTION('',(0.,1.,0.));
#4791=DIRECTION('',(0.,0.,1.));
#4792=DIRECTION('',(0.,1.,0.));
#4793=DIRECTION('',(1.,0.,0.));
#4794=DIRECTION('',(0.,1.,0.));
#4795=DIRECTION('',(1.,0.,0.));
#4796=DIRECTION('',(0.,1.,0.));
#4797=DIRECTION('',(1.,0.,0.));
#4798=DIRECTION('',(0.,0.,-1.));
#4799=DIRECTION('',(0.,0.,-1.));
#4800=DIRECTION('',(0.,0.,-1.));
#4801=DIRECTION('',(0.,1.,0.));
#4802=DIRECTION('',(0.,0.,-1.));
#4803=DIRECTION('',(-1.,0.,0.));
#4804=DIRECTION('',(-1.,0.,0.));
#4805=DIRECTION('',(-1.,0.,0.));
#4806=DIRECTION('',(0.,1.,0.));
#4807=DIRECTION('',(1.,0.,0.));
#4808=DIRECTION('',(0.,0.,-1.));
#4809=DIRECTION('',(0.,0.,-1.));
#4810=DIRECTION('',(0.,0.,-1.));
#4811=DIRECTION('',(0.,1.,0.));
#4812=DIRECTION('',(0.17364817766693,0.,-0.984807753012208));
#4813=DIRECTION('',(-0.984807753012208,0.,-0.17364817766693));
#4814=DIRECTION('',(-0.984807753012208,0.,-0.17364817766693));
#4815=DIRECTION('',(-0.984807753012208,0.,-0.17364817766693));
#4816=DIRECTION('',(0.,1.,0.));
#4817=DIRECTION('',(1.,0.,0.));
#4818=DIRECTION('',(0.,0.,-1.));
#4819=DIRECTION('',(0.,0.,-1.));
#4820=DIRECTION('',(0.,0.,-1.));
#4821=DIRECTION('',(0.,1.,0.));
#4822=DIRECTION('',(0.17364817766693,0.,0.984807753012208));
#4823=DIRECTION('',(0.984807753012208,0.,-0.17364817766693));
#4824=DIRECTION('',(0.984807753012208,0.,-0.17364817766693));
#4825=DIRECTION('',(0.984807753012208,0.,-0.17364817766693));
#4826=DIRECTION('',(0.,1.,0.));
#4827=DIRECTION('',(1.,0.,0.));
#4828=DIRECTION('',(0.,0.,-1.));
#4829=DIRECTION('',(0.,0.,-1.));
#4830=DIRECTION('',(0.,0.,-1.));
#4831=DIRECTION('',(0.,1.,0.));
#4832=DIRECTION('',(0.173648177666931,0.,-0.984807753012208));
#4833=DIRECTION('',(-0.984807753012208,0.,-0.173648177666931));
#4834=DIRECTION('',(-0.984807753012208,0.,-0.173648177666931));
#4835=DIRECTION('',(-0.984807753012208,0.,-0.173648177666931));
#4836=DIRECTION('',(0.,1.,0.));
#4837=DIRECTION('',(1.,0.,0.));
#4838=DIRECTION('',(0.,0.,-1.));
#4839=DIRECTION('',(0.,0.,-1.));
#4840=DIRECTION('',(0.,0.,-1.));
#4841=DIRECTION('',(0.,1.,0.));
#4842=DIRECTION('',(0.17364817766693,0.,0.984807753012208));
#4843=DIRECTION('',(0.984807753012208,0.,-0.17364817766693));
#4844=DIRECTION('',(0.984807753012208,0.,-0.17364817766693));
#4845=DIRECTION('',(0.984807753012208,0.,-0.17364817766693));
#4846=DIRECTION('',(0.,1.,0.));
#4847=DIRECTION('',(1.,0.,0.));
#4848=DIRECTION('',(0.,0.,-1.));
#4849=DIRECTION('',(0.,0.,-1.));
#4850=DIRECTION('',(0.,0.,-1.));
#4851=DIRECTION('',(0.,1.,0.));
#4852=DIRECTION('',(0.,0.,1.));
#4853=DIRECTION('',(1.,0.,0.));
#4854=DIRECTION('',(1.,0.,0.));
#4855=DIRECTION('',(1.,0.,0.));
#4856=DIRECTION('',(0.,1.,0.));
#4857=DIRECTION('',(1.,0.,0.));
#4858=DIRECTION('',(0.,0.,-1.));
#4859=DIRECTION('',(0.,0.,-1.));
#4860=DIRECTION('',(0.,0.,-1.));
#4861=DIRECTION('',(0.,1.,0.));
#4862=DIRECTION('',(0.,1.,0.));
#4863=DIRECTION('',(0.,0.,1.));
#4864=DIRECTION('',(0.,1.,0.));
#4865=DIRECTION('',(1.,0.,0.));
#4866=DIRECTION('',(0.,1.,0.));
#4867=DIRECTION('',(1.,0.,0.));
#4868=DIRECTION('',(0.,1.,0.));
#4869=DIRECTION('',(0.,0.,-1.));
#4870=DIRECTION('',(-1.,0.,0.));
#4871=DIRECTION('',(-1.,0.,0.));
#4872=DIRECTION('',(-1.,0.,0.));
#4873=DIRECTION('',(0.,1.,0.));
#4874=DIRECTION('',(0.,1.,0.));
#4875=DIRECTION('',(0.,0.,1.));
#4876=DIRECTION('',(0.,1.,0.));
#4877=DIRECTION('',(1.,0.,0.));
#4878=DIRECTION('',(0.,1.,0.));
#4879=DIRECTION('',(1.,0.,0.));
#4880=DIRECTION('',(0.,1.,0.));
#4881=DIRECTION('',(-1.,0.,0.));
#4882=DIRECTION('',(0.,0.,1.));
#4883=DIRECTION('',(0.,0.,1.));
#4884=DIRECTION('',(0.,0.,1.));
#4885=DIRECTION('',(0.,1.,0.));
#4886=DIRECTION('',(0.,0.,1.));
#4887=DIRECTION('',(1.,0.,0.));
#4888=DIRECTION('',(1.,0.,0.));
#4889=DIRECTION('',(1.,0.,0.));
#4890=DIRECTION('',(0.,1.,0.));
#4891=DIRECTION('',(-1.,0.,0.));
#4892=DIRECTION('',(0.,0.,1.));
#4893=DIRECTION('',(0.,0.,1.));
#4894=DIRECTION('',(0.,0.,1.));
#4895=DIRECTION('',(0.,1.,0.));
#4896=DIRECTION('',(-0.173648177666931,0.,0.984807753012208));
#4897=DIRECTION('',(0.984807753012208,0.,0.173648177666931));
#4898=DIRECTION('',(0.984807753012208,0.,0.173648177666931));
#4899=DIRECTION('',(0.984807753012208,0.,0.173648177666931));
#4900=DIRECTION('',(0.,1.,0.));
#4901=DIRECTION('',(-1.,0.,0.));
#4902=DIRECTION('',(0.,0.,1.));
#4903=DIRECTION('',(0.,0.,1.));
#4904=DIRECTION('',(0.,0.,1.));
#4905=DIRECTION('',(0.,1.,0.));
#4906=DIRECTION('',(-0.17364817766693,0.,-0.984807753012208));
#4907=DIRECTION('',(-0.984807753012208,0.,0.17364817766693));
#4908=DIRECTION('',(-0.984807753012208,0.,0.17364817766693));
#4909=DIRECTION('',(-0.984807753012208,0.,0.17364817766693));
#4910=DIRECTION('',(0.,1.,0.));
#4911=DIRECTION('',(-1.,0.,0.));
#4912=DIRECTION('',(0.,0.,1.));
#4913=DIRECTION('',(0.,0.,1.));
#4914=DIRECTION('',(0.,0.,1.));
#4915=DIRECTION('',(0.,1.,0.));
#4916=DIRECTION('',(-0.173648177666932,0.,0.984807753012208));
#4917=DIRECTION('',(0.984807753012208,0.,0.173648177666932));
#4918=DIRECTION('',(0.984807753012208,0.,0.173648177666932));
#4919=DIRECTION('',(0.984807753012208,0.,0.173648177666932));
#4920=DIRECTION('',(0.,1.,0.));
#4921=DIRECTION('',(-1.,0.,0.));
#4922=DIRECTION('',(0.,0.,1.));
#4923=DIRECTION('',(0.,0.,1.));
#4924=DIRECTION('',(0.,0.,1.));
#4925=DIRECTION('',(0.,1.,0.));
#4926=DIRECTION('',(-0.173648177666929,0.,-0.984807753012208));
#4927=DIRECTION('',(-0.984807753012208,0.,0.173648177666929));
#4928=DIRECTION('',(-0.984807753012208,0.,0.17364817766693));
#4929=DIRECTION('',(-0.984807753012208,0.,0.17364817766693));
#4930=DIRECTION('',(0.,1.,0.));
#4931=DIRECTION('',(-1.,0.,0.));
#4932=DIRECTION('',(0.,0.,1.));
#4933=DIRECTION('',(0.,0.,1.));
#4934=DIRECTION('',(0.,0.,1.));
#4935=DIRECTION('',(0.,1.,0.));
#4936=DIRECTION('',(0.,0.,1.));
#4937=DIRECTION('',(0.,0.,1.));
#4938=DIRECTION('',(0.,1.,0.));
#4939=DIRECTION('',(1.,0.,0.));
#4940=DIRECTION('',(1.,0.,0.));
#4941=DIRECTION('',(0.,1.,0.));
#4942=DIRECTION('',(1.,0.,0.));
#4943=DIRECTION('',(0.,0.,-1.));
#4944=DIRECTION('',(0.,1.,0.));
#4945=DIRECTION('',(1.,0.,0.));
#4946=DIRECTION('',(-1.,0.,0.));
#4947=DIRECTION('',(0.,1.,0.));
#4948=DIRECTION('',(1.,0.,0.));
#4949=DIRECTION('',(0.,1.,0.));
#4950=DIRECTION('',(0.,0.,1.));
#4951=DIRECTION('',(1.,0.,0.));
#4952=DIRECTION('',(0.,0.,-1.));
#4953=DIRECTION('',(0.,-1.,0.));
#4954=DIRECTION('',(0.,-1.,0.));
#4955=DIRECTION('',(0.,-1.,0.));
#4956=DIRECTION('',(0.,0.,-1.));
#4957=DIRECTION('',(0.,-1.,0.));
#4958=DIRECTION('',(0.,0.,-1.));
#4959=DIRECTION('',(-1.,0.,0.));
#4960=DIRECTION('',(0.,-1.,0.));
#4961=DIRECTION('',(0.,-1.,0.));
#4962=DIRECTION('',(0.,0.,-1.));
#4963=DIRECTION('',(0.,-1.,0.));
#4964=DIRECTION('',(-1.,0.,0.));
#4965=DIRECTION('',(0.,0.,1.));
#4966=DIRECTION('',(0.,-1.,0.));
#4967=DIRECTION('',(0.,-1.,0.));
#4968=DIRECTION('',(0.,0.,-1.));
#4969=DIRECTION('',(0.,-1.,0.));
#4970=DIRECTION('',(0.,0.,1.));
#4971=DIRECTION('',(1.,0.,0.));
#4972=DIRECTION('',(0.,-1.,0.));
#4973=DIRECTION('',(0.,-1.,0.));
#4974=DIRECTION('',(0.,0.,-1.));
#4975=DIRECTION('',(1.,0.,0.));
#4976=DIRECTION('',(0.,0.,-1.));
#4977=DIRECTION('',(0.,-1.,0.));
#4978=DIRECTION('',(0.,0.,1.));
#4979=DIRECTION('',(0.,-1.,0.));
#4980=DIRECTION('',(0.,0.,-1.));
#4981=DIRECTION('',(-1.,0.,0.));
#4982=DIRECTION('',(1.,0.,0.));
#4983=DIRECTION('',(0.,-1.,0.));
#4984=DIRECTION('',(-1.,0.,0.));
#4985=DIRECTION('',(0.,0.,1.));
#4986=DIRECTION('',(0.,0.,-1.));
#4987=DIRECTION('',(0.,-1.,0.));
#4988=DIRECTION('',(0.,0.,1.));
#4989=DIRECTION('',(1.,0.,0.));
#4990=DIRECTION('',(-1.,0.,0.));
#4991=DIRECTION('',(0.,1.,0.));
#4992=DIRECTION('',(0.,0.,1.));
#4993=DIRECTION('',(1.,0.,0.));
#4994=DIRECTION('',(0.,0.,-1.));
#4995=DIRECTION('',(0.,-1.,0.));
#4996=DIRECTION('',(0.,0.,1.));
#4997=DIRECTION('',(0.,-1.,0.));
#4998=DIRECTION('',(0.,0.,-1.));
#4999=DIRECTION('',(-1.,0.,0.));
#5000=DIRECTION('',(1.,0.,0.));
#5001=DIRECTION('',(0.,-1.,0.));
#5002=DIRECTION('',(-1.,0.,0.));
#5003=DIRECTION('',(0.,0.,1.));
#5004=DIRECTION('',(0.,0.,-1.));
#5005=DIRECTION('',(0.,-1.,0.));
#5006=DIRECTION('',(0.,0.,1.));
#5007=DIRECTION('',(1.,0.,0.));
#5008=DIRECTION('',(-1.,0.,0.));
#5009=DIRECTION('',(0.,1.,0.));
#5010=DIRECTION('',(0.,0.,1.));
#5011=DIRECTION('',(1.,0.,0.));
#5012=DIRECTION('',(0.,0.,-1.));
#5013=DIRECTION('',(0.,-1.,0.));
#5014=DIRECTION('',(0.,0.,1.));
#5015=DIRECTION('',(0.,-1.,0.));
#5016=DIRECTION('',(0.,0.,-1.));
#5017=DIRECTION('',(-1.,0.,0.));
#5018=DIRECTION('',(1.,0.,0.));
#5019=DIRECTION('',(0.,-1.,0.));
#5020=DIRECTION('',(-1.,0.,0.));
#5021=DIRECTION('',(0.,0.,1.));
#5022=DIRECTION('',(0.,0.,-1.));
#5023=DIRECTION('',(0.,-1.,0.));
#5024=DIRECTION('',(0.,0.,1.));
#5025=DIRECTION('',(1.,0.,0.));
#5026=DIRECTION('',(-1.,0.,0.));
#5027=DIRECTION('',(0.,1.,0.));
#5028=DIRECTION('',(0.,0.,1.));
#5029=DIRECTION('',(0.,0.,1.));
#5030=DIRECTION('',(1.,0.,0.));
#5031=DIRECTION('',(0.,-1.,0.));
#5032=DIRECTION('',(0.,0.,-1.));
#5033=DIRECTION('',(0.,-1.,0.));
#5034=DIRECTION('',(0.,0.,-1.));
#5035=DIRECTION('',(0.,0.,1.));
#5036=DIRECTION('',(0.,-1.,0.));
#5037=DIRECTION('',(0.,0.,-1.));
#5038=DIRECTION('',(0.,0.,-1.));
#5039=DIRECTION('',(1.,0.,-1.10155161034849E-15));
#5040=DIRECTION('',(0.,-1.,0.));
#5041=DIRECTION('',(0.,0.,-1.));
#5042=DIRECTION('',(0.,-1.,0.));
#5043=DIRECTION('',(0.,0.,-1.));
#5044=DIRECTION('',(0.,-1.,0.));
#5045=DIRECTION('',(0.,0.,-1.));
#5046=DIRECTION('',(0.,-1.,0.));
#5047=DIRECTION('',(0.,-1.,0.));
#5048=DIRECTION('',(0.,0.,-1.));
#5049=DIRECTION('',(0.,-1.,0.));
#5050=DIRECTION('',(0.,-1.,0.));
#5051=DIRECTION('',(0.,0.,-1.));
#5052=DIRECTION('',(0.,0.,1.));
#5053=DIRECTION('',(0.,-1.,0.));
#5054=DIRECTION('',(0.,0.,-1.));
#5055=DIRECTION('',(0.,0.,-1.));
#5056=DIRECTION('',(0.,-1.,0.));
#5057=DIRECTION('',(0.,0.,-1.));
#5058=DIRECTION('',(0.,-1.,0.));
#5059=DIRECTION('',(0.,-1.,0.));
#5060=DIRECTION('',(0.,0.,-1.));
#5061=DIRECTION('',(0.,-1.,0.));
#5062=DIRECTION('',(0.,0.,-1.));
#5063=DIRECTION('',(0.,-1.,0.));
#5064=DIRECTION('',(0.,0.,-1.));
#5065=DIRECTION('',(0.,-1.,0.));
#5066=DIRECTION('',(0.,0.,-1.));
#5067=DIRECTION('',(0.,-1.,0.));
#5068=DIRECTION('',(0.,0.,-1.));
#5069=DIRECTION('',(0.,-1.,0.));
#5070=DIRECTION('',(0.,-1.,0.));
#5071=DIRECTION('',(0.,0.,-1.));
#5072=DIRECTION('',(0.,0.,-1.));
#5073=DIRECTION('',(-1.,0.,0.));
#5074=DIRECTION('',(0.,0.,-1.));
#5075=DIRECTION('',(1.,0.,0.));
#5076=DIRECTION('',(0.,0.,-1.));
#5077=DIRECTION('',(0.,-1.,0.));
#5078=DIRECTION('',(0.,0.,1.));
#5079=DIRECTION('',(0.,-1.,0.));
#5080=DIRECTION('',(1.,0.,0.));
#5081=DIRECTION('',(0.,0.,-1.));
#5082=DIRECTION('',(0.,0.,-1.));
#5083=DIRECTION('',(1.,0.,0.));
#5084=DIRECTION('',(0.,0.,-1.));
#5085=DIRECTION('',(0.,1.,-1.26474444151123E-15));
#5086=DIRECTION('',(0.,2.20310322069699E-16,1.));
#5087=DIRECTION('',(0.,-1.,-1.26474444151123E-15));
#5088=DIRECTION('',(1.,0.,0.));
#5089=DIRECTION('',(0.,0.,-1.));
#5090=DIRECTION('',(0.,0.,-1.));
#5091=DIRECTION('',(1.,0.,0.));
#5092=DIRECTION('',(0.,0.,-1.));
#5093=DIRECTION('',(0.,1.,0.));
#5094=DIRECTION('',(0.,0.,1.));
#5095=DIRECTION('',(0.,1.,0.));
#5096=DIRECTION('',(0.,0.,-1.));
#5097=DIRECTION('',(0.,1.,0.));
#5098=DIRECTION('',(0.,0.,1.));
#5099=DIRECTION('',(-1.,0.,0.));
#5100=DIRECTION('',(0.,0.,-1.));
#5101=DIRECTION('',(-1.,0.,0.));
#5102=DIRECTION('',(0.,1.,0.));
#5103=DIRECTION('',(0.,0.,1.));
#5104=DIRECTION('',(-1.,0.,0.));
#5105=DIRECTION('',(0.,0.,-1.));
#5106=DIRECTION('',(-1.,0.,0.));
#5107=DIRECTION('',(-1.,0.,0.));
#5108=DIRECTION('',(0.,0.,1.));
#5109=DIRECTION('',(0.,-1.,0.));
#5110=DIRECTION('',(0.,0.,-1.));
#5111=DIRECTION('',(0.,1.,0.));
#5112=DIRECTION('',(0.,0.,1.));
#5113=DIRECTION('',(0.,1.,0.));
#5114=DIRECTION('',(-1.,0.,0.));
#5115=DIRECTION('',(0.,0.,1.));
#5116=DIRECTION('',(-1.,0.,0.));
#5117=DIRECTION('',(0.,0.,1.));
#5118=DIRECTION('',(0.,-1.,-1.26474444151123E-15));
#5119=DIRECTION('',(0.,2.20310322069699E-16,1.));
#5120=DIRECTION('',(0.,1.,-1.26474444151123E-15));
#5121=DIRECTION('',(-1.,0.,0.));
#5122=DIRECTION('',(0.,0.,1.));
#5123=DIRECTION('',(-1.,0.,0.));
#5124=DIRECTION('',(0.,0.,1.));
#5125=DIRECTION('',(0.,-1.,0.));
#5126=DIRECTION('',(0.,0.,1.));
#5127=DIRECTION('',(0.,0.,-1.));
#5128=DIRECTION('',(-1.,0.,0.));
#5129=DIRECTION('',(0.,0.,-1.));
#5130=DIRECTION('',(-1.,0.,0.));
#5131=DIRECTION('',(0.,0.,-1.));
#5132=DIRECTION('',(0.,0.,1.));
#5133=DIRECTION('',(1.,0.,0.));
#5134=DIRECTION('',(0.,0.,-1.));
#5135=DIRECTION('',(-1.,0.,0.));
#5136=DIRECTION('',(0.,0.,-1.));
#5137=DIRECTION('',(0.,0.,-1.));
#5138=DIRECTION('',(-1.,0.,0.));
#5139=DIRECTION('',(0.,0.,-1.));
#5140=DIRECTION('',(0.,0.,1.));
#5141=DIRECTION('',(1.,0.,0.));
#5142=DIRECTION('',(1.,0.,0.));
#5143=DIRECTION('',(0.,0.,-1.));
#5144=DIRECTION('',(0.,1.,0.));
#5145=DIRECTION('',(0.,0.,-1.));
#5146=DIRECTION('',(0.,1.,0.));
#5147=DIRECTION('',(1.,0.,0.));
#5148=DIRECTION('',(0.,0.,-1.));
#5149=DIRECTION('',(0.,0.,-1.));
#5150=DIRECTION('',(1.,0.,0.));
#5151=DIRECTION('',(0.,0.,-1.));
#5152=DIRECTION('',(0.,-1.,1.26474444151123E-15));
#5153=DIRECTION('',(0.,-2.20310322069699E-16,-1.));
#5154=DIRECTION('',(0.,1.,1.26474444151123E-15));
#5155=DIRECTION('',(1.,0.,0.));
#5156=DIRECTION('',(0.,0.,-1.));
#5157=DIRECTION('',(0.,0.,-1.));
#5158=DIRECTION('',(1.,0.,0.));
#5159=DIRECTION('',(0.,0.,-1.));
#5160=DIRECTION('',(0.,-1.,0.));
#5161=DIRECTION('',(0.,0.,-1.));
#5162=DIRECTION('',(0.,-1.,0.));
#5163=DIRECTION('',(0.,1.,0.));
#5164=DIRECTION('',(0.,0.,1.));
#5165=DIRECTION('',(-1.,0.,0.));
#5166=DIRECTION('',(0.,0.,-1.));
#5167=DIRECTION('',(-1.,0.,0.));
#5168=DIRECTION('',(0.,1.,0.));
#5169=DIRECTION('',(0.,0.,1.));
#5170=DIRECTION('',(-1.,0.,0.));
#5171=DIRECTION('',(0.,0.,-1.));
#5172=DIRECTION('',(-1.,0.,0.));
#5173=DIRECTION('',(-1.,0.,0.));
#5174=DIRECTION('',(0.,0.,1.));
#5175=DIRECTION('',(0.,-1.,0.));
#5176=DIRECTION('',(0.,0.,-1.));
#5177=DIRECTION('',(0.,1.,0.));
#5178=DIRECTION('',(0.,0.,1.));
#5179=DIRECTION('',(0.,1.,0.));
#5180=DIRECTION('',(1.,0.,0.));
#5181=DIRECTION('',(0.,0.,-1.));
#5182=DIRECTION('',(1.,0.,0.));
#5183=DIRECTION('',(0.,0.,-1.));
#5184=DIRECTION('',(0.,-1.,-1.26474444151123E-15));
#5185=DIRECTION('',(0.,2.20310322069699E-16,1.));
#5186=DIRECTION('',(0.,1.,-1.26474444151123E-15));
#5187=DIRECTION('',(1.,0.,0.));
#5188=DIRECTION('',(0.,0.,-1.));
#5189=DIRECTION('',(1.,0.,0.));
#5190=DIRECTION('',(0.,0.,-1.));
#5191=DIRECTION('',(0.,-1.,0.));
#5192=DIRECTION('',(0.,0.,1.));
#5193=DIRECTION('',(0.,0.,1.));
#5194=DIRECTION('',(1.,0.,0.));
#5195=DIRECTION('',(0.,0.,1.));
#5196=DIRECTION('',(1.,0.,0.));
#5197=DIRECTION('',(1.,0.,0.));
#5198=DIRECTION('',(0.,0.,1.));
#5199=DIRECTION('',(1.,0.,0.));
#5200=DIRECTION('',(0.,0.,1.));
#5201=DIRECTION('',(1.,0.,0.));
#5202=DIRECTION('',(1.,0.,0.));
#5203=DIRECTION('',(0.,0.,1.));
#5204=DIRECTION('',(1.,0.,0.));
#5205=DIRECTION('',(-1.,0.,0.));
#5206=DIRECTION('',(0.,0.,1.));
#5207=DIRECTION('',(1.,0.,0.));
#5208=DIRECTION('',(0.,1.,0.));
#5209=DIRECTION('',(0.,0.,1.));
#5210=DIRECTION('',(0.,-1.,0.));
#5211=DIRECTION('',(0.,0.,-1.));
#5212=DIRECTION('',(0.,0.,-1.));
#5213=DIRECTION('',(-1.,0.,0.));
#5214=DIRECTION('',(-1.,0.,0.));
#5215=DIRECTION('',(0.,0.,1.));
#5216=DIRECTION('',(0.,0.,1.));
#5217=DIRECTION('',(-1.,0.,0.));
#5218=DIRECTION('',(-1.,0.,0.));
#5219=DIRECTION('',(0.,0.,-1.));
#5220=DIRECTION('',(0.,0.,-1.));
#5221=DIRECTION('',(-1.,0.,0.));
#5222=DIRECTION('',(0.,0.,-1.));
#5223=DIRECTION('',(0.,0.,-1.));
#5224=DIRECTION('',(0.,-1.,0.));
#5225=DIRECTION('',(0.,0.,-1.));
#5226=DIRECTION('',(0.,0.,-1.));
#5227=DIRECTION('',(0.,0.,1.));
#5228=DIRECTION('',(1.,0.,-1.10155161034849E-15));
#5229=DIRECTION('',(0.,0.,-1.));
#5230=DIRECTION('',(0.,0.,-1.));
#5231=DIRECTION('',(-1.,0.,0.));
#5232=DIRECTION('',(0.,0.,-1.));
#5233=DIRECTION('',(-1.,0.,0.));
#5234=DIRECTION('',(0.,0.,1.));
#5235=DIRECTION('',(-1.,0.,0.));
#5236=DIRECTION('',(0.,0.,-1.));
#5237=DIRECTION('',(-1.,0.,0.));
#5238=DIRECTION('',(-1.,0.,0.));
#5239=DIRECTION('',(0.,-1.,0.));
#5240=DIRECTION('',(0.,0.,-1.));
#5241=DIRECTION('',(-1.,0.,0.));
#5242=DIRECTION('',(0.,0.,-1.));
#5243=DIRECTION('',(-1.,0.,0.));
#5244=DIRECTION('',(-1.,0.,0.));
#5245=DIRECTION('',(0.,0.,1.));
#5246=DIRECTION('',(-1.,0.,0.));
#5247=DIRECTION('',(0.,0.,-1.));
#5248=DIRECTION('',(-1.,0.,0.));
#5249=DIRECTION('',(-1.,0.,0.));
#5250=DIRECTION('',(0.,0.,-1.));
#5251=DIRECTION('',(-1.,0.,0.));
#5252=DIRECTION('',(-1.,0.,0.));
#5253=DIRECTION('',(0.,-1.,0.));
#5254=DIRECTION('',(0.,0.,-1.));
#5255=DIRECTION('',(0.,0.,1.));
#5256=DIRECTION('',(1.,0.,0.));
#5257=DIRECTION('',(-1.,0.,0.));
#5258=DIRECTION('',(0.,-1.,0.));
#5259=DIRECTION('',(0.,0.,-1.));
#5260=DIRECTION('',(-1.,0.,0.));
#5261=DIRECTION('',(0.,0.,1.));
#5262=DIRECTION('',(1.,0.,0.));
#5263=DIRECTION('',(-1.,0.,0.));
#5264=DIRECTION('',(-1.,0.,0.));
#5265=DIRECTION('',(0.,0.,1.));
#5266=DIRECTION('',(0.,0.,1.));
#5267=DIRECTION('',(1.,0.,0.));
#5268=DIRECTION('',(-1.,0.,0.));
#5269=DIRECTION('',(0.,-1.,0.));
#5270=DIRECTION('',(0.,0.,-1.));
#5271=DIRECTION('',(-1.,0.,0.));
#5272=DIRECTION('',(0.,0.,1.));
#5273=DIRECTION('',(1.,0.,0.));
#5274=DIRECTION('',(-1.,0.,0.));
#5275=DIRECTION('',(-1.,0.,0.));
#5276=DIRECTION('',(0.,0.,1.));
#5277=DIRECTION('',(-1.,0.,0.));
#5278=DIRECTION('',(0.,0.,1.));
#5279=DIRECTION('',(-1.,0.,0.));
#5280=DIRECTION('',(0.,1.26474444151123E-15,-1.));
#5281=DIRECTION('',(0.,1.,1.26474444151123E-15));
#5282=DIRECTION('',(-1.,0.,0.));
#5283=DIRECTION('',(0.,-1.,2.20310322069699E-16));
#5284=DIRECTION('',(0.,-2.20310322069699E-16,-1.));
#5285=DIRECTION('',(-1.,0.,0.));
#5286=DIRECTION('',(0.,1.26474444151123E-15,1.));
#5287=DIRECTION('',(0.,-1.,1.26474444151123E-15));
#5288=DIRECTION('',(-1.,0.,0.));
#5289=DIRECTION('',(-1.,0.,0.));
#5290=DIRECTION('',(0.,0.,1.));
#5291=DIRECTION('',(-1.,0.,0.));
#5292=DIRECTION('',(0.,0.,1.));
#5293=DIRECTION('',(-1.,0.,0.));
#5294=DIRECTION('',(0.,1.26474444151123E-15,1.));
#5295=DIRECTION('',(0.,-1.,1.26474444151123E-15));
#5296=DIRECTION('',(-1.,0.,0.));
#5297=DIRECTION('',(0.,-1.,2.20310322069699E-16));
#5298=DIRECTION('',(0.,-2.20310322069699E-16,-1.));
#5299=DIRECTION('',(-1.,0.,0.));
#5300=DIRECTION('',(0.,1.26474444151123E-15,-1.));
#5301=DIRECTION('',(0.,1.,1.26474444151123E-15));
#5302=DIRECTION('',(-1.,0.,0.));
#5303=DIRECTION('',(-1.,0.,0.));
#5304=DIRECTION('',(0.,0.,1.));
#5305=DIRECTION('',(0.,1.,0.));
#5306=DIRECTION('',(0.,0.,1.));
#5307=DIRECTION('',(0.,1.,0.));
#5308=DIRECTION('',(0.,0.,1.));
#5309=DIRECTION('',(-1.10155161034849E-15,0.,-1.));
#5310=DIRECTION('',(-1.,0.,1.10155161034849E-15));
#5311=DIRECTION('',(0.,-1.,0.));
#5312=DIRECTION('',(0.,-1.,0.));
#5313=DIRECTION('',(1.,0.,0.));
#5314=DIRECTION('',(0.,0.,-1.));
#5315=DIRECTION('',(-1.,0.,0.));
#5316=DIRECTION('',(0.,0.,1.));
#5317=DIRECTION('',(0.,-1.,0.));
#5318=DIRECTION('',(0.,0.,-1.));
#5319=DIRECTION('',(0.,0.,1.));
#5320=DIRECTION('',(1.,0.,0.));
#5321=DIRECTION('',(0.,0.,1.));
#5322=DIRECTION('',(1.,0.,0.));
#5323=DIRECTION('',(0.,0.,-1.));
#5324=DIRECTION('',(-1.,0.,0.));
#5325=DIRECTION('',(0.,0.,-1.));
#5326=DIRECTION('',(-1.,0.,0.));
#5327=DIRECTION('',(0.479531480922706,0.877524677034257,0.));
#5328=DIRECTION('',(0.,0.,-1.));
#5329=DIRECTION('',(-1.,0.,0.));
#5330=DIRECTION('',(0.,0.,-1.));
#5331=DIRECTION('',(-1.,0.,0.));
#5332=DIRECTION('',(0.479531480922707,-0.877524677034257,0.));
#5333=DIRECTION('',(0.,0.,-1.));
#5334=DIRECTION('',(-1.,0.,0.));
#5335=DIRECTION('',(-0.479531480922706,-0.877524677034257,0.));
#5336=DIRECTION('',(0.,0.,-1.));
#5337=DIRECTION('',(-1.,0.,0.));
#5338=DIRECTION('',(0.,0.,-1.));
#5339=DIRECTION('',(-1.,0.,0.));
#5340=DIRECTION('',(-0.479531480922707,0.877524677034257,0.));
#5341=DIRECTION('',(0.,0.,1.));
#5342=DIRECTION('',(1.,0.,0.));
#5343=DIRECTION('',(0.,0.,1.));
#5344=DIRECTION('',(1.,0.,0.));
#5345=DIRECTION('',(0.,0.,1.));
#5346=DIRECTION('',(1.,0.,0.));
#5347=DIRECTION('',(0.,0.,1.));
#5348=DIRECTION('',(1.,0.,0.));
#5349=DIRECTION('',(0.,0.,1.));
#5350=DIRECTION('',(1.,0.,0.));
#5351=DIRECTION('',(0.,0.,1.));
#5352=DIRECTION('',(1.,0.,0.));
#5353=DIRECTION('',(0.877524677034256,-0.479531480922706,0.));
#5354=DIRECTION('',(0.479531480922706,0.877524677034257,0.));
#5355=DIRECTION('',(0.,0.,-1.));
#5356=DIRECTION('',(0.,0.,-1.));
#5357=DIRECTION('',(-0.479531480922706,-0.877524677034257,0.));
#5358=DIRECTION('',(0.,-1.,0.));
#5359=DIRECTION('',(0.,0.,-1.));
#5360=DIRECTION('',(0.,0.,-1.));
#5361=DIRECTION('',(-0.877524677034256,-0.479531480922706,0.));
#5362=DIRECTION('',(0.479531480922707,-0.877524677034257,0.));
#5363=DIRECTION('',(0.,0.,-1.));
#5364=DIRECTION('',(-0.479531480922707,0.877524677034257,0.));
#5365=DIRECTION('',(-0.877524677034256,0.479531480922706,0.));
#5366=DIRECTION('',(-0.479531480922706,-0.877524677034257,0.));
#5367=DIRECTION('',(0.,0.,-1.));
#5368=DIRECTION('',(0.479531480922706,0.877524677034257,0.));
#5369=DIRECTION('',(0.,1.,0.));
#5370=DIRECTION('',(0.,0.,1.));
#5371=DIRECTION('',(0.,0.,-1.));
#5372=DIRECTION('',(0.877524677034256,0.479531480922706,0.));
#5373=DIRECTION('',(-0.479531480922707,0.877524677034257,0.));
#5374=DIRECTION('',(0.479531480922707,-0.877524677034257,0.));
#5375=DIRECTION('',(0.,0.,-1.));
#5376=DIRECTION('',(-1.,0.,0.));
#5377=DIRECTION('',(0.,0.,-1.));
#5378=DIRECTION('',(-1.,0.,0.));
#5379=DIRECTION('',(0.,0.,-1.));
#5380=DIRECTION('',(-1.,0.,0.));
#5381=DIRECTION('',(0.,0.,-1.));
#5382=DIRECTION('',(-1.,0.,0.));
#5383=DIRECTION('',(0.,0.,-1.));
#5384=DIRECTION('',(-1.,0.,0.));
#5385=DIRECTION('',(0.,0.,-1.));
#5386=DIRECTION('',(-1.,0.,0.));
#5387=DIRECTION('',(0.,0.,-1.));
#5388=DIRECTION('',(-1.,0.,0.));
#5389=DIRECTION('',(0.,0.,-1.));
#5390=DIRECTION('',(-1.,0.,0.));
#5391=DIRECTION('',(0.,0.,-1.));
#5392=DIRECTION('',(-1.,0.,0.));
#5393=DIRECTION('',(0.,0.,-1.));
#5394=DIRECTION('',(-1.,0.,0.));
#5395=DIRECTION('',(0.,0.,-1.));
#5396=DIRECTION('',(-1.,0.,0.));
#5397=DIRECTION('',(0.,0.,-1.));
#5398=DIRECTION('',(-1.,0.,0.));
#5399=DIRECTION('',(0.,0.,-1.));
#5400=DIRECTION('',(-1.,0.,0.));
#5401=DIRECTION('',(0.,0.,-1.));
#5402=DIRECTION('',(-1.,0.,0.));
#5403=DIRECTION('',(0.,0.,1.));
#5404=DIRECTION('',(1.,0.,0.));
#5405=DIRECTION('',(0.,0.,-1.));
#5406=DIRECTION('',(-1.,0.,0.));
#5407=DIRECTION('',(0.,0.,-1.));
#5408=DIRECTION('',(-1.,0.,0.));
#5409=DIRECTION('',(0.,0.,-1.));
#5410=DIRECTION('',(-1.,0.,0.));
#5411=DIRECTION('',(0.,0.,-1.));
#5412=DIRECTION('',(-1.,0.,0.));
#5413=DIRECTION('',(0.,-1.,0.));
#5414=DIRECTION('',(1.,0.,0.));
#5415=DIRECTION('',(1.,0.,0.));
#5416=DIRECTION('',(0.,0.,-1.));
#5417=DIRECTION('',(0.,0.,1.));
#5418=DIRECTION('',(0.,-1.,0.));
#5419=DIRECTION('',(0.,0.,-1.));
#5420=DIRECTION('',(0.,-1.,0.));
#5421=DIRECTION('',(0.,0.,-1.));
#5422=DIRECTION('',(-1.,0.,0.));
#5423=DIRECTION('',(0.,0.,1.));
#5424=DIRECTION('',(1.,0.,0.));
#5425=DIRECTION('',(0.,0.,-1.));
#5426=DIRECTION('',(0.,0.,1.));
#5427=DIRECTION('',(1.,0.,0.));
#5428=DIRECTION('',(0.,-1.,0.));
#5429=DIRECTION('',(0.,0.,-1.));
#5430=DIRECTION('',(-1.,0.,0.));
#5431=DIRECTION('',(0.,0.,-1.));
#5432=DIRECTION('',(-1.,0.,0.));
#5433=DIRECTION('',(0.,0.,-1.));
#5434=DIRECTION('',(1.,0.,0.));
#5435=DIRECTION('',(0.,0.,-1.));
#5436=DIRECTION('',(0.,-1.,0.));
#5437=DIRECTION('',(0.,0.,-1.));
#5438=DIRECTION('',(0.,-1.,0.));
#5439=DIRECTION('',(0.,1.,0.));
#5440=DIRECTION('',(0.,0.,1.));
#5441=DIRECTION('',(1.,0.,0.));
#5442=DIRECTION('',(0.,0.,-1.));
#5443=DIRECTION('',(1.,0.,0.));
#5444=DIRECTION('',(0.,0.,-1.));
#5445=DIRECTION('',(-1.,0.,0.));
#5446=DIRECTION('',(0.,0.,1.));
#5447=DIRECTION('',(1.,0.,0.));
#5448=DIRECTION('',(0.,0.,1.));
#5449=DIRECTION('',(1.,0.,0.));
#5450=DIRECTION('',(1.,0.,0.));
#5451=DIRECTION('',(0.,0.,-1.));
#5452=DIRECTION('',(0.,-1.,0.));
#5453=DIRECTION('',(0.,0.,1.));
#5454=DIRECTION('',(0.,-1.,0.));
#5455=DIRECTION('',(0.,0.,1.));
#5456=DIRECTION('',(1.,0.,0.));
#5457=DIRECTION('',(0.,-1.,0.));
#5458=DIRECTION('',(0.,0.,1.));
#5459=DIRECTION('',(1.,0.,0.));
#5460=DIRECTION('',(-1.,0.,0.));
#5461=DIRECTION('',(0.,-1.,0.));
#5462=DIRECTION('',(-1.,0.,0.));
#5463=DIRECTION('',(0.,1.,0.));
#5464=DIRECTION('',(0.,0.,1.));
#5465=DIRECTION('',(0.,1.,0.));
#5466=DIRECTION('',(1.,0.,0.));
#5467=DIRECTION('',(0.,0.,1.));
#5468=DIRECTION('',(1.,0.,0.));
#5469=DIRECTION('',(0.,0.,-1.));
#5470=DIRECTION('',(0.,1.,0.));
#5471=DIRECTION('',(0.,0.,1.));
#5472=DIRECTION('',(0.,0.,-1.));
#5473=DIRECTION('',(1.,0.,0.));
#5474=DIRECTION('',(0.,0.,1.));
#5475=DIRECTION('',(0.,1.,0.));
#5476=DIRECTION('',(1.,0.,0.));
#5477=DIRECTION('',(0.,-1.,0.));
#5478=DIRECTION('',(0.,0.,-1.));
#5479=DIRECTION('',(0.,-1.,0.));
#5480=DIRECTION('',(1.,0.,0.));
#5481=DIRECTION('',(0.,0.,-1.));
#5482=DIRECTION('',(0.,-1.,0.));
#5483=DIRECTION('',(0.,0.,-1.));
#5484=DIRECTION('',(-1.,0.,0.));
#5485=DIRECTION('',(0.,-1.,0.));
#5486=DIRECTION('',(-1.,0.,0.));
#5487=DIRECTION('',(0.,0.,1.));
#5488=DIRECTION('',(0.,1.,0.));
#5489=DIRECTION('',(0.,0.,1.));
#5490=DIRECTION('',(0.,0.,-1.));
#5491=DIRECTION('',(-1.,0.,0.));
#5492=DIRECTION('',(0.,0.,1.));
#5493=DIRECTION('',(1.,0.,0.));
#5494=DIRECTION('',(0.,0.,-1.));
#5495=DIRECTION('',(0.,0.,1.));
#5496=DIRECTION('',(1.,0.,0.));
#5497=DIRECTION('',(0.,0.,-1.));
#5498=DIRECTION('',(-0.342020143325669,-0.939692620785908,0.));
#5499=DIRECTION('',(0.939692620785909,-0.342020143325669,0.));
#5500=DIRECTION('',(-0.939692620785908,0.342020143325669,0.));
#5501=DIRECTION('',(0.,0.,-1.));
#5502=DIRECTION('',(-0.939692620785908,0.342020143325669,0.));
#5503=DIRECTION('',(0.,0.,-1.));
#5504=DIRECTION('',(-1.,0.,0.));
#5505=DIRECTION('',(0.,0.,1.));
#5506=DIRECTION('',(1.,0.,0.));
#5507=DIRECTION('',(0.,0.,-1.));
#5508=DIRECTION('',(0.,0.,1.));
#5509=DIRECTION('',(1.,0.,0.));
#5510=DIRECTION('',(0.64278760968654,0.766044443118977,0.));
#5511=DIRECTION('',(-0.766044443118977,0.642787609686541,0.));
#5512=DIRECTION('',(0.766044443118977,-0.64278760968654,0.));
#5513=DIRECTION('',(0.,0.,-1.));
#5514=DIRECTION('',(0.766044443118977,-0.64278760968654,0.));
#5515=DIRECTION('',(0.,0.,-1.));
#5516=DIRECTION('',(-1.,0.,0.));
#5517=DIRECTION('',(0.,0.,1.));
#5518=DIRECTION('',(1.,0.,0.));
#5519=DIRECTION('',(0.,0.,-1.));
#5520=DIRECTION('',(0.,0.,1.));
#5521=DIRECTION('',(1.,0.,0.));
#5522=DIRECTION('',(-0.866025403784439,-0.5,0.));
#5523=DIRECTION('',(0.5,-0.866025403784439,0.));
#5524=DIRECTION('',(-0.5,0.866025403784439,0.));
#5525=DIRECTION('',(0.,0.,-1.));
#5526=DIRECTION('',(-0.5,0.866025403784439,0.));
#5527=DIRECTION('',(0.,0.,-1.));
#5528=DIRECTION('',(-1.,0.,0.));
#5529=DIRECTION('',(0.,0.,1.));
#5530=DIRECTION('',(1.,0.,0.));
#5531=DIRECTION('',(0.,0.,-1.));
#5532=DIRECTION('',(0.,0.,1.));
#5533=DIRECTION('',(1.,0.,0.));
#5534=DIRECTION('',(0.984807753012208,0.17364817766693,0.));
#5535=DIRECTION('',(-0.17364817766693,0.984807753012208,0.));
#5536=DIRECTION('',(0.17364817766693,-0.984807753012208,0.));
#5537=DIRECTION('',(0.,0.,-1.));
#5538=DIRECTION('',(0.17364817766693,-0.984807753012208,0.));
#5539=DIRECTION('',(0.,0.,-1.));
#5540=DIRECTION('',(-1.,0.,0.));
#5541=DIRECTION('',(0.,0.,1.));
#5542=DIRECTION('',(1.,0.,0.));
#5543=DIRECTION('',(0.,0.,-1.));
#5544=DIRECTION('',(0.,0.,1.));
#5545=DIRECTION('',(1.,0.,0.));
#5546=DIRECTION('',(-0.984807753012208,0.173648177666931,0.));
#5547=DIRECTION('',(-0.173648177666931,-0.984807753012208,0.));
#5548=DIRECTION('',(0.173648177666931,0.984807753012208,0.));
#5549=DIRECTION('',(0.,0.,-1.));
#5550=DIRECTION('',(0.173648177666931,0.984807753012208,0.));
#5551=DIRECTION('',(0.,0.,-1.));
#5552=DIRECTION('',(-1.,0.,0.));
#5553=DIRECTION('',(0.,0.,1.));
#5554=DIRECTION('',(1.,0.,0.));
#5555=DIRECTION('',(0.,0.,-1.));
#5556=DIRECTION('',(0.,0.,1.));
#5557=DIRECTION('',(1.,0.,0.));
#5558=DIRECTION('',(0.866025403784438,-0.5,0.));
#5559=DIRECTION('',(0.5,0.866025403784438,0.));
#5560=DIRECTION('',(-0.5,-0.866025403784438,0.));
#5561=DIRECTION('',(0.,0.,-1.));
#5562=DIRECTION('',(-0.5,-0.866025403784438,0.));
#5563=DIRECTION('',(0.,0.,-1.));
#5564=DIRECTION('',(-1.,0.,0.));
#5565=DIRECTION('',(0.,0.,1.));
#5566=DIRECTION('',(1.,0.,0.));
#5567=DIRECTION('',(0.,0.,-1.));
#5568=DIRECTION('',(0.,0.,1.));
#5569=DIRECTION('',(1.,0.,0.));
#5570=DIRECTION('',(-0.642787609686538,0.766044443118979,0.));
#5571=DIRECTION('',(-0.766044443118979,-0.642787609686538,0.));
#5572=DIRECTION('',(0.766044443118979,0.642787609686538,0.));
#5573=DIRECTION('',(0.,0.,-1.));
#5574=DIRECTION('',(0.766044443118979,0.642787609686538,0.));
#5575=DIRECTION('',(0.,0.,-1.));
#5576=DIRECTION('',(-1.,0.,0.));
#5577=DIRECTION('',(0.,0.,1.));
#5578=DIRECTION('',(1.,0.,0.));
#5579=DIRECTION('',(0.,0.,-1.));
#5580=DIRECTION('',(0.,0.,1.));
#5581=DIRECTION('',(1.,0.,0.));
#5582=DIRECTION('',(0.342020143325669,-0.939692620785908,0.));
#5583=DIRECTION('',(0.939692620785908,0.342020143325669,0.));
#5584=DIRECTION('',(-0.939692620785908,-0.342020143325669,0.));
#5585=DIRECTION('',(0.,0.,-1.));
#5586=DIRECTION('',(-0.939692620785908,-0.342020143325669,0.));
#5587=DIRECTION('',(0.,0.,-1.));
#5588=DIRECTION('',(-1.,0.,0.));
#5589=DIRECTION('',(0.,0.,1.));
#5590=DIRECTION('',(1.,0.,0.));
#5591=DIRECTION('',(0.,0.,-1.));
#5592=DIRECTION('',(0.,0.,1.));
#5593=DIRECTION('',(1.,0.,0.));
#5594=DIRECTION('',(5.78241158658936E-16,1.,0.));
#5595=DIRECTION('',(-1.,5.78241158658936E-16,0.));
#5596=DIRECTION('',(1.,-5.78241158658936E-16,0.));
#5597=DIRECTION('',(0.,0.,-1.));
#5598=DIRECTION('',(1.,-5.78241158658936E-16,0.));
#5599=DIRECTION('',(0.,0.,-1.));
#5600=DIRECTION('',(-1.,0.,0.));
#5601=DIRECTION('',(0.,0.,1.));
#5602=DIRECTION('',(1.,0.,0.));
#5603=DIRECTION('',(0.,0.,-1.));
#5604=DIRECTION('',(0.,0.,1.));
#5605=DIRECTION('',(1.,0.,0.));
#5606=DIRECTION('',(-0.342020143325669,-0.939692620785908,0.));
#5607=DIRECTION('',(0.939692620785909,-0.342020143325669,0.));
#5608=DIRECTION('',(-0.939692620785908,0.342020143325669,0.));
#5609=DIRECTION('',(0.,0.,-1.));
#5610=DIRECTION('',(-0.939692620785908,0.342020143325669,0.));
#5611=DIRECTION('',(0.,0.,-1.));
#5612=DIRECTION('',(-1.,0.,0.));
#5613=DIRECTION('',(0.,0.,1.));
#5614=DIRECTION('',(1.,0.,0.));
#5615=DIRECTION('',(0.,0.,-1.));
#5616=DIRECTION('',(0.,0.,1.));
#5617=DIRECTION('',(1.,0.,0.));
#5618=DIRECTION('',(0.642787609686539,0.766044443118978,0.));
#5619=DIRECTION('',(-0.766044443118978,0.642787609686539,0.));
#5620=DIRECTION('',(0.766044443118978,-0.642787609686539,0.));
#5621=DIRECTION('',(0.,0.,-1.));
#5622=DIRECTION('',(0.766044443118978,-0.642787609686539,0.));
#5623=DIRECTION('',(0.,0.,-1.));
#5624=DIRECTION('',(-1.,0.,0.));
#5625=DIRECTION('',(0.,0.,1.));
#5626=DIRECTION('',(1.,0.,0.));
#5627=DIRECTION('',(0.,0.,-1.));
#5628=DIRECTION('',(0.,0.,1.));
#5629=DIRECTION('',(1.,0.,0.));
#5630=DIRECTION('',(-0.866025403784438,-0.5,0.));
#5631=DIRECTION('',(0.5,-0.866025403784438,0.));
#5632=DIRECTION('',(-0.5,0.866025403784438,0.));
#5633=DIRECTION('',(0.,0.,-1.));
#5634=DIRECTION('',(-0.5,0.866025403784438,0.));
#5635=DIRECTION('',(0.,0.,-1.));
#5636=DIRECTION('',(-1.,0.,0.));
#5637=DIRECTION('',(0.,0.,1.));
#5638=DIRECTION('',(1.,0.,0.));
#5639=DIRECTION('',(0.,0.,-1.));
#5640=DIRECTION('',(0.,0.,1.));
#5641=DIRECTION('',(1.,0.,0.));
#5642=DIRECTION('',(0.984807753012208,0.17364817766693,0.));
#5643=DIRECTION('',(-0.17364817766693,0.984807753012208,0.));
#5644=DIRECTION('',(0.17364817766693,-0.984807753012208,0.));
#5645=DIRECTION('',(0.,0.,-1.));
#5646=DIRECTION('',(0.17364817766693,-0.984807753012208,0.));
#5647=DIRECTION('',(0.,0.,-1.));
#5648=DIRECTION('',(-1.,0.,0.));
#5649=DIRECTION('',(0.,0.,1.));
#5650=DIRECTION('',(1.,0.,0.));
#5651=DIRECTION('',(0.,0.,-1.));
#5652=DIRECTION('',(0.,0.,1.));
#5653=DIRECTION('',(1.,0.,0.));
#5654=DIRECTION('',(-0.984807753012208,0.173648177666931,0.));
#5655=DIRECTION('',(-0.173648177666931,-0.984807753012208,0.));
#5656=DIRECTION('',(0.173648177666931,0.984807753012208,0.));
#5657=DIRECTION('',(0.,0.,-1.));
#5658=DIRECTION('',(0.173648177666931,0.984807753012208,0.));
#5659=DIRECTION('',(0.,0.,-1.));
#5660=DIRECTION('',(-1.,0.,0.));
#5661=DIRECTION('',(0.,0.,1.));
#5662=DIRECTION('',(1.,0.,0.));
#5663=DIRECTION('',(0.,0.,-1.));
#5664=DIRECTION('',(0.,0.,1.));
#5665=DIRECTION('',(1.,0.,0.));
#5666=DIRECTION('',(0.866025403784438,-0.500000000000001,0.));
#5667=DIRECTION('',(0.500000000000001,0.866025403784438,0.));
#5668=DIRECTION('',(-0.500000000000001,-0.866025403784438,0.));
#5669=DIRECTION('',(0.,0.,-1.));
#5670=DIRECTION('',(-0.500000000000001,-0.866025403784438,0.));
#5671=DIRECTION('',(0.,0.,-1.));
#5672=DIRECTION('',(-1.,0.,0.));
#5673=DIRECTION('',(0.,0.,1.));
#5674=DIRECTION('',(1.,0.,0.));
#5675=DIRECTION('',(0.,0.,-1.));
#5676=DIRECTION('',(0.,0.,1.));
#5677=DIRECTION('',(1.,0.,0.));
#5678=DIRECTION('',(-0.642787609686539,0.766044443118979,0.));
#5679=DIRECTION('',(-0.766044443118979,-0.642787609686539,0.));
#5680=DIRECTION('',(0.766044443118979,0.642787609686539,0.));
#5681=DIRECTION('',(0.,0.,-1.));
#5682=DIRECTION('',(0.766044443118979,0.642787609686539,0.));
#5683=DIRECTION('',(0.,0.,-1.));
#5684=DIRECTION('',(-1.,0.,0.));
#5685=DIRECTION('',(0.,0.,1.));
#5686=DIRECTION('',(1.,0.,0.));
#5687=DIRECTION('',(0.,0.,-1.));
#5688=DIRECTION('',(0.,0.,1.));
#5689=DIRECTION('',(1.,0.,0.));
#5690=DIRECTION('',(0.342020143325669,-0.939692620785908,0.));
#5691=DIRECTION('',(0.939692620785909,0.342020143325669,0.));
#5692=DIRECTION('',(-0.939692620785908,-0.342020143325669,0.));
#5693=DIRECTION('',(0.,0.,-1.));
#5694=DIRECTION('',(-0.939692620785908,-0.342020143325669,0.));
#5695=DIRECTION('',(0.,0.,-1.));
#5696=DIRECTION('',(-1.,0.,0.));
#5697=DIRECTION('',(0.,0.,1.));
#5698=DIRECTION('',(1.,0.,0.));
#5699=DIRECTION('',(0.,0.,-1.));
#5700=DIRECTION('',(0.,0.,1.));
#5701=DIRECTION('',(1.,0.,0.));
#5702=DIRECTION('',(8.67361737988403E-16,1.,0.));
#5703=DIRECTION('',(-1.,8.67361737988403E-16,0.));
#5704=DIRECTION('',(1.,-8.67361737988403E-16,0.));
#5705=DIRECTION('',(1.,-8.67361737988403E-16,0.));
#5706=DIRECTION('',(0.,0.,-1.));
#5707=DIRECTION('',(-1.,0.,0.));
#5708=DIRECTION('',(0.,0.,1.));
#5709=DIRECTION('',(1.,0.,0.));
#5710=DIRECTION('',(0.,0.,1.));
#5711=DIRECTION('',(1.,0.,0.));
#5712=DIRECTION('',(0.,0.,1.));
#5713=DIRECTION('',(1.,0.,0.));
#5714=DIRECTION('',(0.,0.,1.));
#5715=DIRECTION('',(1.,0.,0.));
#5716=DIRECTION('',(0.,-1.,0.));
#5717=DIRECTION('',(1.,0.,0.));
#5718=DIRECTION('',(0.,-1.,0.));
#5719=DIRECTION('',(1.,0.,0.));
#5720=DIRECTION('',(1.,0.,0.));
#5721=DIRECTION('',(0.,0.,-1.));
#5722=DIRECTION('',(0.,0.,1.));
#5723=DIRECTION('',(0.,-1.,0.));
#5724=DIRECTION('',(0.,0.,1.));
#5725=DIRECTION('',(0.,-1.,0.));
#5726=DIRECTION('',(0.,-1.,0.));
#5727=DIRECTION('',(0.,0.,-1.));
#5728=DIRECTION('',(0.,1.,0.));
#5729=DIRECTION('',(1.,0.,0.));
#5730=DIRECTION('',(0.,-1.,0.));
#5731=DIRECTION('',(0.,1.,0.));
#5732=DIRECTION('',(1.,0.,0.));
#5733=DIRECTION('',(0.,0.,-1.));
#5734=DIRECTION('',(-1.,0.,0.));
#5735=DIRECTION('',(1.,0.,0.));
#5736=DIRECTION('',(0.,-1.,0.));
#5737=DIRECTION('',(1.,0.,0.));
#5738=DIRECTION('',(0.,-1.,0.));
#5739=DIRECTION('',(0.,0.,-1.));
#5740=DIRECTION('',(0.,1.,0.));
#5741=DIRECTION('',(1.,0.,0.));
#5742=DIRECTION('',(0.,-1.,0.));
#5743=DIRECTION('',(0.,1.,0.));
#5744=DIRECTION('',(1.,0.,0.));
#5745=DIRECTION('',(-1.,0.,0.));
#5746=DIRECTION('',(0.,0.,1.));
#5747=DIRECTION('',(0.,0.,-1.));
#5748=DIRECTION('',(0.,-1.,0.));
#5749=DIRECTION('',(0.,0.,-1.));
#5750=DIRECTION('',(0.,-1.,0.));
#5751=DIRECTION('',(0.,0.,-1.));
#5752=DIRECTION('',(0.,1.,0.));
#5753=DIRECTION('',(1.,0.,0.));
#5754=DIRECTION('',(0.,-1.,0.));
#5755=DIRECTION('',(0.,1.,0.));
#5756=DIRECTION('',(1.,0.,0.));
#5757=DIRECTION('',(0.,0.,1.));
#5758=DIRECTION('',(1.,0.,0.));
#5759=DIRECTION('',(-1.,0.,0.));
#5760=DIRECTION('',(0.,-1.,0.));
#5761=DIRECTION('',(-1.,0.,0.));
#5762=DIRECTION('',(0.,-1.,0.));
#5763=DIRECTION('',(0.,0.,-1.));
#5764=DIRECTION('',(0.,1.,0.));
#5765=DIRECTION('',(1.,0.,0.));
#5766=DIRECTION('',(0.,1.,0.));
#5767=DIRECTION('',(1.,0.,0.));
#5768=DIRECTION('',(0.,1.,0.));
#5769=DIRECTION('',(0.,0.,1.));
#5770=DIRECTION('',(0.,1.,0.));
#5771=DIRECTION('',(0.,0.,1.));
#5772=DIRECTION('',(0.,0.,-1.));
#5773=DIRECTION('',(-1.,0.,0.));
#5774=DIRECTION('',(0.,0.,-1.));
#5775=DIRECTION('',(-1.,0.,0.));
#5776=DIRECTION('',(0.,0.,-1.));
#5777=DIRECTION('',(-1.,0.,0.));
#5778=DIRECTION('',(0.,0.,-1.));
#5779=DIRECTION('',(-1.,0.,0.));
#5780=DIRECTION('',(0.,0.,-1.));
#5781=DIRECTION('',(-1.,0.,0.));
#5782=DIRECTION('',(0.,0.,-1.));
#5783=DIRECTION('',(-1.,0.,0.));
#5784=DIRECTION('',(1.,0.,0.));
#5785=DIRECTION('',(0.,0.,-1.));
#5786=DIRECTION('',(0.,-1.,0.));
#5787=DIRECTION('',(0.,0.,-1.));
#5788=DIRECTION('',(0.,-1.,0.));
#5789=DIRECTION('',(0.,1.,0.));
#5790=DIRECTION('',(0.,0.,1.));
#5791=DIRECTION('',(1.,0.,0.));
#5792=DIRECTION('',(0.,0.,-1.));
#5793=DIRECTION('',(1.,0.,0.));
#5794=DIRECTION('',(-1.,0.,0.));
#5795=DIRECTION('',(0.,0.,1.));
#5796=DIRECTION('',(0.,1.,0.));
#5797=DIRECTION('',(0.,1.,0.));
#5798=DIRECTION('',(1.,0.,0.));
#5799=DIRECTION('',(0.,0.,-1.));
#5800=DIRECTION('',(0.,-1.,0.));
#5801=DIRECTION('',(0.,0.,-1.));
#5802=DIRECTION('',(0.,-1.,0.));
#5803=DIRECTION('',(0.,0.,-1.));
#5804=DIRECTION('',(0.,-1.,0.));
#5805=DIRECTION('',(0.,0.,-1.));
#5806=DIRECTION('',(-1.,0.,0.));
#5807=DIRECTION('',(0.,0.,-1.));
#5808=DIRECTION('',(-1.,0.,0.));
#5809=DIRECTION('',(-1.,0.,0.));
#5810=DIRECTION('',(0.,0.,1.));
#5811=DIRECTION('',(0.,1.,0.));
#5812=DIRECTION('',(0.,0.,-1.));
#5813=DIRECTION('',(0.,1.,0.));
#5814=DIRECTION('',(0.,1.,0.));
#5815=DIRECTION('',(0.,0.,1.));
#5816=DIRECTION('',(1.,0.,0.));
#5817=DIRECTION('',(1.,0.,0.));
#5818=DIRECTION('',(0.,0.,1.));
#5819=DIRECTION('',(1.,0.,0.));
#5820=DIRECTION('',(0.,0.,1.));
#5821=DIRECTION('',(1.,0.,0.));
#5822=DIRECTION('',(1.,0.,0.));
#5823=DIRECTION('',(0.,0.,-1.));
#5824=DIRECTION('',(0.,-1.,0.));
#5825=DIRECTION('',(0.,0.,-1.));
#5826=DIRECTION('',(0.,-1.,0.));
#5827=DIRECTION('',(0.,1.,0.));
#5828=DIRECTION('',(0.,0.,1.));
#5829=DIRECTION('',(1.,0.,0.));
#5830=DIRECTION('',(0.,0.,-1.));
#5831=DIRECTION('',(1.,0.,0.));
#5832=DIRECTION('',(-1.,0.,0.));
#5833=DIRECTION('',(0.,0.,1.));
#5834=DIRECTION('',(0.,1.,0.));
#5835=DIRECTION('',(0.,1.,0.));
#5836=DIRECTION('',(1.,0.,0.));
#5837=DIRECTION('',(0.,0.,-1.));
#5838=DIRECTION('',(0.,-1.,0.));
#5839=DIRECTION('',(0.,0.,-1.));
#5840=DIRECTION('',(0.,-1.,0.));
#5841=DIRECTION('',(0.,0.,-1.));
#5842=DIRECTION('',(0.,-1.,0.));
#5843=DIRECTION('',(0.,0.,-1.));
#5844=DIRECTION('',(-1.,0.,0.));
#5845=DIRECTION('',(0.,0.,-1.));
#5846=DIRECTION('',(-1.,0.,0.));
#5847=DIRECTION('',(-1.,0.,0.));
#5848=DIRECTION('',(0.,0.,1.));
#5849=DIRECTION('',(0.,1.,0.));
#5850=DIRECTION('',(0.,0.,-1.));
#5851=DIRECTION('',(0.,1.,0.));
#5852=DIRECTION('',(0.,1.,0.));
#5853=DIRECTION('',(0.,0.,1.));
#5854=DIRECTION('',(1.,0.,0.));
#5855=DIRECTION('',(1.,0.,0.));
#5856=DIRECTION('',(0.,0.,1.));
#5857=DIRECTION('',(1.,0.,0.));
#5858=DIRECTION('',(0.,0.,1.));
#5859=DIRECTION('',(1.,0.,0.));
#5860=DIRECTION('',(1.,0.,0.));
#5861=DIRECTION('',(0.,0.,-1.));
#5862=DIRECTION('',(0.,-1.,0.));
#5863=DIRECTION('',(0.,0.,-1.));
#5864=DIRECTION('',(0.,-1.,0.));
#5865=DIRECTION('',(0.,1.,0.));
#5866=DIRECTION('',(0.,0.,1.));
#5867=DIRECTION('',(1.,0.,0.));
#5868=DIRECTION('',(0.,0.,-1.));
#5869=DIRECTION('',(1.,0.,0.));
#5870=DIRECTION('',(-1.,0.,0.));
#5871=DIRECTION('',(0.,0.,1.));
#5872=DIRECTION('',(0.,1.,0.));
#5873=DIRECTION('',(0.,1.,0.));
#5874=DIRECTION('',(1.,0.,0.));
#5875=DIRECTION('',(0.,0.,-1.));
#5876=DIRECTION('',(0.,-1.,0.));
#5877=DIRECTION('',(0.,0.,-1.));
#5878=DIRECTION('',(0.,-1.,0.));
#5879=DIRECTION('',(0.,0.,-1.));
#5880=DIRECTION('',(0.,-1.,0.));
#5881=DIRECTION('',(0.,0.,-1.));
#5882=DIRECTION('',(-1.,0.,0.));
#5883=DIRECTION('',(0.,0.,-1.));
#5884=DIRECTION('',(-1.,0.,0.));
#5885=DIRECTION('',(-1.,0.,0.));
#5886=DIRECTION('',(0.,0.,1.));
#5887=DIRECTION('',(0.,1.,0.));
#5888=DIRECTION('',(0.,0.,-1.));
#5889=DIRECTION('',(0.,1.,0.));
#5890=DIRECTION('',(0.,1.,0.));
#5891=DIRECTION('',(0.,0.,1.));
#5892=DIRECTION('',(1.,0.,0.));
#5893=DIRECTION('',(1.,0.,0.));
#5894=DIRECTION('',(0.,0.,1.));
#5895=DIRECTION('',(1.,0.,0.));
#5896=DIRECTION('',(0.,0.,1.));
#5897=DIRECTION('',(1.,0.,0.));
#5898=DIRECTION('',(0.,0.,1.));
#5899=DIRECTION('',(1.,0.,0.));
#5900=DIRECTION('',(0.216439613938103,-0.976296007119933,0.));
#5901=DIRECTION('',(0.976296007119933,0.216439613938103,0.));
#5902=DIRECTION('',(0.216439613938103,-0.976296007119933,0.));
#5903=DIRECTION('',(0.976296007119933,0.216439613938103,0.));
#5904=DIRECTION('',(0.216439613938103,-0.976296007119933,0.));
#5905=DIRECTION('',(0.976296007119933,0.216439613938103,0.));
#5906=DIRECTION('',(0.216439613938103,-0.976296007119933,0.));
#5907=DIRECTION('',(0.976296007119933,0.216439613938103,0.));
#5908=DIRECTION('',(-0.216439613938103,0.976296007119933,0.));
#5909=DIRECTION('',(-0.976296007119933,-0.216439613938103,0.));
#5910=DIRECTION('',(1.,0.,0.));
#5911=DIRECTION('',(0.,0.,-1.));
#5912=DIRECTION('',(1.,0.,0.));
#5913=DIRECTION('',(0.,0.,-1.));
#5914=CARTESIAN_POINT('',(0.,0.,0.));
#5915=CARTESIAN_POINT('',(-0.12038,-0.37,0.24088));
#5916=CARTESIAN_POINT('',(-0.0395,-0.37,0.24088));
#5917=CARTESIAN_POINT('',(-0.0395,-0.37,0.2005));
#5918=CARTESIAN_POINT('',(-0.0395,-0.37,0.1695));
#5919=CARTESIAN_POINT('',(-0.12038,-0.37,0.2005));
#5920=CARTESIAN_POINT('',(0.0395,-0.37,0.2005));
#5921=CARTESIAN_POINT('',(0.0395,-0.37,0.24088));
#5922=CARTESIAN_POINT('',(0.0395,-0.37,0.1695));
#5923=CARTESIAN_POINT('',(-0.12038,-0.37,0.1695));
#5924=CARTESIAN_POINT('',(-0.1255,-0.37,-0.24088));
#5925=CARTESIAN_POINT('',(-0.1255,-0.37,-0.24088));
#5926=CARTESIAN_POINT('',(-0.1255,-0.37,0.24088));
#5927=CARTESIAN_POINT('',(-0.12038,-0.37,-0.24088));
#5928=CARTESIAN_POINT('',(-0.12038,-0.37,-0.246));
#5929=CARTESIAN_POINT('',(0.12038,-0.37,-0.246));
#5930=CARTESIAN_POINT('',(0.12038,-0.37,-0.246));
#5931=CARTESIAN_POINT('',(0.12038,-0.37,-0.24088));
#5932=CARTESIAN_POINT('',(0.1255,-0.37,-0.24088));
#5933=CARTESIAN_POINT('',(0.1255,-0.37,0.24088));
#5934=CARTESIAN_POINT('',(0.1255,-0.37,0.24088));
#5935=CARTESIAN_POINT('',(0.12038,-0.37,0.24088));
#5936=CARTESIAN_POINT('',(0.12038,-0.37,0.246));
#5937=CARTESIAN_POINT('',(-0.12038,-0.37,0.246));
#5938=CARTESIAN_POINT('',(-0.12038,-0.37,0.246));
#5939=CARTESIAN_POINT('',(-0.12038,-0.37,0.24088));
#5940=CARTESIAN_POINT('',(-0.0395,-0.37,0.24088));
#5941=CARTESIAN_POINT('',(-0.0395,-0.37,-0.1695));
#5942=CARTESIAN_POINT('',(-0.0395,-0.37,-0.2005));
#5943=CARTESIAN_POINT('',(-0.12038,-0.37,-0.1695));
#5944=CARTESIAN_POINT('',(0.0395,-0.37,-0.1695));
#5945=CARTESIAN_POINT('',(0.0395,-0.37,0.24088));
#5946=CARTESIAN_POINT('',(0.0395,-0.37,-0.2005));
#5947=CARTESIAN_POINT('',(-0.12038,-0.37,-0.2005));
#5948=CARTESIAN_POINT('',(-0.0395,-0.37,0.24088));
#5949=CARTESIAN_POINT('',(-0.0395,-0.37,0.0155));
#5950=CARTESIAN_POINT('',(-0.0395,-0.37,-0.0155));
#5951=CARTESIAN_POINT('',(-0.12038,-0.37,0.0155));
#5952=CARTESIAN_POINT('',(0.0395,-0.37,0.0155));
#5953=CARTESIAN_POINT('',(0.0395,-0.37,0.24088));
#5954=CARTESIAN_POINT('',(0.0395,-0.37,-0.0155));
#5955=CARTESIAN_POINT('',(-0.12038,-0.37,-0.0155));
#5956=CARTESIAN_POINT('',(-0.1455,-0.371,0.2025));
#5957=CARTESIAN_POINT('',(-0.1455,-0.01,0.2025));
#5958=CARTESIAN_POINT('',(-0.1455,-0.01,0.2025));
#5959=CARTESIAN_POINT('',(-0.1555,-0.01,0.2025));
#5960=CARTESIAN_POINT('',(-0.1455,-0.371,0.2025));
#5961=CARTESIAN_POINT('',(-0.1455,-0.371,0.2025));
#5962=CARTESIAN_POINT('',(-0.1455,-0.371,0.2025));
#5963=CARTESIAN_POINT('',(-0.1555,-0.371,0.2025));
#5964=CARTESIAN_POINT('',(-0.1555,-0.371,0.2025));
#5965=CARTESIAN_POINT('',(-0.1555,-0.371,0.2025));
#5966=CARTESIAN_POINT('',(-0.1555,-0.01,0.2025));
#5967=CARTESIAN_POINT('',(-0.1555,-0.01,0.25088));
#5968=CARTESIAN_POINT('',(-0.1555,-0.371,0.2025));
#5969=CARTESIAN_POINT('',(-0.1555,-0.371,0.25088));
#5970=CARTESIAN_POINT('',(-0.1555,-0.371,0.25088));
#5971=CARTESIAN_POINT('',(-0.15038,-0.371,0.25088));
#5972=CARTESIAN_POINT('',(-0.15038,-0.01,0.25088));
#5973=CARTESIAN_POINT('',(-0.15038,-0.01,0.256));
#5974=CARTESIAN_POINT('',(-0.15038,-0.371,0.25088));
#5975=CARTESIAN_POINT('',(-0.15038,-0.371,0.256));
#5976=CARTESIAN_POINT('',(-0.15038,-0.371,0.256));
#5977=CARTESIAN_POINT('',(-0.15038,-0.371,0.256));
#5978=CARTESIAN_POINT('',(-0.15038,-0.01,0.256));
#5979=CARTESIAN_POINT('',(0.15038,-0.01,0.256));
#5980=CARTESIAN_POINT('',(-0.15038,-0.371,0.256));
#5981=CARTESIAN_POINT('',(0.15038,-0.371,0.256));
#5982=CARTESIAN_POINT('',(0.15038,-0.371,0.256));
#5983=CARTESIAN_POINT('',(0.15038,-0.371,0.25088));
#5984=CARTESIAN_POINT('',(0.15038,-0.01,0.25088));
#5985=CARTESIAN_POINT('',(0.1555,-0.01,0.25088));
#5986=CARTESIAN_POINT('',(0.15038,-0.371,0.25088));
#5987=CARTESIAN_POINT('',(0.1555,-0.371,0.25088));
#5988=CARTESIAN_POINT('',(0.1555,-0.371,0.25088));
#5989=CARTESIAN_POINT('',(0.1555,-0.371,0.25088));
#5990=CARTESIAN_POINT('',(0.1555,-0.01,0.25088));
#5991=CARTESIAN_POINT('',(0.1555,-0.01,0.2025));
#5992=CARTESIAN_POINT('',(0.1555,-0.371,0.25088));
#5993=CARTESIAN_POINT('',(0.1555,-0.371,0.2025));
#5994=CARTESIAN_POINT('',(0.1555,-0.371,0.2025));
#5995=CARTESIAN_POINT('',(0.1555,-0.371,0.2025));
#5996=CARTESIAN_POINT('',(0.1555,-0.01,0.2025));
#5997=CARTESIAN_POINT('',(0.1455,-0.01,0.2025));
#5998=CARTESIAN_POINT('',(0.1555,-0.371,0.2025));
#5999=CARTESIAN_POINT('',(0.1455,-0.371,0.2025));
#6000=CARTESIAN_POINT('',(0.1455,-0.371,0.2025));
#6001=CARTESIAN_POINT('',(0.1455,-0.371,0.2025));
#6002=CARTESIAN_POINT('',(0.1455,-0.01,0.2025));
#6003=CARTESIAN_POINT('',(0.1455,-0.01,0.115736730192915));
#6004=CARTESIAN_POINT('',(0.1455,-0.371,0.2025));
#6005=CARTESIAN_POINT('',(0.1455,-0.371,0.115736730192915));
#6006=CARTESIAN_POINT('',(0.1455,-0.371,0.115736730192915));
#6007=CARTESIAN_POINT('',(0.1455,-0.371,0.115736730192915));
#6008=CARTESIAN_POINT('',(0.1455,-0.01,0.115736730192915));
#6009=CARTESIAN_POINT('',(0.1305,-0.01,0.113091825482288));
#6010=CARTESIAN_POINT('',(0.1455,-0.371,0.115736730192915));
#6011=CARTESIAN_POINT('',(0.1305,-0.371,0.113091825482288));
#6012=CARTESIAN_POINT('',(0.1305,-0.371,0.113091825482288));
#6013=CARTESIAN_POINT('',(0.1305,-0.371,0.113091825482288));
#6014=CARTESIAN_POINT('',(0.1305,-0.01,0.113091825482288));
#6015=CARTESIAN_POINT('',(0.1305,-0.01,0.0719081745177116));
#6016=CARTESIAN_POINT('',(0.1305,-0.371,0.113091825482288));
#6017=CARTESIAN_POINT('',(0.1305,-0.371,0.0719081745177116));
#6018=CARTESIAN_POINT('',(0.1305,-0.371,0.0719081745177116));
#6019=CARTESIAN_POINT('',(0.1305,-0.371,0.0719081745177116));
#6020=CARTESIAN_POINT('',(0.1305,-0.01,0.0719081745177116));
#6021=CARTESIAN_POINT('',(0.1455,-0.01,0.0692632698070847));
#6022=CARTESIAN_POINT('',(0.1305,-0.371,0.0719081745177116));
#6023=CARTESIAN_POINT('',(0.1455,-0.371,0.0692632698070847));
#6024=CARTESIAN_POINT('',(0.1455,-0.371,0.0692632698070847));
#6025=CARTESIAN_POINT('',(0.1455,-0.371,0.0692632698070847));
#6026=CARTESIAN_POINT('',(0.1455,-0.01,0.0692632698070847));
#6027=CARTESIAN_POINT('',(0.1455,-0.01,-0.0692632698070846));
#6028=CARTESIAN_POINT('',(0.1455,-0.371,0.0692632698070847));
#6029=CARTESIAN_POINT('',(0.1455,-0.371,-0.0692632698070846));
#6030=CARTESIAN_POINT('',(0.1455,-0.371,-0.0692632698070846));
#6031=CARTESIAN_POINT('',(0.1455,-0.371,-0.0692632698070846));
#6032=CARTESIAN_POINT('',(0.1455,-0.01,-0.0692632698070846));
#6033=CARTESIAN_POINT('',(0.1305,-0.01,-0.0719081745177116));
#6034=CARTESIAN_POINT('',(0.1455,-0.371,-0.0692632698070846));
#6035=CARTESIAN_POINT('',(0.1305,-0.371,-0.0719081745177116));
#6036=CARTESIAN_POINT('',(0.1305,-0.371,-0.0719081745177116));
#6037=CARTESIAN_POINT('',(0.1305,-0.371,-0.0719081745177116));
#6038=CARTESIAN_POINT('',(0.1305,-0.01,-0.0719081745177116));
#6039=CARTESIAN_POINT('',(0.1305,-0.01,-0.113091825482288));
#6040=CARTESIAN_POINT('',(0.1305,-0.371,-0.0719081745177116));
#6041=CARTESIAN_POINT('',(0.1305,-0.371,-0.113091825482288));
#6042=CARTESIAN_POINT('',(0.1305,-0.371,-0.113091825482288));
#6043=CARTESIAN_POINT('',(0.1305,-0.371,-0.113091825482288));
#6044=CARTESIAN_POINT('',(0.1305,-0.01,-0.113091825482288));
#6045=CARTESIAN_POINT('',(0.1455,-0.01,-0.115736730192915));
#6046=CARTESIAN_POINT('',(0.1305,-0.371,-0.113091825482288));
#6047=CARTESIAN_POINT('',(0.1455,-0.371,-0.115736730192915));
#6048=CARTESIAN_POINT('',(0.1455,-0.371,-0.115736730192915));
#6049=CARTESIAN_POINT('',(0.1455,-0.371,-0.115736730192915));
#6050=CARTESIAN_POINT('',(0.1455,-0.01,-0.115736730192915));
#6051=CARTESIAN_POINT('',(0.1455,-0.01,-0.2025));
#6052=CARTESIAN_POINT('',(0.1455,-0.371,-0.115736730192915));
#6053=CARTESIAN_POINT('',(0.1455,-0.371,-0.2025));
#6054=CARTESIAN_POINT('',(0.1455,-0.371,-0.2025));
#6055=CARTESIAN_POINT('',(0.1455,-0.371,-0.2025));
#6056=CARTESIAN_POINT('',(0.1455,-0.01,-0.2025));
#6057=CARTESIAN_POINT('',(0.1555,-0.01,-0.2025));
#6058=CARTESIAN_POINT('',(0.1455,-0.371,-0.2025));
#6059=CARTESIAN_POINT('',(0.1555,-0.371,-0.2025));
#6060=CARTESIAN_POINT('',(0.1555,-0.371,-0.2025));
#6061=CARTESIAN_POINT('',(0.1555,-0.371,-0.2025));
#6062=CARTESIAN_POINT('',(0.1555,-0.01,-0.2025));
#6063=CARTESIAN_POINT('',(0.1555,-0.01,-0.25088));
#6064=CARTESIAN_POINT('',(0.1555,-0.371,-0.2025));
#6065=CARTESIAN_POINT('',(0.1555,-0.371,-0.25088));
#6066=CARTESIAN_POINT('',(0.1555,-0.371,-0.25088));
#6067=CARTESIAN_POINT('',(0.15038,-0.371,-0.25088));
#6068=CARTESIAN_POINT('',(0.15038,-0.01,-0.25088));
#6069=CARTESIAN_POINT('',(0.15038,-0.01,-0.256));
#6070=CARTESIAN_POINT('',(0.15038,-0.371,-0.25088));
#6071=CARTESIAN_POINT('',(0.15038,-0.371,-0.256));
#6072=CARTESIAN_POINT('',(0.15038,-0.371,-0.256));
#6073=CARTESIAN_POINT('',(0.15038,-0.371,-0.256));
#6074=CARTESIAN_POINT('',(0.15038,-0.01,-0.256));
#6075=CARTESIAN_POINT('',(-0.15038,-0.01,-0.256));
#6076=CARTESIAN_POINT('',(0.15038,-0.371,-0.256));
#6077=CARTESIAN_POINT('',(-0.15038,-0.371,-0.256));
#6078=CARTESIAN_POINT('',(-0.15038,-0.371,-0.256));
#6079=CARTESIAN_POINT('',(-0.15038,-0.371,-0.25088));
#6080=CARTESIAN_POINT('',(-0.15038,-0.01,-0.25088));
#6081=CARTESIAN_POINT('',(-0.1555,-0.01,-0.25088));
#6082=CARTESIAN_POINT('',(-0.15038,-0.371,-0.25088));
#6083=CARTESIAN_POINT('',(-0.1555,-0.371,-0.25088));
#6084=CARTESIAN_POINT('',(-0.1555,-0.371,-0.25088));
#6085=CARTESIAN_POINT('',(-0.1555,-0.371,-0.25088));
#6086=CARTESIAN_POINT('',(-0.1555,-0.01,-0.25088));
#6087=CARTESIAN_POINT('',(-0.1555,-0.01,-0.2025));
#6088=CARTESIAN_POINT('',(-0.1555,-0.371,-0.25088));
#6089=CARTESIAN_POINT('',(-0.1555,-0.371,-0.2025));
#6090=CARTESIAN_POINT('',(-0.1555,-0.371,-0.2025));
#6091=CARTESIAN_POINT('',(-0.1555,-0.371,-0.2025));
#6092=CARTESIAN_POINT('',(-0.1555,-0.01,-0.2025));
#6093=CARTESIAN_POINT('',(-0.1455,-0.01,-0.2025));
#6094=CARTESIAN_POINT('',(-0.1555,-0.371,-0.2025));
#6095=CARTESIAN_POINT('',(-0.1455,-0.371,-0.2025));
#6096=CARTESIAN_POINT('',(-0.1455,-0.371,-0.2025));
#6097=CARTESIAN_POINT('',(-0.1455,-0.371,-0.2025));
#6098=CARTESIAN_POINT('',(-0.1455,-0.01,-0.2025));
#6099=CARTESIAN_POINT('',(-0.1455,-0.01,-0.115736730192915));
#6100=CARTESIAN_POINT('',(-0.1455,-0.371,-0.2025));
#6101=CARTESIAN_POINT('',(-0.1455,-0.371,-0.115736730192915));
#6102=CARTESIAN_POINT('',(-0.1455,-0.371,-0.115736730192915));
#6103=CARTESIAN_POINT('',(-0.1455,-0.371,-0.115736730192915));
#6104=CARTESIAN_POINT('',(-0.1455,-0.01,-0.115736730192915));
#6105=CARTESIAN_POINT('',(-0.1305,-0.01,-0.113091825482288));
#6106=CARTESIAN_POINT('',(-0.1455,-0.371,-0.115736730192915));
#6107=CARTESIAN_POINT('',(-0.1305,-0.371,-0.113091825482288));
#6108=CARTESIAN_POINT('',(-0.1305,-0.371,-0.113091825482288));
#6109=CARTESIAN_POINT('',(-0.1305,-0.371,-0.113091825482288));
#6110=CARTESIAN_POINT('',(-0.1305,-0.01,-0.113091825482288));
#6111=CARTESIAN_POINT('',(-0.1305,-0.01,-0.0719081745177116));
#6112=CARTESIAN_POINT('',(-0.1305,-0.371,-0.113091825482288));
#6113=CARTESIAN_POINT('',(-0.1305,-0.371,-0.0719081745177116));
#6114=CARTESIAN_POINT('',(-0.1305,-0.371,-0.0719081745177116));
#6115=CARTESIAN_POINT('',(-0.1305,-0.371,-0.0719081745177116));
#6116=CARTESIAN_POINT('',(-0.1305,-0.01,-0.0719081745177116));
#6117=CARTESIAN_POINT('',(-0.1455,-0.01,-0.0692632698070847));
#6118=CARTESIAN_POINT('',(-0.1305,-0.371,-0.0719081745177116));
#6119=CARTESIAN_POINT('',(-0.1455,-0.371,-0.0692632698070847));
#6120=CARTESIAN_POINT('',(-0.1455,-0.371,-0.0692632698070847));
#6121=CARTESIAN_POINT('',(-0.1455,-0.371,-0.0692632698070847));
#6122=CARTESIAN_POINT('',(-0.1455,-0.01,-0.0692632698070847));
#6123=CARTESIAN_POINT('',(-0.1455,-0.01,0.0692632698070846));
#6124=CARTESIAN_POINT('',(-0.1455,-0.371,-0.0692632698070847));
#6125=CARTESIAN_POINT('',(-0.1455,-0.371,0.0692632698070846));
#6126=CARTESIAN_POINT('',(-0.1455,-0.371,0.0692632698070846));
#6127=CARTESIAN_POINT('',(-0.1455,-0.371,0.0692632698070846));
#6128=CARTESIAN_POINT('',(-0.1455,-0.01,0.0692632698070846));
#6129=CARTESIAN_POINT('',(-0.1305,-0.01,0.0719081745177116));
#6130=CARTESIAN_POINT('',(-0.1455,-0.371,0.0692632698070846));
#6131=CARTESIAN_POINT('',(-0.1305,-0.371,0.0719081745177116));
#6132=CARTESIAN_POINT('',(-0.1305,-0.371,0.0719081745177116));
#6133=CARTESIAN_POINT('',(-0.1305,-0.371,0.0719081745177116));
#6134=CARTESIAN_POINT('',(-0.1305,-0.01,0.0719081745177116));
#6135=CARTESIAN_POINT('',(-0.1305,-0.01,0.113091825482288));
#6136=CARTESIAN_POINT('',(-0.1305,-0.371,0.0719081745177116));
#6137=CARTESIAN_POINT('',(-0.1305,-0.371,0.113091825482288));
#6138=CARTESIAN_POINT('',(-0.1305,-0.371,0.113091825482288));
#6139=CARTESIAN_POINT('',(-0.1305,-0.371,0.113091825482288));
#6140=CARTESIAN_POINT('',(-0.1305,-0.01,0.113091825482288));
#6141=CARTESIAN_POINT('',(-0.1455,-0.01,0.115736730192915));
#6142=CARTESIAN_POINT('',(-0.1305,-0.371,0.113091825482288));
#6143=CARTESIAN_POINT('',(-0.1455,-0.371,0.115736730192915));
#6144=CARTESIAN_POINT('',(-0.1455,-0.371,0.115736730192915));
#6145=CARTESIAN_POINT('',(-0.1455,-0.371,0.115736730192915));
#6146=CARTESIAN_POINT('',(-0.1455,-0.01,0.115736730192915));
#6147=CARTESIAN_POINT('',(-0.1455,-0.371,0.115736730192915));
#6148=CARTESIAN_POINT('',(-0.15038,-0.371,0.25088));
#6149=CARTESIAN_POINT('',(-0.1255,-0.371,-0.24088));
#6150=CARTESIAN_POINT('',(-0.1255,-0.371,-0.24088));
#6151=CARTESIAN_POINT('',(-0.1255,-0.371,0.24088));
#6152=CARTESIAN_POINT('',(-0.12038,-0.371,0.24088));
#6153=CARTESIAN_POINT('',(-0.12038,-0.371,0.246));
#6154=CARTESIAN_POINT('',(-0.12038,-0.371,0.246));
#6155=CARTESIAN_POINT('',(0.12038,-0.371,0.246));
#6156=CARTESIAN_POINT('',(0.12038,-0.371,0.24088));
#6157=CARTESIAN_POINT('',(0.1255,-0.371,0.24088));
#6158=CARTESIAN_POINT('',(0.1255,-0.371,0.24088));
#6159=CARTESIAN_POINT('',(0.1255,-0.371,-0.24088));
#6160=CARTESIAN_POINT('',(0.12038,-0.371,-0.24088));
#6161=CARTESIAN_POINT('',(0.12038,-0.371,-0.246));
#6162=CARTESIAN_POINT('',(0.12038,-0.371,-0.246));
#6163=CARTESIAN_POINT('',(-0.12038,-0.371,-0.246));
#6164=CARTESIAN_POINT('',(-0.12038,-0.371,-0.24088));
#6165=CARTESIAN_POINT('',(-0.15038,-0.01,0.25088));
#6166=CARTESIAN_POINT('',(-0.1255,-0.37,-0.24088));
#6167=CARTESIAN_POINT('',(-0.1255,-0.37,-0.24088));
#6168=CARTESIAN_POINT('',(-0.1255,-0.37,0.24088));
#6169=CARTESIAN_POINT('',(-0.12038,-0.37,0.24088));
#6170=CARTESIAN_POINT('',(-0.12038,-0.37,0.246));
#6171=CARTESIAN_POINT('',(-0.12038,-0.37,0.246));
#6172=CARTESIAN_POINT('',(0.12038,-0.37,0.246));
#6173=CARTESIAN_POINT('',(0.12038,-0.37,0.24088));
#6174=CARTESIAN_POINT('',(0.1255,-0.37,0.24088));
#6175=CARTESIAN_POINT('',(0.1255,-0.37,0.24088));
#6176=CARTESIAN_POINT('',(0.1255,-0.37,-0.24088));
#6177=CARTESIAN_POINT('',(0.12038,-0.37,-0.24088));
#6178=CARTESIAN_POINT('',(0.12038,-0.37,-0.246));
#6179=CARTESIAN_POINT('',(0.12038,-0.37,-0.246));
#6180=CARTESIAN_POINT('',(-0.12038,-0.37,-0.246));
#6181=CARTESIAN_POINT('',(-0.12038,-0.37,-0.24088));
#6182=CARTESIAN_POINT('',(-0.0395,-0.361,-0.2005));
#6183=CARTESIAN_POINT('',(-0.0395,-0.361,-0.2005));
#6184=CARTESIAN_POINT('',(-0.0395,-0.361,-0.2005));
#6185=CARTESIAN_POINT('',(-0.0395,-0.361,-0.2005));
#6186=CARTESIAN_POINT('',(-0.0395,-0.361,-0.1695));
#6187=CARTESIAN_POINT('',(-0.0395,-0.361,-0.1695));
#6188=CARTESIAN_POINT('',(-0.0395,-0.361,-0.1695));
#6189=CARTESIAN_POINT('',(-0.0395,-0.361,-0.1695));
#6190=CARTESIAN_POINT('',(0.0395,-0.361,-0.1695));
#6191=CARTESIAN_POINT('',(0.0395,-0.361,-0.1695));
#6192=CARTESIAN_POINT('',(0.0395,-0.361,-0.1695));
#6193=CARTESIAN_POINT('',(0.0395,-0.361,-0.1695));
#6194=CARTESIAN_POINT('',(0.0395,-0.361,-0.2005));
#6195=CARTESIAN_POINT('',(0.0395,-0.361,-0.2005));
#6196=CARTESIAN_POINT('',(0.0395,-0.361,-0.2005));
#6197=CARTESIAN_POINT('',(0.0395,-0.361,-0.2005));
#6198=CARTESIAN_POINT('',(0.,-0.361,0.));
#6199=CARTESIAN_POINT('',(-0.0395,-0.361,0.1695));
#6200=CARTESIAN_POINT('',(-0.0395,-0.361,0.1695));
#6201=CARTESIAN_POINT('',(-0.0395,-0.361,0.1695));
#6202=CARTESIAN_POINT('',(-0.0395,-0.361,0.1695));
#6203=CARTESIAN_POINT('',(-0.0395,-0.361,0.2005));
#6204=CARTESIAN_POINT('',(-0.0395,-0.361,0.2005));
#6205=CARTESIAN_POINT('',(-0.0395,-0.361,0.2005));
#6206=CARTESIAN_POINT('',(-0.0395,-0.361,0.2005));
#6207=CARTESIAN_POINT('',(0.0395,-0.361,0.2005));
#6208=CARTESIAN_POINT('',(0.0395,-0.361,0.2005));
#6209=CARTESIAN_POINT('',(0.0395,-0.361,0.2005));
#6210=CARTESIAN_POINT('',(0.0395,-0.361,0.2005));
#6211=CARTESIAN_POINT('',(0.0395,-0.361,0.1695));
#6212=CARTESIAN_POINT('',(0.0395,-0.361,0.1695));
#6213=CARTESIAN_POINT('',(0.0395,-0.361,0.1695));
#6214=CARTESIAN_POINT('',(0.0395,-0.361,0.1695));
#6215=CARTESIAN_POINT('',(0.,-0.361,0.37));
#6216=CARTESIAN_POINT('',(-0.0395,-0.361,-0.0155));
#6217=CARTESIAN_POINT('',(-0.0395,-0.361,-0.0155));
#6218=CARTESIAN_POINT('',(-0.0395,-0.361,-0.0155));
#6219=CARTESIAN_POINT('',(-0.0395,-0.361,-0.0155));
#6220=CARTESIAN_POINT('',(-0.0395,-0.361,0.0155));
#6221=CARTESIAN_POINT('',(-0.0395,-0.361,0.0155));
#6222=CARTESIAN_POINT('',(-0.0395,-0.361,0.0155));
#6223=CARTESIAN_POINT('',(-0.0395,-0.361,0.0155));
#6224=CARTESIAN_POINT('',(0.0395,-0.361,0.0155));
#6225=CARTESIAN_POINT('',(0.0395,-0.361,0.0155));
#6226=CARTESIAN_POINT('',(0.0395,-0.361,0.0155));
#6227=CARTESIAN_POINT('',(0.0395,-0.361,0.0155));
#6228=CARTESIAN_POINT('',(0.0395,-0.361,-0.0155));
#6229=CARTESIAN_POINT('',(0.0395,-0.361,-0.0155));
#6230=CARTESIAN_POINT('',(0.0395,-0.361,-0.0155));
#6231=CARTESIAN_POINT('',(0.0395,-0.361,-0.0155));
#6232=CARTESIAN_POINT('',(0.,-0.361,0.185));
#6233=CARTESIAN_POINT('',(0.,0.,0.));
#6234=CARTESIAN_POINT('',(0.,0.36,0.));
#6235=CARTESIAN_POINT('',(0.,0.36,0.));
#6236=CARTESIAN_POINT('',(0.,0.36,-0.0875));
#6237=CARTESIAN_POINT('',(-0.0155,0.36,0.));
#6238=CARTESIAN_POINT('',(-0.0155,0.36,-0.105264951432089));
#6239=CARTESIAN_POINT('',(-0.0155,0.36,-0.0979999999999999));
#6240=CARTESIAN_POINT('',(0.,0.36,0.));
#6241=CARTESIAN_POINT('',(0.0155,0.36,-0.105264951432089));
#6242=CARTESIAN_POINT('',(0.0155,0.36,0.));
#6243=CARTESIAN_POINT('',(0.0155,0.36,-0.098));
#6244=CARTESIAN_POINT('',(-1.07952057814152E-16,0.36,-0.098));
#6245=CARTESIAN_POINT('',(0.,0.36,0.));
#6246=CARTESIAN_POINT('',(-0.0155,0.3414,-0.124035277239985));
#6247=CARTESIAN_POINT('',(-0.0155,0.34760428210486,-0.117782739410711));
#6248=CARTESIAN_POINT('',(-0.0155,0.35380503808893,-0.11152671224013));
#6249=CARTESIAN_POINT('',(-0.0155,0.36,-0.105264951432089));
#6250=CARTESIAN_POINT('',(-0.0155,0.3414,-0.124035277239985));
#6251=CARTESIAN_POINT('',(0.,0.3414,0.));
#6252=CARTESIAN_POINT('',(0.0155,0.3414,-0.124035277239985));
#6253=CARTESIAN_POINT('',(0.0155,0.36,-0.105264951432089));
#6254=CARTESIAN_POINT('',(0.0155,0.353805042710852,-0.111526707568371));
#6255=CARTESIAN_POINT('',(0.0155,0.347604286039161,-0.11778273544581));
#6256=CARTESIAN_POINT('',(0.0155,0.3414,-0.124035277239985));
#6257=CARTESIAN_POINT('',(0.,0.005,0.));
#6258=CARTESIAN_POINT('',(-0.0155,0.005,-0.124035277239985));
#6259=CARTESIAN_POINT('',(-0.0155,0.045,-0.124035277239985));
#6260=CARTESIAN_POINT('',(0.,0.045,0.));
#6261=CARTESIAN_POINT('',(0.0155,0.045,-0.124035277239985));
#6262=CARTESIAN_POINT('',(0.0155,0.005,-0.124035277239985));
#6263=CARTESIAN_POINT('',(0.125,0.045,0.));
#6264=CARTESIAN_POINT('',(-0.0155,0.045,0.));
#6265=CARTESIAN_POINT('',(-0.0155,0.045,-0.156735445895305));
#6266=CARTESIAN_POINT('',(0.,0.045,0.));
#6267=CARTESIAN_POINT('',(0.0155,0.045,-0.156735445895305));
#6268=CARTESIAN_POINT('',(0.0155,0.045,0.));
#6269=CARTESIAN_POINT('',(0.,0.005,0.));
#6270=CARTESIAN_POINT('',(-0.0155,0.005,-0.156735445895305));
#6271=CARTESIAN_POINT('',(-0.0155,0.01,-0.156735445895305));
#6272=CARTESIAN_POINT('',(0.,0.01,0.));
#6273=CARTESIAN_POINT('',(-0.1455,0.01,-0.0602992537267253));
#6274=CARTESIAN_POINT('',(0.,0.01,0.));
#6275=CARTESIAN_POINT('',(-0.1455,0.01,0.0602992537267253));
#6276=CARTESIAN_POINT('',(0.,0.01,0.));
#6277=CARTESIAN_POINT('',(0.1455,0.01,0.0602992537267254));
#6278=CARTESIAN_POINT('',(0.,0.01,0.));
#6279=CARTESIAN_POINT('',(0.1455,0.01,-0.0602992537267254));
#6280=CARTESIAN_POINT('',(0.,0.01,0.));
#6281=CARTESIAN_POINT('',(0.0155,0.01,-0.156735445895305));
#6282=CARTESIAN_POINT('',(0.0155,0.005,-0.156735445895305));
#6283=CARTESIAN_POINT('',(0.1455,0.01,0.256));
#6284=CARTESIAN_POINT('',(-0.1455,0.01,0.256));
#6285=CARTESIAN_POINT('',(-0.1455,0.01,0.256));
#6286=CARTESIAN_POINT('',(0.1455,0.01,0.256));
#6287=CARTESIAN_POINT('',(0.1455,0.01,0.256));
#6288=CARTESIAN_POINT('',(0.1455,0.01,0.256));
#6289=CARTESIAN_POINT('',(-0.1555,1.73472347597681E-18,0.256));
#6290=CARTESIAN_POINT('',(-0.1555,0.,-0.2005));
#6291=CARTESIAN_POINT('',(-0.1555,0.,-0.2005));
#6292=CARTESIAN_POINT('',(-0.1555,-0.249,-0.2005));
#6293=CARTESIAN_POINT('',(-0.1555,-0.249,-0.2005));
#6294=CARTESIAN_POINT('',(-0.1555,-0.249,-0.1075));
#6295=CARTESIAN_POINT('',(-0.1555,-0.249,-0.1075));
#6296=CARTESIAN_POINT('',(-0.1555,-0.2625,-0.1075));
#6297=CARTESIAN_POINT('',(-0.1555,-0.2625,-0.1025));
#6298=CARTESIAN_POINT('',(-0.1555,-0.2675,-0.1025));
#6299=CARTESIAN_POINT('',(-0.1555,-0.2675,0.256));
#6300=CARTESIAN_POINT('',(-0.1555,-0.2675,-0.0825));
#6301=CARTESIAN_POINT('',(-0.1555,-0.2625,-0.0825));
#6302=CARTESIAN_POINT('',(-0.1555,-0.2625,-0.0775));
#6303=CARTESIAN_POINT('',(-0.1555,-0.2625,-0.0775));
#6304=CARTESIAN_POINT('',(-0.1555,-0.249,-0.0775));
#6305=CARTESIAN_POINT('',(-0.1555,-0.249,-0.0775));
#6306=CARTESIAN_POINT('',(-0.1555,-0.249,0.0775));
#6307=CARTESIAN_POINT('',(-0.1555,-0.249,0.0775));
#6308=CARTESIAN_POINT('',(-0.1555,-0.2625,0.0775));
#6309=CARTESIAN_POINT('',(-0.1555,-0.2625,0.0825));
#6310=CARTESIAN_POINT('',(-0.1555,-0.2675,0.0825));
#6311=CARTESIAN_POINT('',(-0.1555,-0.2675,0.256));
#6312=CARTESIAN_POINT('',(-0.1555,-0.2675,0.1025));
#6313=CARTESIAN_POINT('',(-0.1555,-0.2625,0.1025));
#6314=CARTESIAN_POINT('',(-0.1555,-0.2625,0.1075));
#6315=CARTESIAN_POINT('',(-0.1555,-0.2625,0.1075));
#6316=CARTESIAN_POINT('',(-0.1555,-0.249,0.1075));
#6317=CARTESIAN_POINT('',(-0.1555,-0.249,0.1075));
#6318=CARTESIAN_POINT('',(-0.1555,-0.249,0.2005));
#6319=CARTESIAN_POINT('',(-0.1555,-0.249,0.2005));
#6320=CARTESIAN_POINT('',(-0.1555,0.,0.2005));
#6321=CARTESIAN_POINT('',(-0.1555,1.90369148746125E-19,0.256));
#6322=CARTESIAN_POINT('',(-0.1555,-0.2675,0.256));
#6323=CARTESIAN_POINT('',(0.1555,-0.2675,-0.1025));
#6324=CARTESIAN_POINT('',(-0.1455,-0.2675,-0.1025));
#6325=CARTESIAN_POINT('',(-0.1455,-0.2675,0.256));
#6326=CARTESIAN_POINT('',(-0.1455,-0.2675,-0.0825));
#6327=CARTESIAN_POINT('',(0.1555,-0.2675,-0.0825));
#6328=CARTESIAN_POINT('',(-0.1555,-0.2675,0.256));
#6329=CARTESIAN_POINT('',(0.1555,-0.2675,0.0825));
#6330=CARTESIAN_POINT('',(-0.1455,-0.2675,0.0825));
#6331=CARTESIAN_POINT('',(-0.1455,-0.2675,0.256));
#6332=CARTESIAN_POINT('',(-0.1455,-0.2675,0.1025));
#6333=CARTESIAN_POINT('',(0.1555,-0.2675,0.1025));
#6334=CARTESIAN_POINT('',(-0.1455,-0.2675,0.256));
#6335=CARTESIAN_POINT('',(-0.1455,-0.2675,-0.2005));
#6336=CARTESIAN_POINT('',(-0.1455,-0.01,-0.2005));
#6337=CARTESIAN_POINT('',(-0.1455,-0.249,-0.2005));
#6338=CARTESIAN_POINT('',(-0.1455,-0.01,0.256));
#6339=CARTESIAN_POINT('',(-0.1455,-0.01,0.2005));
#6340=CARTESIAN_POINT('',(-0.1455,-0.2675,0.2005));
#6341=CARTESIAN_POINT('',(-0.1455,-0.249,0.2005));
#6342=CARTESIAN_POINT('',(-0.1455,-0.249,0.256));
#6343=CARTESIAN_POINT('',(-0.1455,-0.249,0.1075));
#6344=CARTESIAN_POINT('',(-0.1455,-0.2675,0.1075));
#6345=CARTESIAN_POINT('',(-0.1455,-0.2625,0.1075));
#6346=CARTESIAN_POINT('',(-0.1455,-0.2625,0.1025));
#6347=CARTESIAN_POINT('',(-0.1455,-0.2625,0.0825));
#6348=CARTESIAN_POINT('',(-0.1455,-0.2625,0.0775));
#6349=CARTESIAN_POINT('',(-0.1455,-0.2675,0.0775));
#6350=CARTESIAN_POINT('',(-0.1455,-0.249,0.0775));
#6351=CARTESIAN_POINT('',(-0.1455,-0.249,0.256));
#6352=CARTESIAN_POINT('',(-0.1455,-0.249,-0.0775));
#6353=CARTESIAN_POINT('',(-0.1455,-0.2675,-0.0775));
#6354=CARTESIAN_POINT('',(-0.1455,-0.2625,-0.0775));
#6355=CARTESIAN_POINT('',(-0.1455,-0.2625,-0.0825));
#6356=CARTESIAN_POINT('',(-0.1455,-0.2625,-0.1025));
#6357=CARTESIAN_POINT('',(-0.1455,-0.2625,-0.1075));
#6358=CARTESIAN_POINT('',(-0.1455,-0.2675,-0.1075));
#6359=CARTESIAN_POINT('',(-0.1455,-0.249,-0.1075));
#6360=CARTESIAN_POINT('',(-0.1455,-0.249,0.256));
#6361=CARTESIAN_POINT('',(-0.1355,-0.01,0.256));
#6362=CARTESIAN_POINT('',(-0.1355,-0.01,-0.2005));
#6363=CARTESIAN_POINT('',(-0.1355,0.,-0.2005));
#6364=CARTESIAN_POINT('',(-0.1355,2.13425624505021E-18,0.256));
#6365=CARTESIAN_POINT('',(-0.1355,0.,0.2005));
#6366=CARTESIAN_POINT('',(-0.1355,-0.01,0.2005));
#6367=CARTESIAN_POINT('',(0.1355,-0.01,0.256));
#6368=CARTESIAN_POINT('',(0.1355,0.,0.256));
#6369=CARTESIAN_POINT('',(0.1355,0.,0.2005));
#6370=CARTESIAN_POINT('',(0.1355,0.,-0.2005));
#6371=CARTESIAN_POINT('',(0.1355,-0.01,-0.2005));
#6372=CARTESIAN_POINT('',(0.1455,-0.01,-0.2005));
#6373=CARTESIAN_POINT('',(0.1455,-0.01,0.256));
#6374=CARTESIAN_POINT('',(0.1455,-0.01,0.2005));
#6375=CARTESIAN_POINT('',(0.1355,-0.01,0.2005));
#6376=CARTESIAN_POINT('',(0.1455,-0.01,0.256));
#6377=CARTESIAN_POINT('',(0.1455,-0.01,-0.2005));
#6378=CARTESIAN_POINT('',(0.1455,-0.249,-0.2005));
#6379=CARTESIAN_POINT('',(0.1455,-0.249,0.256));
#6380=CARTESIAN_POINT('',(0.1455,-0.249,-0.1075));
#6381=CARTESIAN_POINT('',(0.1455,-0.01,-0.1075));
#6382=CARTESIAN_POINT('',(0.1455,-0.2625,-0.1075));
#6383=CARTESIAN_POINT('',(0.1455,-0.2625,-0.1025));
#6384=CARTESIAN_POINT('',(0.1455,-0.2675,-0.1025));
#6385=CARTESIAN_POINT('',(0.1455,-0.2675,0.256));
#6386=CARTESIAN_POINT('',(0.1455,-0.2675,-0.0825));
#6387=CARTESIAN_POINT('',(0.1455,-0.2625,-0.0825));
#6388=CARTESIAN_POINT('',(0.1455,-0.2625,-0.0775));
#6389=CARTESIAN_POINT('',(0.1455,-0.0100000000000004,-0.0775000000000003));
#6390=CARTESIAN_POINT('',(0.1455,-0.249,-0.0775));
#6391=CARTESIAN_POINT('',(0.1455,-0.249,0.256));
#6392=CARTESIAN_POINT('',(0.1455,-0.249,0.0775));
#6393=CARTESIAN_POINT('',(0.1455,-0.00999999999999977,0.0775000000000003));
#6394=CARTESIAN_POINT('',(0.1455,-0.2625,0.0775));
#6395=CARTESIAN_POINT('',(0.1455,-0.2625,0.0825));
#6396=CARTESIAN_POINT('',(0.1455,-0.2675,0.0825));
#6397=CARTESIAN_POINT('',(0.1455,-0.2675,0.256));
#6398=CARTESIAN_POINT('',(0.1455,-0.2675,0.1025));
#6399=CARTESIAN_POINT('',(0.1455,-0.2625,0.1025));
#6400=CARTESIAN_POINT('',(0.1455,-0.2625,0.1075));
#6401=CARTESIAN_POINT('',(0.1455,-0.01,0.1075));
#6402=CARTESIAN_POINT('',(0.1455,-0.249,0.1075));
#6403=CARTESIAN_POINT('',(0.1455,-0.249,0.256));
#6404=CARTESIAN_POINT('',(0.1455,-0.249,0.2005));
#6405=CARTESIAN_POINT('',(0.1455,-0.01,0.2005));
#6406=CARTESIAN_POINT('',(0.1455,-0.2675,0.256));
#6407=CARTESIAN_POINT('',(0.1555,-0.2675,-0.1025));
#6408=CARTESIAN_POINT('',(0.1555,-0.2675,-0.1025));
#6409=CARTESIAN_POINT('',(0.1555,-0.2675,0.256));
#6410=CARTESIAN_POINT('',(0.1555,-0.2675,-0.0825));
#6411=CARTESIAN_POINT('',(0.1555,-0.2675,-0.0825));
#6412=CARTESIAN_POINT('',(0.1455,-0.2675,0.256));
#6413=CARTESIAN_POINT('',(0.1555,-0.2675,0.0825));
#6414=CARTESIAN_POINT('',(0.1555,-0.2675,0.0825));
#6415=CARTESIAN_POINT('',(0.1555,-0.2675,0.256));
#6416=CARTESIAN_POINT('',(0.1555,-0.2675,0.1025));
#6417=CARTESIAN_POINT('',(0.1555,-0.2675,0.1025));
#6418=CARTESIAN_POINT('',(0.1555,-0.2675,0.256));
#6419=CARTESIAN_POINT('',(0.1555,0.,-0.2005));
#6420=CARTESIAN_POINT('',(0.1555,0.,-0.2005));
#6421=CARTESIAN_POINT('',(0.1555,-0.249,-0.2005));
#6422=CARTESIAN_POINT('',(0.1555,0.,0.256));
#6423=CARTESIAN_POINT('',(0.1555,0.,0.2005));
#6424=CARTESIAN_POINT('',(0.1555,-0.249,0.2005));
#6425=CARTESIAN_POINT('',(0.1555,-0.249,0.2005));
#6426=CARTESIAN_POINT('',(0.1555,-0.249,0.1075));
#6427=CARTESIAN_POINT('',(0.1555,-0.249,0.1075));
#6428=CARTESIAN_POINT('',(0.1555,-0.2625,0.1075));
#6429=CARTESIAN_POINT('',(0.1555,-0.2625,0.1075));
#6430=CARTESIAN_POINT('',(0.1555,-0.2625,0.1025));
#6431=CARTESIAN_POINT('',(0.1555,-0.2625,0.0825));
#6432=CARTESIAN_POINT('',(0.1555,-0.2625,0.0775));
#6433=CARTESIAN_POINT('',(0.1555,-0.249,0.0775));
#6434=CARTESIAN_POINT('',(0.1555,-0.249,0.0775));
#6435=CARTESIAN_POINT('',(0.1555,-0.249,-0.0775));
#6436=CARTESIAN_POINT('',(0.1555,-0.249,-0.0775));
#6437=CARTESIAN_POINT('',(0.1555,-0.2625,-0.0775));
#6438=CARTESIAN_POINT('',(0.1555,-0.2625,-0.0775));
#6439=CARTESIAN_POINT('',(0.1555,-0.2625,-0.0825));
#6440=CARTESIAN_POINT('',(0.1555,-0.2625,-0.1025));
#6441=CARTESIAN_POINT('',(0.1555,-0.2625,-0.1075));
#6442=CARTESIAN_POINT('',(0.1555,-0.249,-0.1075));
#6443=CARTESIAN_POINT('',(0.1555,-0.249,-0.1075));
#6444=CARTESIAN_POINT('',(0.1555,-0.249,-0.2005));
#6445=CARTESIAN_POINT('',(-0.1355,-0.01,0.256));
#6446=CARTESIAN_POINT('',(-0.1455,2.56110749406025E-17,0.256));
#6447=CARTESIAN_POINT('',(-0.1555,0.,0.256));
#6448=CARTESIAN_POINT('',(-0.1355,0.,0.256));
#6449=CARTESIAN_POINT('',(0.1555,0.,0.256));
#6450=CARTESIAN_POINT('',(0.1455,2.66782030631276E-17,0.256));
#6451=CARTESIAN_POINT('',(-0.1355,-0.01,-0.256));
#6452=CARTESIAN_POINT('',(-0.1355,0.,-0.256));
#6453=CARTESIAN_POINT('',(-0.1555,1.90369148746125E-19,-0.256));
#6454=CARTESIAN_POINT('',(0.1555,0.,-0.256));
#6455=CARTESIAN_POINT('',(-0.1455,2.56110749406025E-17,-0.256));
#6456=CARTESIAN_POINT('',(-0.1455,0.01,-0.256));
#6457=CARTESIAN_POINT('',(0.1455,0.01,-0.256));
#6458=CARTESIAN_POINT('',(0.1455,0.01,-0.256));
#6459=CARTESIAN_POINT('',(0.1455,2.66782030631276E-17,-0.256));
#6460=CARTESIAN_POINT('',(-0.1355,0.,0.256));
#6461=CARTESIAN_POINT('',(0.,0.,0.));
#6462=CARTESIAN_POINT('',(0.,0.,-0.0875));
#6463=CARTESIAN_POINT('',(-0.1555,1.90369148746125E-19,0.256));
#6464=CARTESIAN_POINT('',(0.1555,0.,0.2005));
#6465=CARTESIAN_POINT('',(0.1555,0.,-0.2005));
#6466=CARTESIAN_POINT('',(-0.1555,0.,-0.3072));
#6467=CARTESIAN_POINT('',(0.1555,0.,-0.3072));
#6468=CARTESIAN_POINT('',(0.1555,0.,-0.2005));
#6469=CARTESIAN_POINT('',(0.1555,0.,0.2005));
#6470=CARTESIAN_POINT('',(0.1555,0.,0.256));
#6471=CARTESIAN_POINT('',(0.1455,2.66782030631276E-17,0.256));
#6472=CARTESIAN_POINT('',(0.1455,0.01,0.256));
#6473=CARTESIAN_POINT('',(0.1455,0.01,0.256));
#6474=CARTESIAN_POINT('',(0.1455,0.01,0.256));
#6475=CARTESIAN_POINT('',(-0.1455,0.01,0.256));
#6476=CARTESIAN_POINT('',(-0.0155,0.01,-0.413));
#6477=CARTESIAN_POINT('',(-0.0155,0.01,-0.0979999999999999));
#6478=CARTESIAN_POINT('',(-0.0155,0.01,-0.098));
#6479=CARTESIAN_POINT('',(0.0155,0.01,-0.098));
#6480=CARTESIAN_POINT('',(0.0155,0.01,-0.098));
#6481=CARTESIAN_POINT('',(-0.1455,2.56110749406025E-17,0.256));
#6482=CARTESIAN_POINT('',(-0.1455,0.01,0.256));
#6483=CARTESIAN_POINT('',(0.1555,-0.2625,-0.1025));
#6484=CARTESIAN_POINT('',(0.1555,-0.2625,-0.1075));
#6485=CARTESIAN_POINT('',(0.1555,-0.249,-0.1075));
#6486=CARTESIAN_POINT('',(0.1555,-0.249,-0.1075));
#6487=CARTESIAN_POINT('',(0.1555,-0.249,-0.2005));
#6488=CARTESIAN_POINT('',(0.1555,-0.249,-0.2005));
#6489=CARTESIAN_POINT('',(0.1555,0.,-0.2005));
#6490=CARTESIAN_POINT('',(0.1555,-0.2625,-0.1025));
#6491=CARTESIAN_POINT('',(0.1555,-0.2625,-0.1075));
#6492=CARTESIAN_POINT('',(0.1555,-0.249,-0.1075));
#6493=CARTESIAN_POINT('',(0.1555,-0.249,-0.1075));
#6494=CARTESIAN_POINT('',(0.1555,0.,-0.2005));
#6495=CARTESIAN_POINT('',(0.1555,-0.249,-0.2005));
#6496=CARTESIAN_POINT('',(0.1555,-0.249,-0.2005));
#6497=CARTESIAN_POINT('',(0.1555,-0.249,0.2005));
#6498=CARTESIAN_POINT('',(0.1555,-0.249,0.2005));
#6499=CARTESIAN_POINT('',(0.1555,-0.249,0.1075));
#6500=CARTESIAN_POINT('',(0.1555,-0.249,0.1075));
#6501=CARTESIAN_POINT('',(0.1555,-0.2625,0.1075));
#6502=CARTESIAN_POINT('',(0.1555,-0.2625,0.1075));
#6503=CARTESIAN_POINT('',(0.1555,-0.2625,0.1025));
#6504=CARTESIAN_POINT('',(0.1555,-0.249,0.2005));
#6505=CARTESIAN_POINT('',(0.1555,-0.249,0.2005));
#6506=CARTESIAN_POINT('',(0.1555,-0.249,0.1075));
#6507=CARTESIAN_POINT('',(0.1555,-0.249,0.1075));
#6508=CARTESIAN_POINT('',(0.1555,-0.2625,0.1075));
#6509=CARTESIAN_POINT('',(0.1555,-0.2625,0.1075));
#6510=CARTESIAN_POINT('',(0.1555,-0.2625,0.1025));
#6511=CARTESIAN_POINT('',(0.1555,-0.2625,0.0825));
#6512=CARTESIAN_POINT('',(0.1555,-0.2625,0.0775));
#6513=CARTESIAN_POINT('',(0.1555,-0.249,0.0775));
#6514=CARTESIAN_POINT('',(0.1555,-0.249,0.0775));
#6515=CARTESIAN_POINT('',(0.1555,-0.249,-0.0775));
#6516=CARTESIAN_POINT('',(0.1555,-0.249,-0.0775));
#6517=CARTESIAN_POINT('',(0.1555,-0.2625,-0.0775));
#6518=CARTESIAN_POINT('',(0.1555,-0.2625,-0.0775));
#6519=CARTESIAN_POINT('',(0.1555,-0.2625,-0.0825));
#6520=CARTESIAN_POINT('',(0.1555,-0.2625,-0.0825));
#6521=CARTESIAN_POINT('',(0.1555,-0.2625,-0.0775));
#6522=CARTESIAN_POINT('',(0.1555,-0.2625,-0.0775));
#6523=CARTESIAN_POINT('',(0.1555,-0.249,-0.0775));
#6524=CARTESIAN_POINT('',(0.1555,-0.249,-0.0775));
#6525=CARTESIAN_POINT('',(0.1555,-0.249,0.0775));
#6526=CARTESIAN_POINT('',(0.1555,-0.249,0.0775));
#6527=CARTESIAN_POINT('',(0.1555,-0.2625,0.0775));
#6528=CARTESIAN_POINT('',(0.1555,-0.2625,0.0825));
#6529=CARTESIAN_POINT('',(0.1575,0.01,0.));
#6530=CARTESIAN_POINT('',(0.1575,0.01,0.));
#6531=CARTESIAN_POINT('',(-0.0155,0.395,-0.098));
#6532=CARTESIAN_POINT('',(0.0155,0.395,-0.098));
#6533=CARTESIAN_POINT('',(-0.0155,0.395,-0.0979999999999999));
#6534=CARTESIAN_POINT('',(-0.0155,0.395,-0.413));
#6535=CARTESIAN_POINT('',(0.0155,0.395,-0.098));
#6536=CARTESIAN_POINT('',(0.,0.,0.));
#6537=CARTESIAN_POINT('',(0.,-0.01,0.));
#6538=CARTESIAN_POINT('',(0.,0.1575,-0.0295));
#6539=CARTESIAN_POINT('',(0.,0.,-0.0295));
#6540=CARTESIAN_POINT('',(-0.125,0.,-0.0295));
#6541=CARTESIAN_POINT('',(0.,0.,-0.0295));
#6542=CARTESIAN_POINT('',(-0.148815989165369,-0.0515756858290104,-0.0295));
#6543=CARTESIAN_POINT('',(-0.148815989165369,0.0515756858290102,-0.0295));
#6544=CARTESIAN_POINT('',(-0.0700226604102195,0.195764530814271,-0.0295));
#6545=CARTESIAN_POINT('',(-0.123781554651274,0.0973877647762475,-0.0295));
#6546=CARTESIAN_POINT('',(0.,0.,-0.0295));
#6547=CARTESIAN_POINT('',(0.,0.1575,-0.0295));
#6548=CARTESIAN_POINT('',(0.,0.,-0.0295));
#6549=CARTESIAN_POINT('',(0.123781554651274,0.0973877647762475,-0.0295));
#6550=CARTESIAN_POINT('',(0.0700226604102195,0.195764530814271,-0.0295));
#6551=CARTESIAN_POINT('',(0.148815989165369,0.0515756858290102,-0.0295));
#6552=CARTESIAN_POINT('',(0.,0.,-0.0295));
#6553=CARTESIAN_POINT('',(0.148815989165369,-0.0515756858290102,-0.0295));
#6554=CARTESIAN_POINT('',(0.202574883406423,0.0468010802090132,-0.0295));
#6555=CARTESIAN_POINT('',(0.123781554651274,-0.0973877647762475,-0.0295));
#6556=CARTESIAN_POINT('',(0.,0.,-0.0295));
#6557=CARTESIAN_POINT('',(0.,-0.1575,-0.0295));
#6558=CARTESIAN_POINT('',(0.,0.,-0.0295));
#6559=CARTESIAN_POINT('',(-0.123781554651274,-0.0973877647762473,-0.0295));
#6560=CARTESIAN_POINT('',(-0.202574883406423,0.0468010802090131,-0.0295));
#6561=CARTESIAN_POINT('',(0.,0.,-0.0180349376206146));
#6562=CARTESIAN_POINT('',(-0.148815989165369,-0.0515756858290104,-0.0295));
#6563=CARTESIAN_POINT('',(-0.158205054739207,-0.0343940469520753,-0.0283189148058554));
#6564=CARTESIAN_POINT('',(-0.167600336855684,-0.0172010320345921,-0.0258237780284692));
#6565=CARTESIAN_POINT('',(-0.177,-2.46017696424927E-17,-0.0224025804318091));
#6566=CARTESIAN_POINT('',(-0.177,0.,-0.0224025804318091));
#6567=CARTESIAN_POINT('',(-0.177,3.83238070072297E-18,-0.0224025804318091));
#6568=CARTESIAN_POINT('',(-0.167600336855684,0.017201032034592,-0.0258237780284692));
#6569=CARTESIAN_POINT('',(-0.158205054739207,0.0343940469520751,-0.0283189148058553));
#6570=CARTESIAN_POINT('',(-0.148815989165369,0.0515756858290102,-0.0295));
#6571=CARTESIAN_POINT('',(0.,0.,-0.0180349376206146));
#6572=CARTESIAN_POINT('',(7.9817685631428E-18,-0.1575,-0.0295));
#6573=CARTESIAN_POINT('',(-0.030904367402231,-0.1575,-0.0295));
#6574=CARTESIAN_POINT('',(-0.0611176290077961,-0.1575,-0.0260576366404407));
#6575=CARTESIAN_POINT('',(-0.0909326673973658,-0.1575,-0.0206317433867869));
#6576=CARTESIAN_POINT('',(-0.090932667397366,-0.1575,-0.0206317433867869));
#6577=CARTESIAN_POINT('',(-0.090932667397366,-0.1575,-0.0206317433867869));
#6578=CARTESIAN_POINT('',(-0.101875840625086,-0.137474402235476,-0.0249524667136208));
#6579=CARTESIAN_POINT('',(-0.112824461502814,-0.117438835475162,-0.0281216668328988));
#6580=CARTESIAN_POINT('',(-0.123781554651274,-0.0973877647762473,-0.0295));
#6581=CARTESIAN_POINT('',(0.,0.,-0.0180349376206146));
#6582=CARTESIAN_POINT('',(0.123781554651274,-0.0973877647762475,-0.0295));
#6583=CARTESIAN_POINT('',(0.112824461502814,-0.117438835475162,-0.0281216668328987));
#6584=CARTESIAN_POINT('',(0.101875840625086,-0.137474402235476,-0.0249524667136208));
#6585=CARTESIAN_POINT('',(0.0909326673973661,-0.1575,-0.0206317433867869));
#6586=CARTESIAN_POINT('',(0.0909326673973661,-0.1575,-0.0206317433867869));
#6587=CARTESIAN_POINT('',(0.0909326673973661,-0.1575,-0.0206317433867869));
#6588=CARTESIAN_POINT('',(0.061139018298245,-0.1575,-0.0260537441079129));
#6589=CARTESIAN_POINT('',(0.0306222795430407,-0.1575,-0.0295));
#6590=CARTESIAN_POINT('',(1.10427403538352E-16,-0.1575,-0.0295));
#6591=CARTESIAN_POINT('',(0.,0.,-0.0180349376206146));
#6592=CARTESIAN_POINT('',(0.148815989165369,0.0515756858290102,-0.0295));
#6593=CARTESIAN_POINT('',(0.158205054739207,0.0343940469520752,-0.0283189148058553));
#6594=CARTESIAN_POINT('',(0.167600336855684,0.0172010320345921,-0.0258237780284692));
#6595=CARTESIAN_POINT('',(0.177,2.46017696424927E-17,-0.0224025804318091));
#6596=CARTESIAN_POINT('',(0.177,0.,-0.0224025804318091));
#6597=CARTESIAN_POINT('',(0.177,-3.83238070072297E-18,-0.0224025804318091));
#6598=CARTESIAN_POINT('',(0.167600336855684,-0.017201032034592,-0.0258237780284692));
#6599=CARTESIAN_POINT('',(0.158205054739207,-0.0343940469520751,-0.0283189148058553));
#6600=CARTESIAN_POINT('',(0.148815989165369,-0.0515756858290102,-0.0295));
#6601=CARTESIAN_POINT('',(0.,0.,-0.0180349376206146));
#6602=CARTESIAN_POINT('',(-5.8475123180926E-18,0.1575,-0.0295));
#6603=CARTESIAN_POINT('',(0.030904367402231,0.1575,-0.0295));
#6604=CARTESIAN_POINT('',(0.0611176290077961,0.1575,-0.0260576366404407));
#6605=CARTESIAN_POINT('',(0.0909326673973658,0.1575,-0.0206317433867869));
#6606=CARTESIAN_POINT('',(0.090932667397366,0.1575,-0.0206317433867869));
#6607=CARTESIAN_POINT('',(0.090932667397366,0.1575,-0.0206317433867869));
#6608=CARTESIAN_POINT('',(0.101875840625086,0.137474402235476,-0.0249524667136208));
#6609=CARTESIAN_POINT('',(0.112824461502814,0.117438835475162,-0.0281216668328988));
#6610=CARTESIAN_POINT('',(0.123781554651274,0.0973877647762474,-0.0295));
#6611=CARTESIAN_POINT('',(0.,0.,-0.0180349376206146));
#6612=CARTESIAN_POINT('',(-0.123781554651274,0.0973877647762475,-0.0295));
#6613=CARTESIAN_POINT('',(-0.112824461502814,0.117438835475162,-0.0281216668328987));
#6614=CARTESIAN_POINT('',(-0.101875840625086,0.137474402235476,-0.0249524667136208));
#6615=CARTESIAN_POINT('',(-0.0909326673973661,0.1575,-0.0206317433867869));
#6616=CARTESIAN_POINT('',(-0.0909326673973661,0.1575,-0.0206317433867869));
#6617=CARTESIAN_POINT('',(-0.0909326673973661,0.1575,-0.0206317433867869));
#6618=CARTESIAN_POINT('',(-0.061139018298245,0.1575,-0.0260537441079129));
#6619=CARTESIAN_POINT('',(-0.0306222795430407,0.1575,-0.0295));
#6620=CARTESIAN_POINT('',(-1.08293147293302E-16,0.1575,-0.0295));
#6621=CARTESIAN_POINT('',(-0.0909326673973661,0.1575,0.059));
#6622=CARTESIAN_POINT('',(-0.0909326673973661,0.1575,0.059));
#6623=CARTESIAN_POINT('',(-0.0909326673973661,0.1575,0.0206317433867869));
#6624=CARTESIAN_POINT('',(-0.177,0.,0.059));
#6625=CARTESIAN_POINT('',(-0.177,0.,0.022402580431809));
#6626=CARTESIAN_POINT('',(-0.148815989165369,0.0515756858290106,0.0295));
#6627=CARTESIAN_POINT('',(-0.158205054739207,0.0343940469520754,0.0283189148058554));
#6628=CARTESIAN_POINT('',(-0.167600336855684,0.0172010320345921,0.0258237780284692));
#6629=CARTESIAN_POINT('',(-0.177,-2.47982207031048E-17,0.022402580431809));
#6630=CARTESIAN_POINT('',(-0.148815989165369,0.0515756858290105,0.0295));
#6631=CARTESIAN_POINT('',(-0.136298771908321,0.0744817253026288,0.0295));
#6632=CARTESIAN_POINT('',(-0.123781554651274,0.0973877647762473,0.0295));
#6633=CARTESIAN_POINT('',(-0.0909326673973661,0.1575,0.0206317433867869));
#6634=CARTESIAN_POINT('',(-0.101875840625086,0.137474402235476,0.0249524667136207));
#6635=CARTESIAN_POINT('',(-0.112824461502814,0.117438835475162,0.0281216668328988));
#6636=CARTESIAN_POINT('',(-0.123781554651274,0.0973877647762473,0.0295));
#6637=CARTESIAN_POINT('',(0.090932667397366,0.1575,0.059));
#6638=CARTESIAN_POINT('',(0.090932667397366,0.1575,0.059));
#6639=CARTESIAN_POINT('',(0.090932667397366,0.1575,0.0206317433867869));
#6640=CARTESIAN_POINT('',(1.07243884560506E-17,0.1575,0.0295));
#6641=CARTESIAN_POINT('',(-0.030904367402231,0.1575,0.0295));
#6642=CARTESIAN_POINT('',(-0.0611176290077964,0.1575,0.0260576366404406));
#6643=CARTESIAN_POINT('',(-0.0909326673973662,0.1575,0.0206317433867869));
#6644=CARTESIAN_POINT('',(1.07867791678183E-19,0.1575,0.0295));
#6645=CARTESIAN_POINT('',(0.0909326673973661,0.1575,0.0206317433867869));
#6646=CARTESIAN_POINT('',(0.0611390182982451,0.1575,0.0260537441079129));
#6647=CARTESIAN_POINT('',(0.0306222795430406,0.1575,0.0295));
#6648=CARTESIAN_POINT('',(4.44709801181072E-17,0.1575,0.0295));
#6649=CARTESIAN_POINT('',(0.177,0.,0.059));
#6650=CARTESIAN_POINT('',(0.177,0.,0.059));
#6651=CARTESIAN_POINT('',(0.177,0.,0.022402580431809));
#6652=CARTESIAN_POINT('',(0.123781554651274,0.0973877647762473,0.0295));
#6653=CARTESIAN_POINT('',(0.112824461502814,0.117438835475162,0.0281216668328988));
#6654=CARTESIAN_POINT('',(0.101875840625086,0.137474402235476,0.0249524667136208));
#6655=CARTESIAN_POINT('',(0.090932667397366,0.1575,0.0206317433867869));
#6656=CARTESIAN_POINT('',(0.123781554651274,0.0973877647762473,0.0295));
#6657=CARTESIAN_POINT('',(0.136298771908321,0.0744817253026288,0.0295));
#6658=CARTESIAN_POINT('',(0.148815989165369,0.0515756858290104,0.0295));
#6659=CARTESIAN_POINT('',(0.177,1.03979241576377E-18,0.022402580431809));
#6660=CARTESIAN_POINT('',(0.167600336855684,0.0172010320345921,0.0258237780284692));
#6661=CARTESIAN_POINT('',(0.158205054739207,0.0343940469520753,0.0283189148058553));
#6662=CARTESIAN_POINT('',(0.148815989165369,0.0515756858290104,0.0295));
#6663=CARTESIAN_POINT('',(0.0909326673973661,-0.1575,0.059));
#6664=CARTESIAN_POINT('',(0.0909326673973661,-0.1575,0.059));
#6665=CARTESIAN_POINT('',(0.0909326673973661,-0.1575,0.0206317433867869));
#6666=CARTESIAN_POINT('',(0.148815989165369,-0.0515756858290106,0.0295));
#6667=CARTESIAN_POINT('',(0.158205054739207,-0.0343940469520754,0.0283189148058554));
#6668=CARTESIAN_POINT('',(0.167600336855684,-0.0172010320345921,0.0258237780284692));
#6669=CARTESIAN_POINT('',(0.177,2.47982207031048E-17,0.022402580431809));
#6670=CARTESIAN_POINT('',(0.148815989165369,-0.0515756858290105,0.0295));
#6671=CARTESIAN_POINT('',(0.136298771908321,-0.0744817253026288,0.0295));
#6672=CARTESIAN_POINT('',(0.123781554651274,-0.0973877647762473,0.0295));
#6673=CARTESIAN_POINT('',(0.0909326673973661,-0.1575,0.0206317433867869));
#6674=CARTESIAN_POINT('',(0.101875840625086,-0.137474402235476,0.0249524667136207));
#6675=CARTESIAN_POINT('',(0.112824461502814,-0.117438835475162,0.0281216668328988));
#6676=CARTESIAN_POINT('',(0.123781554651274,-0.0973877647762473,0.0295));
#6677=CARTESIAN_POINT('',(-0.090932667397366,-0.1575,0.059));
#6678=CARTESIAN_POINT('',(-0.090932667397366,-0.1575,0.059));
#6679=CARTESIAN_POINT('',(-0.090932667397366,-0.1575,0.0206317433867869));
#6680=CARTESIAN_POINT('',(-1.07243884560506E-17,-0.1575,0.0295));
#6681=CARTESIAN_POINT('',(0.030904367402231,-0.1575,0.0295));
#6682=CARTESIAN_POINT('',(0.0611176290077964,-0.1575,0.0260576366404406));
#6683=CARTESIAN_POINT('',(0.0909326673973662,-0.1575,0.0206317433867869));
#6684=CARTESIAN_POINT('',(-1.07867791678183E-19,-0.1575,0.0295));
#6685=CARTESIAN_POINT('',(-0.0909326673973661,-0.1575,0.0206317433867869));
#6686=CARTESIAN_POINT('',(-0.0611390182982451,-0.1575,0.0260537441079129));
#6687=CARTESIAN_POINT('',(-0.0306222795430406,-0.1575,0.0295));
#6688=CARTESIAN_POINT('',(-4.44709801181072E-17,-0.1575,0.0295));
#6689=CARTESIAN_POINT('',(-0.177,0.,0.059));
#6690=CARTESIAN_POINT('',(-0.123781554651274,-0.0973877647762473,0.0295));
#6691=CARTESIAN_POINT('',(-0.112824461502814,-0.117438835475162,0.0281216668328988));
#6692=CARTESIAN_POINT('',(-0.101875840625086,-0.137474402235476,0.0249524667136208));
#6693=CARTESIAN_POINT('',(-0.090932667397366,-0.1575,0.0206317433867869));
#6694=CARTESIAN_POINT('',(-0.123781554651274,-0.0973877647762473,0.0295));
#6695=CARTESIAN_POINT('',(-0.136298771908321,-0.0744817253026288,0.0295));
#6696=CARTESIAN_POINT('',(-0.148815989165369,-0.0515756858290104,0.0295));
#6697=CARTESIAN_POINT('',(-0.177,-1.03979241576377E-18,0.022402580431809));
#6698=CARTESIAN_POINT('',(-0.167600336855684,-0.0172010320345921,0.0258237780284692));
#6699=CARTESIAN_POINT('',(-0.158205054739207,-0.0343940469520753,0.0283189148058553));
#6700=CARTESIAN_POINT('',(-0.148815989165369,-0.0515756858290104,0.0295));
#6701=CARTESIAN_POINT('',(0.,0.,0.0295));
#6702=CARTESIAN_POINT('',(0.,0.,0.0295));
#6703=CARTESIAN_POINT('',(0.,0.,0.0295));
#6704=CARTESIAN_POINT('',(0.,0.,0.0295));
#6705=CARTESIAN_POINT('',(0.,0.,0.0295));
#6706=CARTESIAN_POINT('',(0.,0.,0.0295));
#6707=CARTESIAN_POINT('',(0.,0.,0.0295));
#6708=CARTESIAN_POINT('',(0.,0.,0.0295));
#6709=CARTESIAN_POINT('',(0.,0.,0.0295));
#6710=CARTESIAN_POINT('',(0.,0.,0.0295));
#6711=CARTESIAN_POINT('',(0.,0.,0.0295));
#6712=CARTESIAN_POINT('',(0.,0.,0.0295));
#6713=CARTESIAN_POINT('',(-0.125,0.,0.0295));
#6714=CARTESIAN_POINT('',(0.,0.,0.0295));
#6715=CARTESIAN_POINT('',(0.,0.,0.0295));
#6716=CARTESIAN_POINT('',(0.,0.,0.0295));
#6717=CARTESIAN_POINT('',(0.,0.,0.01015));
#6718=CARTESIAN_POINT('',(-0.10565,0.,0.01015));
#6719=CARTESIAN_POINT('',(0.,0.,-0.0295));
#6720=CARTESIAN_POINT('',(0.,0.,-0.01015));
#6721=CARTESIAN_POINT('',(-0.10565,0.,-0.01015));
#6722=CARTESIAN_POINT('',(0.,0.,-0.01015));
#6723=CARTESIAN_POINT('',(0.,0.2795,3.61270805748469E-18));
#6724=CARTESIAN_POINT('',(-0.227,0.06455230437405,0.031));
#6725=CARTESIAN_POINT('',(-0.227,-0.0395,0.031));
#6726=CARTESIAN_POINT('',(-0.227,-0.0395,0.));
#6727=CARTESIAN_POINT('',(-0.227,-0.0395,0.031));
#6728=CARTESIAN_POINT('',(-0.227,0.06455230437405,0.));
#6729=CARTESIAN_POINT('',(-0.227,-0.06455230437405,0.));
#6730=CARTESIAN_POINT('',(-0.227,-0.06455230437405,0.031));
#6731=CARTESIAN_POINT('',(-0.227,-0.06455230437405,0.031));
#6732=CARTESIAN_POINT('',(-0.227,0.06455230437405,0.031));
#6733=CARTESIAN_POINT('',(-1.01377171639885E-17,0.,0.031));
#6734=CARTESIAN_POINT('',(-1.01377171639885E-17,0.,0.));
#6735=CARTESIAN_POINT('',(-0.227,0.06455230437405,0.));
#6736=CARTESIAN_POINT('',(-0.227,0.06455230437405,0.031));
#6737=CARTESIAN_POINT('',(-0.227,0.06455230437405,0.031));
#6738=CARTESIAN_POINT('',(-1.01377171639885E-17,0.,0.031));
#6739=CARTESIAN_POINT('',(-0.104,-0.01,0.031));
#6740=CARTESIAN_POINT('',(-0.104,-0.01,0.));
#6741=CARTESIAN_POINT('',(-0.104,-0.01,0.));
#6742=CARTESIAN_POINT('',(-0.124599357943771,-0.00999999999999996,0.));
#6743=CARTESIAN_POINT('',(-0.104,-0.01,0.031));
#6744=CARTESIAN_POINT('',(-0.104,-0.01,0.031));
#6745=CARTESIAN_POINT('',(-0.104,-0.01,0.031));
#6746=CARTESIAN_POINT('',(-0.124599357943771,-0.00999999999999996,0.031));
#6747=CARTESIAN_POINT('',(-0.124599357943771,-0.00999999999999996,0.031));
#6748=CARTESIAN_POINT('',(-0.104,0.01,0.031));
#6749=CARTESIAN_POINT('',(-0.104,0.01,0.));
#6750=CARTESIAN_POINT('',(-0.104,0.01,0.));
#6751=CARTESIAN_POINT('',(-0.104,0.01,0.031));
#6752=CARTESIAN_POINT('',(-0.104,0.01,0.031));
#6753=CARTESIAN_POINT('',(-0.104,0.01,0.031));
#6754=CARTESIAN_POINT('',(-0.124599357943771,0.01,0.031));
#6755=CARTESIAN_POINT('',(-0.124599357943771,0.01,0.));
#6756=CARTESIAN_POINT('',(-0.124599357943771,0.00999999999999977,0.));
#6757=CARTESIAN_POINT('',(-0.124599357943771,0.00999999999999977,0.031));
#6758=CARTESIAN_POINT('',(-0.124599357943771,0.00999999999999977,0.031));
#6759=CARTESIAN_POINT('',(-0.124599357943771,0.01,0.031));
#6760=CARTESIAN_POINT('',(-1.57734875610742E-17,0.,0.031));
#6761=CARTESIAN_POINT('',(-1.57734875610742E-17,0.,0.));
#6762=CARTESIAN_POINT('',(-1.57734875610742E-17,0.,0.031));
#6763=CARTESIAN_POINT('',(-0.227,0.06455230437405,0.031));
#6764=CARTESIAN_POINT('',(-0.227,0.06455230437405,0.));
#6765=CARTESIAN_POINT('',(-0.227,0.0395,0.));
#6766=CARTESIAN_POINT('',(-0.227,0.0395,0.031));
#6767=CARTESIAN_POINT('',(-0.227,0.0395,0.031));
#6768=CARTESIAN_POINT('',(-0.227,0.06455230437405,0.031));
#6769=CARTESIAN_POINT('',(-1.01377171639885E-17,0.,0.031));
#6770=CARTESIAN_POINT('',(-0.227,0.0395,0.031));
#6771=CARTESIAN_POINT('',(-1.01377171639885E-17,0.,0.));
#6772=CARTESIAN_POINT('',(-0.1735,-0.0395,0.));
#6773=CARTESIAN_POINT('',(-0.2345,-0.0395,0.));
#6774=CARTESIAN_POINT('',(-0.2345,0.0395,0.));
#6775=CARTESIAN_POINT('',(-0.2345,0.0395,0.));
#6776=CARTESIAN_POINT('',(-0.1735,0.0395,0.));
#6777=CARTESIAN_POINT('',(-0.2345,0.0395,0.0155));
#6778=CARTESIAN_POINT('',(-0.2345,0.0395,0.0155));
#6779=CARTESIAN_POINT('',(-0.25,0.0395,0.0155));
#6780=CARTESIAN_POINT('',(-0.25,0.0395,0.0155));
#6781=CARTESIAN_POINT('',(-0.25,0.0395,0.067));
#6782=CARTESIAN_POINT('',(-0.25,0.0395,0.067));
#6783=CARTESIAN_POINT('',(-0.227,0.0395,0.067));
#6784=CARTESIAN_POINT('',(-0.227,0.0395,0.067));
#6785=CARTESIAN_POINT('',(-0.2345,-0.0395,0.0155));
#6786=CARTESIAN_POINT('',(-0.227,-0.0395,0.067));
#6787=CARTESIAN_POINT('',(-0.227,-0.0395,0.067));
#6788=CARTESIAN_POINT('',(-0.25,-0.0395,0.067));
#6789=CARTESIAN_POINT('',(-0.25,-0.0395,0.067));
#6790=CARTESIAN_POINT('',(-0.25,-0.0395,0.0155));
#6791=CARTESIAN_POINT('',(-0.25,-0.0395,0.0155));
#6792=CARTESIAN_POINT('',(-0.2345,-0.0395,0.0155));
#6793=CARTESIAN_POINT('',(-0.2345,0.0395,0.0155));
#6794=CARTESIAN_POINT('',(-0.25,0.0395,0.0155));
#6795=CARTESIAN_POINT('',(-0.25,0.0395,0.0155));
#6796=CARTESIAN_POINT('',(-0.25,0.0395,0.067));
#6797=CARTESIAN_POINT('',(-0.25,0.0395,0.067));
#6798=CARTESIAN_POINT('',(-0.227,0.0395,0.067));
#6799=CARTESIAN_POINT('',(-0.227,0.0395,0.067));
#6800=CARTESIAN_POINT('',(0.,0.1845,0.));
#6801=CARTESIAN_POINT('',(1.14396134734691E-15,-1.70740499604016E-16,0.01));
#6802=CARTESIAN_POINT('',(1.14396134734691E-15,-1.70740499604016E-16,-0.01));
#6803=CARTESIAN_POINT('',(-0.140953893117886,0.0513030214988503,-0.01));
#6804=CARTESIAN_POINT('',(-0.15,4.16333634234434E-17,-0.01));
#6805=CARTESIAN_POINT('',(-0.140953893117886,0.0513030214988503,0.01));
#6806=CARTESIAN_POINT('',(-0.140953893117886,0.0513030214988503,0.01));
#6807=CARTESIAN_POINT('',(1.14396134734691E-15,-1.70740499604016E-16,0.01));
#6808=CARTESIAN_POINT('',(-0.15,4.16333634234434E-17,0.01));
#6809=CARTESIAN_POINT('',(-0.15,4.16333634234434E-17,0.01));
#6810=CARTESIAN_POINT('',(-0.118401270219024,0.0430945380590343,0.01));
#6811=CARTESIAN_POINT('',(-0.118401270219024,0.0430945380590343,-0.01));
#6812=CARTESIAN_POINT('',(-0.118401270219024,0.0430945380590343,-0.01));
#6813=CARTESIAN_POINT('',(-0.118401270219024,0.0430945380590343,0.01));
#6814=CARTESIAN_POINT('',(-0.118401270219024,0.0430945380590343,0.01));
#6815=CARTESIAN_POINT('',(-0.118401270219024,0.0430945380590343,0.01));
#6816=CARTESIAN_POINT('',(6.48813898495262E-16,-3.1586992426743E-16,0.01));
#6817=CARTESIAN_POINT('',(6.48813898495262E-16,-3.1586992426743E-16,-0.01));
#6818=CARTESIAN_POINT('',(-0.0965215998329912,0.080991238820504,-0.01));
#6819=CARTESIAN_POINT('',(-0.0965215998329912,0.080991238820504,0.01));
#6820=CARTESIAN_POINT('',(-0.0965215998329912,0.080991238820504,0.01));
#6821=CARTESIAN_POINT('',(6.48813898495262E-16,-3.1586992426743E-16,0.01));
#6822=CARTESIAN_POINT('',(-0.114906666467847,0.0964181414529809,0.01));
#6823=CARTESIAN_POINT('',(-0.114906666467847,0.0964181414529809,-0.01));
#6824=CARTESIAN_POINT('',(-0.114906666467847,0.0964181414529809,-0.01));
#6825=CARTESIAN_POINT('',(-0.114906666467847,0.0964181414529809,0.01));
#6826=CARTESIAN_POINT('',(-0.114906666467847,0.0964181414529809,0.01));
#6827=CARTESIAN_POINT('',(-0.114906666467847,0.0964181414529809,0.01));
#6828=CARTESIAN_POINT('',(1.19518349722812E-15,-1.50251639651534E-15,0.01));
#6829=CARTESIAN_POINT('',(1.19518349722812E-15,-1.50251639651534E-15,-0.01));
#6830=CARTESIAN_POINT('',(-0.075,0.129903810567666,-0.01));
#6831=CARTESIAN_POINT('',(-0.075,0.129903810567666,0.01));
#6832=CARTESIAN_POINT('',(-0.075,0.129903810567666,0.01));
#6833=CARTESIAN_POINT('',(1.19518349722812E-15,-1.50251639651534E-15,0.01));
#6834=CARTESIAN_POINT('',(-0.063,0.109119200876839,0.01));
#6835=CARTESIAN_POINT('',(-0.063,0.109119200876839,-0.01));
#6836=CARTESIAN_POINT('',(-0.063,0.109119200876839,-0.01));
#6837=CARTESIAN_POINT('',(-0.063,0.109119200876839,0.01));
#6838=CARTESIAN_POINT('',(-0.063,0.109119200876839,0.01));
#6839=CARTESIAN_POINT('',(-0.063,0.109119200876839,0.01));
#6840=CARTESIAN_POINT('',(-1.62203474623816E-16,7.17110098336869E-16,0.01));
#6841=CARTESIAN_POINT('',(-1.62203474623816E-16,7.17110098336869E-16,-0.01));
#6842=CARTESIAN_POINT('',(-0.0218796703860332,0.124085776879538,-0.01));
#6843=CARTESIAN_POINT('',(-0.0218796703860332,0.124085776879538,0.01));
#6844=CARTESIAN_POINT('',(-0.0218796703860332,0.124085776879538,0.01));
#6845=CARTESIAN_POINT('',(-1.62203474623816E-16,7.17110098336869E-16,0.01));
#6846=CARTESIAN_POINT('',(-0.0260472266500395,0.147721162951831,0.01));
#6847=CARTESIAN_POINT('',(-0.0260472266500395,0.147721162951831,-0.01));
#6848=CARTESIAN_POINT('',(-0.0260472266500395,0.147721162951831,-0.01));
#6849=CARTESIAN_POINT('',(-0.0260472266500395,0.147721162951831,0.01));
#6850=CARTESIAN_POINT('',(-0.0260472266500395,0.147721162951831,0.01));
#6851=CARTESIAN_POINT('',(-0.0260472266500395,0.147721162951831,0.01));
#6852=CARTESIAN_POINT('',(-1.36592399683213E-16,1.36592399683213E-15,0.01));
#6853=CARTESIAN_POINT('',(-1.36592399683213E-16,1.36592399683213E-15,-0.01));
#6854=CARTESIAN_POINT('',(0.0260472266500396,0.147721162951831,-0.01));
#6855=CARTESIAN_POINT('',(0.0260472266500396,0.147721162951831,0.01));
#6856=CARTESIAN_POINT('',(0.0260472266500396,0.147721162951831,0.01));
#6857=CARTESIAN_POINT('',(-1.36592399683213E-16,1.36592399683213E-15,0.01));
#6858=CARTESIAN_POINT('',(0.0218796703860332,0.124085776879538,0.01));
#6859=CARTESIAN_POINT('',(0.0218796703860332,0.124085776879538,-0.01));
#6860=CARTESIAN_POINT('',(0.0218796703860332,0.124085776879538,-0.01));
#6861=CARTESIAN_POINT('',(0.0218796703860332,0.124085776879538,0.01));
#6862=CARTESIAN_POINT('',(0.0218796703860332,0.124085776879538,0.01));
#6863=CARTESIAN_POINT('',(0.0218796703860332,0.124085776879538,0.01));
#6864=CARTESIAN_POINT('',(-1.53666449643615E-16,-1.53666449643615E-16,0.01));
#6865=CARTESIAN_POINT('',(-1.53666449643615E-16,-1.53666449643615E-16,-0.01));
#6866=CARTESIAN_POINT('',(0.063,0.109119200876839,-0.01));
#6867=CARTESIAN_POINT('',(0.063,0.109119200876839,0.01));
#6868=CARTESIAN_POINT('',(0.063,0.109119200876839,0.01));
#6869=CARTESIAN_POINT('',(-1.53666449643615E-16,-1.53666449643615E-16,0.01));
#6870=CARTESIAN_POINT('',(0.0750000000000001,0.129903810567666,0.01));
#6871=CARTESIAN_POINT('',(0.0750000000000001,0.129903810567666,-0.01));
#6872=CARTESIAN_POINT('',(0.0750000000000001,0.129903810567666,-0.01));
#6873=CARTESIAN_POINT('',(0.0750000000000001,0.129903810567666,0.01));
#6874=CARTESIAN_POINT('',(0.0750000000000001,0.129903810567666,0.01));
#6875=CARTESIAN_POINT('',(0.0750000000000001,0.129903810567666,0.01));
#6876=CARTESIAN_POINT('',(8.36628448059681E-16,9.21998697861689E-16,0.01));
#6877=CARTESIAN_POINT('',(8.36628448059681E-16,9.21998697861689E-16,-0.01));
#6878=CARTESIAN_POINT('',(0.114906666467847,0.0964181414529808,-0.01));
#6879=CARTESIAN_POINT('',(0.114906666467847,0.0964181414529808,0.01));
#6880=CARTESIAN_POINT('',(0.114906666467847,0.0964181414529808,0.01));
#6881=CARTESIAN_POINT('',(8.36628448059681E-16,9.21998697861689E-16,0.01));
#6882=CARTESIAN_POINT('',(0.0965215998329913,0.0809912388205039,0.01));
#6883=CARTESIAN_POINT('',(0.0965215998329913,0.0809912388205039,-0.01));
#6884=CARTESIAN_POINT('',(0.0965215998329912,0.0809912388205039,-0.01));
#6885=CARTESIAN_POINT('',(0.0965215998329912,0.0809912388205039,0.01));
#6886=CARTESIAN_POINT('',(0.0965215998329912,0.0809912388205039,0.01));
#6887=CARTESIAN_POINT('',(0.0965215998329913,0.0809912388205039,0.01));
#6888=CARTESIAN_POINT('',(2.39036699445623E-16,1.0244429976241E-16,0.01));
#6889=CARTESIAN_POINT('',(2.39036699445623E-16,1.0244429976241E-16,-0.01));
#6890=CARTESIAN_POINT('',(0.118401270219024,0.0430945380590342,-0.01));
#6891=CARTESIAN_POINT('',(0.118401270219024,0.0430945380590342,0.01));
#6892=CARTESIAN_POINT('',(0.118401270219024,0.0430945380590342,0.01));
#6893=CARTESIAN_POINT('',(2.39036699445623E-16,1.0244429976241E-16,0.01));
#6894=CARTESIAN_POINT('',(0.140953893117886,0.0513030214988502,0.01));
#6895=CARTESIAN_POINT('',(0.140953893117886,0.0513030214988502,-0.01));
#6896=CARTESIAN_POINT('',(0.140953893117886,0.0513030214988502,-0.01));
#6897=CARTESIAN_POINT('',(0.140953893117886,0.0513030214988502,0.01));
#6898=CARTESIAN_POINT('',(0.140953893117886,0.0513030214988502,0.01));
#6899=CARTESIAN_POINT('',(0.140953893117886,0.0513030214988502,0.01));
#6900=CARTESIAN_POINT('',(-1.94644169548579E-15,-2.98795874307029E-16,0.01));
#6901=CARTESIAN_POINT('',(-1.94644169548579E-15,-2.98795874307029E-16,-0.01));
#6902=CARTESIAN_POINT('',(0.15,-5.55111512312579E-17,-0.01));
#6903=CARTESIAN_POINT('',(0.15,-5.55111512312579E-17,0.01));
#6904=CARTESIAN_POINT('',(0.15,-5.55111512312579E-17,0.01));
#6905=CARTESIAN_POINT('',(-1.94644169548579E-15,-2.98795874307029E-16,0.01));
#6906=CARTESIAN_POINT('',(0.126,-4.16333634234434E-17,0.01));
#6907=CARTESIAN_POINT('',(0.126,-4.16333634234434E-17,-0.01));
#6908=CARTESIAN_POINT('',(0.126,-2.6540231080208E-17,-0.01));
#6909=CARTESIAN_POINT('',(0.126,-2.6540231080208E-17,0.01));
#6910=CARTESIAN_POINT('',(0.126,-2.6540231080208E-17,0.01));
#6911=CARTESIAN_POINT('',(0.126,-4.16333634234434E-17,0.01));
#6912=CARTESIAN_POINT('',(-4.60999348930844E-16,8.53702498020082E-17,0.01));
#6913=CARTESIAN_POINT('',(-4.60999348930844E-16,8.53702498020082E-17,-0.01));
#6914=CARTESIAN_POINT('',(0.118401270219024,-0.0430945380590343,-0.01));
#6915=CARTESIAN_POINT('',(0.118401270219024,-0.0430945380590343,0.01));
#6916=CARTESIAN_POINT('',(0.118401270219024,-0.0430945380590343,0.01));
#6917=CARTESIAN_POINT('',(-4.60999348930844E-16,8.53702498020082E-17,0.01));
#6918=CARTESIAN_POINT('',(0.140953893117886,-0.0513030214988504,0.01));
#6919=CARTESIAN_POINT('',(0.140953893117886,-0.0513030214988504,-0.01));
#6920=CARTESIAN_POINT('',(0.140953893117886,-0.0513030214988504,-0.01));
#6921=CARTESIAN_POINT('',(0.140953893117886,-0.0513030214988504,0.01));
#6922=CARTESIAN_POINT('',(0.140953893117886,-0.0513030214988504,0.01));
#6923=CARTESIAN_POINT('',(0.140953893117886,-0.0513030214988504,0.01));
#6924=CARTESIAN_POINT('',(-2.21962649485221E-16,1.19518349722812E-16,0.01));
#6925=CARTESIAN_POINT('',(-2.21962649485221E-16,1.19518349722812E-16,-0.01));
#6926=CARTESIAN_POINT('',(0.114906666467847,-0.0964181414529809,-0.01));
#6927=CARTESIAN_POINT('',(0.114906666467847,-0.0964181414529809,0.01));
#6928=CARTESIAN_POINT('',(0.114906666467847,-0.0964181414529809,0.01));
#6929=CARTESIAN_POINT('',(-2.21962649485221E-16,1.19518349722812E-16,0.01));
#6930=CARTESIAN_POINT('',(0.0965215998329912,-0.080991238820504,0.01));
#6931=CARTESIAN_POINT('',(0.0965215998329912,-0.080991238820504,-0.01));
#6932=CARTESIAN_POINT('',(0.0965215998329911,-0.080991238820504,-0.01));
#6933=CARTESIAN_POINT('',(0.0965215998329911,-0.080991238820504,0.01));
#6934=CARTESIAN_POINT('',(0.0965215998329911,-0.080991238820504,0.01));
#6935=CARTESIAN_POINT('',(0.0965215998329912,-0.080991238820504,0.01));
#6936=CARTESIAN_POINT('',(2.39036699445623E-16,-4.09777199049639E-16,0.01));
#6937=CARTESIAN_POINT('',(2.39036699445623E-16,-4.09777199049639E-16,-0.01));
#6938=CARTESIAN_POINT('',(0.063,-0.109119200876839,-0.01));
#6939=CARTESIAN_POINT('',(0.063,-0.109119200876839,0.01));
#6940=CARTESIAN_POINT('',(0.063,-0.109119200876839,0.01));
#6941=CARTESIAN_POINT('',(2.39036699445623E-16,-4.09777199049639E-16,0.01));
#6942=CARTESIAN_POINT('',(0.075,-0.129903810567666,0.01));
#6943=CARTESIAN_POINT('',(0.075,-0.129903810567666,-0.01));
#6944=CARTESIAN_POINT('',(0.075,-0.129903810567666,-0.01));
#6945=CARTESIAN_POINT('',(0.075,-0.129903810567666,0.01));
#6946=CARTESIAN_POINT('',(0.075,-0.129903810567666,0.01));
#6947=CARTESIAN_POINT('',(0.075,-0.129903810567666,0.01));
#6948=CARTESIAN_POINT('',(-1.62203474623816E-16,3.24406949247631E-16,0.01));
#6949=CARTESIAN_POINT('',(-1.62203474623816E-16,3.24406949247631E-16,-0.01));
#6950=CARTESIAN_POINT('',(0.0260472266500395,-0.147721162951831,-0.01));
#6951=CARTESIAN_POINT('',(0.0260472266500395,-0.147721162951831,0.01));
#6952=CARTESIAN_POINT('',(0.0260472266500395,-0.147721162951831,0.01));
#6953=CARTESIAN_POINT('',(-1.62203474623816E-16,3.24406949247631E-16,0.01));
#6954=CARTESIAN_POINT('',(0.0218796703860332,-0.124085776879538,0.01));
#6955=CARTESIAN_POINT('',(0.0218796703860332,-0.124085776879538,-0.01));
#6956=CARTESIAN_POINT('',(0.0218796703860332,-0.124085776879538,-0.01));
#6957=CARTESIAN_POINT('',(0.0218796703860332,-0.124085776879538,0.01));
#6958=CARTESIAN_POINT('',(0.0218796703860332,-0.124085776879538,0.01));
#6959=CARTESIAN_POINT('',(0.0218796703860332,-0.124085776879538,0.01));
#6960=CARTESIAN_POINT('',(-2.77453311856527E-17,-4.43925298970443E-16,0.01));
#6961=CARTESIAN_POINT('',(-2.77453311856527E-17,-4.43925298970443E-16,-0.01));
#6962=CARTESIAN_POINT('',(-0.0218796703860333,-0.124085776879538,-0.01));
#6963=CARTESIAN_POINT('',(-0.0218796703860333,-0.124085776879538,0.01));
#6964=CARTESIAN_POINT('',(-0.0218796703860333,-0.124085776879538,0.01));
#6965=CARTESIAN_POINT('',(-2.77453311856527E-17,-4.43925298970443E-16,0.01));
#6966=CARTESIAN_POINT('',(-0.0260472266500396,-0.147721162951831,0.01));
#6967=CARTESIAN_POINT('',(-0.0260472266500396,-0.147721162951831,-0.01));
#6968=CARTESIAN_POINT('',(-0.0260472266500396,-0.147721162951831,-0.01));
#6969=CARTESIAN_POINT('',(-0.0260472266500396,-0.147721162951831,0.01));
#6970=CARTESIAN_POINT('',(-0.0260472266500396,-0.147721162951831,0.01));
#6971=CARTESIAN_POINT('',(-0.0260472266500396,-0.147721162951831,0.01));
#6972=CARTESIAN_POINT('',(5.37832573752652E-16,1.0756651475053E-15,0.01));
#6973=CARTESIAN_POINT('',(5.37832573752652E-16,1.0756651475053E-15,-0.01));
#6974=CARTESIAN_POINT('',(-0.075,-0.129903810567666,-0.01));
#6975=CARTESIAN_POINT('',(-0.075,-0.129903810567666,0.01));
#6976=CARTESIAN_POINT('',(-0.075,-0.129903810567666,0.01));
#6977=CARTESIAN_POINT('',(5.37832573752652E-16,1.0756651475053E-15,0.01));
#6978=CARTESIAN_POINT('',(-0.063,-0.109119200876839,0.01));
#6979=CARTESIAN_POINT('',(-0.063,-0.109119200876839,-0.01));
#6980=CARTESIAN_POINT('',(-0.063,-0.109119200876839,-0.01));
#6981=CARTESIAN_POINT('',(-0.063,-0.109119200876839,0.01));
#6982=CARTESIAN_POINT('',(-0.063,-0.109119200876839,0.01));
#6983=CARTESIAN_POINT('',(-0.063,-0.109119200876839,0.01));
#6984=CARTESIAN_POINT('',(-1.19518349722812E-16,-2.56110749406025E-16,0.01));
#6985=CARTESIAN_POINT('',(-1.19518349722812E-16,-2.56110749406025E-16,-0.01));
#6986=CARTESIAN_POINT('',(-0.0965215998329912,-0.0809912388205039,-0.01));
#6987=CARTESIAN_POINT('',(-0.0965215998329912,-0.0809912388205039,0.01));
#6988=CARTESIAN_POINT('',(-0.0965215998329912,-0.0809912388205039,0.01));
#6989=CARTESIAN_POINT('',(-1.19518349722812E-16,-2.56110749406025E-16,0.01));
#6990=CARTESIAN_POINT('',(-0.114906666467847,-0.0964181414529809,0.01));
#6991=CARTESIAN_POINT('',(-0.114906666467847,-0.0964181414529809,-0.01));
#6992=CARTESIAN_POINT('',(-0.114906666467847,-0.0964181414529808,-0.01));
#6993=CARTESIAN_POINT('',(-0.114906666467847,-0.0964181414529808,0.01));
#6994=CARTESIAN_POINT('',(-0.114906666467847,-0.0964181414529808,0.01));
#6995=CARTESIAN_POINT('',(-0.114906666467847,-0.0964181414529809,0.01));
#6996=CARTESIAN_POINT('',(8.53702498020082E-16,4.78073398891246E-16,0.01));
#6997=CARTESIAN_POINT('',(8.53702498020082E-16,4.78073398891246E-16,-0.01));
#6998=CARTESIAN_POINT('',(-0.140953893117886,-0.0513030214988503,-0.01));
#6999=CARTESIAN_POINT('',(-0.140953893117886,-0.0513030214988503,0.01));
#7000=CARTESIAN_POINT('',(-0.140953893117886,-0.0513030214988503,0.01));
#7001=CARTESIAN_POINT('',(8.53702498020082E-16,4.78073398891246E-16,0.01));
#7002=CARTESIAN_POINT('',(-0.118401270219024,-0.0430945380590342,0.01));
#7003=CARTESIAN_POINT('',(-0.118401270219024,-0.0430945380590342,-0.01));
#7004=CARTESIAN_POINT('',(-0.118401270219024,-0.0430945380590343,-0.01));
#7005=CARTESIAN_POINT('',(-0.118401270219024,-0.0430945380590343,0.01));
#7006=CARTESIAN_POINT('',(-0.118401270219024,-0.0430945380590343,0.01));
#7007=CARTESIAN_POINT('',(-0.118401270219024,-0.0430945380590342,0.01));
#7008=CARTESIAN_POINT('',(-2.52695939413944E-15,-4.99415961341748E-16,0.01));
#7009=CARTESIAN_POINT('',(-2.52695939413944E-15,-4.99415961341748E-16,-0.01));
#7010=CARTESIAN_POINT('',(-0.126,2.08166817117217E-17,-0.01));
#7011=CARTESIAN_POINT('',(-0.126,2.08166817117217E-17,0.01));
#7012=CARTESIAN_POINT('',(-0.126,2.08166817117217E-17,0.01));
#7013=CARTESIAN_POINT('',(-2.52695939413944E-15,-4.99415961341748E-16,0.01));
#7014=CARTESIAN_POINT('',(-0.15,4.16333634234434E-17,0.01));
#7015=CARTESIAN_POINT('',(-0.15,4.16333634234434E-17,-0.01));
#7016=CARTESIAN_POINT('',(-0.15,4.16333634234434E-17,0.01));
#7017=CARTESIAN_POINT('',(0.,0.,0.01));
#7018=CARTESIAN_POINT('',(0.,0.,0.01));
#7019=CARTESIAN_POINT('',(0.201,0.,0.01));
#7020=CARTESIAN_POINT('',(0.,0.,-0.01));
#7021=CARTESIAN_POINT('',(0.201,0.,-0.01));
#7022=CARTESIAN_POINT('',(0.,0.,0.01));
#7023=CARTESIAN_POINT('',(0.,0.,-0.01));
#7024=CARTESIAN_POINT('',(0.,0.14,1.22464679914735E-18));
#7025=CARTESIAN_POINT('',(0.,0.087,3.61270805748469E-18));
#7026=CARTESIAN_POINT('',(-0.1255,0.01,-0.24088));
#7027=CARTESIAN_POINT('',(-0.1255,0.,-0.24088));
#7028=CARTESIAN_POINT('',(-0.1255,0.,-0.24088));
#7029=CARTESIAN_POINT('',(-0.1255,0.,0.24088));
#7030=CARTESIAN_POINT('',(-0.1255,0.01,0.24088));
#7031=CARTESIAN_POINT('',(-0.1255,0.01,0.24088));
#7032=CARTESIAN_POINT('',(-0.1255,0.01,-0.24088));
#7033=CARTESIAN_POINT('',(-0.1255,0.01,-0.24088));
#7034=CARTESIAN_POINT('',(-0.1255,0.01,-0.24088));
#7035=CARTESIAN_POINT('',(-0.12038,0.01,0.24088));
#7036=CARTESIAN_POINT('',(-0.12038,0.,0.24088));
#7037=CARTESIAN_POINT('',(-0.12038,0.,0.246));
#7038=CARTESIAN_POINT('',(-0.12038,0.01,0.246));
#7039=CARTESIAN_POINT('',(-0.12038,0.01,0.246));
#7040=CARTESIAN_POINT('',(-0.12038,0.01,0.24088));
#7041=CARTESIAN_POINT('',(-0.12038,0.01,0.246));
#7042=CARTESIAN_POINT('',(-0.12038,0.,0.246));
#7043=CARTESIAN_POINT('',(0.12038,0.,0.246));
#7044=CARTESIAN_POINT('',(0.12038,0.01,0.246));
#7045=CARTESIAN_POINT('',(0.12038,0.01,0.246));
#7046=CARTESIAN_POINT('',(-0.12038,0.01,0.246));
#7047=CARTESIAN_POINT('',(0.12038,0.01,0.24088));
#7048=CARTESIAN_POINT('',(0.12038,0.,0.24088));
#7049=CARTESIAN_POINT('',(0.1255,0.,0.24088));
#7050=CARTESIAN_POINT('',(0.1255,0.01,0.24088));
#7051=CARTESIAN_POINT('',(0.1255,0.01,0.24088));
#7052=CARTESIAN_POINT('',(0.12038,0.01,0.24088));
#7053=CARTESIAN_POINT('',(0.1255,0.01,0.24088));
#7054=CARTESIAN_POINT('',(0.1255,0.,0.24088));
#7055=CARTESIAN_POINT('',(0.1255,0.,-0.24088));
#7056=CARTESIAN_POINT('',(0.1255,0.01,-0.24088));
#7057=CARTESIAN_POINT('',(0.1255,0.01,-0.24088));
#7058=CARTESIAN_POINT('',(0.1255,0.01,0.24088));
#7059=CARTESIAN_POINT('',(0.12038,0.01,-0.24088));
#7060=CARTESIAN_POINT('',(0.12038,0.,-0.24088));
#7061=CARTESIAN_POINT('',(0.12038,0.,-0.246));
#7062=CARTESIAN_POINT('',(0.12038,0.01,-0.246));
#7063=CARTESIAN_POINT('',(0.12038,0.01,-0.246));
#7064=CARTESIAN_POINT('',(0.12038,0.01,-0.24088));
#7065=CARTESIAN_POINT('',(0.12038,0.01,-0.246));
#7066=CARTESIAN_POINT('',(0.12038,0.,-0.246));
#7067=CARTESIAN_POINT('',(-0.12038,0.,-0.246));
#7068=CARTESIAN_POINT('',(-0.12038,0.01,-0.246));
#7069=CARTESIAN_POINT('',(-0.12038,0.01,-0.246));
#7070=CARTESIAN_POINT('',(0.12038,0.01,-0.246));
#7071=CARTESIAN_POINT('',(-0.12038,0.01,-0.24088));
#7072=CARTESIAN_POINT('',(-0.12038,0.,-0.24088));
#7073=CARTESIAN_POINT('',(-0.12038,0.01,-0.24088));
#7074=CARTESIAN_POINT('',(-0.12038,0.01,0.24088));
#7075=CARTESIAN_POINT('',(-0.12038,0.,0.24088));
#7076=CARTESIAN_POINT('',(-0.0395,0.,0.0155));
#7077=CARTESIAN_POINT('',(-0.0395,0.,0.0155));
#7078=CARTESIAN_POINT('',(-0.0395,0.,-0.0155));
#7079=CARTESIAN_POINT('',(0.0395,0.,0.0155));
#7080=CARTESIAN_POINT('',(0.0395,0.,0.0155));
#7081=CARTESIAN_POINT('',(0.0395,0.,0.0155));
#7082=CARTESIAN_POINT('',(0.0395,0.,-0.0155));
#7083=CARTESIAN_POINT('',(0.0395,0.,-0.0155));
#7084=CARTESIAN_POINT('',(-0.0395,0.,0.2005));
#7085=CARTESIAN_POINT('',(-0.0395,0.,0.2005));
#7086=CARTESIAN_POINT('',(-0.0395,0.,0.1695));
#7087=CARTESIAN_POINT('',(0.0395,0.,0.2005));
#7088=CARTESIAN_POINT('',(0.0395,0.,0.2005));
#7089=CARTESIAN_POINT('',(0.0395,-3.41480999208033E-17,0.2005));
#7090=CARTESIAN_POINT('',(0.0395,-3.41480999208033E-17,0.1695));
#7091=CARTESIAN_POINT('',(0.0395,0.,0.1695));
#7092=CARTESIAN_POINT('',(-0.0395,0.,-0.1695));
#7093=CARTESIAN_POINT('',(-0.0395,0.,-0.1695));
#7094=CARTESIAN_POINT('',(-0.0395,0.,-0.2005));
#7095=CARTESIAN_POINT('',(0.0395,0.,-0.1695));
#7096=CARTESIAN_POINT('',(0.0395,0.,-0.1695));
#7097=CARTESIAN_POINT('',(0.0395,-3.41480999208033E-17,-0.1695));
#7098=CARTESIAN_POINT('',(0.0395,-3.41480999208033E-17,-0.2005));
#7099=CARTESIAN_POINT('',(0.0395,0.,-0.2005));
#7100=CARTESIAN_POINT('',(-0.0395,0.,-0.1695));
#7101=CARTESIAN_POINT('',(-0.0395,0.,-0.2005));
#7102=CARTESIAN_POINT('',(-0.0395,-0.167,-0.2005));
#7103=CARTESIAN_POINT('',(-0.0395,-0.167,-0.1695));
#7104=CARTESIAN_POINT('',(-0.0395,-0.167,-0.1695));
#7105=CARTESIAN_POINT('',(-0.0395,0.,-0.1695));
#7106=CARTESIAN_POINT('',(-0.0395,-0.167,-0.1695));
#7107=CARTESIAN_POINT('',(-0.0395,-0.167,-0.2005));
#7108=CARTESIAN_POINT('',(0.0395,-0.167,-0.2005));
#7109=CARTESIAN_POINT('',(0.0395,-0.167,-0.1695));
#7110=CARTESIAN_POINT('',(0.0395,-0.167,-0.1695));
#7111=CARTESIAN_POINT('',(-0.0395,-0.167,-0.1695));
#7112=CARTESIAN_POINT('',(0.0395,-0.167,-0.1695));
#7113=CARTESIAN_POINT('',(0.0395,-0.167,-0.2005));
#7114=CARTESIAN_POINT('',(0.0395,-0.167,-0.1695));
#7115=CARTESIAN_POINT('',(-0.0215,-0.049,-0.1695));
#7116=CARTESIAN_POINT('',(-0.0215,-0.049,-0.2005));
#7117=CARTESIAN_POINT('',(-0.0215,-0.049,-0.2005));
#7118=CARTESIAN_POINT('',(-0.0215,-0.128,-0.2005));
#7119=CARTESIAN_POINT('',(-0.0215,-0.049,-0.1695));
#7120=CARTESIAN_POINT('',(-0.0215,-0.049,-0.1695));
#7121=CARTESIAN_POINT('',(-0.0215,-0.049,-0.1695));
#7122=CARTESIAN_POINT('',(-0.0215,-0.128,-0.1695));
#7123=CARTESIAN_POINT('',(-0.0215,-0.128,-0.1695));
#7124=CARTESIAN_POINT('',(0.0215,-0.049,-0.1695));
#7125=CARTESIAN_POINT('',(0.0215,-0.049,-0.2005));
#7126=CARTESIAN_POINT('',(0.0215,-0.049,-0.2005));
#7127=CARTESIAN_POINT('',(0.0215,-0.049,-0.1695));
#7128=CARTESIAN_POINT('',(0.0215,-0.049,-0.1695));
#7129=CARTESIAN_POINT('',(0.0215,-0.049,-0.1695));
#7130=CARTESIAN_POINT('',(0.0215,-0.128,-0.1695));
#7131=CARTESIAN_POINT('',(0.0215,-0.128,-0.2005));
#7132=CARTESIAN_POINT('',(0.0215,-0.128,-0.2005));
#7133=CARTESIAN_POINT('',(0.0215,-0.128,-0.1695));
#7134=CARTESIAN_POINT('',(0.0215,-0.128,-0.1695));
#7135=CARTESIAN_POINT('',(0.0215,-0.128,-0.1695));
#7136=CARTESIAN_POINT('',(-0.0215,-0.128,-0.1695));
#7137=CARTESIAN_POINT('',(-0.0215,-0.128,-0.2005));
#7138=CARTESIAN_POINT('',(-0.0215,-0.128,-0.1695));
#7139=CARTESIAN_POINT('',(0.,0.,-0.1695));
#7140=CARTESIAN_POINT('',(0.,0.,-0.2005));
#7141=CARTESIAN_POINT('',(-0.0395,0.,0.2005));
#7142=CARTESIAN_POINT('',(-0.0395,0.,0.1695));
#7143=CARTESIAN_POINT('',(-0.0395,-0.167,0.1695));
#7144=CARTESIAN_POINT('',(-0.0395,-0.167,0.2005));
#7145=CARTESIAN_POINT('',(-0.0395,-0.167,0.2005));
#7146=CARTESIAN_POINT('',(-0.0395,0.,0.2005));
#7147=CARTESIAN_POINT('',(-0.0395,-0.167,0.2005));
#7148=CARTESIAN_POINT('',(-0.0395,-0.167,0.1695));
#7149=CARTESIAN_POINT('',(0.0395,-0.167,0.1695));
#7150=CARTESIAN_POINT('',(0.0395,-0.167,0.2005));
#7151=CARTESIAN_POINT('',(0.0395,-0.167,0.2005));
#7152=CARTESIAN_POINT('',(-0.0395,-0.167,0.2005));
#7153=CARTESIAN_POINT('',(0.0395,-0.167,0.2005));
#7154=CARTESIAN_POINT('',(0.0395,-0.167,0.1695));
#7155=CARTESIAN_POINT('',(0.0395,-0.167,0.2005));
#7156=CARTESIAN_POINT('',(-0.0215,-0.049,0.2005));
#7157=CARTESIAN_POINT('',(-0.0215,-0.049,0.1695));
#7158=CARTESIAN_POINT('',(-0.0215,-0.049,0.1695));
#7159=CARTESIAN_POINT('',(-0.0215,-0.128,0.1695));
#7160=CARTESIAN_POINT('',(-0.0215,-0.049,0.2005));
#7161=CARTESIAN_POINT('',(-0.0215,-0.049,0.2005));
#7162=CARTESIAN_POINT('',(-0.0215,-0.049,0.2005));
#7163=CARTESIAN_POINT('',(-0.0215,-0.128,0.2005));
#7164=CARTESIAN_POINT('',(-0.0215,-0.128,0.2005));
#7165=CARTESIAN_POINT('',(0.0215,-0.049,0.2005));
#7166=CARTESIAN_POINT('',(0.0215,-0.049,0.1695));
#7167=CARTESIAN_POINT('',(0.0215,-0.049,0.1695));
#7168=CARTESIAN_POINT('',(0.0215,-0.049,0.2005));
#7169=CARTESIAN_POINT('',(0.0215,-0.049,0.2005));
#7170=CARTESIAN_POINT('',(0.0215,-0.049,0.2005));
#7171=CARTESIAN_POINT('',(0.0215,-0.128,0.2005));
#7172=CARTESIAN_POINT('',(0.0215,-0.128,0.1695));
#7173=CARTESIAN_POINT('',(0.0215,-0.128,0.1695));
#7174=CARTESIAN_POINT('',(0.0215,-0.128,0.2005));
#7175=CARTESIAN_POINT('',(0.0215,-0.128,0.2005));
#7176=CARTESIAN_POINT('',(0.0215,-0.128,0.2005));
#7177=CARTESIAN_POINT('',(-0.0215,-0.128,0.2005));
#7178=CARTESIAN_POINT('',(-0.0215,-0.128,0.1695));
#7179=CARTESIAN_POINT('',(-0.0215,-0.128,0.2005));
#7180=CARTESIAN_POINT('',(0.,0.,0.2005));
#7181=CARTESIAN_POINT('',(0.,0.,0.1695));
#7182=CARTESIAN_POINT('',(-0.0395,0.,0.0155));
#7183=CARTESIAN_POINT('',(-0.0395,0.,-0.0155));
#7184=CARTESIAN_POINT('',(-0.0395,-0.187,-0.0155));
#7185=CARTESIAN_POINT('',(-0.0395,-0.187,0.0155));
#7186=CARTESIAN_POINT('',(-0.0395,-0.187,0.0155));
#7187=CARTESIAN_POINT('',(-0.0395,0.,0.0155));
#7188=CARTESIAN_POINT('',(-0.0395,-0.187,0.0155));
#7189=CARTESIAN_POINT('',(-0.0395,-0.187,-0.0155));
#7190=CARTESIAN_POINT('',(0.0395,-0.187,-0.0155));
#7191=CARTESIAN_POINT('',(0.0395,-0.187,0.0155));
#7192=CARTESIAN_POINT('',(0.0395,-0.187,0.0155));
#7193=CARTESIAN_POINT('',(-0.0395,-0.187,0.0155));
#7194=CARTESIAN_POINT('',(0.0395,-0.187,0.0155));
#7195=CARTESIAN_POINT('',(0.0395,-0.187,-0.0155));
#7196=CARTESIAN_POINT('',(0.0395,-0.187,0.0155));
#7197=CARTESIAN_POINT('',(-0.0215,-0.059,0.0155));
#7198=CARTESIAN_POINT('',(-0.0215,-0.059,-0.0155));
#7199=CARTESIAN_POINT('',(-0.0215,-0.059,-0.0155));
#7200=CARTESIAN_POINT('',(-0.0215,-0.138,-0.0155));
#7201=CARTESIAN_POINT('',(-0.0215,-0.059,0.0155));
#7202=CARTESIAN_POINT('',(-0.0215,-0.059,0.0155));
#7203=CARTESIAN_POINT('',(-0.0215,-0.059,0.0155));
#7204=CARTESIAN_POINT('',(-0.0215,-0.138,0.0155));
#7205=CARTESIAN_POINT('',(-0.0215,-0.138,0.0155));
#7206=CARTESIAN_POINT('',(0.0215,-0.059,0.0155));
#7207=CARTESIAN_POINT('',(0.0215,-0.059,-0.0155));
#7208=CARTESIAN_POINT('',(0.0215,-0.059,-0.0155));
#7209=CARTESIAN_POINT('',(0.0215,-0.059,0.0155));
#7210=CARTESIAN_POINT('',(0.0215,-0.059,0.0155));
#7211=CARTESIAN_POINT('',(0.0215,-0.059,0.0155));
#7212=CARTESIAN_POINT('',(0.0215,-0.138,0.0155));
#7213=CARTESIAN_POINT('',(0.0215,-0.138,-0.0155));
#7214=CARTESIAN_POINT('',(0.0215,-0.138,-0.0155));
#7215=CARTESIAN_POINT('',(0.0215,-0.138,0.0155));
#7216=CARTESIAN_POINT('',(0.0215,-0.138,0.0155));
#7217=CARTESIAN_POINT('',(0.0215,-0.138,0.0155));
#7218=CARTESIAN_POINT('',(-0.0215,-0.138,0.0155));
#7219=CARTESIAN_POINT('',(-0.0215,-0.138,-0.0155));
#7220=CARTESIAN_POINT('',(-0.0215,-0.138,0.0155));
#7221=CARTESIAN_POINT('',(0.,0.,0.0155));
#7222=CARTESIAN_POINT('',(0.,0.,-0.0155));
#7223=CARTESIAN_POINT('',(0.,-0.371,0.));
#7224=CARTESIAN_POINT('',(-0.0987649722074297,0.358,0.));
#7225=CARTESIAN_POINT('',(-0.0987649722074297,0.358,0.));
#7226=CARTESIAN_POINT('',(-0.0450686918158334,0.369904178766596,0.));
#7227=CARTESIAN_POINT('',(0.018938466219584,-0.172925900622994,0.));
#7228=CARTESIAN_POINT('',(0.018938466219584,-0.172925900622994,0.));
#7229=CARTESIAN_POINT('',(0.0726347466111803,-0.161021721856398,0.));
#7230=CARTESIAN_POINT('',(0.0726347466111803,-0.161021721856398,0.));
#7231=CARTESIAN_POINT('',(0.,0.35,0.));
#7232=CARTESIAN_POINT('M20S-caps',(0.,0.,0.));
#7233=CARTESIAN_POINT('',(1.07156594925393E-17,0.35,0.));
#7234=MECHANICAL_DESIGN_GEOMETRIC_PRESENTATION_REPRESENTATION('',(#4303,
#4304,#4305,#4306,#4307,#4308,#4309),#7235);
#7235=(
GEOMETRIC_REPRESENTATION_CONTEXT(3)
GLOBAL_UNCERTAINTY_ASSIGNED_CONTEXT((#7244))
GLOBAL_UNIT_ASSIGNED_CONTEXT((#7255,#7254,#7253))
REPRESENTATION_CONTEXT('M2012SS1W01','TOP_LEVEL_ASSEMBLY_PART')
);
#7236=(
GEOMETRIC_REPRESENTATION_CONTEXT(3)
GLOBAL_UNCERTAINTY_ASSIGNED_CONTEXT((#7245))
GLOBAL_UNIT_ASSIGNED_CONTEXT((#7255,#7254,#7253))
REPRESENTATION_CONTEXT('M20121SS1W01-switch','COMPONENT_PART')
);
#7237=(
GEOMETRIC_REPRESENTATION_CONTEXT(3)
GLOBAL_UNCERTAINTY_ASSIGNED_CONTEXT((#7246))
GLOBAL_UNIT_ASSIGNED_CONTEXT((#7255,#7254,#7253))
REPRESENTATION_CONTEXT('M201S1M201-bushing','COMPONENT_PART')
);
#7238=(
GEOMETRIC_REPRESENTATION_CONTEXT(3)
GLOBAL_UNCERTAINTY_ASSIGNED_CONTEXT((#7247))
GLOBAL_UNIT_ASSIGNED_CONTEXT((#7255,#7254,#7253))
REPRESENTATION_CONTEXT('AT513H','COMPONENT_PART')
);
#7239=(
GEOMETRIC_REPRESENTATION_CONTEXT(3)
GLOBAL_UNCERTAINTY_ASSIGNED_CONTEXT((#7248))
GLOBAL_UNIT_ASSIGNED_CONTEXT((#7255,#7254,#7253))
REPRESENTATION_CONTEXT('AT507H','COMPONENT_PART')
);
#7240=(
GEOMETRIC_REPRESENTATION_CONTEXT(3)
GLOBAL_UNCERTAINTY_ASSIGNED_CONTEXT((#7249))
GLOBAL_UNIT_ASSIGNED_CONTEXT((#7255,#7254,#7253))
REPRESENTATION_CONTEXT('AT509','COMPONENT_PART')
);
#7241=(
GEOMETRIC_REPRESENTATION_CONTEXT(3)
GLOBAL_UNCERTAINTY_ASSIGNED_CONTEXT((#7250))
GLOBAL_UNIT_ASSIGNED_CONTEXT((#7255,#7254,#7253))
REPRESENTATION_CONTEXT('M201201-terminals','COMPONENT_PART')
);
#7242=(
GEOMETRIC_REPRESENTATION_CONTEXT(3)
GLOBAL_UNCERTAINTY_ASSIGNED_CONTEXT((#7251))
GLOBAL_UNIT_ASSIGNED_CONTEXT((#7255,#7254,#7253))
REPRESENTATION_CONTEXT('M20S-toggles','COMPONENT_PART')
);
#7243=(
GEOMETRIC_REPRESENTATION_CONTEXT(3)
GLOBAL_UNCERTAINTY_ASSIGNED_CONTEXT((#7252))
GLOBAL_UNIT_ASSIGNED_CONTEXT((#7255,#7254,#7253))
REPRESENTATION_CONTEXT('M20S-caps','COMPONENT_PART')
);
#7244=UNCERTAINTY_MEASURE_WITH_UNIT(LENGTH_MEASURE(3.93700787401575E-7),
#7255,'DISTANCE_ACCURACY_VALUE','Maximum Tolerance applied to model');
#7245=UNCERTAINTY_MEASURE_WITH_UNIT(LENGTH_MEASURE(3.93700787401575E-7),
#7255,'DISTANCE_ACCURACY_VALUE','Maximum Tolerance applied to model');
#7246=UNCERTAINTY_MEASURE_WITH_UNIT(LENGTH_MEASURE(0.00078740157480315),
#7255,'DISTANCE_ACCURACY_VALUE','Maximum Tolerance applied to model');
#7247=UNCERTAINTY_MEASURE_WITH_UNIT(LENGTH_MEASURE(0.00078740157480315),
#7255,'DISTANCE_ACCURACY_VALUE','Maximum Tolerance applied to model');
#7248=UNCERTAINTY_MEASURE_WITH_UNIT(LENGTH_MEASURE(3.93700787401575E-7),
#7255,'DISTANCE_ACCURACY_VALUE','Maximum Tolerance applied to model');
#7249=UNCERTAINTY_MEASURE_WITH_UNIT(LENGTH_MEASURE(3.93700787401575E-7),
#7255,'DISTANCE_ACCURACY_VALUE','Maximum Tolerance applied to model');
#7250=UNCERTAINTY_MEASURE_WITH_UNIT(LENGTH_MEASURE(3.93700787401575E-7),
#7255,'DISTANCE_ACCURACY_VALUE','Maximum Tolerance applied to model');
#7251=UNCERTAINTY_MEASURE_WITH_UNIT(LENGTH_MEASURE(3.93700787401575E-7),
#7255,'DISTANCE_ACCURACY_VALUE','Maximum Tolerance applied to model');
#7252=UNCERTAINTY_MEASURE_WITH_UNIT(LENGTH_MEASURE(3.93700787401575E-7),
#7255,'DISTANCE_ACCURACY_VALUE','Maximum Tolerance applied to model');
#7253=(
NAMED_UNIT(*)
SI_UNIT($,.STERADIAN.)
SOLID_ANGLE_UNIT()
);
#7254=(
NAMED_UNIT(*)
PLANE_ANGLE_UNIT()
SI_UNIT($,.RADIAN.)
);
#7255=(
CONVERSION_BASED_UNIT('INCH',#7257)
LENGTH_UNIT()
NAMED_UNIT(#7256)
);
#7256=DIMENSIONAL_EXPONENTS(1.,0.,0.,0.,0.,0.,0.);
#7257=LENGTH_MEASURE_WITH_UNIT(LENGTH_MEASURE(25.4),#7258);
#7258=(
LENGTH_UNIT()
NAMED_UNIT(*)
SI_UNIT(.MILLI.,.METRE.)
);
#7259=PRODUCT_DEFINITION_SHAPE('','',#7277);
#7260=PRODUCT_DEFINITION_SHAPE('','',#7278);
#7261=PRODUCT_DEFINITION_SHAPE(' ','NAUO PRDDFN',#63);
#7262=PRODUCT_DEFINITION_SHAPE('','',#7279);
#7263=PRODUCT_DEFINITION_SHAPE(' ','NAUO PRDDFN',#64);
#7264=PRODUCT_DEFINITION_SHAPE('','',#7280);
#7265=PRODUCT_DEFINITION_SHAPE(' ','NAUO PRDDFN',#65);
#7266=PRODUCT_DEFINITION_SHAPE('','',#7281);
#7267=PRODUCT_DEFINITION_SHAPE(' ','NAUO PRDDFN',#66);
#7268=PRODUCT_DEFINITION_SHAPE('','',#7282);
#7269=PRODUCT_DEFINITION_SHAPE(' ','NAUO PRDDFN',#67);
#7270=PRODUCT_DEFINITION_SHAPE(' ','NAUO PRDDFN',#68);
#7271=PRODUCT_DEFINITION_SHAPE('','',#7283);
#7272=PRODUCT_DEFINITION_SHAPE(' ','NAUO PRDDFN',#69);
#7273=PRODUCT_DEFINITION_SHAPE('','',#7284);
#7274=PRODUCT_DEFINITION_SHAPE(' ','NAUO PRDDFN',#70);
#7275=PRODUCT_DEFINITION_SHAPE('','',#7285);
#7276=PRODUCT_DEFINITION_SHAPE(' ','NAUO PRDDFN',#71);
#7277=PRODUCT_DEFINITION('','',#7295,#7286);
#7278=PRODUCT_DEFINITION('','',#7296,#7287);
#7279=PRODUCT_DEFINITION('','',#7297,#7288);
#7280=PRODUCT_DEFINITION('','',#7298,#7289);
#7281=PRODUCT_DEFINITION('','',#7299,#7290);
#7282=PRODUCT_DEFINITION('','',#7300,#7291);
#7283=PRODUCT_DEFINITION('','',#7301,#7292);
#7284=PRODUCT_DEFINITION('','',#7302,#7293);
#7285=PRODUCT_DEFINITION('','',#7303,#7294);
#7286=PRODUCT_DEFINITION_CONTEXT('',#7341,'design');
#7287=PRODUCT_DEFINITION_CONTEXT('',#7341,'design');
#7288=PRODUCT_DEFINITION_CONTEXT('',#7341,'design');
#7289=PRODUCT_DEFINITION_CONTEXT('',#7341,'design');
#7290=PRODUCT_DEFINITION_CONTEXT('',#7341,'design');
#7291=PRODUCT_DEFINITION_CONTEXT('',#7341,'design');
#7292=PRODUCT_DEFINITION_CONTEXT('',#7341,'design');
#7293=PRODUCT_DEFINITION_CONTEXT('',#7341,'design');
#7294=PRODUCT_DEFINITION_CONTEXT('',#7341,'design');
#7295=PRODUCT_DEFINITION_FORMATION_WITH_SPECIFIED_SOURCE('','',#7313,
 .NOT_KNOWN.);
#7296=PRODUCT_DEFINITION_FORMATION_WITH_SPECIFIED_SOURCE('','',#7314,
 .NOT_KNOWN.);
#7297=PRODUCT_DEFINITION_FORMATION_WITH_SPECIFIED_SOURCE('','',#7315,
 .NOT_KNOWN.);
#7298=PRODUCT_DEFINITION_FORMATION_WITH_SPECIFIED_SOURCE('','',#7316,
 .NOT_KNOWN.);
#7299=PRODUCT_DEFINITION_FORMATION_WITH_SPECIFIED_SOURCE('','',#7317,
 .NOT_KNOWN.);
#7300=PRODUCT_DEFINITION_FORMATION_WITH_SPECIFIED_SOURCE('','',#7318,
 .NOT_KNOWN.);
#7301=PRODUCT_DEFINITION_FORMATION_WITH_SPECIFIED_SOURCE('','',#7319,
 .NOT_KNOWN.);
#7302=PRODUCT_DEFINITION_FORMATION_WITH_SPECIFIED_SOURCE('','',#7320,
 .NOT_KNOWN.);
#7303=PRODUCT_DEFINITION_FORMATION_WITH_SPECIFIED_SOURCE('','',#7321,
 .NOT_KNOWN.);
#7304=PRODUCT_RELATED_PRODUCT_CATEGORY('','',(#7313));
#7305=PRODUCT_RELATED_PRODUCT_CATEGORY('','',(#7314));
#7306=PRODUCT_RELATED_PRODUCT_CATEGORY('','',(#7315));
#7307=PRODUCT_RELATED_PRODUCT_CATEGORY('','',(#7316));
#7308=PRODUCT_RELATED_PRODUCT_CATEGORY('','',(#7317));
#7309=PRODUCT_RELATED_PRODUCT_CATEGORY('','',(#7318));
#7310=PRODUCT_RELATED_PRODUCT_CATEGORY('','',(#7319));
#7311=PRODUCT_RELATED_PRODUCT_CATEGORY('','',(#7320));
#7312=PRODUCT_RELATED_PRODUCT_CATEGORY('','',(#7321));
#7313=PRODUCT('M2012SS1W01','M2012SS1W01','M2012SS1W01',(#7331));
#7314=PRODUCT('M20121SS1W01-switch','M20121SS1W01-switch',
'M20121SS1W01-switch',(#7332));
#7315=PRODUCT('M201S1M201-bushing','M201S1M201-bushing',
'M201S1M201-bushing',(#7333));
#7316=PRODUCT('AT513H','AT513H','AT513H',(#7334));
#7317=PRODUCT('AT507H','AT507H','AT507H',(#7335));
#7318=PRODUCT('AT509','AT509','AT509',(#7336));
#7319=PRODUCT('M201201-terminals','M201201-terminals',
'M201201-terminals',(#7337));
#7320=PRODUCT('M20S-toggles','M20S-toggles','M20S-toggles',(#7338));
#7321=PRODUCT('M20S-caps','M20S-caps','M20S-caps',(#7339));
#7322=PRODUCT_CATEGORY('','');
#7323=PRODUCT_CATEGORY('','');
#7324=PRODUCT_CATEGORY('','');
#7325=PRODUCT_CATEGORY('','');
#7326=PRODUCT_CATEGORY('','');
#7327=PRODUCT_CATEGORY('','');
#7328=PRODUCT_CATEGORY('','');
#7329=PRODUCT_CATEGORY('','');
#7330=PRODUCT_CATEGORY('','');
#7331=PRODUCT_CONTEXT('',#7341,'mechanical');
#7332=PRODUCT_CONTEXT('',#7341,'mechanical');
#7333=PRODUCT_CONTEXT('',#7341,'mechanical');
#7334=PRODUCT_CONTEXT('',#7341,'mechanical');
#7335=PRODUCT_CONTEXT('',#7341,'mechanical');
#7336=PRODUCT_CONTEXT('',#7341,'mechanical');
#7337=PRODUCT_CONTEXT('',#7341,'mechanical');
#7338=PRODUCT_CONTEXT('',#7341,'mechanical');
#7339=PRODUCT_CONTEXT('',#7341,'mechanical');
#7340=APPLICATION_PROTOCOL_DEFINITION('international standard',
'ap242_managed_model_based_3d_engineering',2011,#7341);
#7341=APPLICATION_CONTEXT('managed model based 3d engineering');
ENDSEC;
END-ISO-10303-21;
