ISO-10303-21;
HEADER;
FILE_DESCRIPTION (( 'STEP AP214' ),
    '1' );
FILE_NAME ('User Library-CAP 8X11.5.STEP',
    '2026-07-13T18:50:01',
    ( '' ),
    ( '' ),
    'SwSTEP 2.0',
    'SolidWorks 2022',
    '' );
FILE_SCHEMA (( 'AUTOMOTIVE_DESIGN' ));
ENDSEC;

DATA;
#1 = SURFACE_SIDE_STYLE ('',( #28 ) ) ;
#2 = FILL_AREA_STYLE_COLOUR ( '', #1625 ) ;
#3 = CARTESIAN_POINT ( 'NONE',  ( -127.1431817977397571, -31.07439314976333478, 5.719076153389949013 ) ) ;
#4 = EDGE_LOOP ( 'NONE', ( #6026, #4218, #4306, #3051, #4735 ) ) ;
#5 = B_SPLINE_CURVE_WITH_KNOTS ( 'NONE', 3,
 ( #1386, #4600, #6100, #3552, #5504, #1455 ),
 .UNSPECIFIED., .F., .F.,
 ( 4, 2, 4 ),
 ( -0.0006757208490586931330, -0.0003378604245293465123, 1.084202172485504434E-19 ),
 .UNSPECIFIED. ) ;
#6 =( LENGTH_UNIT ( ) NAMED_UNIT ( * ) SI_UNIT ( .MILLI., .METRE. ) );
#7 = CARTESIAN_POINT ( 'NONE',  ( -127.4911081869859970, -36.18255236209569858, 2.536981224672850033 ) ) ;
#8 = SURFACE_SIDE_STYLE ('',( #531 ) ) ;
#9 = DIRECTION ( 'NONE',  ( 0.0000000000000000000, 1.000000000000000000, 0.0000000000000000000 ) ) ;
#10 = PRODUCT_DEFINITION_SHAPE ( 'NONE', 'NONE',  #6722 ) ;
#11 = ORIENTED_EDGE ( 'NONE', *, *, #5366, .T. ) ;
#12 =( LENGTH_UNIT ( ) NAMED_UNIT ( * ) SI_UNIT ( .MILLI., .METRE. ) );
#13 = DIRECTION ( 'NONE',  ( 6.123031769111889989E-17, -5.400123095199909910E-49, -1.000000000000000000 ) ) ;
#14 = B_SPLINE_CURVE_WITH_KNOTS ( 'NONE', 3,
 ( #6213, #3674, #5725, #3160, #5228, #2651, #4720, #2289, #1206, #198 ),
 .UNSPECIFIED., .F., .F.,
 ( 4, 2, 2, 2, 4 ),
 ( 4.770489558936219510E-18, 0.0003378802221304919896, 0.0006757604442609792088, 0.001013640666391466428, 0.001351520888521953647 ),
 .UNSPECIFIED. ) ;
#15 = CARTESIAN_POINT ( 'NONE',  ( -122.9636564308822386, -37.25425966462658778, -5.750000000000039968 ) ) ;
#17 = ORIENTED_EDGE ( 'NONE', *, *, #2239, .F. ) ;
#16 = ADVANCED_FACE ( 'NONE', ( #5130 ), #3620, .T. ) ;
#18 = LINE ( 'NONE', #1992, #6032 ) ;
#19 = VERTEX_POINT ( 'NONE', #6256 ) ;
#20 =( NAMED_UNIT ( * ) PLANE_ANGLE_UNIT ( ) SI_UNIT ( $, .RADIAN. ) );
#21 = CARTESIAN_POINT ( 'NONE',  ( -127.9233521597989949, -30.37397777197829996, 1.904737251858918734 ) ) ;
#22 = CARTESIAN_POINT ( 'NONE',  ( -126.9495273080388529, -30.37433021606624806, 5.265241647999090446 ) ) ;
#23 = EDGE_LOOP ( 'NONE', ( #290, #6293, #3612, #259 ) ) ;
#24 = DIRECTION ( 'NONE',  ( 1.000000000000000000, 0.0000000000000000000, 0.0000000000000000000 ) ) ;
#25 = DIRECTION ( 'NONE',  ( 1.000000000000000000, 0.0000000000000000000, 0.0000000000000000000 ) ) ;
#26 = UNCERTAINTY_MEASURE_WITH_UNIT (LENGTH_MEASURE( 1.000000000000000082E-05 ), #3409, 'distance_accuracy_value', 'NONE');
#27 = CARTESIAN_POINT ( 'NONE',  ( -127.9233521597989949, -38.13397777197749861, -2.891511004989538502 ) ) ;
#28 = SURFACE_STYLE_FILL_AREA ( #1673 ) ;
#29 =( LENGTH_UNIT ( ) NAMED_UNIT ( * ) SI_UNIT ( .MILLI., .METRE. ) );
#30 = VERTEX_POINT ( 'NONE', #3171 ) ;
#31 = DIRECTION ( 'NONE',  ( 1.000000000000000000, 0.0000000000000000000, 5.421010862427517240E-17 ) ) ;
#32 = CARTESIAN_POINT ( 'NONE',  ( -126.9552188870530784, -30.37290601714025939, -4.446647422289411899 ) ) ;
#33 = DIRECTION ( 'NONE',  ( 6.123031769111889989E-17, -0.0000000000000000000, -1.000000000000000000 ) ) ;
#34 = FACE_OUTER_BOUND ( 'NONE', #4003, .T. ) ;
#35 = LINE ( 'NONE', #4630, #2039 ) ;
#36 = CARTESIAN_POINT ( 'NONE',  ( -127.9233521597989949, -34.25397777197829896, -5.750000000000070166 ) ) ;
#37 = CLOSED_SHELL ( 'NONE', ( #4991, #5292, #2147, #5431, #5503, #3948 ) ) ;
#38 = VERTEX_POINT ( 'NONE', #2623 ) ;
#39 =( NAMED_UNIT ( * ) PLANE_ANGLE_UNIT ( ) SI_UNIT ( $, .RADIAN. ) );
#40 = SURFACE_STYLE_USAGE ( .BOTH. , #5681 ) ;
#41 = DIRECTION ( 'NONE',  ( -6.123031769111889989E-17, 1.000000000000000000, 1.224606353822379970E-16 ) ) ;
#42 = CARTESIAN_POINT ( 'NONE',  ( -127.1136076516512219, -30.33679589829352707, -5.335786437627007217 ) ) ;
#43 = MECHANICAL_DESIGN_GEOMETRIC_PRESENTATION_REPRESENTATION (  '', ( #1047 ), #393 ) ;
#44 =( NAMED_UNIT ( * ) PLANE_ANGLE_UNIT ( ) SI_UNIT ( $, .RADIAN. ) );
#45 = UNCERTAINTY_MEASURE_WITH_UNIT (LENGTH_MEASURE( 1.000000000000000082E-05 ), #2421, 'distance_accuracy_value', 'NONE');
#46 = PRODUCT_RELATED_PRODUCT_CATEGORY ( 'part', '', ( #5508 ) ) ;
#47 = FILL_AREA_STYLE_COLOUR ( '', #4986 ) ;
#48 = CARTESIAN_POINT ( 'NONE',  ( -127.4911081869851159, -30.27740070772251002, 2.422733097679392600 ) ) ;
#49 =( GEOMETRIC_REPRESENTATION_CONTEXT ( 3 ) GLOBAL_UNCERTAINTY_ASSIGNED_CONTEXT ( ( #5967 ) ) GLOBAL_UNIT_ASSIGNED_CONTEXT ( ( #350, #6014, #3533 ) ) REPRESENTATION_CONTEXT ( 'NONE', 'WORKASPACE' ) );
#50 = ORIENTED_EDGE ( 'NONE', *, *, #6339, .T. ) ;
#51 = SURFACE_SIDE_STYLE ('',( #2755 ) ) ;
#52 = DIRECTION ( 'NONE',  ( 1.000000000000000000, -8.941873587509327525E-15, 0.0000000000000000000 ) ) ;
#53 = STYLED_ITEM ( 'NONE', ( #905 ), #5134 ) ;
#54 = DIRECTION ( 'NONE',  ( -1.000000000000000000, 0.0000000000000000000, -1.117734198439009835E-16 ) ) ;
#55 = ORIENTED_EDGE ( 'NONE', *, *, #4319, .T. ) ;
#56 =( LENGTH_UNIT ( ) NAMED_UNIT ( * ) SI_UNIT ( .MILLI., .METRE. ) );
#57 =( GEOMETRIC_REPRESENTATION_CONTEXT ( 3 ) GLOBAL_UNCERTAINTY_ASSIGNED_CONTEXT ( ( #326 ) ) GLOBAL_UNIT_ASSIGNED_CONTEXT ( ( #1674, #1648, #2691 ) ) REPRESENTATION_CONTEXT ( 'NONE', 'WORKASPACE' ) );
#58 = ADVANCED_FACE ( 'NONE', ( #4273 ), #3642, .T. ) ;
#59 = CARTESIAN_POINT ( 'NONE',  ( -122.9636564308821534, -37.25425966462669436, -5.630000000000038973 ) ) ;
#60 = STYLED_ITEM ( 'NONE', ( #2834 ), #5115 ) ;
#61 = CARTESIAN_POINT ( 'NONE',  ( -126.9862819858891498, -30.48883508023765643, -0.006160745210920031030 ) ) ;
#62 = SURFACE_SIDE_STYLE ('',( #4658 ) ) ;
#63 = COLOUR_RGB ( '',1.000000000000000000, 1.000000000000000000, 1.000000000000000000 ) ;
#64 = SHAPE_REPRESENTATION_RELATIONSHIP ( 'NONE' , 'NONE' ,  #2491, #731 ) ;
#65 = SURFACE_STYLE_FILL_AREA ( #1577 ) ;
#67 = ORIENTED_EDGE ( 'NONE', *, *, #4794, .T. ) ;
#66 = ADVANCED_FACE ( 'NONE', ( #4225 ), #889, .F. ) ;
#68 = VECTOR ( 'NONE', #6296, 1000.000000000000000 ) ;
#69 = EDGE_CURVE ( 'NONE', #348, #5231, #2690, .T. ) ;
#70 = COLOUR_RGB ( '',0.8000000000000000444, 0.1921568627450980227, 0.1921568627450980227 ) ;
#71 =( GEOMETRIC_REPRESENTATION_CONTEXT ( 3 ) GLOBAL_UNCERTAINTY_ASSIGNED_CONTEXT ( ( #3085 ) ) GLOBAL_UNIT_ASSIGNED_CONTEXT ( ( #3292, #1230, #1726 ) ) REPRESENTATION_CONTEXT ( 'NONE', 'WORKASPACE' ) );
#72 =( LENGTH_UNIT ( ) NAMED_UNIT ( * ) SI_UNIT ( .MILLI., .METRE. ) );
#73 = AXIS2_PLACEMENT_3D ( 'NONE', #4942, #5552, #891 ) ;
#74 = LINE ( 'NONE', #7, #6399 ) ;
#75 = DIRECTION ( 'NONE',  ( 1.850371707708691001E-14, 1.000000000000000000, 0.0000000000000000000 ) ) ;
#76 = CARTESIAN_POINT ( 'NONE',  ( -127.9233521597989949, -37.76946983709037653, -5.629999999999090399 ) ) ;
#77 = LINE ( 'NONE', #2666, #2138 ) ;
#78 = ORIENTED_EDGE ( 'NONE', *, *, #1534, .T. ) ;
#79 = DIRECTION ( 'NONE',  ( -6.123031769111889989E-17, 0.0000000000000000000, 1.000000000000000000 ) ) ;
#80 = PRESENTATION_LAYER_ASSIGNMENT (  '', '', ( #3815 ) ) ;
#81 = STYLED_ITEM ( 'NONE', ( #1225 ), #2234 ) ;
#82 = CARTESIAN_POINT ( 'NONE',  ( -126.9552188870529648, -30.37290601714020255, 0.8985590598003061480 ) ) ;
#83 = AXIS2_PLACEMENT_3D ( 'NONE', #4204, #1123, #1483 ) ;
#84 = LINE ( 'NONE', #501, #3065 ) ;
#85 = CARTESIAN_POINT ( 'NONE',  ( -133.3876152211567501, -32.31952633679829034, -5.750000000000039968 ) ) ;
#86 = ADVANCED_FACE ( 'NONE', ( #3917 ), #5897, .F. ) ;
#87 = MECHANICAL_DESIGN_GEOMETRIC_PRESENTATION_REPRESENTATION (  '', ( #204 ), #2624 ) ;
#88 = AXIS2_PLACEMENT_3D ( 'NONE', #146, #225, #1189 ) ;
#89 = DIRECTION ( 'NONE',  ( 6.123031769111889989E-17, -0.0000000000000000000, -1.000000000000000000 ) ) ;
#90 = AXIS2_PLACEMENT_3D ( 'NONE', #1904, #6652, #4015 ) ;
#91 = DIRECTION ( 'NONE',  ( -6.123031769111889989E-17, 1.000000000000000000, 1.224606353822379970E-16 ) ) ;
#92 = CARTESIAN_POINT ( 'NONE',  ( -128.8914491707723471, -30.37289697182162840, -4.750000000000070166 ) ) ;
#93 = VECTOR ( 'NONE', #5232, 1000.000000000000000 ) ;
#94 = VERTEX_POINT ( 'NONE', #2466 ) ;
#95 = DIRECTION ( 'NONE',  ( 6.123031769111889989E-17, -4.320098476159929751E-48, -1.000000000000000000 ) ) ;
#96 = CARTESIAN_POINT ( 'NONE',  ( -128.8847148186311813, -30.39799944006383825, -5.011660129393047391 ) ) ;
#97 = CYLINDRICAL_SURFACE ( 'NONE', #5428, 3.000000000000002665 ) ;
#98 = CARTESIAN_POINT ( 'NONE',  ( -126.9862819858892919, -30.48883508023758537, -4.750000000000070166 ) ) ;
#99 = ORIENTED_EDGE ( 'NONE', *, *, #580, .F. ) ;
#100 = SURFACE_SIDE_STYLE ('',( #5696 ) ) ;
#101 = AXIS2_PLACEMENT_3D ( 'NONE', #3883, #1247, #4798 ) ;
#102 = SURFACE_STYLE_FILL_AREA ( #4883 ) ;
#103 =( LENGTH_UNIT ( ) NAMED_UNIT ( * ) SI_UNIT ( .MILLI., .METRE. ) );
#104 = ORIENTED_EDGE ( 'NONE', *, *, #2900, .F. ) ;
#105 = SURFACE_STYLE_USAGE ( .BOTH. , #5923 ) ;
#106 = DIRECTION ( 'NONE',  ( -6.123031769111889989E-17, 0.0000000000000000000, 1.000000000000000000 ) ) ;
#107 = ORIENTED_EDGE ( 'NONE', *, *, #1613, .T. ) ;
#108 = VECTOR ( 'NONE', #3776, 1000.000000000000000 ) ;
#109 =( LENGTH_UNIT ( ) NAMED_UNIT ( * ) SI_UNIT ( .MILLI., .METRE. ) );
#110 =( NAMED_UNIT ( * ) SI_UNIT ( $, .STERADIAN. ) SOLID_ANGLE_UNIT ( ) );
#111 = ADVANCED_FACE ( 'NONE', ( #6087 ), #2546, .F. ) ;
#112 = STYLED_ITEM ( 'NONE', ( #4206 ), #4717 ) ;
#113 = DIRECTION ( 'NONE',  ( 2.802927004925552236E-14, -7.510420274124135843E-15, 1.000000000000000000 ) ) ;
#114 = VERTEX_POINT ( 'NONE', #360 ) ;
#115 = DIRECTION ( 'NONE',  ( 0.0000000000000000000, 0.0000000000000000000, -1.000000000000000000 ) ) ;
#116 = LINE ( 'NONE', #4344, #5664 ) ;
#117 = VECTOR ( 'NONE', #442, 1000.000000000000000 ) ;
#118 = EDGE_CURVE ( 'NONE', #4173, #3849, #726, .T. ) ;
#119 =( NAMED_UNIT ( * ) PLANE_ANGLE_UNIT ( ) SI_UNIT ( $, .RADIAN. ) );
#120 = LINE ( 'NONE', #3699, #5759 ) ;
#121 = SURFACE_STYLE_USAGE ( .BOTH. , #1660 ) ;
#122 = SURFACE_STYLE_USAGE ( .BOTH. , #3834 ) ;
#123 = CARTESIAN_POINT ( 'NONE',  ( -127.9233521597989949, -37.25397777197868976, 5.630000000000910276 ) ) ;
#124 = ORIENTED_EDGE ( 'NONE', *, *, #4998, .T. ) ;
#125 = DIRECTION ( 'NONE',  ( 6.123031769111889989E-17, -1.000000000000000000, -1.224606353822379970E-16 ) ) ;
#126 = SURFACE_SIDE_STYLE ('',( #4842 ) ) ;
#127 = CARTESIAN_POINT ( 'NONE',  ( -127.8090950480096666, -30.37397786202816619, -0.2462490651722867574 ) ) ;
#128 = ORIENTED_EDGE ( 'NONE', *, *, #4428, .F. ) ;
#129 = MANIFOLD_SOLID_BREP ( '4', #3237 ) ;
#130 = FILL_AREA_STYLE_COLOUR ( '', #5006 ) ;
#131 = CARTESIAN_POINT ( 'NONE',  ( -132.8833889029449153, -37.25369586963883961, -5.630000000000038973 ) ) ;
#132 = CARTESIAN_POINT ( 'NONE',  ( -127.9233521597989949, -34.25397777197829896, -5.630000000000040750 ) ) ;
#133 = CARTESIAN_POINT ( 'NONE',  ( -127.9233521597989949, -38.13397777197869232, -4.508018297698257015 ) ) ;
#134 = EDGE_LOOP ( 'NONE', ( #3314, #1557, #5304, #3736 ) ) ;
#135 = CARTESIAN_POINT ( 'NONE',  ( -127.4911081869859970, -30.27740070772239989, 3.327671417993249836 ) ) ;
#136 = CARTESIAN_POINT ( 'NONE',  ( -127.2190665686495663, -30.91295776541794282, -3.346880229046849564 ) ) ;
#137 = CARTESIAN_POINT ( 'NONE',  ( -127.0608167918169329, -30.76700276289340508, 5.564563449329358313 ) ) ;
#138 = EDGE_LOOP ( 'NONE', ( #3915, #2506, #2399, #4789, #416 ) ) ;
#139 = SURFACE_SIDE_STYLE ('',( #6362 ) ) ;
#140 = EDGE_CURVE ( 'NONE', #1500, #4130, #398, .T. ) ;
#141 = CARTESIAN_POINT ( 'NONE',  ( -128.3555961326128454, -30.27740070772238923, 2.422732109957391966 ) ) ;
#142 = CARTESIAN_POINT ( 'NONE',  ( -127.4179771348018022, -30.40658580731534855, 2.148266028252042492 ) ) ;
#143 = FILL_AREA_STYLE ('',( #2737 ) ) ;
#144 =( NAMED_UNIT ( * ) SI_UNIT ( $, .STERADIAN. ) SOLID_ANGLE_UNIT ( ) );
#145 = ORIENTED_EDGE ( 'NONE', *, *, #962, .F. ) ;
#146 = CARTESIAN_POINT ( 'NONE',  ( -127.9903394579109914, -34.23602857954620760, -0.006160745210920031030 ) ) ;
#147 = EDGE_CURVE ( 'NONE', #6498, #2414, #418, .T. ) ;
#148 = CARTESIAN_POINT ( 'NONE',  ( -128.5555961287738569, -30.30426036896135145, -1.552814413725162934 ) ) ;
#149 = EDGE_CURVE ( 'NONE', #2760, #6303, #2857, .T. ) ;
#150 = SURFACE_STYLE_USAGE ( .BOTH. , #688 ) ;
#151 = AXIS2_PLACEMENT_3D ( 'NONE', #1112, #3784, #3653 ) ;
#152 = SURFACE_SIDE_STYLE ('',( #4839 ) ) ;
#153 = DIRECTION ( 'NONE',  ( 1.000000000000000000, 6.123031769111889989E-17, 6.123031769111889989E-17 ) ) ;
#154 = DIRECTION ( 'NONE',  ( 6.123031769111889989E-17, 0.0000000000000000000, -1.000000000000000000 ) ) ;
#155 = VERTEX_POINT ( 'NONE', #5795 ) ;
#156 = SURFACE_SIDE_STYLE ('',( #6456 ) ) ;
#157 = SURFACE_STYLE_FILL_AREA ( #5326 ) ;
#158 = CARTESIAN_POINT ( 'NONE',  ( -122.7102566140505076, -37.41071665088642106, 5.737678509578246988 ) ) ;
#159 = PRESENTATION_STYLE_ASSIGNMENT (( #6324 ) ) ;
#160 =( LENGTH_UNIT ( ) NAMED_UNIT ( * ) SI_UNIT ( .MILLI., .METRE. ) );
#161 = PRESENTATION_STYLE_ASSIGNMENT (( #1213 ) ) ;
#162 = CARTESIAN_POINT ( 'NONE',  ( -128.8442563252418438, -30.54880949931653333, -2.939345484791247021 ) ) ;
#163 = CIRCLE ( 'NONE', #4230, 3.879999999999994564 ) ;
#164 = ORIENTED_EDGE ( 'NONE', *, *, #790, .F. ) ;
#165 = DIRECTION ( 'NONE',  ( 6.123031769111889989E-17, -1.000000000000000000, -1.224606353822379970E-16 ) ) ;
#166 = SURFACE_STYLE_USAGE ( .BOTH. , #278 ) ;
#167 = SHAPE_REPRESENTATION_RELATIONSHIP ( 'NONE' , 'NONE' ,  #5239, #1696 ) ;
#168 =( LENGTH_UNIT ( ) NAMED_UNIT ( * ) SI_UNIT ( .MILLI., .METRE. ) );
#169 = ORIENTED_EDGE ( 'NONE', *, *, #5788, .F. ) ;
#170 = CIRCLE ( 'NONE', #5189, 0.2999999999999947153 ) ;
#171 = CIRCLE ( 'NONE', #3798, 0.2999999999999947153 ) ;
#172 = CARTESIAN_POINT ( 'NONE',  ( -127.2894087991510759, -30.41291718526903765, -5.265492065111822662 ) ) ;
#173 =( LENGTH_UNIT ( ) NAMED_UNIT ( * ) SI_UNIT ( .MILLI., .METRE. ) );
#174 = UNCERTAINTY_MEASURE_WITH_UNIT (LENGTH_MEASURE( 1.000000000000000082E-05 ), #6584, 'distance_accuracy_value', 'NONE');
#175 = STYLED_ITEM ( 'NONE', ( #6224 ), #826 ) ;
#176 = AXIS2_PLACEMENT_3D ( 'NONE', #4421, #1797, #6325 ) ;
#177 =( GEOMETRIC_REPRESENTATION_CONTEXT ( 3 ) GLOBAL_UNCERTAINTY_ASSIGNED_CONTEXT ( ( #5658 ) ) GLOBAL_UNIT_ASSIGNED_CONTEXT ( ( #3845, #4359, #5956 ) ) REPRESENTATION_CONTEXT ( 'NONE', 'WORKASPACE' ) );
#178 = CYLINDRICAL_SURFACE ( 'NONE', #2153, 3.879999999999994564 ) ;
#179 = CARTESIAN_POINT ( 'NONE',  ( -127.9233521597989949, -36.18255236209569858, 2.536981224672839819 ) ) ;
#180 = PRODUCT_RELATED_PRODUCT_CATEGORY ( 'part', '', ( #3464 ) ) ;
#181 = ORIENTED_EDGE ( 'NONE', *, *, #1418, .F. ) ;
#182 = SURFACE_STYLE_FILL_AREA ( #5349 ) ;
#183 = AXIS2_PLACEMENT_3D ( 'NONE', #5464, #4854, #5395 ) ;
#184 = STYLED_ITEM ( 'NONE', ( #1523 ), #6220 ) ;
#185 = VECTOR ( 'NONE', #2320, 1000.000000000000000 ) ;
#186 = COLOUR_RGB ( '',1.000000000000000000, 1.000000000000000000, 1.000000000000000000 ) ;
#187 = CYLINDRICAL_SURFACE ( 'NONE', #4357, 0.4322439728138840476 ) ;
#188 =( GEOMETRIC_REPRESENTATION_CONTEXT ( 3 ) GLOBAL_UNCERTAINTY_ASSIGNED_CONTEXT ( ( #1097 ) ) GLOBAL_UNIT_ASSIGNED_CONTEXT ( ( #173, #2264, #5839 ) ) REPRESENTATION_CONTEXT ( 'NONE', 'WORKASPACE' ) );
#189 = EDGE_CURVE ( 'NONE', #3575, #1242, #1039, .T. ) ;
#190 =( NAMED_UNIT ( * ) PLANE_ANGLE_UNIT ( ) SI_UNIT ( $, .RADIAN. ) );
#191 = PLANE ( 'NONE',  #4994 ) ;
#192 = PRODUCT_DEFINITION_CONTEXT ( 'detailed design', #2575, 'design' ) ;
#193 = PRESENTATION_LAYER_ASSIGNMENT (  '', '', ( #4382 ) ) ;
#194 = PRESENTATION_STYLE_ASSIGNMENT (( #3747 ) ) ;
#195 = CARTESIAN_POINT ( 'NONE',  ( -126.9552188870533342, -30.37290601714082072, -4.446647422288992679 ) ) ;
#196 = EDGE_CURVE ( 'NONE', #429, #2095, #511, .T. ) ;
#197 = EDGE_LOOP ( 'NONE', ( #3059, #5455, #210, #6083 ) ) ;
#198 = CARTESIAN_POINT ( 'NONE',  ( -127.4911081869850591, -30.39812959706710060, 3.327671417993230296 ) ) ;
#199 = COLOUR_RGB ( '',1.000000000000000000, 1.000000000000000000, 1.000000000000000000 ) ;
#200 = DIRECTION ( 'NONE',  ( -6.123031769111889989E-17, 0.0000000000000000000, 1.000000000000000000 ) ) ;
#201 = ORIENTED_EDGE ( 'NONE', *, *, #2008, .T. ) ;
#202 = FACE_OUTER_BOUND ( 'NONE', #2405, .T. ) ;
#203 = LINE ( 'NONE', #5916, #68 ) ;
#204 = STYLED_ITEM ( 'NONE', ( #4788 ), #2534 ) ;
#205 = CARTESIAN_POINT ( 'NONE',  ( -127.3710555354024336, -30.29216042392465269, -0.3598086489414290545 ) ) ;
#206 = STYLED_ITEM ( 'NONE', ( #2539 ), #1939 ) ;
#207 = SURFACE_SIDE_STYLE ('',( #1240 ) ) ;
#208 = PRESENTATION_LAYER_ASSIGNMENT (  '', '', ( #3285 ) ) ;
#209 = CARTESIAN_POINT ( 'NONE',  ( -120.1633521597990182, -38.13397777197869232, -4.508018297698256127 ) ) ;
#210 = ORIENTED_EDGE ( 'NONE', *, *, #6428, .T. ) ;
#211 = CARTESIAN_POINT ( 'NONE',  ( -127.9233521597989949, -30.25397777197829896, -2.101426395795771285 ) ) ;
#212 =( LENGTH_UNIT ( ) NAMED_UNIT ( * ) SI_UNIT ( .MILLI., .METRE. ) );
#213 = DIRECTION ( 'NONE',  ( -6.123031769111889989E-17, 5.817644942362439956E-48, 1.000000000000000000 ) ) ;
#214 = CIRCLE ( 'NONE', #2173, 4.000000000000003553 ) ;
#215 =( NAMED_UNIT ( * ) PLANE_ANGLE_UNIT ( ) SI_UNIT ( $, .RADIAN. ) );
#216 = B_SPLINE_CURVE_WITH_KNOTS ( 'NONE', 3,
 ( #5367, #732, #1772, #769, #1349, #5898, #2361, #5962 ),
 .UNSPECIFIED., .F., .F.,
 ( 4, 2, 2, 4 ),
 ( 0.0009893144050158151920, 0.001236647151725477241, 0.001483979898435139290, 0.001978645391854403756 ),
 .UNSPECIFIED. ) ;
#217 = MECHANICAL_DESIGN_GEOMETRIC_PRESENTATION_REPRESENTATION (  '', ( #336 ), #5554 ) ;
#218 = CARTESIAN_POINT ( 'NONE',  ( -128.7572913339214438, -30.87297370799666396, -3.621366441032694006 ) ) ;
#219 = CARTESIAN_POINT ( 'NONE',  ( -127.7560736358926761, -30.37397777144382971, 1.904737248578800113 ) ) ;
#220 = CARTESIAN_POINT ( 'NONE',  ( -128.8442563252419291, -30.54880949931650136, -4.460183817897613423 ) ) ;
#221 =( LENGTH_UNIT ( ) NAMED_UNIT ( * ) SI_UNIT ( .MILLI., .METRE. ) );
#222 = SURFACE_STYLE_FILL_AREA ( #4463 ) ;
#223 = CARTESIAN_POINT ( 'NONE',  ( -127.6233521597989977, -36.00397777197930083, -5.749999999999809930 ) ) ;
#224 = EDGE_LOOP ( 'NONE', ( #1627, #952, #3673, #181, #4322 ) ) ;
#225 = DIRECTION ( 'NONE',  ( 0.9659258262891349256, -0.2588190451022719940, -2.901803563627400097E-14 ) ) ;
#226 = COLOUR_RGB ( '',0.8000000000000000444, 0.1921568627450980227, 0.1921568627450980227 ) ;
#227 = CARTESIAN_POINT ( 'NONE',  ( -127.2911081946638205, -30.42583624265231634, -0.5112146281582022889 ) ) ;
#228 = DIRECTION ( 'NONE',  ( -6.123031769111889989E-17, -0.0000000000000000000, 1.000000000000000000 ) ) ;
#229 =( GEOMETRIC_REPRESENTATION_CONTEXT ( 3 ) GLOBAL_UNCERTAINTY_ASSIGNED_CONTEXT ( ( #1006 ) ) GLOBAL_UNIT_ASSIGNED_CONTEXT ( ( #4543, #4612, #6586 ) ) REPRESENTATION_CONTEXT ( 'NONE', 'WORKASPACE' ) );
#230 = SURFACE_STYLE_FILL_AREA ( #2747 ) ;
#231 =( NAMED_UNIT ( * ) PLANE_ANGLE_UNIT ( ) SI_UNIT ( $, .RADIAN. ) );
#232 = CARTESIAN_POINT ( 'NONE',  ( -128.2414948134953931, -30.37397777197829285, -2.891511004989600675 ) ) ;
#233 = AXIS2_PLACEMENT_3D ( 'NONE', #4677, #2275, #6479 ) ;
#234 = DIRECTION ( 'NONE',  ( 6.123031769111889989E-17, -0.0000000000000000000, -1.000000000000000000 ) ) ;
#235 = DIRECTION ( 'NONE',  ( 6.123031769111889989E-17, -1.000000000000000000, -1.224606353822379970E-16 ) ) ;
#236 = EDGE_CURVE ( 'NONE', #800, #4533, #5663, .T. ) ;
#237 = ORIENTED_EDGE ( 'NONE', *, *, #4681, .T. ) ;
#238 = CARTESIAN_POINT ( 'NONE',  ( -127.2911081908242039, -30.30426036896150421, 3.411304077295508552 ) ) ;
#239 = DIRECTION ( 'NONE',  ( -6.123031769111889989E-17, -0.0000000000000000000, 1.000000000000000000 ) ) ;
#240 = CARTESIAN_POINT ( 'NONE',  ( -127.0892241057102154, -30.87302030164859090, -3.778162738740943549 ) ) ;
#241 = ORIENTED_EDGE ( 'NONE', *, *, #580, .T. ) ;
#242 = ADVANCED_BREP_SHAPE_REPRESENTATION ( '', ( #2437, #1074 ), #1409 ) ;
#243 = CARTESIAN_POINT ( 'NONE',  ( -122.7102566140504649, -37.41071665088643527, 5.615972769942975340 ) ) ;
#244 = EDGE_CURVE ( 'NONE', #2205, #1482, #1589, .T. ) ;
#245 = CARTESIAN_POINT ( 'NONE',  ( -127.7560984721932442, -30.25397743704544951, -0.04624613783732265532 ) ) ;
#246 = ORIENTED_EDGE ( 'NONE', *, *, #4581, .F. ) ;
#247 = CARTESIAN_POINT ( 'NONE',  ( -127.9233521597989949, -30.37397777197829640, 2.104737251858926683 ) ) ;
#248 = CARTESIAN_POINT ( 'NONE',  ( -128.7883909753747105, -30.75704900647112794, -3.625692249466829331 ) ) ;
#249 = DIRECTION ( 'NONE',  ( 6.123031769111889989E-17, -5.400123095199909910E-49, -1.000000000000000000 ) ) ;
#250 = VERTEX_POINT ( 'NONE', #3713 ) ;
#251 = ADVANCED_FACE ( 'NONE', ( #4216 ), #5263, .F. ) ;
#252 = CARTESIAN_POINT ( 'NONE',  ( -127.4911081869850022, -36.18255236209569858, 3.327671417993229852 ) ) ;
#253 = UNCERTAINTY_MEASURE_WITH_UNIT (LENGTH_MEASURE( 1.000000000000000082E-05 ), #4877, 'distance_accuracy_value', 'NONE');
#254 = APPLICATION_CONTEXT ( 'automotive_design' ) ;
#255 = DIRECTION ( 'NONE',  ( 1.000000000000000000, 6.123031769111889989E-17, 1.224606353822379970E-16 ) ) ;
#256 = CARTESIAN_POINT ( 'NONE',  ( -123.9233521597989949, -34.25397777197829896, -2.952881880399359282 ) ) ;
#257 =( NAMED_UNIT ( * ) SI_UNIT ( $, .STERADIAN. ) SOLID_ANGLE_UNIT ( ) );
#258 =( LENGTH_UNIT ( ) NAMED_UNIT ( * ) SI_UNIT ( .MILLI., .METRE. ) );
#259 = ORIENTED_EDGE ( 'NONE', *, *, #1780, .F. ) ;
#260 = FACE_OUTER_BOUND ( 'NONE', #2871, .T. ) ;
#261 = SURFACE_STYLE_USAGE ( .BOTH. , #5004 ) ;
#262 = SURFACE_STYLE_FILL_AREA ( #6446 ) ;
#263 = LINE ( 'NONE', #2341, #6286 ) ;
#264 = FACE_OUTER_BOUND ( 'NONE', #1816, .T. ) ;
#265 = CARTESIAN_POINT ( 'NONE',  ( -127.4911081869850591, -30.39812959706710060, -0.6784922296614718240 ) ) ;
#266 = CARTESIAN_POINT ( 'NONE',  ( -127.2911081869859942, -30.30426036957589986, 2.536981133662860266 ) ) ;
#267 = SURFACE_STYLE_USAGE ( .BOTH. , #1335 ) ;
#268 = FILL_AREA_STYLE_COLOUR ( '', #2198 ) ;
#269 = EDGE_LOOP ( 'NONE', ( #6326, #503 ) ) ;
#270 = CARTESIAN_POINT ( 'NONE',  ( -128.6728439867117118, -31.18775333446128428, 5.737678509578193697 ) ) ;
#271 = FILL_AREA_STYLE_COLOUR ( '', #6253 ) ;
#272 = PLANE ( 'NONE',  #4455 ) ;
#273 = VERTEX_POINT ( 'NONE', #21 ) ;
#274 = CLOSED_SHELL ( 'NONE', ( #6016, #6056, #755, #5936, #16, #1003, #2451, #3257, #379, #6095, #1391, #6681 ) ) ;
#275 = DIRECTION ( 'NONE',  ( 1.000000000000000000, 0.0000000000000000000, 0.0000000000000000000 ) ) ;
#276 = CARTESIAN_POINT ( 'NONE',  ( -128.0906233389214322, -30.37397741069835178, -0.04624603971924985679 ) ) ;
#277 = ORIENTED_EDGE ( 'NONE', *, *, #2556, .T. ) ;
#278 = SURFACE_SIDE_STYLE ('',( #4952 ) ) ;
#279 = DIRECTION ( 'NONE',  ( 0.0000000000000000000, 0.0000000000000000000, 1.000000000000000000 ) ) ;
#280 = ORIENTED_EDGE ( 'NONE', *, *, #4665, .T. ) ;
#281 = EDGE_CURVE ( 'NONE', #2699, #5895, #3645, .T. ) ;
#282 = STYLED_ITEM ( 'NONE', ( #6113 ), #129 ) ;
#283 = STYLED_ITEM ( 'NONE', ( #940 ), #4827 ) ;
#284 = EDGE_CURVE ( 'NONE', #2993, #1948, #1156, .T. ) ;
#285 =( GEOMETRIC_REPRESENTATION_CONTEXT ( 3 ) GLOBAL_UNCERTAINTY_ASSIGNED_CONTEXT ( ( #5496 ) ) GLOBAL_UNIT_ASSIGNED_CONTEXT ( ( #1666, #1302, #1207 ) ) REPRESENTATION_CONTEXT ( 'NONE', 'WORKASPACE' ) );
#286 = SURFACE_STYLE_USAGE ( .BOTH. , #365 ) ;
#287 = FILL_AREA_STYLE ('',( #2704 ) ) ;
#288 = DIRECTION ( 'NONE',  ( -6.123031769111880128E-17, -6.123031769111889989E-17, 1.000000000000000000 ) ) ;
#289 =( GEOMETRIC_REPRESENTATION_CONTEXT ( 3 ) GLOBAL_UNCERTAINTY_ASSIGNED_CONTEXT ( ( #1158 ) ) GLOBAL_UNIT_ASSIGNED_CONTEXT ( ( #2970, #3415, #1446 ) ) REPRESENTATION_CONTEXT ( 'NONE', 'WORKASPACE' ) );
#290 = ORIENTED_EDGE ( 'NONE', *, *, #883, .F. ) ;
#291 = CARTESIAN_POINT ( 'NONE',  ( -128.0890554950262299, -30.37676005117635114, -2.084920430956781257 ) ) ;
#292 = CIRCLE ( 'NONE', #4978, 0.8799999999999987832 ) ;
#293 = SURFACE_SIDE_STYLE ('',( #337 ) ) ;
#294 = MECHANICAL_DESIGN_GEOMETRIC_PRESENTATION_REPRESENTATION (  '', ( #5738 ), #847 ) ;
#295 = CARTESIAN_POINT ( 'NONE',  ( -127.4911081869851159, -30.27740070772239633, 3.441921015321151689 ) ) ;
#296 = MANIFOLD_SOLID_BREP ( '2', #37 ) ;
#297 = SURFACE_SIDE_STYLE ('',( #1858 ) ) ;
#298 = DIRECTION ( 'NONE',  ( -6.123031769111889989E-17, 0.0000000000000000000, 1.000000000000000000 ) ) ;
#299 = EDGE_CURVE ( 'NONE', #3495, #5973, #835, .T. ) ;
#300 = CYLINDRICAL_SURFACE ( 'NONE', #5213, 0.6322439728138899984 ) ;
#301 = COLOUR_RGB ( '',1.000000000000000000, 1.000000000000000000, 1.000000000000000000 ) ;
#302 = CARTESIAN_POINT ( 'NONE',  ( -128.8914491707723755, -30.37289697182160708, -0.006160745210934240150 ) ) ;
#303 = CARTESIAN_POINT ( 'NONE',  ( -127.9233521597989949, -37.55721586648531485, -4.063772965423816608 ) ) ;
#304 = MECHANICAL_DESIGN_GEOMETRIC_PRESENTATION_REPRESENTATION (  '', ( #4670 ), #4880 ) ;
#305 = B_SPLINE_CURVE_WITH_KNOTS ( 'NONE', 3,
 ( #4916, #5359, #5454, #4843, #1237, #793 ),
 .UNSPECIFIED., .F., .F.,
 ( 4, 2, 4 ),
 ( 6.938893903907228378E-18, 0.0006094618240073201116, 0.001218923648014633284 ),
 .UNSPECIFIED. ) ;
#306 =( GEOMETRIC_REPRESENTATION_CONTEXT ( 3 ) GLOBAL_UNCERTAINTY_ASSIGNED_CONTEXT ( ( #5113 ) ) GLOBAL_UNIT_ASSIGNED_CONTEXT ( ( #474, #5176, #2177 ) ) REPRESENTATION_CONTEXT ( 'NONE', 'WORKASPACE' ) );
#307 = COLOUR_RGB ( '',0.8000000000000000444, 0.1921568627450980227, 0.1921568627450980227 ) ;
#308 = ORIENTED_EDGE ( 'NONE', *, *, #1133, .T. ) ;
#309 = CARTESIAN_POINT ( 'NONE',  ( -128.8914491707723471, -30.37289697182166037, 4.868895952876385991 ) ) ;
#310 = CARTESIAN_POINT ( 'NONE',  ( -128.4287251390383915, -30.40658552570610240, 3.716389414757806264 ) ) ;
#311 = ORIENTED_EDGE ( 'NONE', *, *, #3243, .F. ) ;
#312 = COLOUR_RGB ( '',1.000000000000000000, 1.000000000000000000, 1.000000000000000000 ) ;
#313 =( LENGTH_UNIT ( ) NAMED_UNIT ( * ) SI_UNIT ( .MILLI., .METRE. ) );
#314 = MECHANICAL_DESIGN_GEOMETRIC_PRESENTATION_REPRESENTATION (  '', ( #643 ), #750 ) ;
#315 = FILL_AREA_STYLE_COLOUR ( '', #452 ) ;
#316 =( GEOMETRIC_REPRESENTATION_CONTEXT ( 3 ) GLOBAL_UNCERTAINTY_ASSIGNED_CONTEXT ( ( #5840 ) ) GLOBAL_UNIT_ASSIGNED_CONTEXT ( ( #4467, #843, #5062 ) ) REPRESENTATION_CONTEXT ( 'NONE', 'WORKASPACE' ) );
#317 = ORIENTED_EDGE ( 'NONE', *, *, #4500, .T. ) ;
#318 = CARTESIAN_POINT ( 'NONE',  ( -128.3087164106790681, -30.27178358036697148, 2.311114534088243300 ) ) ;
#319 =( GEOMETRIC_REPRESENTATION_CONTEXT ( 3 ) GLOBAL_UNCERTAINTY_ASSIGNED_CONTEXT ( ( #2531 ) ) GLOBAL_UNIT_ASSIGNED_CONTEXT ( ( #212, #629, #1243 ) ) REPRESENTATION_CONTEXT ( 'NONE', 'WORKASPACE' ) );
#320 = SURFACE_STYLE_FILL_AREA ( #5590 ) ;
#321 = SURFACE_SIDE_STYLE ('',( #1803 ) ) ;
#322 = EDGE_LOOP ( 'NONE', ( #1136, #2434, #4944, #2784, #3410 ) ) ;
#323 =( GEOMETRIC_REPRESENTATION_CONTEXT ( 3 ) GLOBAL_UNCERTAINTY_ASSIGNED_CONTEXT ( ( #26 ) ) GLOBAL_UNIT_ASSIGNED_CONTEXT ( ( #3409, #357, #2895 ) ) REPRESENTATION_CONTEXT ( 'NONE', 'WORKASPACE' ) );
#324 = CARTESIAN_POINT ( 'NONE',  ( -127.9233521597989949, -31.25397777197869686, 5.630000000000906724 ) ) ;
#325 =( NAMED_UNIT ( * ) PLANE_ANGLE_UNIT ( ) SI_UNIT ( $, .RADIAN. ) );
#326 = UNCERTAINTY_MEASURE_WITH_UNIT (LENGTH_MEASURE( 1.000000000000000082E-05 ), #1674, 'distance_accuracy_value', 'NONE');
#327 = CARTESIAN_POINT ( 'NONE',  ( -127.9233521597989949, -30.25397777197829896, -1.901426395795773550 ) ) ;
#328 = EDGE_CURVE ( 'NONE', #6487, #2879, #4646, .T. ) ;
#329 = AXIS2_PLACEMENT_3D ( 'NONE', #6199, #4703, #5743 ) ;
#330 = PRESENTATION_STYLE_ASSIGNMENT (( #5669 ) ) ;
#331 = VECTOR ( 'NONE', #1583, 1000.000000000000000 ) ;
#332 = DIRECTION ( 'NONE',  ( 0.0000000000000000000, 0.0000000000000000000, -1.000000000000000000 ) ) ;
#333 = ORIENTED_EDGE ( 'NONE', *, *, #4681, .F. ) ;
#334 = DIRECTION ( 'NONE',  ( 1.000000000000000000, 0.0000000000000000000, 0.0000000000000000000 ) ) ;
#335 = DIRECTION ( 'NONE',  ( -6.123031769111889989E-17, -0.0000000000000000000, 1.000000000000000000 ) ) ;
#336 = STYLED_ITEM ( 'NONE', ( #3442 ), #3278 ) ;
#337 = SURFACE_STYLE_FILL_AREA ( #4565 ) ;
#338 = FILL_AREA_STYLE_COLOUR ( '', #6468 ) ;
#339 = CARTESIAN_POINT ( 'NONE',  ( -127.9233521597989949, -30.37397777197830351, -2.891511004989610001 ) ) ;
#340 = MANIFOLD_SOLID_BREP ( '6', #1997 ) ;
#341 =( NAMED_UNIT ( * ) PLANE_ANGLE_UNIT ( ) SI_UNIT ( $, .RADIAN. ) );
#342 = CIRCLE ( 'NONE', #6413, 3.879999999999994564 ) ;
#343 = CARTESIAN_POINT ( 'NONE',  ( -128.7545888175872335, -30.94225941183857742, -4.052649073642015765 ) ) ;
#344 = EDGE_CURVE ( 'NONE', #5485, #2993, #1053, .T. ) ;
#345 = DIRECTION ( 'NONE',  ( -6.123031769111889989E-17, 0.0000000000000000000, 1.000000000000000000 ) ) ;
#346 =( GEOMETRIC_REPRESENTATION_CONTEXT ( 3 ) GLOBAL_UNCERTAINTY_ASSIGNED_CONTEXT ( ( #5768 ) ) GLOBAL_UNIT_ASSIGNED_CONTEXT ( ( #6, #2558, #939 ) ) REPRESENTATION_CONTEXT ( 'NONE', 'WORKASPACE' ) );
#347 = CARTESIAN_POINT ( 'NONE',  ( -128.4287251390384199, -30.40658552570596740, 3.716389414757852894 ) ) ;
#348 = VERTEX_POINT ( 'NONE', #2786 ) ;
#349 = CARTESIAN_POINT ( 'NONE',  ( -127.3710555354024336, -30.29216042392465269, 3.646354998713295714 ) ) ;
#350 =( LENGTH_UNIT ( ) NAMED_UNIT ( * ) SI_UNIT ( .MILLI., .METRE. ) );
#351 = VERTEX_POINT ( 'NONE', #4353 ) ;
#352 = PRESENTATION_STYLE_ASSIGNMENT (( #2990 ) ) ;
#353 = PRODUCT_DEFINITION_SHAPE ( 'NONE', 'NONE',  #2921 ) ;
#354 = CARTESIAN_POINT ( 'NONE',  ( -127.0501118711611213, -30.76708600554793094, 5.536804444638627309 ) ) ;
#355 = SURFACE_STYLE_USAGE ( .BOTH. , #3602 ) ;
#356 = CLOSED_SHELL ( 'NONE', ( #1513, #1456, #2463, #1740, #1545, #1863, #5901, #4717, #5039, #6012, #1939, #2859, #5537, #66, #1821, #6523, #1745, #1657, #1730, #4876, #4084, #6407, #4132, #111, #5250, #5192 ) ) ;
#357 =( NAMED_UNIT ( * ) PLANE_ANGLE_UNIT ( ) SI_UNIT ( $, .RADIAN. ) );
#358 = VERTEX_POINT ( 'NONE', #792 ) ;
#359 = DIRECTION ( 'NONE',  ( -6.123031769111889989E-17, 0.0000000000000000000, 1.000000000000000000 ) ) ;
#360 = CARTESIAN_POINT ( 'NONE',  ( -127.6233521597989977, -36.00397777197930083, -5.749999999999809930 ) ) ;
#361 =( BOUNDED_SURFACE ( )  B_SPLINE_SURFACE ( 3, 3, ( 
 ( #946, #6548, #402, #3455 ),
 ( #5011, #6010, #3998, #2950 ),
 ( #343, #1389, #5041, #1460 ),
 ( #2489, #2452, #373, #5550 ) ),
 .UNSPECIFIED., .F., .F., .T. ) 
 B_SPLINE_SURFACE_WITH_KNOTS ( ( 4, 4 ),
 ( 4, 4 ),
 ( 0.0000000000000000000, 1.000000000000000000 ),
 ( 0.0000000000000000000, 1.000000000000000000 ),
 .UNSPECIFIED. ) 
 GEOMETRIC_REPRESENTATION_ITEM ( )  RATIONAL_B_SPLINE_SURFACE ( (
 ( 1.000000000000000000, 0.9949666955933267332, 0.9949666955933267332, 1.000000000000000000),
 ( 0.7055027309718316930, 0.7019517209671111146, 0.7019517209671111146, 0.7055027309718316930),
 ( 0.7055027309718316930, 0.7019517209671111146, 0.7019517209671111146, 0.7055027309718316930),
 ( 1.000000000000000000, 0.9949666955933267332, 0.9949666955933267332, 1.000000000000000000) ) ) 
 REPRESENTATION_ITEM ( '' )  SURFACE ( )  );
#362 = CARTESIAN_POINT ( 'NONE',  ( -127.9233521597989949, -34.25397777197869686, -4.598323711143789794 ) ) ;
#363 = CARTESIAN_POINT ( 'NONE',  ( -127.1735752436770639, -31.18782303421864910, 5.737678509578194586 ) ) ;
#364 = EDGE_LOOP ( 'NONE', ( #4075, #4887, #2821, #2322 ) ) ;
#365 = SURFACE_SIDE_STYLE ('',( #6470 ) ) ;
#366 = ORIENTED_EDGE ( 'NONE', *, *, #2371, .T. ) ;
#367 = SURFACE_SIDE_STYLE ('',( #1817 ) ) ;
#368 = EDGE_CURVE ( 'NONE', #632, #5831, #2290, .T. ) ;
#369 = CARTESIAN_POINT ( 'NONE',  ( -135.6833521597990284, -38.13397777197869942, 5.265492065112590048 ) ) ;
#370 = DIRECTION ( 'NONE',  ( 6.123031769111889989E-17, -1.000000000000000000, 7.498303609110707725E-33 ) ) ;
#371 = SURFACE_SIDE_STYLE ('',( #6101 ) ) ;
#372 = CARTESIAN_POINT ( 'NONE',  ( -127.4321147885760723, -31.28421810341467335, -5.750000000000068390 ) ) ;
#373 = CARTESIAN_POINT ( 'NONE',  ( -128.2520721662782819, -30.25397777197825278, -4.446647422289488283 ) ) ;
#374 = EDGE_CURVE ( 'NONE', #3787, #3495, #2000, .T. ) ;
#375 = APPLICATION_PROTOCOL_DEFINITION ( 'draft international standard', 'automotive_design', 1998, #5866 ) ;
#376 = CARTESIAN_POINT ( 'NONE',  ( -127.8091066326227718, -30.25397768927357589, -0.2462474914953151073 ) ) ;
#377 = CARTESIAN_POINT ( 'NONE',  ( -134.5298283488112077, -37.55721586648477484, -3.335756337264832894 ) ) ;
#378 = ORIENTED_EDGE ( 'NONE', *, *, #2720, .F. ) ;
#379 = ADVANCED_FACE ( 'NONE', ( #3360 ), #6424, .T. ) ;
#380 = CARTESIAN_POINT ( 'NONE',  ( -127.7576420375163337, -30.37676036168126714, -0.06275615400828730983 ) ) ;
#381 = FILL_AREA_STYLE ('',( #3058 ) ) ;
#382 = VERTEX_POINT ( 'NONE', #3015 ) ;
#383 = DIRECTION ( 'NONE',  ( 1.000000000000000000, 0.0000000000000000000, 0.0000000000000000000 ) ) ;
#384 = PRESENTATION_LAYER_ASSIGNMENT (  '', '', ( #1896 ) ) ;
#385 = EDGE_LOOP ( 'NONE', ( #5567, #5465, #3991, #6036, #2571 ) ) ;
#386 = SURFACE_STYLE_FILL_AREA ( #3029 ) ;
#387 = DIRECTION ( 'NONE',  ( 6.123031769111889989E-17, -1.000000000000000000, -1.224606353822379970E-16 ) ) ;
#388 = UNCERTAINTY_MEASURE_WITH_UNIT (LENGTH_MEASURE( 1.000000000000000082E-05 ), #4845, 'distance_accuracy_value', 'NONE');
#389 = SURFACE_STYLE_USAGE ( .BOTH. , #5535 ) ;
#390 = CARTESIAN_POINT ( 'NONE',  ( -127.0709709908105225, -30.80489874944662532, -3.319123185221120043 ) ) ;
#391 =( BOUNDED_SURFACE ( )  B_SPLINE_SURFACE ( 3, 3, ( 
 ( #5575, #396, #2380, #3005 ),
 ( #1819, #3993, #3522, #2881 ),
 ( #6005, #5038, #909, #846 ),
 ( #1919, #6098, #4497, #6067 ) ),
 .UNSPECIFIED., .F., .F., .F. ) 
 B_SPLINE_SURFACE_WITH_KNOTS ( ( 4, 4 ),
 ( 4, 4 ),
 ( 0.0000000000000000000, 1.000000000000000000 ),
 ( 0.0000000000000000000, 1.000000000000000000 ),
 .UNSPECIFIED. ) 
 GEOMETRIC_REPRESENTATION_ITEM ( )  RATIONAL_B_SPLINE_SURFACE ( (
 ( 1.000000000000000000, 0.9949891257917905518, 0.9949891257917905518, 1.000000000000000000),
 ( 0.8047378541243217498, 0.8007054139667203474, 0.8007054139667203474, 0.8047378541243217498),
 ( 0.8047378541243217498, 0.8007054139667203474, 0.8007054139667203474, 0.8047378541243217498),
 ( 1.000000000000000000, 0.9949891257917905518, 0.9949891257917905518, 1.000000000000000000) ) ) 
 REPRESENTATION_ITEM ( '' )  SURFACE ( )  );
#392 = ORIENTED_EDGE ( 'NONE', *, *, #6174, .T. ) ;
#393 =( GEOMETRIC_REPRESENTATION_CONTEXT ( 3 ) GLOBAL_UNCERTAINTY_ASSIGNED_CONTEXT ( ( #4958 ) ) GLOBAL_UNIT_ASSIGNED_CONTEXT ( ( #4109, #720, #756 ) ) REPRESENTATION_CONTEXT ( 'NONE', 'WORKASPACE' ) );
#394 = FACE_OUTER_BOUND ( 'NONE', #576, .T. ) ;
#395 = CARTESIAN_POINT ( 'NONE',  ( -134.9543362900223826, -30.73848570686701720, 5.630000000000915605 ) ) ;
#396 = CARTESIAN_POINT ( 'NONE',  ( -128.4134764238447701, -31.28408087019465000, -5.630000000000070060 ) ) ;
#397 = CARTESIAN_POINT ( 'NONE',  ( -127.9233521597989949, -37.25397777197869686, 5.630000000000906724 ) ) ;
#398 = CIRCLE ( 'NONE', #1263, 3.000000000000002665 ) ;
#399 = SURFACE_STYLE_USAGE ( .BOTH. , #1883 ) ;
#400 =( LENGTH_UNIT ( ) NAMED_UNIT ( * ) SI_UNIT ( .MILLI., .METRE. ) );
#401 = CARTESIAN_POINT ( 'NONE',  ( -127.9233521597989949, -30.25397777197829541, -4.750000000000070166 ) ) ;
#402 = CARTESIAN_POINT ( 'NONE',  ( -128.2520721662783103, -30.25397777197828475, -2.952881880399374825 ) ) ;
#403 = STYLED_ITEM ( 'NONE', ( #1236 ), #379 ) ;
#404 =( GEOMETRIC_REPRESENTATION_CONTEXT ( 3 ) GLOBAL_UNCERTAINTY_ASSIGNED_CONTEXT ( ( #5316 ) ) GLOBAL_UNIT_ASSIGNED_CONTEXT ( ( #2872, #3376, #1951 ) ) REPRESENTATION_CONTEXT ( 'NONE', 'WORKASPACE' ) );
#405 =( NAMED_UNIT ( * ) PLANE_ANGLE_UNIT ( ) SI_UNIT ( $, .RADIAN. ) );
#406 = ORIENTED_EDGE ( 'NONE', *, *, #3137, .T. ) ;
#407 = STYLED_ITEM ( 'NONE', ( #3146 ), #6407 ) ;
#408 =( GEOMETRIC_REPRESENTATION_CONTEXT ( 3 ) GLOBAL_UNCERTAINTY_ASSIGNED_CONTEXT ( ( #6649 ) ) GLOBAL_UNIT_ASSIGNED_CONTEXT ( ( #5689, #4212, #4076 ) ) REPRESENTATION_CONTEXT ( 'NONE', 'WORKASPACE' ) );
#409 = CARTESIAN_POINT ( 'NONE',  ( -131.9233521597990091, -34.25397777197829896, -4.446647422289434104 ) ) ;
#410 = CARTESIAN_POINT ( 'NONE',  ( -126.9862819858892351, -30.48883508023762090, -2.891511004989605560 ) ) ;
#411 =( GEOMETRIC_REPRESENTATION_CONTEXT ( 3 ) GLOBAL_UNCERTAINTY_ASSIGNED_CONTEXT ( ( #3281 ) ) GLOBAL_UNIT_ASSIGNED_CONTEXT ( ( #1444, #5566, #6653 ) ) REPRESENTATION_CONTEXT ( 'NONE', 'WORKASPACE' ) );
#412 = FILL_AREA_STYLE ('',( #3601 ) ) ;
#413 = MECHANICAL_DESIGN_GEOMETRIC_PRESENTATION_REPRESENTATION (  '', ( #4564 ), #3920 ) ;
#414 = EDGE_CURVE ( 'NONE', #3859, #5914, #2475, .T. ) ;
#415 = CARTESIAN_POINT ( 'NONE',  ( -121.9149588451078614, -32.14097537100640523, -4.063772965424341521 ) ) ;
#416 = ORIENTED_EDGE ( 'NONE', *, *, #4623, .F. ) ;
#417 =( NAMED_UNIT ( * ) SI_UNIT ( $, .STERADIAN. ) SOLID_ANGLE_UNIT ( ) );
#418 = LINE ( 'NONE', #4513, #2470 ) ;
#419 = CARTESIAN_POINT ( 'NONE',  ( -127.3710619032149793, -30.41335214577629742, 2.218287158923246238 ) ) ;
#420 = MECHANICAL_DESIGN_GEOMETRIC_PRESENTATION_REPRESENTATION (  '', ( #6486 ), #1504 ) ;
#421 = EDGE_LOOP ( 'NONE', ( #3260, #2224, #876, #5046 ) ) ;
#422 = MECHANICAL_DESIGN_GEOMETRIC_PRESENTATION_REPRESENTATION (  '', ( #6494 ), #5955 ) ;
#423 = STYLED_ITEM ( 'NONE', ( #4931 ), #2420 ) ;
#424 = CARTESIAN_POINT ( 'NONE',  ( -127.9233521597989949, -34.25397777197829896, 0.8985590598003060370 ) ) ;
#425 =( GEOMETRIC_REPRESENTATION_CONTEXT ( 3 ) GLOBAL_UNCERTAINTY_ASSIGNED_CONTEXT ( ( #5448 ) ) GLOBAL_UNIT_ASSIGNED_CONTEXT ( ( #5529, #834, #1411 ) ) REPRESENTATION_CONTEXT ( 'NONE', 'WORKASPACE' ) );
#426 = CARTESIAN_POINT ( 'NONE',  ( -127.9233521597989949, -37.55721586648477484, -3.335756337264831117 ) ) ;
#427 = STYLED_ITEM ( 'NONE', ( #3200 ), #6111 ) ;
#428 = EDGE_LOOP ( 'NONE', ( #444, #1967, #2689, #5360 ) ) ;
#429 = VERTEX_POINT ( 'NONE', #1462 ) ;
#430 =( GEOMETRIC_REPRESENTATION_CONTEXT ( 3 ) GLOBAL_UNCERTAINTY_ASSIGNED_CONTEXT ( ( #5648 ) ) GLOBAL_UNIT_ASSIGNED_CONTEXT ( ( #3919, #2995, #4550 ) ) REPRESENTATION_CONTEXT ( 'NONE', 'WORKASPACE' ) );
#431 = FILL_AREA_STYLE ('',( #5094 ) ) ;
#432 =( NAMED_UNIT ( * ) SI_UNIT ( $, .STERADIAN. ) SOLID_ANGLE_UNIT ( ) );
#433 = VECTOR ( 'NONE', #3625, 1000.000000000000000 ) ;
#434 = CARTESIAN_POINT ( 'NONE',  ( -126.9495273080391797, -30.37433021606611661, -4.446647422289490947 ) ) ;
#435 = MECHANICAL_DESIGN_GEOMETRIC_PRESENTATION_REPRESENTATION (  '', ( #206 ), #3605 ) ;
#436 = CARTESIAN_POINT ( 'NONE',  ( -127.9233521597989949, -30.95073967747230270, -3.335756337264536242 ) ) ;
#437 = FILL_AREA_STYLE ('',( #2427 ) ) ;
#438 = DIRECTION ( 'NONE',  ( -6.123031769111889989E-17, -0.0000000000000000000, 1.000000000000000000 ) ) ;
#439 = STYLED_ITEM ( 'NONE', ( #5878 ), #3113 ) ;
#440 = APPLICATION_PROTOCOL_DEFINITION ( 'draft international standard', 'automotive_design', 1998, #4920 ) ;
#441 = DIRECTION ( 'NONE',  ( 0.0000000000000000000, 0.0000000000000000000, 1.000000000000000000 ) ) ;
#442 = DIRECTION ( 'NONE',  ( 6.123031769111889989E-17, -0.0000000000000000000, -1.000000000000000000 ) ) ;
#443 = AXIS2_PLACEMENT_3D ( 'NONE', #3791, #5928, #4310 ) ;
#444 = ORIENTED_EDGE ( 'NONE', *, *, #6099, .F. ) ;
#445 = DIRECTION ( 'NONE',  ( 0.0000000000000000000, 0.0000000000000000000, -1.000000000000000000 ) ) ;
#446 = SURFACE_STYLE_FILL_AREA ( #1402 ) ;
#447 = EDGE_CURVE ( 'NONE', #5573, #4414, #1933, .T. ) ;
#448 = CARTESIAN_POINT ( 'NONE',  ( -127.4911081869850875, -30.27740070772239633, -1.469182422981889946 ) ) ;
#449 = CARTESIAN_POINT ( 'NONE',  ( -134.3198494449276268, -38.13379910193557265, -4.508018297699262433 ) ) ;
#450 = VERTEX_POINT ( 'NONE', #6552 ) ;
#451 = CARTESIAN_POINT ( 'NONE',  ( -128.7965257238727190, -30.76706929604965879, 5.536804444638620204 ) ) ;
#452 = COLOUR_RGB ( '',0.8000000000000000444, 0.1921568627450980227, 0.1921568627450980227 ) ;
#453 = CARTESIAN_POINT ( 'NONE',  ( -127.0071202921059808, -30.56660469778200095, -5.364658632784513159 ) ) ;
#454 =( NAMED_UNIT ( * ) PLANE_ANGLE_UNIT ( ) SI_UNIT ( $, .RADIAN. ) );
#455 = CARTESIAN_POINT ( 'NONE',  ( -127.3076143298446112, -30.42301227318819201, 2.371278599996453185 ) ) ;
#456 = ORIENTED_EDGE ( 'NONE', *, *, #4243, .F. ) ;
#457 = ADVANCED_FACE ( 'NONE', ( #3460 ), #2498, .F. ) ;
#458 = CARTESIAN_POINT ( 'NONE',  ( -127.9233521597989949, -34.25397777197829896, -4.598323711144740145 ) ) ;
#459 = STYLED_ITEM ( 'NONE', ( #3891 ), #4787 ) ;
#460 = PRODUCT_DEFINITION_SHAPE ( 'NONE', 'NONE',  #700 ) ;
#461 = UNCERTAINTY_MEASURE_WITH_UNIT (LENGTH_MEASURE( 1.000000000000000082E-05 ), #3851, 'distance_accuracy_value', 'NONE');
#462 = CARTESIAN_POINT ( 'NONE',  ( -121.3168759707857589, -30.95073967747207178, -4.063772965423813055 ) ) ;
#463 = FILL_AREA_STYLE_COLOUR ( '', #3880 ) ;
#464 = ADVANCED_FACE ( 'NONE', ( #6039 ), #5484, .T. ) ;
#465 = FILL_AREA_STYLE ('',( #3039 ) ) ;
#466 = CARTESIAN_POINT ( 'NONE',  ( -127.2911081869859942, -30.30426036957589986, -1.469182513991859951 ) ) ;
#467 = DIRECTION ( 'NONE',  ( 0.0000000000000000000, 1.000000000000000000, 0.0000000000000000000 ) ) ;
#468 = CARTESIAN_POINT ( 'NONE',  ( -134.9543362900223542, -37.76946983709037653, -5.629999999999091287 ) ) ;
#469 = CARTESIAN_POINT ( 'NONE',  ( -127.9233521597989949, -31.25397777197846949, -5.750000000000070166 ) ) ;
#470 = ORIENTED_EDGE ( 'NONE', *, *, #5408, .T. ) ;
#471 = CYLINDRICAL_SURFACE ( 'NONE', #5317, 4.000000000000003553 ) ;
#472 = SHAPE_DEFINITION_REPRESENTATION ( #1378, #5239 ) ;
#473 = DIRECTION ( 'NONE',  ( 0.0000000000000000000, 1.000000000000000000, 0.0000000000000000000 ) ) ;
#474 =( LENGTH_UNIT ( ) NAMED_UNIT ( * ) SI_UNIT ( .MILLI., .METRE. ) );
#475 = ORIENTED_EDGE ( 'NONE', *, *, #1365, .T. ) ;
#476 = DIRECTION ( 'NONE',  ( -1.000000000000000000, -6.123031769111889989E-17, -1.224606353822379970E-16 ) ) ;
#477 = UNCERTAINTY_MEASURE_WITH_UNIT (LENGTH_MEASURE( 1.000000000000000082E-05 ), #400, 'distance_accuracy_value', 'NONE');
#478 = CARTESIAN_POINT ( 'NONE',  ( -127.9233521597989949, -34.25397777197869686, -2.891511004989550049 ) ) ;
#479 = CARTESIAN_POINT ( 'NONE',  ( -128.8755245470653392, -30.43225641019041205, -2.994228518087028057 ) ) ;
#480 = ORIENTED_EDGE ( 'NONE', *, *, #742, .T. ) ;
#481 = CARTESIAN_POINT ( 'NONE',  ( -128.5783103509717762, -30.29429513185731793, 5.265241647999063801 ) ) ;
#482 =( NAMED_UNIT ( * ) PLANE_ANGLE_UNIT ( ) SI_UNIT ( $, .RADIAN. ) );
#483 = ORIENTED_EDGE ( 'NONE', *, *, #996, .F. ) ;
#484 = PRESENTATION_STYLE_ASSIGNMENT (( #3206 ) ) ;
#485 = FILL_AREA_STYLE_COLOUR ( '', #6709 ) ;
#486 =( NAMED_UNIT ( * ) SI_UNIT ( $, .STERADIAN. ) SOLID_ANGLE_UNIT ( ) );
#487 = ORIENTED_EDGE ( 'NONE', *, *, #118, .F. ) ;
#488 = CARTESIAN_POINT ( 'NONE',  ( -127.9233521597989949, -34.25397777197829896, -5.750000000000039968 ) ) ;
#489 = CARTESIAN_POINT ( 'NONE',  ( -127.0485736628692024, -30.72131078361564960, -3.405429012211311779 ) ) ;
#490 = EDGE_CURVE ( 'NONE', #155, #3575, #5717, .T. ) ;
#491 =( NAMED_UNIT ( * ) PLANE_ANGLE_UNIT ( ) SI_UNIT ( $, .RADIAN. ) );
#492 = DIRECTION ( 'NONE',  ( -6.123031769111889989E-17, 0.0000000000000000000, 1.000000000000000000 ) ) ;
#493 = CARTESIAN_POINT ( 'NONE',  ( -128.8544243813903449, -30.51090781238336191, -4.980261615302180367 ) ) ;
#494 = CARTESIAN_POINT ( 'NONE',  ( -127.1735752436770923, -31.18782303421869528, 5.615972769942936260 ) ) ;
#495 = EDGE_LOOP ( 'NONE', ( #5132, #1843, #1912, #823, #6673 ) ) ;
#496 = PRESENTATION_LAYER_ASSIGNMENT (  '', '', ( #936 ) ) ;
#497 = SHAPE_DEFINITION_REPRESENTATION ( #5032, #5272 ) ;
#498 = CARTESIAN_POINT ( 'NONE',  ( -127.0993452288120267, -30.91079284729417154, -5.518917799211688902 ) ) ;
#499 = CARTESIAN_POINT ( 'NONE',  ( -127.9233521597989949, -34.25397777197829896, 0.8985590598003060370 ) ) ;
#500 = VECTOR ( 'NONE', #4468, 1000.000000000000000 ) ;
#501 = CARTESIAN_POINT ( 'NONE',  ( -127.4911081869851159, -36.18255236209569858, -0.6784922296614718240 ) ) ;
#502 = CARTESIAN_POINT ( 'NONE',  ( -133.8518963210336210, -37.83942726241007648, -5.750000000000119016 ) ) ;
#503 = ORIENTED_EDGE ( 'NONE', *, *, #1107, .T. ) ;
#504 = STYLED_ITEM ( 'NONE', ( #6239 ), #527 ) ;
#505 = MECHANICAL_DESIGN_GEOMETRIC_PRESENTATION_REPRESENTATION (  '', ( #1165 ), #733 ) ;
#506 = PRODUCT_DEFINITION_SHAPE ( 'NONE', 'NONE',  #6719 ) ;
#507 = DIRECTION ( 'NONE',  ( 6.123031769111889989E-17, -1.000000000000000000, -1.224606353822379970E-16 ) ) ;
#508 =( GEOMETRIC_REPRESENTATION_CONTEXT ( 3 ) GLOBAL_UNCERTAINTY_ASSIGNED_CONTEXT ( ( #3225 ) ) GLOBAL_UNIT_ASSIGNED_CONTEXT ( ( #1343, #1403, #4541 ) ) REPRESENTATION_CONTEXT ( 'NONE', 'WORKASPACE' ) );
#509 = VERTEX_POINT ( 'NONE', #577 ) ;
#510 = CARTESIAN_POINT ( 'NONE',  ( -128.8971405456016441, -30.37432106297994494, 4.749999999999929834 ) ) ;
#511 = LINE ( 'NONE', #1641, #5067 ) ;
#512 = SURFACE_STYLE_FILL_AREA ( #3092 ) ;
#513 = CARTESIAN_POINT ( 'NONE',  ( -127.0309902825062238, -30.69887279599578278, 5.657044983151434892 ) ) ;
#514 = VERTEX_POINT ( 'NONE', #2067 ) ;
#515 = DIRECTION ( 'NONE',  ( -6.123031769111889989E-17, -7.498303609110707725E-33, 1.000000000000000000 ) ) ;
#516 = MECHANICAL_DESIGN_GEOMETRIC_PRESENTATION_REPRESENTATION (  '', ( #5941 ), #2934 ) ;
#517 = MECHANICAL_DESIGN_GEOMETRIC_PRESENTATION_REPRESENTATION (  '', ( #2026 ), #5947 ) ;
#518 = CARTESIAN_POINT ( 'NONE',  ( -127.9233521597989949, -34.25397777197829896, -5.750000000000039968 ) ) ;
#519 =( NAMED_UNIT ( * ) PLANE_ANGLE_UNIT ( ) SI_UNIT ( $, .RADIAN. ) );
#520 = COLOUR_RGB ( '',0.8000000000000000444, 0.1921568627450980227, 0.1921568627450980227 ) ;
#521 = CARTESIAN_POINT ( 'NONE',  ( -128.8971405456016441, -30.37432106297994139, -4.750000000000070166 ) ) ;
#522 = CARTESIAN_POINT ( 'NONE',  ( -128.3555961326128738, -36.18255236209569858, -0.6784922296614716020 ) ) ;
#523 = ORIENTED_EDGE ( 'NONE', *, *, #3133, .F. ) ;
#524 = MECHANICAL_DESIGN_GEOMETRIC_PRESENTATION_REPRESENTATION (  '', ( #2051 ), #4135 ) ;
#525 = STYLED_ITEM ( 'NONE', ( #161 ), #6095 ) ;
#526 = CARTESIAN_POINT ( 'NONE',  ( -127.9233521597989949, -36.00397777197930083, -5.749999999999809930 ) ) ;
#527 = ADVANCED_FACE ( 'NONE', ( #6674 ), #6714, .T. ) ;
#528 = FACE_OUTER_BOUND ( 'NONE', #6579, .T. ) ;
#529 = CARTESIAN_POINT ( 'NONE',  ( -126.1659928469182859, -31.25397777197869686, 5.630000000000910276 ) ) ;
#530 = VECTOR ( 'NONE', #2837, 1000.000000000000000 ) ;
#531 = SURFACE_STYLE_FILL_AREA ( #3181 ) ;
#532 =( GEOMETRIC_REPRESENTATION_CONTEXT ( 3 ) GLOBAL_UNCERTAINTY_ASSIGNED_CONTEXT ( ( #6632 ) ) GLOBAL_UNIT_ASSIGNED_CONTEXT ( ( #6688, #6187, #6542 ) ) REPRESENTATION_CONTEXT ( 'NONE', 'WORKASPACE' ) );
#533 = FILL_AREA_STYLE ('',( #4128 ) ) ;
#534 = COLOUR_RGB ( '',0.7921568627450980005, 0.8196078431372548767, 0.9333333333333333481 ) ;
#535 = DIRECTION ( 'NONE',  ( -1.224606353822379970E-16, 1.000000000000000000, 0.0000000000000000000 ) ) ;
#536 = ORIENTED_EDGE ( 'NONE', *, *, #2429, .F. ) ;
#537 = FILL_AREA_STYLE ('',( #3630 ) ) ;
#538 = PRESENTATION_LAYER_ASSIGNMENT (  '', '', ( #5868 ) ) ;
#539 = EDGE_CURVE ( 'NONE', #2510, #2311, #5257, .T. ) ;
#540 = COLOUR_RGB ( '',0.7921568627450980005, 0.8196078431372548767, 0.9333333333333333481 ) ;
#541 = LINE ( 'NONE', #6205, #1334 ) ;
#542 = CARTESIAN_POINT ( 'NONE',  ( -126.9711254433614727, -30.43227009345595135, -4.405300692236843396 ) ) ;
#543 = CARTESIAN_POINT ( 'NONE',  ( -127.5924921961240699, -30.26596578266401849, 3.891013798483071273 ) ) ;
#544 = ORIENTED_EDGE ( 'NONE', *, *, #1789, .T. ) ;
#545 = DIRECTION ( 'NONE',  ( -1.224606353822379970E-16, 1.000000000000000000, 1.224606353822379970E-16 ) ) ;
#546 = AXIS2_PLACEMENT_3D ( 'NONE', #2633, #2053, #1043 ) ;
#547 = CARTESIAN_POINT ( 'NONE',  ( -128.3555961326129875, -36.18255236209569858, -1.469182422981880176 ) ) ;
#548 = EDGE_CURVE ( 'NONE', #3595, #6629, #3703, .T. ) ;
#549 = DIRECTION ( 'NONE',  ( -6.123031769111889989E-17, 5.817644942362439956E-48, 1.000000000000000000 ) ) ;
#550 = UNCERTAINTY_MEASURE_WITH_UNIT (LENGTH_MEASURE( 1.000000000000000082E-05 ), #4724, 'distance_accuracy_value', 'NONE');
#551 = CARTESIAN_POINT ( 'NONE',  ( -127.4911081869855565, -30.27740070772245318, -1.469182422981882397 ) ) ;
#552 = STYLED_ITEM ( 'NONE', ( #6557 ), #3319 ) ;
#553 = CARTESIAN_POINT ( 'NONE',  ( -127.4911081869859970, -30.39812959706710771, 0.8985590598002880514 ) ) ;
#554 = ORIENTED_EDGE ( 'NONE', *, *, #5224, .T. ) ;
#555 = DIRECTION ( 'NONE',  ( 1.000000000000000000, 0.0000000000000000000, 0.0000000000000000000 ) ) ;
#556 = CARTESIAN_POINT ( 'NONE',  ( -128.2245738851999306, -30.58858814599016185, 5.657044983151401141 ) ) ;
#557 = DIRECTION ( 'NONE',  ( -1.335708056348339952E-14, -0.0000000000000000000, -1.000000000000000000 ) ) ;
#558 = DIRECTION ( 'NONE',  ( -6.123031769111889989E-17, 4.320098476159929751E-48, 1.000000000000000000 ) ) ;
#559 = ORIENTED_EDGE ( 'NONE', *, *, #5156, .F. ) ;
#560 = CARTESIAN_POINT ( 'NONE',  ( -127.1090631553213086, -30.33773806823355201, 4.749999999999955591 ) ) ;
#561 = DIRECTION ( 'NONE',  ( 0.0000000000000000000, 1.000000000000000000, 0.0000000000000000000 ) ) ;
#562 = MECHANICAL_DESIGN_GEOMETRIC_PRESENTATION_REPRESENTATION (  '', ( #4171 ), #4917 ) ;
#563 = FILL_AREA_STYLE ('',( #485 ) ) ;
#564 = PLANE ( 'NONE',  #5521 ) ;
#565 = ORIENTED_EDGE ( 'NONE', *, *, #945, .T. ) ;
#566 = PRESENTATION_STYLE_ASSIGNMENT (( #598 ) ) ;
#567 = CARTESIAN_POINT ( 'NONE',  ( -126.9711254433614442, -30.43227009345597978, -2.994228610451988182 ) ) ;
#568 = SURFACE_SIDE_STYLE ('',( #979 ) ) ;
#569 = SURFACE_STYLE_FILL_AREA ( #5244 ) ;
#570 = CARTESIAN_POINT ( 'NONE',  ( -128.8315512837792198, -30.59616786329100435, -5.193318333440722689 ) ) ;
#571 = DIRECTION ( 'NONE',  ( -6.123031769111889989E-17, 0.0000000000000000000, 1.000000000000000000 ) ) ;
#572 = ORIENTED_EDGE ( 'NONE', *, *, #3652, .F. ) ;
#573 = DIRECTION ( 'NONE',  ( -6.123031769111889989E-17, 0.0000000000000000000, 1.000000000000000000 ) ) ;
#574 = CARTESIAN_POINT ( 'NONE',  ( -126.9552188870533342, -30.37290601714082072, -4.446647422288992679 ) ) ;
#575 = CARTESIAN_POINT ( 'NONE',  ( -128.0069928422200007, -30.37397777224553863, -2.101426394155669453 ) ) ;
#576 = EDGE_LOOP ( 'NONE', ( #2724, #5989, #1373, #1419 ) ) ;
#577 = CARTESIAN_POINT ( 'NONE',  ( -123.9233521597989949, -34.25397777197829896, 4.749999999999960032 ) ) ;
#578 = CARTESIAN_POINT ( 'NONE',  ( -128.3555961326129307, -30.27740070772234660, 3.327671417993250280 ) ) ;
#579 = CARTESIAN_POINT ( 'NONE',  ( -128.7979881392025163, -30.72127533512917807, -3.405428573044248619 ) ) ;
#580 = EDGE_CURVE ( 'NONE', #4107, #1852, #1563, .T. ) ;
#581 = ORIENTED_EDGE ( 'NONE', *, *, #1789, .F. ) ;
#582 = CARTESIAN_POINT ( 'NONE',  ( 0.0000000000000000000, 0.0000000000000000000, 0.0000000000000000000 ) ) ;
#583 = LINE ( 'NONE', #3839, #3412 ) ;
#584 = FILL_AREA_STYLE_COLOUR ( '', #5828 ) ;
#585 = CARTESIAN_POINT ( 'NONE',  ( -127.6974780483700584, -30.37973368358145265, -0.2931341965483861833 ) ) ;
#586 = EDGE_CURVE ( 'NONE', #6647, #1683, #170, .T. ) ;
#587 = CARTESIAN_POINT ( 'NONE',  ( -127.3231600383394095, -30.62553567836779322, 5.657044983151434892 ) ) ;
#588 = ORIENTED_EDGE ( 'NONE', *, *, #539, .F. ) ;
#589 = DIRECTION ( 'NONE',  ( 6.123031769111889989E-17, -5.400123095199909910E-49, -1.000000000000000000 ) ) ;
#590 = CARTESIAN_POINT ( 'NONE',  ( -128.7915602476917343, -30.74523546360656212, -5.549574760754401481 ) ) ;
#591 = CYLINDRICAL_SURFACE ( 'NONE', #3589, 3.000000000000002665 ) ;
#592 = UNCERTAINTY_MEASURE_WITH_UNIT (LENGTH_MEASURE( 1.000000000000000082E-05 ), #3393, 'distance_accuracy_value', 'NONE');
#593 = SURFACE_STYLE_USAGE ( .BOTH. , #727 ) ;
#594 =( LENGTH_UNIT ( ) NAMED_UNIT ( * ) SI_UNIT ( .MILLI., .METRE. ) );
#595 = SURFACE_STYLE_FILL_AREA ( #6301 ) ;
#596 = EDGE_CURVE ( 'NONE', #4552, #1072, #6051, .T. ) ;
#597 = ORIENTED_EDGE ( 'NONE', *, *, #1154, .T. ) ;
#598 = SURFACE_STYLE_USAGE ( .BOTH. , #3074 ) ;
#599 = CARTESIAN_POINT ( 'NONE',  ( -128.7128592890372261, -30.45515183586567431, 5.195173636599669464 ) ) ;
#600 = DIRECTION ( 'NONE',  ( 1.000000000000000000, -5.204170427930416550E-15, 0.0000000000000000000 ) ) ;
#601 =( NAMED_UNIT ( * ) SI_UNIT ( $, .STERADIAN. ) SOLID_ANGLE_UNIT ( ) );
#602 = CARTESIAN_POINT ( 'NONE',  ( -128.8603507143011768, -30.48881725629496131, -4.750000000000050626 ) ) ;
#603 = SURFACE_SIDE_STYLE ('',( #1626 ) ) ;
#604 = VERTEX_POINT ( 'NONE', #3082 ) ;
#605 = APPLICATION_CONTEXT ( 'automotive_design' ) ;
#606 = CONTEXT_DEPENDENT_SHAPE_REPRESENTATION ( #4663, #4714 ) ;
#607 = CARTESIAN_POINT ( 'NONE',  ( -127.1463679421101176, -31.08628400243247825, -5.724029713858250545 ) ) ;
#608 = FACE_OUTER_BOUND ( 'NONE', #5695, .T. ) ;
#609 = CARTESIAN_POINT ( 'NONE',  ( -120.6373749359632086, -31.67553738238049021, -5.335786437627007217 ) ) ;
#610 =( BOUNDED_SURFACE ( )  B_SPLINE_SURFACE ( 3, 3, ( 
 ( #2865, #5424, #5957, #5992, #725, #4420, #3846 ),
 ( #1344, #2353, #5390, #6495, #1268, #3408, #599 ),
 ( #1766, #5894, #5488, #828, #1872, #1239, #3336 ),
 ( #764, #4483, #243, #2924, #1796, #2825, #2328 ) ),
 .UNSPECIFIED., .F., .F., .F. ) 
 B_SPLINE_SURFACE_WITH_KNOTS ( ( 4, 4 ),
 ( 4, 3, 4 ),
 ( 0.0000000000000000000, 1.000000000000000000 ),
 ( 0.0000000000000000000, 0.5000000000000000000, 1.000000000000000000 ),
 .UNSPECIFIED. ) 
 GEOMETRIC_REPRESENTATION_ITEM ( )  RATIONAL_B_SPLINE_SURFACE ( (
 ( 1.000000000000000000, 0.4015333841920969427, 0.4015333841920969427, 1.000000000000000000, 0.4015333841920969427, 0.4015333841920969427, 1.000000000000000000),
 ( 0.8449401610995985745, 0.3392716823261374137, 0.3392716823261374137, 0.8449401610995985745, 0.3392716823261374137, 0.3392716823261374137, 0.8449401610995985745),
 ( 0.8449401610995985745, 0.3392716823261374137, 0.3392716823261374137, 0.8449401610995985745, 0.3392716823261374137, 0.3392716823261374137, 0.8449401610995985745),
 ( 1.000000000000000000, 0.4015333841920969427, 0.4015333841920969427, 1.000000000000000000, 0.4015333841920969427, 0.4015333841920969427, 1.000000000000000000) ) ) 
 REPRESENTATION_ITEM ( '' )  SURFACE ( )  );
#611 = PLANE ( 'NONE',  #3154 ) ;
#612 = PRESENTATION_LAYER_ASSIGNMENT (  '', '', ( #282 ) ) ;
#613 = CARTESIAN_POINT ( 'NONE',  ( -127.6972243261186009, -30.25957637980164705, 3.712882623888585254 ) ) ;
#614 = UNCERTAINTY_MEASURE_WITH_UNIT (LENGTH_MEASURE( 1.000000000000000082E-05 ), #2515, 'distance_accuracy_value', 'NONE');
#615 = CARTESIAN_POINT ( 'NONE',  ( -128.3555961326129022, -30.27740070772239989, -0.6784922296614719350 ) ) ;
#616 = EDGE_CURVE ( 'NONE', #4844, #6112, #18, .T. ) ;
#617 = ORIENTED_EDGE ( 'NONE', *, *, #3689, .F. ) ;
#618 = DIRECTION ( 'NONE',  ( -6.123031769111889989E-17, 1.000000000000000000, 1.224606353822379970E-16 ) ) ;
#619 = VECTOR ( 'NONE', #1036, 1000.000000000000000 ) ;
#620 = DIRECTION ( 'NONE',  ( 1.000000000000000000, 0.0000000000000000000, 0.0000000000000000000 ) ) ;
#621 = VERTEX_POINT ( 'NONE', #3191 ) ;
#622 =( NAMED_UNIT ( * ) SI_UNIT ( $, .STERADIAN. ) SOLID_ANGLE_UNIT ( ) );
#623 = CARTESIAN_POINT ( 'NONE',  ( -128.5555961326130046, -36.18255236209569858, 2.536981195650149790 ) ) ;
#624 = DIRECTION ( 'NONE',  ( 0.0000000000000000000, 0.0000000000000000000, -1.000000000000000000 ) ) ;
#625 = EDGE_CURVE ( 'NONE', #723, #4414, #1121, .T. ) ;
#626 = CARTESIAN_POINT ( 'NONE',  ( -128.7933536427015326, -30.73855053826612149, -3.179621821531548598 ) ) ;
#627 = CARTESIAN_POINT ( 'NONE',  ( -128.8603507143013474, -30.48881725629500750, -4.866220747487356668 ) ) ;
#628 =( NAMED_UNIT ( * ) PLANE_ANGLE_UNIT ( ) SI_UNIT ( $, .RADIAN. ) );
#629 =( NAMED_UNIT ( * ) PLANE_ANGLE_UNIT ( ) SI_UNIT ( $, .RADIAN. ) );
#630 = SURFACE_STYLE_FILL_AREA ( #6302 ) ;
#631 = PRESENTATION_LAYER_ASSIGNMENT (  '', '', ( #6257 ) ) ;
#632 = VERTEX_POINT ( 'NONE', #5402 ) ;
#633 = ADVANCED_FACE ( 'NONE', ( #3886 ), #2939, .F. ) ;
#634 = CARTESIAN_POINT ( 'NONE',  ( -127.9233521597989949, -30.37397777197829640, -4.750000000000070166 ) ) ;
#635 = PRESENTATION_LAYER_ASSIGNMENT (  '', '', ( #4670 ) ) ;
#636 = CARTESIAN_POINT ( 'NONE',  ( -128.3555961326129875, -36.18255236209569858, 2.536981224672810065 ) ) ;
#637 = MECHANICAL_DESIGN_GEOMETRIC_PRESENTATION_REPRESENTATION (  '', ( #5530 ), #1070 ) ;
#638 = SURFACE_SIDE_STYLE ('',( #3242 ) ) ;
#639 = DIRECTION ( 'NONE',  ( 6.123031769111889989E-17, -1.000000000000000000, -1.224606353822379970E-16 ) ) ;
#640 = SURFACE_SIDE_STYLE ('',( #2307 ) ) ;
#641 = CARTESIAN_POINT ( 'NONE',  ( -127.4911081869850022, -30.27740070772239989, -0.6784922296614720461 ) ) ;
#642 = ORIENTED_EDGE ( 'NONE', *, *, #5203, .T. ) ;
#643 = STYLED_ITEM ( 'NONE', ( #908 ), #4165 ) ;
#644 = DIRECTION ( 'NONE',  ( -6.123031769111889989E-17, 0.0000000000000000000, 1.000000000000000000 ) ) ;
#645 = PRESENTATION_LAYER_ASSIGNMENT (  '', '', ( #2390 ) ) ;
#646 = CARTESIAN_POINT ( 'NONE',  ( -127.9233521597989949, -29.75142814401778324, -3.699764651343440125 ) ) ;
#647 = MECHANICAL_DESIGN_GEOMETRIC_PRESENTATION_REPRESENTATION (  '', ( #6389 ), #3493 ) ;
#648 = LINE ( 'NONE', #2812, #3923 ) ;
#649 = STYLED_ITEM ( 'NONE', ( #4398 ), #2524 ) ;
#650 = AXIS2_PLACEMENT_3D ( 'NONE', #2134, #2068, #4772 ) ;
#651 = MECHANICAL_DESIGN_GEOMETRIC_PRESENTATION_REPRESENTATION (  '', ( #6071 ), #3609 ) ;
#652 = FILL_AREA_STYLE ('',( #5791 ) ) ;
#653 = CARTESIAN_POINT ( 'NONE',  ( -127.4911081869851159, -30.39812959706720719, 2.422727479128835348 ) ) ;
#654 = ORIENTED_EDGE ( 'NONE', *, *, #6471, .T. ) ;
#655 = CARTESIAN_POINT ( 'NONE',  ( -128.8603507143013474, -30.48881725629499684, -0.006160745210948450137 ) ) ;
#656 = FILL_AREA_STYLE ('',( #5323 ) ) ;
#657 = DIRECTION ( 'NONE',  ( 1.000000000000000000, 0.0000000000000000000, 0.0000000000000000000 ) ) ;
#658 =( NAMED_UNIT ( * ) SI_UNIT ( $, .STERADIAN. ) SOLID_ANGLE_UNIT ( ) );
#659 = ADVANCED_FACE ( 'NONE', ( #6002 ), #2372, .F. ) ;
#660 = STYLED_ITEM ( 'NONE', ( #3238 ), #3257 ) ;
#661 = CARTESIAN_POINT ( 'NONE',  ( -127.1378999868956470, -30.45431135450407112, -4.750000000000039968 ) ) ;
#662 = CARTESIAN_POINT ( 'NONE',  ( -127.9233521597989949, -31.25397777197845528, -5.630000000000070060 ) ) ;
#663 = CARTESIAN_POINT ( 'NONE',  ( -128.3555961326129307, -30.27740070772234660, -0.6784922296614711579 ) ) ;
#664 = ORIENTED_EDGE ( 'NONE', *, *, #328, .F. ) ;
#665 = CARTESIAN_POINT ( 'NONE',  ( -127.8090984768727481, -30.37397777197829640, 2.104737251858927127 ) ) ;
#666 = AXIS2_PLACEMENT_3D ( 'NONE', #2314, #644, #4804 ) ;
#667 = CARTESIAN_POINT ( 'NONE',  ( -134.5137422768942486, -38.25383314681189972, -4.446647422289467855 ) ) ;
#668 = SURFACE_SIDE_STYLE ('',( #595 ) ) ;
#669 = CARTESIAN_POINT ( 'NONE',  ( -127.1143784540806649, -30.96689760779962342, 5.680434447891708594 ) ) ;
#670 = ORIENTED_EDGE ( 'NONE', *, *, #328, .T. ) ;
#671 = EDGE_CURVE ( 'NONE', #509, #6356, #4659, .T. ) ;
#672 = SHAPE_REPRESENTATION ( '9_1', ( #1074 ), #5008 ) ;
#673 = CARTESIAN_POINT ( 'NONE',  ( -127.9233521597989949, -31.25397777197846239, -5.630000000000070060 ) ) ;
#674 = AXIS2_PLACEMENT_3D ( 'NONE', #1076, #3100, #4232 ) ;
#675 = CARTESIAN_POINT ( 'NONE',  ( -127.9233521597989949, -30.25397777197829896, 2.104737251858956437 ) ) ;
#676 = UNCERTAINTY_MEASURE_WITH_UNIT (LENGTH_MEASURE( 1.000000000000000082E-05 ), #2359, 'distance_accuracy_value', 'NONE');
#677 = CARTESIAN_POINT ( 'NONE',  ( -128.7686767336827813, -30.83053434190098585, -3.393655842957214119 ) ) ;
#678 = CARTESIAN_POINT ( 'NONE',  ( -127.0421159207190698, -30.69721016180954010, -4.286442287667473039 ) ) ;
#679 = EDGE_CURVE ( 'NONE', #2066, #989, #292, .T. ) ;
#680 =( NAMED_UNIT ( * ) PLANE_ANGLE_UNIT ( ) SI_UNIT ( $, .RADIAN. ) );
#681 =( NAMED_UNIT ( * ) PLANE_ANGLE_UNIT ( ) SI_UNIT ( $, .RADIAN. ) );
#682 = MECHANICAL_DESIGN_GEOMETRIC_PRESENTATION_REPRESENTATION (  '', ( #1970 ), #1435 ) ;
#683 = ORIENTED_EDGE ( 'NONE', *, *, #5378, .F. ) ;
#684 = CARTESIAN_POINT ( 'NONE',  ( -127.9233521597989949, -36.18255236209569858, -2.101426395795772173 ) ) ;
#685 = CARTESIAN_POINT ( 'NONE',  ( -128.3555961326129875, -30.39812959706710771, -1.469182422981889724 ) ) ;
#686 = SURFACE_STYLE_FILL_AREA ( #3861 ) ;
#687 = DIRECTION ( 'NONE',  ( 0.0000000000000000000, 0.0000000000000000000, -1.000000000000000000 ) ) ;
#688 = SURFACE_SIDE_STYLE ('',( #5447 ) ) ;
#689 = B_SPLINE_CURVE_WITH_KNOTS ( 'NONE', 3,
 ( #4850, #4888, #4365, #1141, #665, #247 ),
 .UNSPECIFIED., .F., .F.,
 ( 4, 2, 4 ),
 ( 4.770489558936218739E-18, 0.0003378787149092367425, 0.0006757574298184687144 ),
 .UNSPECIFIED. ) ;
#690 = DIRECTION ( 'NONE',  ( 1.000000000000000000, 0.0000000000000000000, 0.0000000000000000000 ) ) ;
#691 = ORIENTED_EDGE ( 'NONE', *, *, #1651, .F. ) ;
#692 = DIRECTION ( 'NONE',  ( 6.516189447705695615E-17, 1.748127472399137532E-17, -1.000000000000000000 ) ) ;
#693 = CARTESIAN_POINT ( 'NONE',  ( -127.9233521597989949, -34.25397777197869686, -5.629999999999089511 ) ) ;
#694 = CARTESIAN_POINT ( 'NONE',  ( -127.0709709908105509, -30.80489874944660755, -4.080406117467717309 ) ) ;
#695 = EDGE_LOOP ( 'NONE', ( #4637, #164, #2819, #3013 ) ) ;
#696 = DIRECTION ( 'NONE',  ( -6.516189447705695615E-17, -1.748127472399137532E-17, 1.000000000000000000 ) ) ;
#697 = CARTESIAN_POINT ( 'NONE',  ( -127.2911081869859657, -30.30426036957573999, -1.469182468486879722 ) ) ;
#698 =( NAMED_UNIT ( * ) SI_UNIT ( $, .STERADIAN. ) SOLID_ANGLE_UNIT ( ) );
#699 = SURFACE_SIDE_STYLE ('',( #2687 ) ) ;
#700 = PRODUCT_DEFINITION ( 'UNKNOWN', '', #5601, #3835 ) ;
#701 = ORIENTED_EDGE ( 'NONE', *, *, #2935, .F. ) ;
#702 = CARTESIAN_POINT ( 'NONE',  ( -128.8146245862966737, -30.65926255704858860, -5.290901894400648509 ) ) ;
#703 = CARTESIAN_POINT ( 'NONE',  ( -128.6274911128832912, -30.91292685753733593, -4.052649073641992672 ) ) ;
#704 = EDGE_LOOP ( 'NONE', ( #5710, #4687, #5635, #4418 ) ) ;
#705 = SURFACE_STYLE_USAGE ( .BOTH. , #3879 ) ;
#706 = DIRECTION ( 'NONE',  ( -6.123031769111889989E-17, 0.0000000000000000000, 1.000000000000000000 ) ) ;
#707 = CARTESIAN_POINT ( 'NONE',  ( -127.9233521597989949, -32.50397777197930083, -5.749999999999809930 ) ) ;
#708 = ORIENTED_EDGE ( 'NONE', *, *, #1991, .T. ) ;
#709 = EDGE_CURVE ( 'NONE', #894, #4368, #1524, .T. ) ;
#710 = CARTESIAN_POINT ( 'NONE',  ( -128.8914491707723755, -30.37289697182163550, -4.750000000000057732 ) ) ;
#711 = PRESENTATION_STYLE_ASSIGNMENT (( #1756 ) ) ;
#712 = EDGE_CURVE ( 'NONE', #250, #2066, #5734, .T. ) ;
#713 = SURFACE_STYLE_FILL_AREA ( #4410 ) ;
#714 =( NAMED_UNIT ( * ) SI_UNIT ( $, .STERADIAN. ) SOLID_ANGLE_UNIT ( ) );
#715 =( GEOMETRIC_REPRESENTATION_CONTEXT ( 3 ) GLOBAL_UNCERTAINTY_ASSIGNED_CONTEXT ( ( #3475 ) ) GLOBAL_UNIT_ASSIGNED_CONTEXT ( ( #594, #4725, #486 ) ) REPRESENTATION_CONTEXT ( 'NONE', 'WORKASPACE' ) );
#716 = CARTESIAN_POINT ( 'NONE',  ( -127.9233521597989949, -38.13397777197869232, -4.749999999999089617 ) ) ;
#717 = PRODUCT_DEFINITION_FORMATION_WITH_SPECIFIED_SOURCE ( 'ANY', '', #3574, .NOT_KNOWN. ) ;
#718 = ORIENTED_EDGE ( 'NONE', *, *, #1154, .F. ) ;
#719 = SURFACE_STYLE_USAGE ( .BOTH. , #51 ) ;
#720 =( NAMED_UNIT ( * ) PLANE_ANGLE_UNIT ( ) SI_UNIT ( $, .RADIAN. ) );
#721 =( GEOMETRIC_REPRESENTATION_CONTEXT ( 3 ) GLOBAL_UNCERTAINTY_ASSIGNED_CONTEXT ( ( #3958 ) ) GLOBAL_UNIT_ASSIGNED_CONTEXT ( ( #4160, #3126, #2330 ) ) REPRESENTATION_CONTEXT ( 'NONE', 'WORKASPACE' ) );
#722 = CARTESIAN_POINT ( 'NONE',  ( -128.5555961287734021, -30.42583624328640468, 3.411313112789319479 ) ) ;
#723 = VERTEX_POINT ( 'NONE', #5131 ) ;
#724 = CARTESIAN_POINT ( 'NONE',  ( -121.2502202759545469, -31.89771225107963559, 5.657044983151504169 ) ) ;
#725 = CARTESIAN_POINT ( 'NONE',  ( -134.3317068957795470, -38.13367985708761410, 4.749999999999941380 ) ) ;
#726 = CIRCLE ( 'NONE', #2695, 4.000000000000003553 ) ;
#727 = SURFACE_SIDE_STYLE ('',( #5829 ) ) ;
#728 = VERTEX_POINT ( 'NONE', #6660 ) ;
#729 = CARTESIAN_POINT ( 'NONE',  ( -127.2911082110619247, -30.30426036572198711, -1.636443608726334320 ) ) ;
#730 = CARTESIAN_POINT ( 'NONE',  ( -127.9234270897983663, -37.66842251051525636, -3.346880229046849564 ) ) ;
#731 = ADVANCED_BREP_SHAPE_REPRESENTATION ( '', ( #129, #1074 ), #4682 ) ;
#732 = CARTESIAN_POINT ( 'NONE',  ( -128.0069928422200007, -30.37397777224556350, 1.904737253499021232 ) ) ;
#733 =( GEOMETRIC_REPRESENTATION_CONTEXT ( 3 ) GLOBAL_UNCERTAINTY_ASSIGNED_CONTEXT ( ( #6242 ) ) GLOBAL_UNIT_ASSIGNED_CONTEXT ( ( #3542, #5085, #4993 ) ) REPRESENTATION_CONTEXT ( 'NONE', 'WORKASPACE' ) );
#734 = SURFACE_STYLE_USAGE ( .BOTH. , #2731 ) ;
#735 = LINE ( 'NONE', #4372, #6690 ) ;
#736 = UNCERTAINTY_MEASURE_WITH_UNIT (LENGTH_MEASURE( 1.000000000000000082E-05 ), #5347, 'distance_accuracy_value', 'NONE');
#737 = CARTESIAN_POINT ( 'NONE',  ( -128.0376034782691193, -30.25397785468508971, -0.2462490222192378342 ) ) ;
#738 = COLOUR_RGB ( '',0.8000000000000000444, 0.1921568627450980227, 0.1921568627450980227 ) ;
#739 = AXIS2_PLACEMENT_3D ( 'NONE', #3981, #2400, #6044 ) ;
#740 = DIRECTION ( 'NONE',  ( 1.000000000000000000, 0.0000000000000000000, 0.0000000000000000000 ) ) ;
#741 = VERTEX_POINT ( 'NONE', #5539 ) ;
#742 = EDGE_CURVE ( 'NONE', #1990, #4624, #3035, .T. ) ;
#743 = CARTESIAN_POINT ( 'NONE',  ( -127.3600188062503094, -30.41330232791629129, -0.3476270026368031285 ) ) ;
#744 = DIRECTION ( 'NONE',  ( 6.123031769111889989E-17, -0.0000000000000000000, -1.000000000000000000 ) ) ;
#745 = CARTESIAN_POINT ( 'NONE',  ( -127.2911081869859942, -30.42583624392059960, 2.536981133662830068 ) ) ;
#746 = SURFACE_STYLE_FILL_AREA ( #2280 ) ;
#747 = ADVANCED_FACE ( 'NONE', ( #5091 ), #2522, .F. ) ;
#748 = COLOUR_RGB ( '',0.6588235294117646967, 0.6588235294117646967, 0.6588235294117646967 ) ;
#749 = CARTESIAN_POINT ( 'NONE',  ( -128.1492214183714111, -30.25956069315335739, -0.2931295825421912915 ) ) ;
#750 =( GEOMETRIC_REPRESENTATION_CONTEXT ( 3 ) GLOBAL_UNCERTAINTY_ASSIGNED_CONTEXT ( ( #1887 ) ) GLOBAL_UNIT_ASSIGNED_CONTEXT ( ( #2445, #3516, #3001 ) ) REPRESENTATION_CONTEXT ( 'NONE', 'WORKASPACE' ) );
#751 = CYLINDRICAL_SURFACE ( 'NONE', #5783, 0.6322439728138899984 ) ;
#752 = ORIENTED_EDGE ( 'NONE', *, *, #1217, .T. ) ;
#753 = DIRECTION ( 'NONE',  ( -1.000000000000000000, -6.277842074559163314E-16, -6.123031769111889989E-17 ) ) ;
#754 = CIRCLE ( 'NONE', #6704, 3.879999999999994564 ) ;
#755 = ADVANCED_FACE ( 'NONE', ( #3621, #5670 ), #1914, .F. ) ;
#756 =( NAMED_UNIT ( * ) SI_UNIT ( $, .STERADIAN. ) SOLID_ANGLE_UNIT ( ) );
#757 = COLOUR_RGB ( '',0.8000000000000000444, 0.1921568627450980227, 0.1921568627450980227 ) ;
#758 = B_SPLINE_CURVE_WITH_KNOTS ( 'NONE', 3,
 ( #1099, #2136, #3255, #3672, #48, #4684 ),
 .UNSPECIFIED., .F., .F.,
 ( 4, 2, 4 ),
 ( 8.131516293641283255E-20, 0.0003378632789175744621, 0.0006757265578351488158 ),
 .UNSPECIFIED. ) ;
#759 = COLOUR_RGB ( '',0.7921568627450980005, 0.8196078431372548767, 0.9333333333333333481 ) ;
#760 = ORIENTED_EDGE ( 'NONE', *, *, #196, .F. ) ;
#761 = CARTESIAN_POINT ( 'NONE',  ( -127.9233521597989949, -36.18255236209569858, 2.104737251858926239 ) ) ;
#762 = CARTESIAN_POINT ( 'NONE',  ( -133.3876152211568069, -32.31952633679819087, -5.630000000000038973 ) ) ;
#763 = PRESENTATION_LAYER_ASSIGNMENT (  '', '', ( #3726 ) ) ;
#764 = CARTESIAN_POINT ( 'NONE',  ( -127.2807770569572625, -31.16357851993291916, 5.615972769942977116 ) ) ;
#765 = VERTEX_POINT ( 'NONE', #3211 ) ;
#766 = DIRECTION ( 'NONE',  ( -6.123031769111889989E-17, -0.0000000000000000000, 1.000000000000000000 ) ) ;
#767 = CARTESIAN_POINT ( 'NONE',  ( -128.7883909753748526, -30.75704900647075846, -3.847909455104240539 ) ) ;
#768 = FILL_AREA_STYLE ('',( #803 ) ) ;
#769 = CARTESIAN_POINT ( 'NONE',  ( -128.2420516734067633, -30.38632920083946587, 1.984693700102061031 ) ) ;
#770 = AXIS2_PLACEMENT_3D ( 'NONE', #1521, #2164, #4667 ) ;
#771 = ORIENTED_EDGE ( 'NONE', *, *, #3679, .F. ) ;
#772 = CARTESIAN_POINT ( 'NONE',  ( -127.3489648262711569, -30.77376694357900533, -5.630000000000167759 ) ) ;
#773 = SURFACE_STYLE_FILL_AREA ( #1712 ) ;
#774 = CARTESIAN_POINT ( 'NONE',  ( -128.3555961326129307, -30.27740070772234660, -0.6784922296614711579 ) ) ;
#775 = CARTESIAN_POINT ( 'NONE',  ( -131.0798486828187208, -34.25397777197849791, 5.615972769942939813 ) ) ;
#776 = LINE ( 'NONE', #1353, #530 ) ;
#777 = DIRECTION ( 'NONE',  ( -6.123031769111889989E-17, 4.320098476159929751E-48, 1.000000000000000000 ) ) ;
#778 =( LENGTH_UNIT ( ) NAMED_UNIT ( * ) SI_UNIT ( .MILLI., .METRE. ) );
#779 = EDGE_LOOP ( 'NONE', ( #6107, #2765, #4214, #3441 ) ) ;
#780 = FACE_OUTER_BOUND ( 'NONE', #5994, .T. ) ;
#781 = CIRCLE ( 'NONE', #666, 4.000000000000003553 ) ;
#782 = DIRECTION ( 'NONE',  ( 0.0000000000000000000, 1.000000000000000000, 0.0000000000000000000 ) ) ;
#783 = CIRCLE ( 'NONE', #1645, 0.8799999999999987832 ) ;
#784 = SURFACE_SIDE_STYLE ('',( #230 ) ) ;
#785 = PRODUCT_RELATED_PRODUCT_CATEGORY ( 'part', '', ( #1056 ) ) ;
#786 = FACE_OUTER_BOUND ( 'NONE', #2047, .T. ) ;
#787 =( NAMED_UNIT ( * ) PLANE_ANGLE_UNIT ( ) SI_UNIT ( $, .RADIAN. ) );
#788 = VECTOR ( 'NONE', #3391, 1000.000000000000000 ) ;
#790 = EDGE_CURVE ( 'NONE', #2552, #1242, #2196, .T. ) ;
#789 = ORIENTED_EDGE ( 'NONE', *, *, #902, .T. ) ;
#791 = CARTESIAN_POINT ( 'NONE',  ( -127.9233521597989949, -38.75652739993959983, -3.699764651343440125 ) ) ;
#792 = CARTESIAN_POINT ( 'NONE',  ( -127.9233521597989949, -30.25397777197829896, -1.901426395795763558 ) ) ;
#793 = CARTESIAN_POINT ( 'NONE',  ( -127.1735752436770923, -31.18782303421869528, 5.615972769942936260 ) ) ;
#794 = EDGE_LOOP ( 'NONE', ( #597, #406, #4560, #1015, #2896, #1305, #4913, #3819 ) ) ;
#795 = SURFACE_SIDE_STYLE ('',( #6493 ) ) ;
#796 = CARTESIAN_POINT ( 'NONE',  ( -127.3600188062503662, -30.41330232791644050, -0.3476270026368376564 ) ) ;
#797 = ADVANCED_FACE ( 'NONE', ( #4275 ), #5339, .F. ) ;
#798 = CARTESIAN_POINT ( 'NONE',  ( -128.2420427737486648, -30.26595696919474321, -0.1261995074229084468 ) ) ;
#799 = CARTESIAN_POINT ( 'NONE',  ( -127.3710555354025047, -30.29216042392450703, -0.3598086489413809264 ) ) ;
#800 = VERTEX_POINT ( 'NONE', #6329 ) ;
#801 = CARTESIAN_POINT ( 'NONE',  ( -127.9233521597989949, -30.37397777197830351, 4.749999999999929834 ) ) ;
#802 = CARTESIAN_POINT ( 'NONE',  ( -128.8358000659159472, -30.58033042022012893, -4.248633666946863841 ) ) ;
#803 = FILL_AREA_STYLE_COLOUR ( '', #540 ) ;
#804 = DIRECTION ( 'NONE',  ( 0.0000000000000000000, 1.000000000000000000, 0.0000000000000000000 ) ) ;
#805 = SURFACE_STYLE_FILL_AREA ( #1316 ) ;
#806 = FILL_AREA_STYLE_COLOUR ( '', #307 ) ;
#807 = UNCERTAINTY_MEASURE_WITH_UNIT (LENGTH_MEASURE( 1.000000000000000082E-05 ), #2508, 'distance_accuracy_value', 'NONE');
#808 = CARTESIAN_POINT ( 'NONE',  ( -128.7667757850133512, -30.83762017623302754, -4.011662605264566750 ) ) ;
#809 = FILL_AREA_STYLE_COLOUR ( '', #5731 ) ;
#810 = EDGE_LOOP ( 'NONE', ( #3901, #4112, #3183, #2260, #5597, #2548, #6431, #2863 ) ) ;
#811 = CARTESIAN_POINT ( 'NONE',  ( -126.9552188870529363, -30.37290601714030913, -0.006160745210948450137 ) ) ;
#812 = CARTESIAN_POINT ( 'NONE',  ( -127.9233521597989949, -30.37397777197829640, -2.101426395795781055 ) ) ;
#813 = EDGE_CURVE ( 'NONE', #5914, #3569, #6537, .T. ) ;
#814 = CARTESIAN_POINT ( 'NONE',  ( -127.9233521597989949, -31.09748124895860499, 5.737678509578197250 ) ) ;
#815 = DIRECTION ( 'NONE',  ( 6.516189447705695615E-17, 1.748127472399137532E-17, -1.000000000000000000 ) ) ;
#816 = CARTESIAN_POINT ( 'NONE',  ( -128.3087114767207026, -30.39233613108298826, -0.4526198968060360928 ) ) ;
#817 = B_SPLINE_CURVE_WITH_KNOTS ( 'NONE', 3,
 ( #6513, #575, #4636, #2670, #1050, #3635, #4250, #2131 ),
 .UNSPECIFIED., .F., .F.,
 ( 4, 2, 2, 4 ),
 ( 0.0009893144050158221309, 0.001236647151725477458, 0.001483979898435133001, 0.001978645391854385975 ),
 .UNSPECIFIED. ) ;
#818 = SURFACE_STYLE_FILL_AREA ( #6522 ) ;
#819 = PRODUCT_DEFINITION_CONTEXT ( 'detailed design', #5815, 'design' ) ;
#820 = LINE ( 'NONE', #1202, #5672 ) ;
#821 = ORIENTED_EDGE ( 'NONE', *, *, #6608, .T. ) ;
#822 = CARTESIAN_POINT ( 'NONE',  ( -128.1492245567534667, -30.37973357024623056, 2.151622033460590444 ) ) ;
#823 = ORIENTED_EDGE ( 'NONE', *, *, #6343, .T. ) ;
#824 = CYLINDRICAL_SURFACE ( 'NONE', #1629, 4.000000000000003553 ) ;
#825 = PRODUCT_DEFINITION_FORMATION_WITH_SPECIFIED_SOURCE ( 'ANY', '', #3638, .NOT_KNOWN. ) ;
#826 = ADVANCED_FACE ( 'NONE', ( #5702 ), #564, .T. ) ;
#827 = FILL_AREA_STYLE ('',( #5487 ) ) ;
#828 = CARTESIAN_POINT ( 'NONE',  ( -127.9235192685590050, -37.84855184474064060, 5.536804444638612210 ) ) ;
#829 = SURFACE_SIDE_STYLE ('',( #5052 ) ) ;
#830 = COLOUR_RGB ( '',1.000000000000000000, 1.000000000000000000, 1.000000000000000000 ) ;
#831 = ORIENTED_EDGE ( 'NONE', *, *, #3817, .T. ) ;
#832 =( LENGTH_UNIT ( ) NAMED_UNIT ( * ) SI_UNIT ( .MILLI., .METRE. ) );
#833 = DIRECTION ( 'NONE',  ( 0.0000000000000000000, 1.000000000000000000, 0.0000000000000000000 ) ) ;
#834 =( NAMED_UNIT ( * ) PLANE_ANGLE_UNIT ( ) SI_UNIT ( $, .RADIAN. ) );
#835 = CIRCLE ( 'NONE', #4222, 3.000000000000002665 ) ;
#836 = EDGE_CURVE ( 'NONE', #2543, #4081, #5873, .T. ) ;
#837 = FACE_OUTER_BOUND ( 'NONE', #3122, .T. ) ;
#838 = VECTOR ( 'NONE', #4125, 1000.000000000000000 ) ;
#839 = AXIS2_PLACEMENT_3D ( 'NONE', #4536, #3976, #6581 ) ;
#840 = FILL_AREA_STYLE ('',( #3926 ) ) ;
#841 = EDGE_CURVE ( 'NONE', #273, #4844, #216, .T. ) ;
#842 = ORIENTED_EDGE ( 'NONE', *, *, #4644, .T. ) ;
#843 =( NAMED_UNIT ( * ) PLANE_ANGLE_UNIT ( ) SI_UNIT ( $, .RADIAN. ) );
#844 = CARTESIAN_POINT ( 'NONE',  ( -127.6046660735395903, -30.26595658843564962, 1.984685777716928445 ) ) ;
#845 = MECHANICAL_DESIGN_GEOMETRIC_PRESENTATION_REPRESENTATION (  '', ( #3687 ), #4242 ) ;
#846 = CARTESIAN_POINT ( 'NONE',  ( -127.9233521597990091, -30.37397777197828930, -5.265492065111820885 ) ) ;
#847 =( GEOMETRIC_REPRESENTATION_CONTEXT ( 3 ) GLOBAL_UNCERTAINTY_ASSIGNED_CONTEXT ( ( #3018 ) ) GLOBAL_UNIT_ASSIGNED_CONTEXT ( ( #3650, #6117, #2655 ) ) REPRESENTATION_CONTEXT ( 'NONE', 'WORKASPACE' ) );
#848 =( LENGTH_UNIT ( ) NAMED_UNIT ( * ) SI_UNIT ( .MILLI., .METRE. ) );
#849 = DIRECTION ( 'NONE',  ( -0.9658472322132152232, -0.2591121842485830662, -6.746604670361801995E-17 ) ) ;
#850 = SURFACE_STYLE_USAGE ( .BOTH. , #6641 ) ;
#851 = MECHANICAL_DESIGN_GEOMETRIC_PRESENTATION_REPRESENTATION (  '', ( #4769 ), #5199 ) ;
#852 = COLOUR_RGB ( '',1.000000000000000000, 1.000000000000000000, 1.000000000000000000 ) ;
#853 = CARTESIAN_POINT ( 'NONE',  ( -128.8603507143014326, -30.48881725629501815, 4.956080942592426375 ) ) ;
#854 = CARTESIAN_POINT ( 'NONE',  ( -128.5555961287733169, -30.42583624328623415, 3.411313112789349677 ) ) ;
#855 = AXIS2_PLACEMENT_3D ( 'NONE', #5230, #558, #54 ) ;
#856 = VECTOR ( 'NONE', #4318, 1000.000000000000000 ) ;
#857 = EDGE_LOOP ( 'NONE', ( #918, #1542, #3348, #6116 ) ) ;
#858 = DIRECTION ( 'NONE',  ( -6.123031769111889989E-17, 0.0000000000000000000, 1.000000000000000000 ) ) ;
#859 = VERTEX_POINT ( 'NONE', #2258 ) ;
#860 = MECHANICAL_DESIGN_GEOMETRIC_PRESENTATION_REPRESENTATION (  '', ( #1073 ), #4465 ) ;
#861 =( GEOMETRIC_REPRESENTATION_CONTEXT ( 3 ) GLOBAL_UNCERTAINTY_ASSIGNED_CONTEXT ( ( #4713 ) ) GLOBAL_UNIT_ASSIGNED_CONTEXT ( ( #3262, #2913, #5264 ) ) REPRESENTATION_CONTEXT ( 'NONE', 'WORKASPACE' ) );
#862 = CARTESIAN_POINT ( 'NONE',  ( -127.9233521597990091, -30.37397777197829640, 5.195173636599681011 ) ) ;
#863 = FACE_OUTER_BOUND ( 'NONE', #794, .T. ) ;
#864 = MECHANICAL_DESIGN_GEOMETRIC_PRESENTATION_REPRESENTATION (  '', ( #2390 ), #1296 ) ;
#865 = FILL_AREA_STYLE ('',( #4484 ) ) ;
#866 = ORIENTED_EDGE ( 'NONE', *, *, #3479, .F. ) ;
#867 = PLANE ( 'NONE',  #2059 ) ;
#868 = EDGE_CURVE ( 'NONE', #4141, #1341, #3043, .T. ) ;
#869 = CARTESIAN_POINT ( 'NONE',  ( -127.7560736358927045, -30.37397777144384037, -2.101426399075920770 ) ) ;
#870 = STYLED_ITEM ( 'NONE', ( #972 ), #2503 ) ;
#871 = CYLINDRICAL_SURFACE ( 'NONE', #4761, 3.879999999999994564 ) ;
#872 = AXIS2_PLACEMENT_3D ( 'NONE', #998, #5054, #2965 ) ;
#873 = CARTESIAN_POINT ( 'NONE',  ( -124.0433521597989994, -34.25397777197829896, 4.749999999999940492 ) ) ;
#874 = UNCERTAINTY_MEASURE_WITH_UNIT (LENGTH_MEASURE( 1.000000000000000082E-05 ), #3123, 'distance_accuracy_value', 'NONE');
#875 = PRESENTATION_LAYER_ASSIGNMENT (  '', '', ( #4904 ) ) ;
#876 = ORIENTED_EDGE ( 'NONE', *, *, #3587, .F. ) ;
#877 = VECTOR ( 'NONE', #639, 1000.000000000000000 ) ;
#878 = ADVANCED_FACE ( 'NONE', ( #1743 ), #1244, .F. ) ;
#879 = FILL_AREA_STYLE ('',( #6566 ) ) ;
#880 = EDGE_LOOP ( 'NONE', ( #2940, #6238, #3777, #3338 ) ) ;
#881 = CARTESIAN_POINT ( 'NONE',  ( -127.5346383813248394, -30.27247895135813849, 2.031603497491550225 ) ) ;
#882 = COLOUR_RGB ( '',0.8000000000000000444, 0.1921568627450980227, 0.1921568627450980227 ) ;
#883 = EDGE_CURVE ( 'NONE', #4768, #2684, #4367, .T. ) ;
#884 = SURFACE_STYLE_USAGE ( .BOTH. , #3453 ) ;
#885 = CYLINDRICAL_SURFACE ( 'NONE', #1094, 3.879999999999994564 ) ;
#886 = FILL_AREA_STYLE ('',( #1884 ) ) ;
#887 = CIRCLE ( 'NONE', #1741, 3.879999999999998117 ) ;
#888 =( NAMED_UNIT ( * ) SI_UNIT ( $, .STERADIAN. ) SOLID_ANGLE_UNIT ( ) );
#889 =( BOUNDED_SURFACE ( )  B_SPLINE_SURFACE ( 3, 3, ( 
 ( #1274, #5337, #3371, #1742, #4333, #4929, #2869 ),
 ( #136, #3311, #1770, #730, #4454, #4891, #5463 ),
 ( #6358, #2299, #5394, #4424, #4366, #5365, #703 ),
 ( #4401, #5961, #3413, #6499, #667, #1175, #5429 ) ),
 .UNSPECIFIED., .F., .F., .T. ) 
 B_SPLINE_SURFACE_WITH_KNOTS ( ( 4, 4 ),
 ( 4, 3, 4 ),
 ( 0.0000000000000000000, 1.000000000000000000 ),
 ( 0.0000000000000000000, 0.5000000000000000000, 1.000000000000000000 ),
 .UNSPECIFIED. ) 
 GEOMETRIC_REPRESENTATION_ITEM ( )  RATIONAL_B_SPLINE_SURFACE ( (
 ( 1.000000000000000000, 0.4024542000922646245, 0.4024542000922646245, 1.000000000000000000, 0.4024542000922646245, 0.4024542000922646245, 1.000000000000000000),
 ( 0.7055027309718282513, 0.2839325372561752880, 0.2839325372561752880, 0.7055027309718282513, 0.2839325372561752880, 0.2839325372561752880, 0.7055027309718282513),
 ( 0.7055027309718282513, 0.2839325372561752880, 0.2839325372561752880, 0.7055027309718282513, 0.2839325372561752880, 0.2839325372561752880, 0.7055027309718282513),
 ( 1.000000000000000000, 0.4024542000922646245, 0.4024542000922646245, 1.000000000000000000, 0.4024542000922646245, 0.4024542000922646245, 1.000000000000000000) ) ) 
 REPRESENTATION_ITEM ( '' )  SURFACE ( )  );
#890 = PRODUCT_CONTEXT ( 'NONE', #3097, 'mechanical' ) ;
#891 = DIRECTION ( 'NONE',  ( 0.0000000000000000000, 0.0000000000000000000, -1.000000000000000000 ) ) ;
#892 = AXIS2_PLACEMENT_3D ( 'NONE', #1831, #2211, #5984 ) ;
#893 = SURFACE_SIDE_STYLE ('',( #1890 ) ) ;
#894 = VERTEX_POINT ( 'NONE', #4892 ) ;
#895 = CARTESIAN_POINT ( 'NONE',  ( -128.7336996187055149, -30.96091242423446843, 5.700474189868909747 ) ) ;
#896 = CARTESIAN_POINT ( 'NONE',  ( -127.1735752436770355, -31.18782303421881608, 5.970093049101929950 ) ) ;
#897 = MECHANICAL_DESIGN_GEOMETRIC_PRESENTATION_REPRESENTATION (  '', ( #3848 ), #3751 ) ;
#898 = SURFACE_STYLE_FILL_AREA ( #6555 ) ;
#899 = UNCERTAINTY_MEASURE_WITH_UNIT (LENGTH_MEASURE( 1.000000000000000082E-05 ), #1889, 'distance_accuracy_value', 'NONE');
#900 = CARTESIAN_POINT ( 'NONE',  ( -128.5390897129120162, -30.42301222446398157, -0.5127882440445801215 ) ) ;
#901 = CARTESIAN_POINT ( 'NONE',  ( -133.3690102792939740, -37.55706375573900857, -4.063772965424341521 ) ) ;
#902 = EDGE_CURVE ( 'NONE', #1948, #6153, #2600, .T. ) ;
#903 = ORIENTED_EDGE ( 'NONE', *, *, #1829, .F. ) ;
#904 = ORIENTED_EDGE ( 'NONE', *, *, #836, .F. ) ;
#905 = PRESENTATION_STYLE_ASSIGNMENT (( #1377 ) ) ;
#906 = LINE ( 'NONE', #5059, #2265 ) ;
#907 = EDGE_LOOP ( 'NONE', ( #6155, #3606, #1874, #6140 ) ) ;
#908 = PRESENTATION_STYLE_ASSIGNMENT (( #286 ) ) ;
#909 = CARTESIAN_POINT ( 'NONE',  ( -128.2414948134954216, -30.37397777197829285, -5.265492065111820885 ) ) ;
#910 = CARTESIAN_POINT ( 'NONE',  ( -127.9233521597989949, -30.25397777197824567, -4.446647422289490947 ) ) ;
#911 = FACE_OUTER_BOUND ( 'NONE', #4077, .T. ) ;
#912 =( NAMED_UNIT ( * ) PLANE_ANGLE_UNIT ( ) SI_UNIT ( $, .RADIAN. ) );
#913 = EDGE_CURVE ( 'NONE', #4478, #3159, #5978, .T. ) ;
#914 = PRODUCT_CONTEXT ( 'NONE', #3009, 'mechanical' ) ;
#915 = EDGE_CURVE ( 'NONE', #4589, #273, #5093, .T. ) ;
#916 = LINE ( 'NONE', #3011, #1066 ) ;
#917 = CARTESIAN_POINT ( 'NONE',  ( -128.0906233389214890, -30.37397741069835888, 3.959917607935472095 ) ) ;
#918 = ORIENTED_EDGE ( 'NONE', *, *, #490, .T. ) ;
#919 = DIRECTION ( 'NONE',  ( 1.000000000000000000, 0.0000000000000000000, 1.117734198438665941E-16 ) ) ;
#920 = CARTESIAN_POINT ( 'NONE',  ( -127.9233521597989949, -36.18255236209569858, -1.469182422981889946 ) ) ;
#921 = CARTESIAN_POINT ( 'NONE',  ( -127.9233521597989949, -34.25397777197829896, 4.749999999999929834 ) ) ;
#922 = ORIENTED_EDGE ( 'NONE', *, *, #3068, .F. ) ;
#923 = CARTESIAN_POINT ( 'NONE',  ( 0.0000000000000000000, 0.0000000000000000000, 0.0000000000000000000 ) ) ;
#924 = CARTESIAN_POINT ( 'NONE',  ( -128.2414948134953931, -30.37397777197829996, 4.749999999999928058 ) ) ;
#925 = FILL_AREA_STYLE ('',( #2406 ) ) ;
#926 = SURFACE_SIDE_STYLE ('',( #512 ) ) ;
#927 =( GEOMETRIC_REPRESENTATION_CONTEXT ( 3 ) GLOBAL_UNCERTAINTY_ASSIGNED_CONTEXT ( ( #5370 ) ) GLOBAL_UNIT_ASSIGNED_CONTEXT ( ( #1879, #628, #5237 ) ) REPRESENTATION_CONTEXT ( 'NONE', 'WORKASPACE' ) );
#928 = CARTESIAN_POINT ( 'NONE',  ( -127.4179771348017738, -30.40658580731522065, 2.148266028252036719 ) ) ;
#929 = ORIENTED_EDGE ( 'NONE', *, *, #913, .F. ) ;
#930 = CARTESIAN_POINT ( 'NONE',  ( -127.9233521597989949, -36.18255236209569858, -0.6784922296614720461 ) ) ;
#931 = PRESENTATION_LAYER_ASSIGNMENT (  '', '', ( #5396 ) ) ;
#932 = UNCERTAINTY_MEASURE_WITH_UNIT (LENGTH_MEASURE( 1.000000000000000082E-05 ), #5386, 'distance_accuracy_value', 'NONE');
#933 = CARTESIAN_POINT ( 'NONE',  ( -128.3120741720186686, -30.39305451653005719, 2.031611348103311343 ) ) ;
#934 = ORIENTED_EDGE ( 'NONE', *, *, #5811, .T. ) ;
#935 = ORIENTED_EDGE ( 'NONE', *, *, #5480, .F. ) ;
#936 = STYLED_ITEM ( 'NONE', ( #3869 ), #340 ) ;
#937 = PRESENTATION_LAYER_ASSIGNMENT (  '', '', ( #4970 ) ) ;
#938 = CARTESIAN_POINT ( 'NONE',  ( -127.9233521597990233, -37.76946983709037653, 5.630000000000913829 ) ) ;
#939 =( NAMED_UNIT ( * ) SI_UNIT ( $, .STERADIAN. ) SOLID_ANGLE_UNIT ( ) );
#940 = PRESENTATION_STYLE_ASSIGNMENT (( #884 ) ) ;
#941 = CARTESIAN_POINT ( 'NONE',  ( -127.6051845698705023, -30.37397777197831417, -2.891511004989604228 ) ) ;
#942 = AXIS2_PLACEMENT_3D ( 'NONE', #1848, #2409, #1908 ) ;
#943 = PRESENTATION_STYLE_ASSIGNMENT (( #6546 ) ) ;
#944 = CARTESIAN_POINT ( 'NONE',  ( -127.9233521597989949, -30.25397777197829541, -5.335786437627056067 ) ) ;
#945 = EDGE_CURVE ( 'NONE', #1706, #4777, #1809, .T. ) ;
#946 = CARTESIAN_POINT ( 'NONE',  ( -128.8971405456016726, -30.37432106297994494, -2.952881880399375714 ) ) ;
#947 = MECHANICAL_DESIGN_GEOMETRIC_PRESENTATION_REPRESENTATION (  '', ( #175 ), #4442 ) ;
#948 = FILL_AREA_STYLE ('',( #1018 ) ) ;
#949 = LINE ( 'NONE', #5106, #117 ) ;
#950 =( REPRESENTATION_RELATIONSHIP ('NONE','NONE', #5949, #5756 ) REPRESENTATION_RELATIONSHIP_WITH_TRANSFORMATION ( #6644 )SHAPE_REPRESENTATION_RELATIONSHIP( ) );
#951 = MECHANICAL_DESIGN_GEOMETRIC_PRESENTATION_REPRESENTATION (  '', ( #5739 ), #5306 ) ;
#952 = ORIENTED_EDGE ( 'NONE', *, *, #2201, .F. ) ;
#953 = AXIS2_PLACEMENT_3D ( 'NONE', #5169, #3765, #6666 ) ;
#954 =( NAMED_UNIT ( * ) SI_UNIT ( $, .STERADIAN. ) SOLID_ANGLE_UNIT ( ) );
#955 = ADVANCED_FACE ( 'NONE', ( #5057 ), #4080, .T. ) ;
#956 = FACE_OUTER_BOUND ( 'NONE', #2171, .T. ) ;
#957 = UNCERTAINTY_MEASURE_WITH_UNIT (LENGTH_MEASURE( 1.000000000000000082E-05 ), #3487, 'distance_accuracy_value', 'NONE');
#958 = MECHANICAL_DESIGN_GEOMETRIC_PRESENTATION_REPRESENTATION (  '', ( #3918 ), #967 ) ;
#959 = SURFACE_SIDE_STYLE ('',( #2502 ) ) ;
#960 = COLOUR_RGB ( '',0.6588235294117646967, 0.6588235294117646967, 0.6588235294117646967 ) ;
#961 = CARTESIAN_POINT ( 'NONE',  ( -121.5270716325638887, -38.13415643899381990, -4.508018297699262433 ) ) ;
#962 = EDGE_CURVE ( 'NONE', #6502, #6232, #5087, .T. ) ;
#963 = ORIENTED_EDGE ( 'NONE', *, *, #4871, .F. ) ;
#964 = DIRECTION ( 'NONE',  ( 0.0000000000000000000, 0.0000000000000000000, 1.000000000000000000 ) ) ;
#965 = CARTESIAN_POINT ( 'NONE',  ( -128.8156806216061625, -30.69886440858885024, 5.657044983151402917 ) ) ;
#966 = SURFACE_SIDE_STYLE ('',( #5056 ) ) ;
#967 =( GEOMETRIC_REPRESENTATION_CONTEXT ( 3 ) GLOBAL_UNCERTAINTY_ASSIGNED_CONTEXT ( ( #2799 ) ) GLOBAL_UNIT_ASSIGNED_CONTEXT ( ( #6449, #231, #3396 ) ) REPRESENTATION_CONTEXT ( 'NONE', 'WORKASPACE' ) );
#968 =( NAMED_UNIT ( * ) PLANE_ANGLE_UNIT ( ) SI_UNIT ( $, .RADIAN. ) );
#969 = DIRECTION ( 'NONE',  ( -6.516189447705695615E-17, -1.748127472399137532E-17, 1.000000000000000000 ) ) ;
#970 = ORIENTED_EDGE ( 'NONE', *, *, #5480, .T. ) ;
#971 = AXIS2_PLACEMENT_3D ( 'NONE', #424, #5595, #1910 ) ;
#972 = PRESENTATION_STYLE_ASSIGNMENT (( #2622 ) ) ;
#973 = ORIENTED_EDGE ( 'NONE', *, *, #1689, .T. ) ;
#974 = SURFACE_SIDE_STYLE ('',( #1008 ) ) ;
#975 =( GEOMETRIC_REPRESENTATION_CONTEXT ( 3 ) GLOBAL_UNCERTAINTY_ASSIGNED_CONTEXT ( ( #4023 ) ) GLOBAL_UNIT_ASSIGNED_CONTEXT ( ( #4362, #4302, #1241 ) ) REPRESENTATION_CONTEXT ( 'NONE', 'WORKASPACE' ) );
#976 = ORIENTED_EDGE ( 'NONE', *, *, #3523, .T. ) ;
#977 = AXIS2_PLACEMENT_3D ( 'NONE', #5079, #4054, #5117 ) ;
#978 = DIRECTION ( 'NONE',  ( 1.000000000000000000, 0.0000000000000000000, 0.0000000000000000000 ) ) ;
#979 = SURFACE_STYLE_FILL_AREA ( #4166 ) ;
#980 = FACE_OUTER_BOUND ( 'NONE', #2899, .T. ) ;
#981 = CARTESIAN_POINT ( 'NONE',  ( -127.6286609045396432, -30.66819133435148004, -5.750000000000173195 ) ) ;
#982 = ORIENTED_EDGE ( 'NONE', *, *, #4948, .F. ) ;
#983 = CARTESIAN_POINT ( 'NONE',  ( -127.9233521597989949, -36.00397777197930083, -5.749999999999809930 ) ) ;
#984 = ITEM_DEFINED_TRANSFORMATION ( 'NONE', 'NONE', #977,  #1074 ) ;
#985 = CARTESIAN_POINT ( 'NONE',  ( -127.0740847664705626, -30.81651951841299208, -5.453624952091073119 ) ) ;
#986 = CARTESIAN_POINT ( 'NONE',  ( -134.5298283488112077, -30.95073967747261534, -3.335756337264832894 ) ) ;
#987 = PRODUCT_RELATED_PRODUCT_CATEGORY ( 'part', '', ( #3574 ) ) ;
#988 = MECHANICAL_DESIGN_GEOMETRIC_PRESENTATION_REPRESENTATION (  '', ( #5979 ), #1326 ) ;
#989 = VERTEX_POINT ( 'NONE', #6628 ) ;
#990 = FILL_AREA_STYLE_COLOUR ( '', #2589 ) ;
#991 = SURFACE_STYLE_USAGE ( .BOTH. , #5179 ) ;
#992 =( NAMED_UNIT ( * ) PLANE_ANGLE_UNIT ( ) SI_UNIT ( $, .RADIAN. ) );
#993 = STYLED_ITEM ( 'NONE', ( #4716 ), #4389 ) ;
#994 = CARTESIAN_POINT ( 'NONE',  ( -127.6972188189033091, -30.37974990319055024, -1.854388494758212769 ) ) ;
#995 = CARTESIAN_POINT ( 'NONE',  ( -122.4778785771419649, -37.55736797465223020, -3.335756337264506044 ) ) ;
#996 = EDGE_CURVE ( 'NONE', #4173, #6119, #1977, .T. ) ;
#997 = ORIENTED_EDGE ( 'NONE', *, *, #5166, .F. ) ;
#998 = CARTESIAN_POINT ( 'NONE',  ( 0.0000000000000000000, 0.0000000000000000000, 0.0000000000000000000 ) ) ;
#999 = SURFACE_STYLE_FILL_AREA ( #3608 ) ;
#1000 =( GEOMETRIC_REPRESENTATION_CONTEXT ( 3 ) GLOBAL_UNCERTAINTY_ASSIGNED_CONTEXT ( ( #5698 ) ) GLOBAL_UNIT_ASSIGNED_CONTEXT ( ( #6235, #3080, #4634 ) ) REPRESENTATION_CONTEXT ( 'NONE', 'WORKASPACE' ) );
#1001 = CARTESIAN_POINT ( 'NONE',  ( -127.4911081869853291, -30.39812959706715390, -0.6784922296614710469 ) ) ;
#1002 = ORIENTED_EDGE ( 'NONE', *, *, #5893, .T. ) ;
#1003 = ADVANCED_FACE ( 'NONE', ( #4551 ), #3508, .T. ) ;
#1004 = SURFACE_STYLE_FILL_AREA ( #6655 ) ;
#1005 = SURFACE_SIDE_STYLE ('',( #5157 ) ) ;
#1006 = UNCERTAINTY_MEASURE_WITH_UNIT (LENGTH_MEASURE( 1.000000000000000082E-05 ), #4543, 'distance_accuracy_value', 'NONE');
#1007 = SURFACE_SIDE_STYLE ('',( #2004 ) ) ;
#1008 = SURFACE_STYLE_FILL_AREA ( #879 ) ;
#1009 = ORIENTED_EDGE ( 'NONE', *, *, #1314, .T. ) ;
#1010 = PRESENTATION_STYLE_ASSIGNMENT (( #6227 ) ) ;
#1011 = ADVANCED_FACE ( 'NONE', ( #1580 ), #4585, .T. ) ;
#1012 = DIRECTION ( 'NONE',  ( 6.123031769111889989E-17, 0.0000000000000000000, -1.000000000000000000 ) ) ;
#1013 = DIRECTION ( 'NONE',  ( 1.000000000000000000, 0.0000000000000000000, 1.084202172485503448E-16 ) ) ;
#1014 = CARTESIAN_POINT ( 'NONE',  ( -128.8914491707719776, -30.37289697182157155, 0.8985590598002768381 ) ) ;
#1015 = ORIENTED_EDGE ( 'NONE', *, *, #3641, .T. ) ;
#1016 = FACE_OUTER_BOUND ( 'NONE', #4609, .T. ) ;
#1017 = CONTEXT_DEPENDENT_SHAPE_REPRESENTATION ( #2661, #6631 ) ;
#1018 = FILL_AREA_STYLE_COLOUR ( '', #6147 ) ;
#1019 = LINE ( 'NONE', #3187, #6282 ) ;
#1020 = CARTESIAN_POINT ( 'NONE',  ( -127.2911081869855252, -30.30426036957581104, 3.327671447015919881 ) ) ;
#1021 = ORIENTED_EDGE ( 'NONE', *, *, #2850, .T. ) ;
#1022 = DIRECTION ( 'NONE',  ( -6.123031769111889989E-17, 1.000000000000000000, 1.224606353822379970E-16 ) ) ;
#1023 = CARTESIAN_POINT ( 'NONE',  ( -128.5555961326130330, -30.42583624392038288, 2.536981210161495692 ) ) ;
#1024 = UNCERTAINTY_MEASURE_WITH_UNIT (LENGTH_MEASURE( 1.000000000000000082E-05 ), #5675, 'distance_accuracy_value', 'NONE');
#1025 = DIRECTION ( 'NONE',  ( -6.123031769111889989E-17, -7.498303609110707725E-33, 1.000000000000000000 ) ) ;
#1026 = CARTESIAN_POINT ( 'NONE',  ( -127.6974797628445941, -30.37973357024628029, 2.151622033460595773 ) ) ;
#1027 = ORIENTED_EDGE ( 'NONE', *, *, #1892, .T. ) ;
#1028 = CARTESIAN_POINT ( 'NONE',  ( -127.6974797628445941, -30.37973357024628029, -1.854541614194124666 ) ) ;
#1029 = SURFACE_STYLE_FILL_AREA ( #4747 ) ;
#1030 = ORIENTED_EDGE ( 'NONE', *, *, #2423, .T. ) ;
#1031 = DIRECTION ( 'NONE',  ( 0.0000000000000000000, 0.0000000000000000000, 1.000000000000000000 ) ) ;
#1032 = LINE ( 'NONE', #61, #5209 ) ;
#1033 = FILL_AREA_STYLE_COLOUR ( '', #5193 ) ;
#1034 = ORIENTED_EDGE ( 'NONE', *, *, #3523, .F. ) ;
#1035 = EDGE_CURVE ( 'NONE', #4414, #4081, #6145, .T. ) ;
#1036 = DIRECTION ( 'NONE',  ( 1.224606353822379970E-16, -1.000000000000000000, -1.224606353822379970E-16 ) ) ;
#1037 = ORIENTED_EDGE ( 'NONE', *, *, #1298, .T. ) ;
#1038 = LINE ( 'NONE', #3075, #5026 ) ;
#1039 = B_SPLINE_CURVE_WITH_KNOTS ( 'NONE', 3,
 ( #1001, #3162, #2682, #4779, #4265, #4187, #2573, #6183, #4689, #5286 ),
 .UNSPECIFIED., .F., .F.,
 ( 4, 2, 2, 2, 4 ),
 ( 3.751339516799844725E-17, 0.0003378802221305171973, 0.0006757604442609968813, 0.001013640666391476619, 0.001351520888521956249 ),
 .UNSPECIFIED. ) ;
#1040 =( NAMED_UNIT ( * ) SI_UNIT ( $, .STERADIAN. ) SOLID_ANGLE_UNIT ( ) );
#1041 = CARTESIAN_POINT ( 'NONE',  ( -128.3085594770820137, -30.39231987757542086, 3.553802465419720669 ) ) ;
#1042 = EDGE_CURVE ( 'NONE', #3362, #1990, #4123, .T. ) ;
#1043 = DIRECTION ( 'NONE',  ( 0.0000000000000000000, 1.000000000000000000, 0.0000000000000000000 ) ) ;
#1044 = CARTESIAN_POINT ( 'NONE',  ( -128.3555961326128738, -30.39812959706697981, 2.422726434356296199 ) ) ;
#1045 = ORIENTED_EDGE ( 'NONE', *, *, #5735, .F. ) ;
#1046 = FILL_AREA_STYLE_COLOUR ( '', #6382 ) ;
#1047 = STYLED_ITEM ( 'NONE', ( #3231 ), #296 ) ;
#1048 = ITEM_DEFINED_TRANSFORMATION ( 'NONE', 'NONE', #5871,  #1074 ) ;
#1049 = AXIS2_PLACEMENT_3D ( 'NONE', #4702, #3731, #3101 ) ;
#1050 = CARTESIAN_POINT ( 'NONE',  ( -128.3120741720186686, -30.39305451653005719, -1.974552299551408874 ) ) ;
#1051 = ORIENTED_EDGE ( 'NONE', *, *, #4495, .T. ) ;
#1052 = CARTESIAN_POINT ( 'NONE',  ( -127.4911081869859970, -30.39812959706710771, 0.8985590598002789475 ) ) ;
#1053 = CIRCLE ( 'NONE', #2354, 3.000000000000002665 ) ;
#1054 = VECTOR ( 'NONE', #4060, 1000.000000000000000 ) ;
#1055 = CARTESIAN_POINT ( 'NONE',  ( -128.1492214183714111, -30.25956069315330765, 3.713034065112519322 ) ) ;
#1056 = PRODUCT ( '7_1', '7_1', '', ( #890 ) ) ;
#1057 = CARTESIAN_POINT ( 'NONE',  ( -128.3555961326129875, -30.27740070772239989, 2.536981224672810065 ) ) ;
#1058 = DIRECTION ( 'NONE',  ( -6.123031769111889989E-17, -7.498303609110707725E-33, 1.000000000000000000 ) ) ;
#1059 = MECHANICAL_DESIGN_GEOMETRIC_PRESENTATION_REPRESENTATION (  '', ( #2705 ), #3474 ) ;
#1060 = CIRCLE ( 'NONE', #1720, 3.156496523019705513 ) ;
#1061 = PRESENTATION_LAYER_ASSIGNMENT (  '', '', ( #6682 ) ) ;
#1062 = EDGE_LOOP ( 'NONE', ( #2217, #4745, #3298, #5825, #5525 ) ) ;
#1063 = CARTESIAN_POINT ( 'NONE',  ( -127.9233521597989949, -30.25397777197829541, 4.749999999999928946 ) ) ;
#1064 = ORIENTED_EDGE ( 'NONE', *, *, #1778, .T. ) ;
#1065 = CARTESIAN_POINT ( 'NONE',  ( -127.1771805424068162, -30.66534167623116147, 5.657044983151505058 ) ) ;
#1066 = VECTOR ( 'NONE', #1528, 1000.000000000000000 ) ;
#1067 = UNCERTAINTY_MEASURE_WITH_UNIT (LENGTH_MEASURE( 1.000000000000000082E-05 ), #2141, 'distance_accuracy_value', 'NONE');
#1068 = CARTESIAN_POINT ( 'NONE',  ( -120.1633521598014056, -38.13397777197749150, -2.891511004989538058 ) ) ;
#1069 = STYLED_ITEM ( 'NONE', ( #2748 ), #1414 ) ;
#1070 =( GEOMETRIC_REPRESENTATION_CONTEXT ( 3 ) GLOBAL_UNCERTAINTY_ASSIGNED_CONTEXT ( ( #477 ) ) GLOBAL_UNIT_ASSIGNED_CONTEXT ( ( #400, #3969, #4603 ) ) REPRESENTATION_CONTEXT ( 'NONE', 'WORKASPACE' ) );
#1071 = CARTESIAN_POINT ( 'NONE',  ( -128.2520721662783387, -30.25397777197828830, -4.750000000000071942 ) ) ;
#1072 = VERTEX_POINT ( 'NONE', #98 ) ;
#1073 = STYLED_ITEM ( 'NONE', ( #5305 ), #1630 ) ;
#1074 = AXIS2_PLACEMENT_3D ( 'NONE', #2415, #2476, #1814 ) ;
#1075 = COLOUR_RGB ( '',1.000000000000000000, 1.000000000000000000, 1.000000000000000000 ) ;
#1076 = CARTESIAN_POINT ( 'NONE',  ( -126.4233521597989949, -34.25397777197869686, 5.630000000000899618 ) ) ;
#1077 = PRESENTATION_STYLE_ASSIGNMENT (( #3215 ) ) ;
#1078 = EDGE_CURVE ( 'NONE', #5231, #30, #4258, .T. ) ;
#1079 = CARTESIAN_POINT ( 'NONE',  ( -128.3555961326129307, -30.39812959706699047, 3.327671417993250280 ) ) ;
#1080 = PRESENTATION_LAYER_ASSIGNMENT (  '', '', ( #3928 ) ) ;
#1081 = DIRECTION ( 'NONE',  ( 6.123031769111889989E-17, -5.817644942362439956E-48, -1.000000000000000000 ) ) ;
#1082 = AXIS2_PLACEMENT_3D ( 'NONE', #1106, #4782, #24 ) ;
#1083 = CARTESIAN_POINT ( 'NONE',  ( -135.6833521597989716, -38.13397777197869942, -4.749999999999091393 ) ) ;
#1084 = PRESENTATION_LAYER_ASSIGNMENT (  '', '', ( #4041 ) ) ;
#1085 = CARTESIAN_POINT ( 'NONE',  ( -128.1494855006946239, -30.37974990319049695, 2.151775152896522769 ) ) ;
#1086 = VERTEX_POINT ( 'NONE', #1668 ) ;
#1087 = DIRECTION ( 'NONE',  ( 1.000000000000000000, 0.0000000000000000000, 0.0000000000000000000 ) ) ;
#1088 = MECHANICAL_DESIGN_GEOMETRIC_PRESENTATION_REPRESENTATION (  '', ( #4686 ), #2513 ) ;
#1089 = MECHANICAL_DESIGN_GEOMETRIC_PRESENTATION_REPRESENTATION (  '', ( #3285 ), #1200 ) ;
#1090 = FILL_AREA_STYLE_COLOUR ( '', #3079 ) ;
#1091 = CARTESIAN_POINT ( 'NONE',  ( -127.0108047857894604, -30.58035541540902003, -4.248633317016154543 ) ) ;
#1092 = CARTESIAN_POINT ( 'NONE',  ( -122.4588692419224003, -32.32014747978004010, -5.750000000000039968 ) ) ;
#1093 = ORIENTED_EDGE ( 'NONE', *, *, #244, .F. ) ;
#1094 = AXIS2_PLACEMENT_3D ( 'NONE', #1360, #5007, #5578 ) ;
#1095 =( LENGTH_UNIT ( ) NAMED_UNIT ( * ) SI_UNIT ( .MILLI., .METRE. ) );
#1096 = SURFACE_STYLE_USAGE ( .BOTH. , #2028 ) ;
#1097 = UNCERTAINTY_MEASURE_WITH_UNIT (LENGTH_MEASURE( 1.000000000000000082E-05 ), #173, 'distance_accuracy_value', 'NONE');
#1098 = COLOUR_RGB ( '',0.8000000000000000444, 0.1921568627450980227, 0.1921568627450980227 ) ;
#1099 = CARTESIAN_POINT ( 'NONE',  ( -127.9233521597989949, -30.25397777197829896, 2.104737251858956437 ) ) ;
#1100 = ORIENTED_EDGE ( 'NONE', *, *, #1365, .F. ) ;
#1101 = SURFACE_SIDE_STYLE ('',( #999 ) ) ;
#1102 = DIRECTION ( 'NONE',  ( -6.123031769111889989E-17, 0.0000000000000000000, 1.000000000000000000 ) ) ;
#1103 = DIRECTION ( 'NONE',  ( 0.0000000000000000000, 0.0000000000000000000, -1.000000000000000000 ) ) ;
#1104 = STYLED_ITEM ( 'NONE', ( #2909 ), #3937 ) ;
#1105 = EDGE_LOOP ( 'NONE', ( #5092, #5082, #1324, #378 ) ) ;
#1106 = CARTESIAN_POINT ( 'NONE',  ( -127.9233521597989949, -34.25397777197849791, 5.970093049101929950 ) ) ;
#1107 = EDGE_CURVE ( 'NONE', #6491, #6454, #2029, .T. ) ;
#1108 = CARTESIAN_POINT ( 'NONE',  ( -128.6322831541421579, -31.33894486560140891, -5.750000000000071054 ) ) ;
#1109 = PRESENTATION_STYLE_ASSIGNMENT (( #3682 ) ) ;
#1110 = AXIS2_PLACEMENT_3D ( 'NONE', #5282, #2608, #4184 ) ;
#1111 = CARTESIAN_POINT ( 'NONE',  ( -121.3168759707868247, -37.55721586648477484, -3.335756337264831117 ) ) ;
#1112 = CARTESIAN_POINT ( 'NONE',  ( -128.5555961326130046, -36.18255236209569858, -0.6784922006387800186 ) ) ;
#1113 =( NAMED_UNIT ( * ) SI_UNIT ( $, .STERADIAN. ) SOLID_ANGLE_UNIT ( ) );
#1114 = ORIENTED_EDGE ( 'NONE', *, *, #374, .F. ) ;
#1115 = LINE ( 'NONE', #1552, #619 ) ;
#1116 = SURFACE_STYLE_FILL_AREA ( #4360 ) ;
#1117 = CARTESIAN_POINT ( 'NONE',  ( -127.9233521597989949, -34.25397777197829896, -4.750000000000039968 ) ) ;
#1118 = SURFACE_SIDE_STYLE ('',( #569 ) ) ;
#1119 = CARTESIAN_POINT ( 'NONE',  ( -127.9233521597989949, -34.25397777197869686, 4.750000000000910383 ) ) ;
#1120 = CARTESIAN_POINT ( 'NONE',  ( -135.6833521597989716, -30.37397777197869075, -5.265492065110767506 ) ) ;
#1121 = B_SPLINE_CURVE_WITH_KNOTS ( 'NONE', 3,
 ( #3596, #5146, #3149, #2025, #2645, #4711, #4210, #5755 ),
 .UNSPECIFIED., .F., .F.,
 ( 4, 2, 2, 4 ),
 ( 1.734723475976807094E-18, 0.0003516238414257323304, 0.0007032476828514629260, 0.001406495365702914793 ),
 .UNSPECIFIED. ) ;
#1122 = VERTEX_POINT ( 'NONE', #3779 ) ;
#1123 = DIRECTION ( 'NONE',  ( -6.123031769111889989E-17, 0.0000000000000000000, 1.000000000000000000 ) ) ;
#1124 = EDGE_CURVE ( 'NONE', #2338, #1482, #5824, .T. ) ;
#1125 = DIRECTION ( 'NONE',  ( -6.123031769111889989E-17, 0.0000000000000000000, 1.000000000000000000 ) ) ;
#1126 = DIRECTION ( 'NONE',  ( 1.224606353822379970E-16, -1.000000000000000000, -1.224606353822379970E-16 ) ) ;
#1127 = CARTESIAN_POINT ( 'NONE',  ( -135.2090362416096525, -31.67470919173813471, -5.335786437627007217 ) ) ;
#1128 = DIRECTION ( 'NONE',  ( 1.000000000000000000, 1.224606353822379970E-16, 6.123031769111889989E-17 ) ) ;
#1129 = FACE_OUTER_BOUND ( 'NONE', #364, .T. ) ;
#1130 = SURFACE_STYLE_FILL_AREA ( #6241 ) ;
#1131 = ORIENTED_EDGE ( 'NONE', *, *, #3068, .T. ) ;
#1132 = CARTESIAN_POINT ( 'NONE',  ( -127.9233521597989949, -34.25397777197829896, -4.508018297699240229 ) ) ;
#1133 = EDGE_CURVE ( 'NONE', #6647, #3889, #6686, .T. ) ;
#1134 = SURFACE_SIDE_STYLE ('',( #1029 ) ) ;
#1135 = SURFACE_STYLE_USAGE ( .BOTH. , #4153 ) ;
#1136 = ORIENTED_EDGE ( 'NONE', *, *, #189, .F. ) ;
#1137 = CARTESIAN_POINT ( 'NONE',  ( -128.7372770353023270, -30.33766237392404719, 4.749999999999955591 ) ) ;
#1138 = CARTESIAN_POINT ( 'NONE',  ( -127.3160437786881829, -31.31609136671480798, -5.630000000000039861 ) ) ;
#1139 = SURFACE_STYLE_FILL_AREA ( #1739 ) ;
#1140 =( NAMED_UNIT ( * ) PLANE_ANGLE_UNIT ( ) SI_UNIT ( $, .RADIAN. ) );
#1141 = CARTESIAN_POINT ( 'NONE',  ( -127.6972188189033091, -30.37974990319055024, 2.151775152896486798 ) ) ;
#1142 = B_SPLINE_CURVE_WITH_KNOTS ( 'NONE', 3,
 ( #602, #5246, #493, #570, #2592, #6230, #4238, #2665 ),
 .UNSPECIFIED., .F., .F.,
 ( 4, 2, 2, 4 ),
 ( 8.673617379884035472E-19, 0.0003437132256607838897, 0.0006874264513215669120, 0.001374852902643115826 ),
 .UNSPECIFIED. ) ;
#1143 = EDGE_LOOP ( 'NONE', ( #3949, #5555, #1030, #4971 ) ) ;
#1144 = SURFACE_STYLE_FILL_AREA ( #4894 ) ;
#1145 = CARTESIAN_POINT ( 'NONE',  ( -127.1840098816346654, -31.22676563323383547, -5.630000000000051408 ) ) ;
#1146 = CARTESIAN_POINT ( 'NONE',  ( -127.6972243261186009, -30.25957637980164705, -0.2932810237661363506 ) ) ;
#1147 = CARTESIAN_POINT ( 'NONE',  ( -127.9233521597989949, -31.25397777197829541, 4.749999999999929834 ) ) ;
#1148 = CYLINDRICAL_SURFACE ( 'NONE', #3161, 3.879999999999994564 ) ;
#1149 = LINE ( 'NONE', #2206, #1723 ) ;
#1150 = CARTESIAN_POINT ( 'NONE',  ( -128.4287251390383915, -30.40658552570610240, -0.2897742328968967440 ) ) ;
#1151 = B_SPLINE_CURVE_WITH_KNOTS ( 'NONE', 3,
 ( #2387, #1667, #816, #1166, #6248, #127, #585, #2216, #1603, #265 ),
 .UNSPECIFIED., .F., .F.,
 ( 4, 2, 2, 2, 4 ),
 ( 4.662069341687669066E-18, 0.0003378802221304919896, 0.0006757604442609793172, 0.001013640666391466862, 0.001351520888521954081 ),
 .UNSPECIFIED. ) ;
#1152 = CARTESIAN_POINT ( 'NONE',  ( -127.9233521597989949, -36.18255236209569858, -1.469182422981889946 ) ) ;
#1153 = CARTESIAN_POINT ( 'NONE',  ( -127.2911081908241471, -30.30426036896134434, 3.411304077295475690 ) ) ;
#1154 = EDGE_CURVE ( 'NONE', #1915, #5899, #4774, .T. ) ;
#1155 = FILL_AREA_STYLE_COLOUR ( '', #312 ) ;
#1156 = CIRCLE ( 'NONE', #4968, 0.8799999999999987832 ) ;
#1157 = SURFACE_SIDE_STYLE ('',( #1130 ) ) ;
#1158 = UNCERTAINTY_MEASURE_WITH_UNIT (LENGTH_MEASURE( 1.000000000000000082E-05 ), #2970, 'distance_accuracy_value', 'NONE');
#1159 = AXIS2_PLACEMENT_3D ( 'NONE', #1117, #1012, #1554 ) ;
#1160 = LINE ( 'NONE', #2184, #4807 ) ;
#1162 = EDGE_CURVE ( 'NONE', #4768, #4575, #3870, .T. ) ;
#1161 = EDGE_LOOP ( 'NONE', ( #6550, #982, #3964, #3929 ) ) ;
#1163 = DIRECTION ( 'NONE',  ( 1.224606353822379970E-16, -1.000000000000000000, -0.0000000000000000000 ) ) ;
#1164 = CARTESIAN_POINT ( 'NONE',  ( -128.8394883553755506, -30.56658222780509604, -5.364660303024132659 ) ) ;
#1165 = STYLED_ITEM ( 'NONE', ( #2901 ), #5142 ) ;
#1166 = CARTESIAN_POINT ( 'NONE',  ( -128.1494838176467113, -30.37974979221844407, -0.2932850293043800516 ) ) ;
#1167 = CARTESIAN_POINT ( 'NONE',  ( -128.8603507143014042, -30.48881725629491157, -0.006160745210934240150 ) ) ;
#1168 = ORIENTED_EDGE ( 'NONE', *, *, #4938, .T. ) ;
#1169 = CARTESIAN_POINT ( 'NONE',  ( -135.2054295968481767, -31.68193364252727662, 5.265241647999144625 ) ) ;
#1170 = AXIS2_PLACEMENT_3D ( 'NONE', #4377, #5903, #2416 ) ;
#1171 = EDGE_CURVE ( 'NONE', #604, #6272, #305, .T. ) ;
#1172 = VECTOR ( 'NONE', #507, 1000.000000000000000 ) ;
#1173 =( NAMED_UNIT ( * ) SI_UNIT ( $, .STERADIAN. ) SOLID_ANGLE_UNIT ( ) );
#1174 = ORIENTED_EDGE ( 'NONE', *, *, #2824, .T. ) ;
#1175 = CARTESIAN_POINT ( 'NONE',  ( -135.1968895467468315, -31.69903378124890025, -4.446647422289466967 ) ) ;
#1176 = STYLED_ITEM ( 'NONE', ( #3373 ), #878 ) ;
#1177 =( NAMED_UNIT ( * ) PLANE_ANGLE_UNIT ( ) SI_UNIT ( $, .RADIAN. ) );
#1178 = ORIENTED_EDGE ( 'NONE', *, *, #5279, .F. ) ;
#1179 = CARTESIAN_POINT ( 'NONE',  ( -127.1945534732084013, -31.34384848371242427, -5.630000000000070060 ) ) ;
#1180 = PRESENTATION_LAYER_ASSIGNMENT (  '', '', ( #2376 ) ) ;
#1181 = PLANE ( 'NONE',  #4261 ) ;
#1182 = CARTESIAN_POINT ( 'NONE',  ( -128.3087164106790681, -30.27178358036706385, 2.311114534088209105 ) ) ;
#1183 = CARTESIAN_POINT ( 'NONE',  ( -126.9862819858892635, -30.48883508023758537, -4.508018297699240229 ) ) ;
#1184 = DIRECTION ( 'NONE',  ( 1.000000000000000000, 0.0000000000000000000, 0.0000000000000000000 ) ) ;
#1185 = PRESENTATION_LAYER_ASSIGNMENT (  '', '', ( #2051 ) ) ;
#1186 =( NAMED_UNIT ( * ) PLANE_ANGLE_UNIT ( ) SI_UNIT ( $, .RADIAN. ) );
#1187 = VECTOR ( 'NONE', #79, 1000.000000000000000 ) ;
#1188 = ORIENTED_EDGE ( 'NONE', *, *, #3517, .F. ) ;
#1189 = DIRECTION ( 'NONE',  ( 0.2588190451022719940, 0.9659258262891349256, 0.0000000000000000000 ) ) ;
#1190 = COLOUR_RGB ( '',0.8000000000000000444, 0.1921568627450980227, 0.1921568627450980227 ) ;
#1191 = FILL_AREA_STYLE ('',( #1288 ) ) ;
#1192 = COLOUR_RGB ( '',0.8000000000000000444, 0.1921568627450980227, 0.1921568627450980227 ) ;
#1193 = PRESENTATION_LAYER_ASSIGNMENT (  '', '', ( #6497 ) ) ;
#1194 = B_SPLINE_CURVE_WITH_KNOTS ( 'NONE', 3,
 ( #6332, #4339, #6437, #1146, #1714, #737, #4858, #1652, #3825, #774 ),
 .UNSPECIFIED., .F., .F.,
 ( 4, 2, 2, 2, 4 ),
 ( -0.0006757208490586488975, -0.0003378589973351855914, 2.854388277714718647E-09, 0.0003378647061117410208, 0.0006757265578352043270 ),
 .UNSPECIFIED. ) ;
#1195 = SURFACE_SIDE_STYLE ('',( #686 ) ) ;
#1196 = CARTESIAN_POINT ( 'NONE',  ( -127.7576660653320317, -30.25667594448764319, 1.921238420895298615 ) ) ;
#1197 = DIRECTION ( 'NONE',  ( -6.123031769111889989E-17, 5.817644942362439956E-48, 1.000000000000000000 ) ) ;
#1198 = PRESENTATION_LAYER_ASSIGNMENT (  '', '', ( #2957 ) ) ;
#1199 = CARTESIAN_POINT ( 'NONE',  ( -127.9233521597989949, -30.37397777197829640, -2.891511004989601119 ) ) ;
#1200 =( GEOMETRIC_REPRESENTATION_CONTEXT ( 3 ) GLOBAL_UNCERTAINTY_ASSIGNED_CONTEXT ( ( #4838 ) ) GLOBAL_UNIT_ASSIGNED_CONTEXT ( ( #2574, #454, #4152 ) ) REPRESENTATION_CONTEXT ( 'NONE', 'WORKASPACE' ) );
#1201 = CARTESIAN_POINT ( 'NONE',  ( -127.2911081869855536, -30.42583624392056052, -0.6784922006387860138 ) ) ;
#1202 = CARTESIAN_POINT ( 'NONE',  ( -131.9233521597990091, -34.25397777197829896, -4.598323711144740145 ) ) ;
#1203 = CIRCLE ( 'NONE', #1840, 4.000000000000003553 ) ;
#1204 = COLOUR_RGB ( '',0.6588235294117646967, 0.6588235294117646967, 0.6588235294117646967 ) ;
#1205 = ORIENTED_EDGE ( 'NONE', *, *, #6608, .F. ) ;
#1206 = CARTESIAN_POINT ( 'NONE',  ( -127.4911081869851159, -30.39812959706709705, 3.441924653874686602 ) ) ;
#1207 =( NAMED_UNIT ( * ) SI_UNIT ( $, .STERADIAN. ) SOLID_ANGLE_UNIT ( ) );
#1208 = CARTESIAN_POINT ( 'NONE',  ( -128.5555961326129477, -30.42583624392051433, 3.327671432504575311 ) ) ;
#1209 = ORIENTED_EDGE ( 'NONE', *, *, #5378, .T. ) ;
#1210 =( NAMED_UNIT ( * ) SI_UNIT ( $, .STERADIAN. ) SOLID_ANGLE_UNIT ( ) );
#1211 = EDGE_CURVE ( 'NONE', #4185, #4575, #3263, .T. ) ;
#1212 = CARTESIAN_POINT ( 'NONE',  ( -121.5199033805542825, -31.98785608947970260, -5.630000000000094040 ) ) ;
#1213 = SURFACE_STYLE_USAGE ( .BOTH. , #3236 ) ;
#1214 = CARTESIAN_POINT ( 'NONE',  ( -128.7755652966250466, -30.80485704899010813, -4.080406546459766304 ) ) ;
#1215 =( NAMED_UNIT ( * ) SI_UNIT ( $, .STERADIAN. ) SOLID_ANGLE_UNIT ( ) );
#1216 = DIRECTION ( 'NONE',  ( 1.000000000000000000, 0.0000000000000000000, -0.0000000000000000000 ) ) ;
#1218 = VERTEX_POINT ( 'NONE', #6457 ) ;
#1217 = EDGE_CURVE ( 'NONE', #6171, #1981, #5207, .T. ) ;
#1219 = ADVANCED_FACE ( 'NONE', ( #1792 ), #272, .T. ) ;
#1220 = CARTESIAN_POINT ( 'NONE',  ( -127.6773462912976242, -31.25397777197846239, -5.630000000000070948 ) ) ;
#1221 = VECTOR ( 'NONE', #2048, 1000.000000000000000 ) ;
#1222 = CARTESIAN_POINT ( 'NONE',  ( -128.3555961326129307, -30.27740070772234660, -1.469182422981879732 ) ) ;
#1223 = UNCERTAINTY_MEASURE_WITH_UNIT (LENGTH_MEASURE( 1.000000000000000082E-05 ), #56, 'distance_accuracy_value', 'NONE');
#1224 = SURFACE_SIDE_STYLE ('',( #4281 ) ) ;
#1225 = PRESENTATION_STYLE_ASSIGNMENT (( #4462 ) ) ;
#1226 = ORIENTED_EDGE ( 'NONE', *, *, #3304, .F. ) ;
#1227 =( NAMED_UNIT ( * ) SI_UNIT ( $, .STERADIAN. ) SOLID_ANGLE_UNIT ( ) );
#1228 = LINE ( 'NONE', #1958, #3030 ) ;
#1229 = DIRECTION ( 'NONE',  ( -6.123031769111889989E-17, 0.0000000000000000000, 1.000000000000000000 ) ) ;
#1230 =( NAMED_UNIT ( * ) PLANE_ANGLE_UNIT ( ) SI_UNIT ( $, .RADIAN. ) );
#1231 = DIRECTION ( 'NONE',  ( 1.000000000000000000, 1.224606353822379970E-16, 6.123031769111889989E-17 ) ) ;
#1232 = PRODUCT_DEFINITION_CONTEXT ( 'detailed design', #1861, 'design' ) ;
#1233 = SURFACE_STYLE_USAGE ( .BOTH. , #152 ) ;
#1234 = CARTESIAN_POINT ( 'NONE',  ( -127.9233521597989949, -37.76946983709036942, -5.629999999999090399 ) ) ;
#1235 = EDGE_LOOP ( 'NONE', ( #2456, #544, #4299, #1649 ) ) ;
#1236 = PRESENTATION_STYLE_ASSIGNMENT (( #1734 ) ) ;
#1237 = CARTESIAN_POINT ( 'NONE',  ( -127.1210881361783720, -30.99193848229094073, 5.579333060434296776 ) ) ;
#1238 = CARTESIAN_POINT ( 'NONE',  ( -127.9233521597989949, -34.25397777197829896, -4.598323711144740145 ) ) ;
#1239 = CARTESIAN_POINT ( 'NONE',  ( -134.4673438546367095, -31.94262698404919831, 5.536804444638613987 ) ) ;
#1240 = SURFACE_STYLE_FILL_AREA ( #4329 ) ;
#1241 =( NAMED_UNIT ( * ) SI_UNIT ( $, .STERADIAN. ) SOLID_ANGLE_UNIT ( ) );
#1242 = VERTEX_POINT ( 'NONE', #6490 ) ;
#1243 =( NAMED_UNIT ( * ) SI_UNIT ( $, .STERADIAN. ) SOLID_ANGLE_UNIT ( ) );
#1244 = CYLINDRICAL_SURFACE ( 'NONE', #183, 0.4322439728138838255 ) ;
#1245 = FACE_OUTER_BOUND ( 'NONE', #907, .T. ) ;
#1246 = FACE_OUTER_BOUND ( 'NONE', #5061, .T. ) ;
#1247 = DIRECTION ( 'NONE',  ( 6.123031769111889989E-17, -0.0000000000000000000, -1.000000000000000000 ) ) ;
#1248 = CARTESIAN_POINT ( 'NONE',  ( -128.3555961326129307, -30.27740070772234660, 3.327671417993250280 ) ) ;
#1249 = SURFACE_STYLE_USAGE ( .BOTH. , #3885 ) ;
#1250 = SURFACE_STYLE_FILL_AREA ( #1779 ) ;
#1251 = VERTEX_POINT ( 'NONE', #4816 ) ;
#1252 = CARTESIAN_POINT ( 'NONE',  ( -127.9233521597989949, -36.18255236209569858, -1.469182422981889946 ) ) ;
#1253 =( LENGTH_UNIT ( ) NAMED_UNIT ( * ) SI_UNIT ( .MILLI., .METRE. ) );
#1254 =( NAMED_UNIT ( * ) PLANE_ANGLE_UNIT ( ) SI_UNIT ( $, .RADIAN. ) );
#1255 = FILL_AREA_STYLE ('',( #5907 ) ) ;
#1256 = FACE_OUTER_BOUND ( 'NONE', #1235, .T. ) ;
#1257 = DIRECTION ( 'NONE',  ( -0.9659258262891349256, 0.2588190451022719940, 2.901803563627400097E-14 ) ) ;
#1258 = CARTESIAN_POINT ( 'NONE',  ( -131.9233521597990091, -34.25397777197829896, -4.750000000000039968 ) ) ;
#1259 =( NAMED_UNIT ( * ) SI_UNIT ( $, .STERADIAN. ) SOLID_ANGLE_UNIT ( ) );
#1260 = PRESENTATION_LAYER_ASSIGNMENT (  '', '', ( #2412 ) ) ;
#1261 = VERTEX_POINT ( 'NONE', #5863 ) ;
#1262 = LINE ( 'NONE', #5385, #5775 ) ;
#1263 = AXIS2_PLACEMENT_3D ( 'NONE', #3472, #5119, #5995 ) ;
#1264 = SURFACE_SIDE_STYLE ('',( #157 ) ) ;
#1265 = ORIENTED_EDGE ( 'NONE', *, *, #5697, .F. ) ;
#1266 = CARTESIAN_POINT ( 'NONE',  ( -127.9235225607149857, -37.91936739400546230, 5.657044983151505058 ) ) ;
#1267 = CARTESIAN_POINT ( 'NONE',  ( -127.9233521597989949, -34.25397777197829896, -5.630000000000040750 ) ) ;
#1268 = CARTESIAN_POINT ( 'NONE',  ( -134.3317068957795470, -38.13367985708760699, 5.195173636599667688 ) ) ;
#1269 = FILL_AREA_STYLE_COLOUR ( '', #738 ) ;
#1270 = FILL_AREA_STYLE_COLOUR ( '', #4044 ) ;
#1271 = PRESENTATION_LAYER_ASSIGNMENT (  '', '', ( #5404 ) ) ;
#1272 = VERTEX_POINT ( 'NONE', #1735 ) ;
#1273 = CARTESIAN_POINT ( 'NONE',  ( -128.6322831541421579, -31.33894486560136272, -5.630000000000070060 ) ) ;
#1274 = CARTESIAN_POINT ( 'NONE',  ( -127.0982861301386322, -30.33999437309926961, -2.952881880399350845 ) ) ;
#1275 = SURFACE_STYLE_FILL_AREA ( #6501 ) ;
#1276 = MECHANICAL_DESIGN_GEOMETRIC_PRESENTATION_REPRESENTATION (  '', ( #5615 ), #2126 ) ;
#1277 =( GEOMETRIC_REPRESENTATION_CONTEXT ( 3 ) GLOBAL_UNCERTAINTY_ASSIGNED_CONTEXT ( ( #6317 ) ) GLOBAL_UNIT_ASSIGNED_CONTEXT ( ( #2161, #2117, #5638 ) ) REPRESENTATION_CONTEXT ( 'NONE', 'WORKASPACE' ) );
#1278 = UNCERTAINTY_MEASURE_WITH_UNIT (LENGTH_MEASURE( 1.000000000000000082E-05 ), #109, 'distance_accuracy_value', 'NONE');
#1279 = CARTESIAN_POINT ( 'NONE',  ( -127.4911081869850875, -30.39812959706710060, -1.469182422981890168 ) ) ;
#1280 = PRESENTATION_LAYER_ASSIGNMENT (  '', '', ( #2018 ) ) ;
#1281 = CARTESIAN_POINT ( 'NONE',  ( -127.9233521597989949, -30.25397777197829896, 2.104737251858926683 ) ) ;
#1282 = MECHANICAL_DESIGN_GEOMETRIC_PRESENTATION_REPRESENTATION (  '', ( #407 ), #306 ) ;
#1283 = CARTESIAN_POINT ( 'NONE',  ( -127.9233521597989949, -36.18255236209569858, 3.327671417993249836 ) ) ;
#1284 = DIRECTION ( 'NONE',  ( 1.000000000000000000, 0.0000000000000000000, 1.355252715606879310E-16 ) ) ;
#1285 = FACE_OUTER_BOUND ( 'NONE', #269, .T. ) ;
#1286 = ORIENTED_EDGE ( 'NONE', *, *, #6211, .T. ) ;
#1287 =( GEOMETRIC_REPRESENTATION_CONTEXT ( 3 ) GLOBAL_UNCERTAINTY_ASSIGNED_CONTEXT ( ( #2460 ) ) GLOBAL_UNIT_ASSIGNED_CONTEXT ( ( #2817, #2676, #6345 ) ) REPRESENTATION_CONTEXT ( 'NONE', 'WORKASPACE' ) );
#1288 = FILL_AREA_STYLE_COLOUR ( '', #2868 ) ;
#1289 = CARTESIAN_POINT ( 'NONE',  ( -127.9233521597989949, -34.25397777197829896, -4.750000000000039968 ) ) ;
#1290 = AXIS2_PLACEMENT_3D ( 'NONE', #3151, #1635, #3744 ) ;
#1291 = CARTESIAN_POINT ( 'NONE',  ( -128.0890447628062248, -30.25667623316963528, 3.943412369827676400 ) ) ;
#1292 =( GEOMETRIC_REPRESENTATION_CONTEXT ( 3 ) GLOBAL_UNCERTAINTY_ASSIGNED_CONTEXT ( ( #5790 ) ) GLOBAL_UNIT_ASSIGNED_CONTEXT ( ( #3990, #4997, #2335 ) ) REPRESENTATION_CONTEXT ( 'NONE', 'WORKASPACE' ) );
#1293 = DIRECTION ( 'NONE',  ( 0.0000000000000000000, 1.000000000000000000, 0.0000000000000000000 ) ) ;
#1294 = STYLED_ITEM ( 'NONE', ( #6092 ), #5943 ) ;
#1295 = UNCERTAINTY_MEASURE_WITH_UNIT (LENGTH_MEASURE( 1.000000000000000082E-05 ), #1647, 'distance_accuracy_value', 'NONE');
#1296 =( GEOMETRIC_REPRESENTATION_CONTEXT ( 3 ) GLOBAL_UNCERTAINTY_ASSIGNED_CONTEXT ( ( #3881 ) ) GLOBAL_UNIT_ASSIGNED_CONTEXT ( ( #5926, #4375, #3882 ) ) REPRESENTATION_CONTEXT ( 'NONE', 'WORKASPACE' ) );
#1297 = STYLED_ITEM ( 'NONE', ( #2209 ), #1461 ) ;
#1298 = EDGE_CURVE ( 'NONE', #6112, #3478, #2768, .T. ) ;
#1299 = LINE ( 'NONE', #2454, #2369 ) ;
#1300 = ORIENTED_EDGE ( 'NONE', *, *, #4962, .T. ) ;
#1301 = CARTESIAN_POINT ( 'NONE',  ( -127.9233521597989949, -30.37397777197829640, -4.750000000000070166 ) ) ;
#1302 =( NAMED_UNIT ( * ) PLANE_ANGLE_UNIT ( ) SI_UNIT ( $, .RADIAN. ) );
#1303 = AXIS2_PLACEMENT_3D ( 'NONE', #2218, #2617, #3718 ) ;
#1304 = PRESENTATION_STYLE_ASSIGNMENT (( #5952 ) ) ;
#1305 = ORIENTED_EDGE ( 'NONE', *, *, #4799, .T. ) ;
#1306 =( REPRESENTATION_RELATIONSHIP ('NONE','NONE', #5949, #5482 ) REPRESENTATION_RELATIONSHIP_WITH_TRANSFORMATION ( #4205 )SHAPE_REPRESENTATION_RELATIONSHIP( ) );
#1307 = CARTESIAN_POINT ( 'NONE',  ( -128.5555961326130046, -30.30426036957589631, -0.6784922151501288079 ) ) ;
#1308 = MECHANICAL_DESIGN_GEOMETRIC_PRESENTATION_REPRESENTATION (  '', ( #4051 ), #3613 ) ;
#1309 = AXIS2_PLACEMENT_3D ( 'NONE', #5149, #476, #6530 ) ;
#1310 = EDGE_LOOP ( 'NONE', ( #2469, #5963, #6359, #4955 ) ) ;
#1311 = FILL_AREA_STYLE_COLOUR ( '', #830 ) ;
#1312 = FILL_AREA_STYLE_COLOUR ( '', #2488 ) ;
#1313 =( GEOMETRIC_REPRESENTATION_CONTEXT ( 3 ) GLOBAL_UNCERTAINTY_ASSIGNED_CONTEXT ( ( #1609 ) ) GLOBAL_UNIT_ASSIGNED_CONTEXT ( ( #5293, #2867, #4790 ) ) REPRESENTATION_CONTEXT ( 'NONE', 'WORKASPACE' ) );
#1314 = EDGE_CURVE ( 'NONE', #5932, #2205, #6591, .T. ) ;
#1315 =( BOUNDED_SURFACE ( )  B_SPLINE_SURFACE ( 3, 3, ( 
 ( #1441, #5589, #924, #801 ),
 ( #4423, #6465, #1801, #2572 ),
 ( #451, #3711, #2507, #5692 ),
 ( #3061, #4215, #3117, #2102 ) ),
 .UNSPECIFIED., .F., .F., .T. ) 
 B_SPLINE_SURFACE_WITH_KNOTS ( ( 4, 4 ),
 ( 4, 4 ),
 ( 0.0000000000000000000, 1.000000000000000000 ),
 ( 0.0000000000000000000, 1.000000000000000000 ),
 .UNSPECIFIED. ) 
 GEOMETRIC_REPRESENTATION_ITEM ( )  RATIONAL_B_SPLINE_SURFACE ( (
 ( 1.000000000000000000, 0.9949891257917905518, 0.9949891257917905518, 1.000000000000000000),
 ( 0.8449401610995896927, 0.8407062722388554121, 0.8407062722388554121, 0.8449401610995896927),
 ( 0.8449401610995896927, 0.8407062722388554121, 0.8407062722388554121, 0.8449401610995896927),
 ( 1.000000000000000000, 0.9949891257917905518, 0.9949891257917905518, 1.000000000000000000) ) ) 
 REPRESENTATION_ITEM ( '' )  SURFACE ( )  );
#1316 = FILL_AREA_STYLE ('',( #2514 ) ) ;
#1317 = DIRECTION ( 'NONE',  ( 1.224606353822379970E-16, -1.000000000000000000, -1.224606353822379970E-16 ) ) ;
#1318 = CIRCLE ( 'NONE', #2972, 4.000000000000052403 ) ;
#1319 = CARTESIAN_POINT ( 'NONE',  ( -128.4866843673927121, -30.41330210578800575, 2.206113335446999724 ) ) ;
#1320 = CARTESIAN_POINT ( 'NONE',  ( -127.9233521597989949, -30.37397777197829996, 1.904737251858948710 ) ) ;
#1321 = CARTESIAN_POINT ( 'NONE',  ( -128.8044532678503629, -30.69717640427965222, -4.286442659072586814 ) ) ;
#1322 = FILL_AREA_STYLE ('',( #6061 ) ) ;
#1323 = DIRECTION ( 'NONE',  ( -1.341831088117449945E-14, -0.0000000000000000000, -1.000000000000000000 ) ) ;
#1324 = ORIENTED_EDGE ( 'NONE', *, *, #5858, .T. ) ;
#1325 = SURFACE_STYLE_FILL_AREA ( #5974 ) ;
#1326 =( GEOMETRIC_REPRESENTATION_CONTEXT ( 3 ) GLOBAL_UNCERTAINTY_ASSIGNED_CONTEXT ( ( #1067 ) ) GLOBAL_UNIT_ASSIGNED_CONTEXT ( ( #2141, #2820, #6290 ) ) REPRESENTATION_CONTEXT ( 'NONE', 'WORKASPACE' ) );
#1327 = CARTESIAN_POINT ( 'NONE',  ( -127.1735752436772628, -31.18782303421863844, -0.006160745210948450137 ) ) ;
#1328 = CARTESIAN_POINT ( 'NONE',  ( -127.0920843742618587, -30.94226722501534965, -4.052649073642027311 ) ) ;
#1329 = FACE_BOUND ( 'NONE', #3111, .T. ) ;
#1330 = CARTESIAN_POINT ( 'NONE',  ( -133.9233521597989807, -31.25397777197869331, -5.629999999999089511 ) ) ;
#1331 = CARTESIAN_POINT ( 'NONE',  ( -130.9233521597990091, -34.25397777197829896, -5.750000000000039968 ) ) ;
#1332 = EDGE_CURVE ( 'NONE', #4081, #2671, #6696, .T. ) ;
#1333 = DIRECTION ( 'NONE',  ( -1.000000000000000000, -6.277842074559163314E-16, -6.123031769111889989E-17 ) ) ;
#1334 = VECTOR ( 'NONE', #1125, 1000.000000000000000 ) ;
#1335 = SURFACE_SIDE_STYLE ('',( #4531 ) ) ;
#1336 = CARTESIAN_POINT ( 'NONE',  ( -127.9233521597989949, -34.25397777197829896, -4.750000000000070166 ) ) ;
#1337 = ORIENTED_EDGE ( 'NONE', *, *, #5613, .F. ) ;
#1338 = CARTESIAN_POINT ( 'NONE',  ( -128.8860680259565470, -30.39295532547108181, 4.984861311954526641 ) ) ;
#1339 = SURFACE_STYLE_FILL_AREA ( #4576 ) ;
#1340 = CARTESIAN_POINT ( 'NONE',  ( -127.7576420375163053, -30.37676036168121740, 3.943407493646421624 ) ) ;
#1341 = VERTEX_POINT ( 'NONE', #409 ) ;
#1342 = CARTESIAN_POINT ( 'NONE',  ( -128.5656399196803079, -31.16351878772673345, 5.737678509578246988 ) ) ;
#1343 =( LENGTH_UNIT ( ) NAMED_UNIT ( * ) SI_UNIT ( .MILLI., .METRE. ) );
#1344 = CARTESIAN_POINT ( 'NONE',  ( -127.1334918254556356, -30.45522525934589098, 5.195173636599669464 ) ) ;
#1345 = DIRECTION ( 'NONE',  ( -6.123031769111889989E-17, 0.0000000000000000000, 1.000000000000000000 ) ) ;
#1346 = EDGE_CURVE ( 'NONE', #3077, #4240, #2494, .T. ) ;
#1347 = FACE_OUTER_BOUND ( 'NONE', #704, .T. ) ;
#1348 = CARTESIAN_POINT ( 'NONE',  ( -128.5555961326130046, -36.18255236209569858, 3.327671447015919881 ) ) ;
#1349 = CARTESIAN_POINT ( 'NONE',  ( -128.3120741720186686, -30.39305451653016021, 2.031611348103294024 ) ) ;
#1350 = DIRECTION ( 'NONE',  ( 1.000000000000000000, 0.0000000000000000000, 0.0000000000000000000 ) ) ;
#1351 = SURFACE_SIDE_STYLE ('',( #4490 ) ) ;
#1352 = UNCERTAINTY_MEASURE_WITH_UNIT (LENGTH_MEASURE( 1.000000000000000082E-05 ), #313, 'distance_accuracy_value', 'NONE');
#1353 = CARTESIAN_POINT ( 'NONE',  ( -131.0798486828187208, -34.25397777197849791, 5.970093049101929950 ) ) ;
#1354 = SURFACE_SIDE_STYLE ('',( #5598 ) ) ;
#1355 =( NAMED_UNIT ( * ) SI_UNIT ( $, .STERADIAN. ) SOLID_ANGLE_UNIT ( ) );
#1356 = ORIENTED_EDGE ( 'NONE', *, *, #3304, .T. ) ;
#1357 =( NAMED_UNIT ( * ) SI_UNIT ( $, .STERADIAN. ) SOLID_ANGLE_UNIT ( ) );
#1358 = CARTESIAN_POINT ( 'NONE',  ( -124.9233521597989949, -34.25397777197869686, 5.630000000000904947 ) ) ;
#1359 = CARTESIAN_POINT ( 'NONE',  ( -133.9233521597990091, -31.25397777197868976, 5.630000000000910276 ) ) ;
#1360 = CARTESIAN_POINT ( 'NONE',  ( -127.9233521597989949, -34.25397777197829896, -4.598323711144740145 ) ) ;
#1361 = CYLINDRICAL_SURFACE ( 'NONE', #83, 4.000000000000003553 ) ;
#1362 =( BOUNDED_SURFACE ( )  B_SPLINE_SURFACE ( 3, 3, ( 
 ( #510, #5152, #4108, #1601 ),
 ( #5262, #481, #3565, #5624 ),
 ( #965, #6684, #556, #3644 ),
 ( #2612, #6142, #4688, #2074 ) ),
 .UNSPECIFIED., .F., .F., .T. ) 
 B_SPLINE_SURFACE_WITH_KNOTS ( ( 4, 4 ),
 ( 4, 4 ),
 ( 0.0000000000000000000, 1.000000000000000000 ),
 ( 0.0000000000000000000, 1.000000000000000000 ),
 .UNSPECIFIED. ) 
 GEOMETRIC_REPRESENTATION_ITEM ( )  RATIONAL_B_SPLINE_SURFACE ( (
 ( 1.000000000000000000, 0.9949666955933267332, 0.9949666955933267332, 1.000000000000000000),
 ( 0.8402842454912138326, 0.8360548390955248044, 0.8360548390955248044, 0.8402842454912138326),
 ( 0.8402842454912138326, 0.8360548390955248044, 0.8360548390955248044, 0.8402842454912138326),
 ( 1.000000000000000000, 0.9949666955933267332, 0.9949666955933267332, 1.000000000000000000) ) ) 
 REPRESENTATION_ITEM ( '' )  SURFACE ( )  );
#1363 = CARTESIAN_POINT ( 'NONE',  ( -128.7253910057213773, -30.99188298965799504, 5.579333058684997404 ) ) ;
#1364 = CARTESIAN_POINT ( 'NONE',  ( -135.6833521597965841, -38.13397777197749150, -2.891511004989538947 ) ) ;
#1365 = EDGE_CURVE ( 'NONE', #4130, #1706, #3668, .T. ) ;
#1366 = VERTEX_POINT ( 'NONE', #1023 ) ;
#1367 = CARTESIAN_POINT ( 'NONE',  ( -127.7560984721931874, -30.25397743704547437, 3.959917509817391768 ) ) ;
#1368 = CARTESIAN_POINT ( 'NONE',  ( -127.5346263470848953, -30.39305491261033154, 3.833038254873230244 ) ) ;
#1369 = CYLINDRICAL_SURFACE ( 'NONE', #650, 0.4322439728138898762 ) ;
#1370 = PRODUCT_DEFINITION_FORMATION_WITH_SPECIFIED_SOURCE ( 'ANY', '', #2923, .NOT_KNOWN. ) ;
#1371 = ADVANCED_FACE ( 'NONE', ( #3704 ), #4679, .T. ) ;
#1372 =( NAMED_UNIT ( * ) PLANE_ANGLE_UNIT ( ) SI_UNIT ( $, .RADIAN. ) );
#1373 = ORIENTED_EDGE ( 'NONE', *, *, #4308, .T. ) ;
#1374 =( NAMED_UNIT ( * ) SI_UNIT ( $, .STERADIAN. ) SOLID_ANGLE_UNIT ( ) );
#1375 = FILL_AREA_STYLE_COLOUR ( '', #1098 ) ;
#1376 =( NAMED_UNIT ( * ) PLANE_ANGLE_UNIT ( ) SI_UNIT ( $, .RADIAN. ) );
#1377 = SURFACE_STYLE_USAGE ( .BOTH. , #1807 ) ;
#1378 = PRODUCT_DEFINITION_SHAPE ( 'NONE', 'NONE',  #2093 ) ;
#1379 = SURFACE_SIDE_STYLE ('',( #1851 ) ) ;
#1380 = EDGE_LOOP ( 'NONE', ( #3515, #2271, #3810, #5874 ) ) ;
#1381 = PRESENTATION_LAYER_ASSIGNMENT (  '', '', ( #3037 ) ) ;
#1382 = EDGE_LOOP ( 'NONE', ( #2658, #5462 ) ) ;
#1383 = FILL_AREA_STYLE_COLOUR ( '', #5645 ) ;
#1384 = CARTESIAN_POINT ( 'NONE',  ( -127.9233521597990233, -38.13397777197869942, 5.265492065112590048 ) ) ;
#1385 = CARTESIAN_POINT ( 'NONE',  ( -128.5555961326130046, -36.18255236209569858, -1.469182452004569983 ) ) ;
#1386 = CARTESIAN_POINT ( 'NONE',  ( -128.3555961326129307, -30.27740070772234660, -1.469182422981879732 ) ) ;
#1387 = COLOUR_RGB ( '',0.8000000000000000444, 0.1921568627450980227, 0.1921568627450980227 ) ;
#1388 = FILL_AREA_STYLE ('',( #5980 ) ) ;
#1389 = CARTESIAN_POINT ( 'NONE',  ( -128.4824317973865391, -30.87394838195508839, -4.052649073642015765 ) ) ;
#1390 = STYLED_ITEM ( 'NONE', ( #1964 ), #5718 ) ;
#1391 = ADVANCED_FACE ( 'NONE', ( #1129 ), #611, .T. ) ;
#1392 = CARTESIAN_POINT ( 'NONE',  ( -128.3555961326129307, -30.27740070772234660, 2.536981224672845148 ) ) ;
#1393 = PRESENTATION_STYLE_ASSIGNMENT (( #3048 ) ) ;
#1394 = PRESENTATION_LAYER_ASSIGNMENT (  '', '', ( #4355 ) ) ;
#1395 = COLOUR_RGB ( '',0.8000000000000000444, 0.1921568627450980227, 0.1921568627450980227 ) ;
#1396 = AXIS2_PLACEMENT_3D ( 'NONE', #3069, #3651, #4158 ) ;
#1397 = ORIENTED_EDGE ( 'NONE', *, *, #118, .T. ) ;
#1398 = CARTESIAN_POINT ( 'NONE',  ( -128.8492763068036311, -30.53009739084792784, 5.309445093981604913 ) ) ;
#1399 = FILL_AREA_STYLE ('',( #271 ) ) ;
#1400 = MECHANICAL_DESIGN_GEOMETRIC_PRESENTATION_REPRESENTATION (  '', ( #6381 ), #1520 ) ;
#1401 = PRODUCT_DEFINITION ( 'UNKNOWN', '', #825, #2240 ) ;
#1402 = FILL_AREA_STYLE ('',( #3084 ) ) ;
#1403 =( NAMED_UNIT ( * ) PLANE_ANGLE_UNIT ( ) SI_UNIT ( $, .RADIAN. ) );
#1404 = STYLED_ITEM ( 'NONE', ( #3031 ), #2437 ) ;
#1405 = CARTESIAN_POINT ( 'NONE',  ( -127.4179718640155414, -30.28560055424142305, -0.2897817643943599863 ) ) ;
#1406 = MECHANICAL_DESIGN_GEOMETRIC_PRESENTATION_REPRESENTATION (  '', ( #3823 ), #4893 ) ;
#1407 = EDGE_LOOP ( 'NONE', ( #6514, #480, #17, #1600, #617 ) ) ;
#1408 = CARTESIAN_POINT ( 'NONE',  ( 0.0000000000000000000, 0.0000000000000000000, 0.0000000000000000000 ) ) ;
#1409 =( GEOMETRIC_REPRESENTATION_CONTEXT ( 3 ) GLOBAL_UNCERTAINTY_ASSIGNED_CONTEXT ( ( #5982 ) ) GLOBAL_UNIT_ASSIGNED_CONTEXT ( ( #4086, #2114, #3576 ) ) REPRESENTATION_CONTEXT ( 'NONE', 'WORKASPACE' ) );
#1410 = CARTESIAN_POINT ( 'NONE',  ( -126.9552188870530500, -30.37290601714019189, -4.882068135605694081 ) ) ;
#1411 =( NAMED_UNIT ( * ) SI_UNIT ( $, .STERADIAN. ) SOLID_ANGLE_UNIT ( ) );
#1412 = FILL_AREA_STYLE_COLOUR ( '', #2368 ) ;
#1413 = EDGE_LOOP ( 'NONE', ( #3424, #4718, #4043, #1422 ) ) ;
#1414 = ADVANCED_FACE ( 'NONE', ( #3192 ), #2706, .F. ) ;
#1415 = PRESENTATION_LAYER_ASSIGNMENT (  '', '', ( #5322 ) ) ;
#1416 = FILL_AREA_STYLE_COLOUR ( '', #1715 ) ;
#1417 = UNCERTAINTY_MEASURE_WITH_UNIT (LENGTH_MEASURE( 1.000000000000000082E-05 ), #3737, 'distance_accuracy_value', 'NONE');
#1418 = EDGE_CURVE ( 'NONE', #6464, #4533, #5852, .T. ) ;
#1419 = ORIENTED_EDGE ( 'NONE', *, *, #6669, .T. ) ;
#1420 = MECHANICAL_DESIGN_GEOMETRIC_PRESENTATION_REPRESENTATION (  '', ( #5013 ), #4567 ) ;
#1421 = CARTESIAN_POINT ( 'NONE',  ( -128.5555961326130046, -36.18255236209569858, -0.6784922006387860138 ) ) ;
#1422 = ORIENTED_EDGE ( 'NONE', *, *, #3739, .T. ) ;
#1423 = VECTOR ( 'NONE', #359, 1000.000000000000000 ) ;
#1424 = SURFACE_STYLE_FILL_AREA ( #2449 ) ;
#1425 =( NAMED_UNIT ( * ) SI_UNIT ( $, .STERADIAN. ) SOLID_ANGLE_UNIT ( ) );
#1426 = CARTESIAN_POINT ( 'NONE',  ( -127.5946195256777145, -30.25397777197829541, -5.335786437627055179 ) ) ;
#1427 = FILL_AREA_STYLE_COLOUR ( '', #4886 ) ;
#1428 = SHAPE_DEFINITION_REPRESENTATION ( #5733, #5949 ) ;
#1429 = CARTESIAN_POINT ( 'NONE',  ( -126.9862819858891214, -30.48883508023758537, -4.750000000000042633 ) ) ;
#1430 = STYLED_ITEM ( 'NONE', ( #4011 ), #4132 ) ;
#1431 = CARTESIAN_POINT ( 'NONE',  ( -134.5298283488122024, -37.55721586648531485, -4.063772965423816608 ) ) ;
#1432 = APPLICATION_CONTEXT ( 'automotive_design' ) ;
#1433 = VERTEX_POINT ( 'NONE', #3772 ) ;
#1434 = CARTESIAN_POINT ( 'NONE',  ( -127.9233521597989949, -34.25397777197829896, 5.737678509578226560 ) ) ;
#1435 =( GEOMETRIC_REPRESENTATION_CONTEXT ( 3 ) GLOBAL_UNCERTAINTY_ASSIGNED_CONTEXT ( ( #2579 ) ) GLOBAL_UNIT_ASSIGNED_CONTEXT ( ( #6420, #1760, #1259 ) ) REPRESENTATION_CONTEXT ( 'NONE', 'WORKASPACE' ) );
#1436 = DIRECTION ( 'NONE',  ( 0.0000000000000000000, 0.0000000000000000000, -1.000000000000000000 ) ) ;
#1437 = UNCERTAINTY_MEASURE_WITH_UNIT (LENGTH_MEASURE( 1.000000000000000082E-05 ), #4523, 'distance_accuracy_value', 'NONE');
#1438 = PRODUCT ( '1_1', '1_1', '', ( #3491 ) ) ;
#1439 = CARTESIAN_POINT ( 'NONE',  ( -127.4911081869850591, -30.39812959706710060, -0.6784922296614718240 ) ) ;
#1440 = EDGE_LOOP ( 'NONE', ( #6090, #1525, #2023, #6595 ) ) ;
#1441 = CARTESIAN_POINT ( 'NONE',  ( -128.8658597716512020, -30.49019252284404757, 4.749999999999929834 ) ) ;
#1442 = FILL_AREA_STYLE_COLOUR ( '', #6354 ) ;
#1443 =( NAMED_UNIT ( * ) SI_UNIT ( $, .STERADIAN. ) SOLID_ANGLE_UNIT ( ) );
#1444 =( LENGTH_UNIT ( ) NAMED_UNIT ( * ) SI_UNIT ( .MILLI., .METRE. ) );
#1445 = ORIENTED_EDGE ( 'NONE', *, *, #679, .F. ) ;
#1446 =( NAMED_UNIT ( * ) SI_UNIT ( $, .STERADIAN. ) SOLID_ANGLE_UNIT ( ) );
#1447 = SURFACE_STYLE_USAGE ( .BOTH. , #1379 ) ;
#1448 = EDGE_CURVE ( 'NONE', #3077, #38, #648, .T. ) ;
#1449 = ORIENTED_EDGE ( 'NONE', *, *, #6349, .F. ) ;
#1450 =( NAMED_UNIT ( * ) SI_UNIT ( $, .STERADIAN. ) SOLID_ANGLE_UNIT ( ) );
#1451 = CARTESIAN_POINT ( 'NONE',  ( -128.4287344361837029, -30.28560081842544705, -1.857890179524904983 ) ) ;
#1452 = VERTEX_POINT ( 'NONE', #4385 ) ;
#1453 = CARTESIAN_POINT ( 'NONE',  ( -127.3600078437460752, -30.29211353625886716, 2.206124680354313750 ) ) ;
#1454 = SURFACE_STYLE_USAGE ( .BOTH. , #293 ) ;
#1455 = CARTESIAN_POINT ( 'NONE',  ( -127.9233521597989949, -30.25397777197829896, -1.901426395795763558 ) ) ;
#1456 = ADVANCED_FACE ( 'NONE', ( #5812 ), #1727, .T. ) ;
#1457 = FILL_AREA_STYLE ('',( #5136 ) ) ;
#1458 = FILL_AREA_STYLE_COLOUR ( '', #1930 ) ;
#1459 = CARTESIAN_POINT ( 'NONE',  ( -127.9233521597989949, -30.37397777197829640, -2.101426395795781055 ) ) ;
#1460 = CARTESIAN_POINT ( 'NONE',  ( -127.9233521597990233, -30.83953303261914414, -4.052649073642015765 ) ) ;
#1461 = ADVANCED_FACE ( 'NONE', ( #1256 ), #361, .F. ) ;
#1462 = CARTESIAN_POINT ( 'NONE',  ( -127.4911081869855565, -30.27740070772245318, -0.6784922296614741555 ) ) ;
#1463 = CARTESIAN_POINT ( 'NONE',  ( -128.1494815872977995, -30.25957648172493819, -1.854392560168112158 ) ) ;
#1464 = CARTESIAN_POINT ( 'NONE',  ( -127.2140898141368410, -31.33902546961973812, -5.750000000000050626 ) ) ;
#1465 = ORIENTED_EDGE ( 'NONE', *, *, #6217, .F. ) ;
#1466 = SURFACE_STYLE_USAGE ( .BOTH. , #1101 ) ;
#1467 = CARTESIAN_POINT ( 'NONE',  ( -126.9619455243937978, -30.39801016945985879, -5.011659094468271292 ) ) ;
#1468 = CARTESIAN_POINT ( 'NONE',  ( -127.9233521597989949, -34.25397777197869686, -4.508018297698258792 ) ) ;
#1469 = ORIENTED_EDGE ( 'NONE', *, *, #1485, .T. ) ;
#1470 = SURFACE_STYLE_USAGE ( .BOTH. , #1351 ) ;
#1471 = UNCERTAINTY_MEASURE_WITH_UNIT (LENGTH_MEASURE( 1.000000000000000082E-05 ), #1095, 'distance_accuracy_value', 'NONE');
#1472 = ORIENTED_EDGE ( 'NONE', *, *, #962, .T. ) ;
#1473 = PRESENTATION_STYLE_ASSIGNMENT (( #4660 ) ) ;
#1474 = EDGE_LOOP ( 'NONE', ( #4154, #5417, #5948, #277, #4951 ) ) ;
#1475 =( GEOMETRIC_REPRESENTATION_CONTEXT ( 3 ) GLOBAL_UNCERTAINTY_ASSIGNED_CONTEXT ( ( #3502 ) ) GLOBAL_UNIT_ASSIGNED_CONTEXT ( ( #4280, #5704, #5198 ) ) REPRESENTATION_CONTEXT ( 'NONE', 'WORKASPACE' ) );
#1476 = DIRECTION ( 'NONE',  ( -6.123031769111889989E-17, 0.0000000000000000000, 1.000000000000000000 ) ) ;
#1477 = CARTESIAN_POINT ( 'NONE',  ( -127.0108047857894604, -30.58035541540909108, -3.150895985672760968 ) ) ;
#1478 =( LENGTH_UNIT ( ) NAMED_UNIT ( * ) SI_UNIT ( .MILLI., .METRE. ) );
#1479 = AXIS2_PLACEMENT_3D ( 'NONE', #5557, #3434, #1968 ) ;
#1480 = CARTESIAN_POINT ( 'NONE',  ( -128.3555961326128738, -30.27740070772240344, 3.441919062382439609 ) ) ;
#1481 = SURFACE_STYLE_USAGE ( .BOTH. , #1923 ) ;
#1482 = VERTEX_POINT ( 'NONE', #3489 ) ;
#1483 = DIRECTION ( 'NONE',  ( 1.000000000000000000, 0.0000000000000000000, 5.421010862427517240E-17 ) ) ;
#1484 = PRESENTATION_LAYER_ASSIGNMENT (  '', '', ( #3687 ) ) ;
#1485 = EDGE_CURVE ( 'NONE', #4263, #3647, #1718, .T. ) ;
#1486 = UNCERTAINTY_MEASURE_WITH_UNIT (LENGTH_MEASURE( 1.000000000000000082E-05 ), #5996, 'distance_accuracy_value', 'NONE');
#1487 = VECTOR ( 'NONE', #91, 1000.000000000000000 ) ;
#1488 = CONTEXT_DEPENDENT_SHAPE_REPRESENTATION ( #950, #506 ) ;
#1489 = CARTESIAN_POINT ( 'NONE',  ( -128.8094286252697600, -30.67863063343281382, 5.489467338726484513 ) ) ;
#1490 = EDGE_LOOP ( 'NONE', ( #3229, #1999, #1578, #1100 ) ) ;
#1491 = COLOUR_RGB ( '',0.0000000000000000000, 0.0000000000000000000, 0.0000000000000000000 ) ;
#1492 = EDGE_CURVE ( 'NONE', #2699, #382, #3567, .T. ) ;
#1493 = CARTESIAN_POINT ( 'NONE',  ( -127.0740847664705626, -30.81651951841303472, -5.453624952091141509 ) ) ;
#1494 =( NAMED_UNIT ( * ) SI_UNIT ( $, .STERADIAN. ) SOLID_ANGLE_UNIT ( ) );
#1495 = UNCERTAINTY_MEASURE_WITH_UNIT (LENGTH_MEASURE( 1.000000000000000082E-05 ), #6292, 'distance_accuracy_value', 'NONE');
#1496 = AXIS2_PLACEMENT_3D ( 'NONE', #5728, #5288, #620 ) ;
#1497 = CARTESIAN_POINT ( 'NONE',  ( -128.3087164106790681, -30.27178358036706385, -1.695049113566491128 ) ) ;
#1498 = CARTESIAN_POINT ( 'NONE',  ( -134.9807023560949517, -31.77164030944616258, -4.508018297699262433 ) ) ;
#1499 =( GEOMETRIC_REPRESENTATION_CONTEXT ( 3 ) GLOBAL_UNCERTAINTY_ASSIGNED_CONTEXT ( ( #2750 ) ) GLOBAL_UNIT_ASSIGNED_CONTEXT ( ( #6024, #2441, #4591 ) ) REPRESENTATION_CONTEXT ( 'NONE', 'WORKASPACE' ) );
#1500 = VERTEX_POINT ( 'NONE', #4571 ) ;
#1501 = DIRECTION ( 'NONE',  ( 0.0000000000000000000, 0.0000000000000000000, 1.000000000000000000 ) ) ;
#1502 =( NAMED_UNIT ( * ) PLANE_ANGLE_UNIT ( ) SI_UNIT ( $, .RADIAN. ) );
#1503 = PRESENTATION_LAYER_ASSIGNMENT (  '', '', ( #4363 ) ) ;
#1504 =( GEOMETRIC_REPRESENTATION_CONTEXT ( 3 ) GLOBAL_UNCERTAINTY_ASSIGNED_CONTEXT ( ( #1024 ) ) GLOBAL_UNIT_ASSIGNED_CONTEXT ( ( #5675, #3585, #4668 ) ) REPRESENTATION_CONTEXT ( 'NONE', 'WORKASPACE' ) );
#1505 = ORIENTED_EDGE ( 'NONE', *, *, #3034, .T. ) ;
#1506 = ADVANCED_FACE ( 'NONE', ( #6074 ), #300, .F. ) ;
#1507 = CYLINDRICAL_SURFACE ( 'NONE', #3912, 3.879999999999994564 ) ;
#1508 = MECHANICAL_DESIGN_GEOMETRIC_PRESENTATION_REPRESENTATION (  '', ( #3928 ), #1828 ) ;
#1509 = PRESENTATION_LAYER_ASSIGNMENT (  '', '', ( #3823 ) ) ;
#1510 = B_SPLINE_CURVE_WITH_KNOTS ( 'NONE', 3,
 ( #5345, #141, #1182, #2228, #6405, #2800 ),
 .UNSPECIFIED., .F., .F.,
 ( 4, 2, 4 ),
 ( 9.107298248878237246E-18, 0.0003378631649819726778, 0.0006757263299639362482 ),
 .UNSPECIFIED. ) ;
#1511 = PRESENTATION_STYLE_ASSIGNMENT (( #5236 ) ) ;
#1512 = VERTEX_POINT ( 'NONE', #1862 ) ;
#1513 = ADVANCED_FACE ( 'NONE', ( #3972 ), #1361, .T. ) ;
#1514 = CARTESIAN_POINT ( 'NONE',  ( -130.9233521597990091, -34.25397777197869686, -5.749999999999089617 ) ) ;
#1515 = AXIS2_PLACEMENT_3D ( 'NONE', #646, #5253, #2703 ) ;
#1516 = ORIENTED_EDGE ( 'NONE', *, *, #3223, .F. ) ;
#1517 = CARTESIAN_POINT ( 'NONE',  ( -124.0433521597989852, -34.25397777197829896, -4.508018297699232235 ) ) ;
#1518 = MECHANICAL_DESIGN_GEOMETRIC_PRESENTATION_REPRESENTATION (  '', ( #2049 ), #6075 ) ;
#1519 = LINE ( 'NONE', #5673, #500 ) ;
#1520 =( GEOMETRIC_REPRESENTATION_CONTEXT ( 3 ) GLOBAL_UNCERTAINTY_ASSIGNED_CONTEXT ( ( #4896 ) ) GLOBAL_UNIT_ASSIGNED_CONTEXT ( ( #2121, #680, #601 ) ) REPRESENTATION_CONTEXT ( 'NONE', 'WORKASPACE' ) );
#1521 = CARTESIAN_POINT ( 'NONE',  ( -127.9233521597989949, -34.25397777197849791, 5.615972769942930043 ) ) ;
#1522 = LINE ( 'NONE', #4704, #5855 ) ;
#1523 = PRESENTATION_STYLE_ASSIGNMENT (( #1585 ) ) ;
#1524 = B_SPLINE_CURVE_WITH_KNOTS ( 'NONE', 3,
 ( #5471, #3962, #3518, #2046, #1451, #4118, #6603, #4064 ),
 .UNSPECIFIED., .F., .F.,
 ( 4, 2, 2, 4 ),
 ( 0.0000000000000000000, 0.0002473039788344880596, 0.0004946079576689761193, 0.0009892159153378943422 ),
 .UNSPECIFIED. ) ;
#1525 = ORIENTED_EDGE ( 'NONE', *, *, #3756, .T. ) ;
#1526 = STYLED_ITEM ( 'NONE', ( #2694 ), #3094 ) ;
#1527 = ITEM_DEFINED_TRANSFORMATION ( 'NONE', 'NONE', #2169,  #1074 ) ;
#1528 = DIRECTION ( 'NONE',  ( 6.123031769111889989E-17, -0.0000000000000000000, -1.000000000000000000 ) ) ;
#1529 = CARTESIAN_POINT ( 'NONE',  ( -127.9233521597989949, -34.25397777197829896, -4.508018297699240229 ) ) ;
#1530 = DIRECTION ( 'NONE',  ( 0.0000000000000000000, 0.0000000000000000000, -1.000000000000000000 ) ) ;
#1531 = COLOUR_RGB ( '',1.000000000000000000, 1.000000000000000000, 1.000000000000000000 ) ;
#1532 = CARTESIAN_POINT ( 'NONE',  ( -120.6373749359632370, -31.67553738238049021, -4.750000000000039968 ) ) ;
#1534 = EDGE_CURVE ( 'NONE', #351, #114, #2614, .T. ) ;
#1533 = ORIENTED_EDGE ( 'NONE', *, *, #4665, .F. ) ;
#1535 = CARTESIAN_POINT ( 'NONE',  ( -127.2140898141367273, -31.33902546961986246, -5.630000000000070948 ) ) ;
#1536 = CIRCLE ( 'NONE', #6416, 1.020216641758081577 ) ;
#1537 = CARTESIAN_POINT ( 'NONE',  ( -127.9233521597989949, -30.25397777197829896, -1.901426395795773550 ) ) ;
#1538 = DIRECTION ( 'NONE',  ( 1.000000000000000000, 0.0000000000000000000, 0.0000000000000000000 ) ) ;
#1539 = ORIENTED_EDGE ( 'NONE', *, *, #6658, .F. ) ;
#1540 = AXIS2_PLACEMENT_3D ( 'NONE', #3143, #6277, #4247 ) ;
#1541 = CARTESIAN_POINT ( 'NONE',  ( -127.9233521597989949, -34.25397777197829896, 4.749999999999940492 ) ) ;
#1542 = ORIENTED_EDGE ( 'NONE', *, *, #2679, .T. ) ;
#1543 = CARTESIAN_POINT ( 'NONE',  ( -128.7372770353023270, -30.33766237392405074, 5.265241647999144625 ) ) ;
#1544 = CARTESIAN_POINT ( 'NONE',  ( -124.9233521597989949, -36.01133708485940588, 5.630000000000910276 ) ) ;
#1545 = ADVANCED_FACE ( 'NONE', ( #1016 ), #471, .T. ) ;
#1546 = FILL_AREA_STYLE_COLOUR ( '', #2154 ) ;
#1547 = PRODUCT ( '9_1', '9_1', '', ( #5143 ) ) ;
#1548 = UNCERTAINTY_MEASURE_WITH_UNIT (LENGTH_MEASURE( 1.000000000000000082E-05 ), #1253, 'distance_accuracy_value', 'NONE');
#1549 = CARTESIAN_POINT ( 'NONE',  ( -128.5783103509718046, -30.29429513185731437, -5.335786437627053402 ) ) ;
#1550 = CARTESIAN_POINT ( 'NONE',  ( -126.9552188870528511, -30.37290601714022387, 4.749999999999929834 ) ) ;
#1551 = ORIENTED_EDGE ( 'NONE', *, *, #2109, .T. ) ;
#1552 = CARTESIAN_POINT ( 'NONE',  ( -127.9233521597989949, -36.18255236209569858, -2.101426395795781943 ) ) ;
#1553 = CARTESIAN_POINT ( 'NONE',  ( -128.7731664518356354, -30.81379880372498903, 5.471866310828975344 ) ) ;
#1554 = DIRECTION ( 'NONE',  ( 0.0000000000000000000, 1.000000000000000000, 0.0000000000000000000 ) ) ;
#1555 = CARTESIAN_POINT ( 'NONE',  ( -127.8091011640081973, -30.37397768193087089, 3.759916199110228785 ) ) ;
#1556 = DIRECTION ( 'NONE',  ( 6.123031769111889989E-17, -5.400123095199909910E-49, -1.000000000000000000 ) ) ;
#1557 = ORIENTED_EDGE ( 'NONE', *, *, #4500, .F. ) ;
#1558 = SURFACE_SIDE_STYLE ('',( #3529 ) ) ;
#1559 = FILL_AREA_STYLE ('',( #5277 ) ) ;
#1560 = FILL_AREA_STYLE_COLOUR ( '', #6609 ) ;
#1561 = CARTESIAN_POINT ( 'NONE',  ( -135.2090362416096525, -31.67470919173813826, -4.750000000000039968 ) ) ;
#1562 = ORIENTED_EDGE ( 'NONE', *, *, #6251, .F. ) ;
#1563 = LINE ( 'NONE', #6208, #2925 ) ;
#1564 = DIRECTION ( 'NONE',  ( 6.123031769111889989E-17, -0.0000000000000000000, -1.000000000000000000 ) ) ;
#1565 = EDGE_CURVE ( 'NONE', #6112, #19, #3184, .T. ) ;
#1566 = FACE_OUTER_BOUND ( 'NONE', #6602, .T. ) ;
#1567 = VERTEX_POINT ( 'NONE', #6166 ) ;
#1568 = FILL_AREA_STYLE_COLOUR ( '', #2347 ) ;
#1569 = DIRECTION ( 'NONE',  ( 6.123031769111889989E-17, 0.0000000000000000000, -1.000000000000000000 ) ) ;
#1570 = ORIENTED_EDGE ( 'NONE', *, *, #1534, .F. ) ;
#1571 = EDGE_CURVE ( 'NONE', #1990, #3362, #2723, .T. ) ;
#1572 = DIRECTION ( 'NONE',  ( -6.123031769111889989E-17, 5.817644942362439956E-48, 1.000000000000000000 ) ) ;
#1573 = CARTESIAN_POINT ( 'NONE',  ( -127.9233521597989949, -34.25397777197829896, 0.8985590598002769491 ) ) ;
#1574 = CARTESIAN_POINT ( 'NONE',  ( -127.4911081869851159, -30.27740070772240344, 2.422733097679345970 ) ) ;
#1575 = CARTESIAN_POINT ( 'NONE',  ( -128.6536934491509498, -31.34423524022969687, -5.750000000000070166 ) ) ;
#1576 = SURFACE_STYLE_USAGE ( .BOTH. , #6635 ) ;
#1577 = FILL_AREA_STYLE ('',( #2583 ) ) ;
#1578 = ORIENTED_EDGE ( 'NONE', *, *, #945, .F. ) ;
#1579 = CLOSED_SHELL ( 'NONE', ( #1461, #1011, #6164, #3319, #2886, #3844, #3551, #1868, #2764, #4827, #2082, #3351, #2590, #633, #457, #86, #659, #3094, #1630, #747, #1506, #58, #6180, #5066, #5308, #6691, #2072, #797, #5077, #6220 ) ) ;
#1580 = FACE_OUTER_BOUND ( 'NONE', #3727, .T. ) ;
#1581 = DIRECTION ( 'NONE',  ( 1.000000000000000000, 0.0000000000000000000, 1.117734198438665941E-16 ) ) ;
#1582 = CARTESIAN_POINT ( 'NONE',  ( -128.8603507143009779, -30.48881725629491513, -4.598323711144740145 ) ) ;
#1583 = DIRECTION ( 'NONE',  ( 1.224606353822379970E-16, -0.0000000000000000000, -1.000000000000000000 ) ) ;
#1584 = COLOUR_RGB ( '',0.8000000000000000444, 0.1921568627450980227, 0.1921568627450980227 ) ;
#1585 = SURFACE_STYLE_USAGE ( .BOTH. , #603 ) ;
#1586 = VERTEX_POINT ( 'NONE', #4241 ) ;
#1587 =( NAMED_UNIT ( * ) PLANE_ANGLE_UNIT ( ) SI_UNIT ( $, .RADIAN. ) );
#1588 = EDGE_CURVE ( 'NONE', #5985, #273, #6273, .T. ) ;
#1589 = CIRCLE ( 'NONE', #2814, 3.879999999999994564 ) ;
#1590 = COLOUR_RGB ( '',0.8000000000000000444, 0.1921568627450980227, 0.1921568627450980227 ) ;
#1591 = SURFACE_STYLE_USAGE ( .BOTH. , #2063 ) ;
#1592 = EDGE_LOOP ( 'NONE', ( #5583, #169, #565, #2563, #2576, #1205, #963, #4203 ) ) ;
#1593 = DIRECTION ( 'NONE',  ( 0.0000000000000000000, 0.0000000000000000000, 1.000000000000000000 ) ) ;
#1594 = CARTESIAN_POINT ( 'NONE',  ( -130.9233521597990091, -34.25397777197869686, -5.749999999999089617 ) ) ;
#1595 = CARTESIAN_POINT ( 'NONE',  ( -124.9233521597989949, -34.25397777197869686, -5.629999999999089511 ) ) ;
#1596 = CARTESIAN_POINT ( 'NONE',  ( -124.0433521597989994, -34.25397777197829896, -2.891511004989599343 ) ) ;
#1597 = VECTOR ( 'NONE', #4596, 1000.000000000000000 ) ;
#1598 = PRESENTATION_LAYER_ASSIGNMENT (  '', '', ( #2259 ) ) ;
#1599 = MECHANICAL_DESIGN_GEOMETRIC_PRESENTATION_REPRESENTATION (  '', ( #3578 ), #508 ) ;
#1600 = ORIENTED_EDGE ( 'NONE', *, *, #344, .F. ) ;
#1601 = CARTESIAN_POINT ( 'NONE',  ( -127.9233521597989949, -30.25397777197829186, 4.749999999999929834 ) ) ;
#1602 = DIRECTION ( 'NONE',  ( -6.123031769111889989E-17, 0.0000000000000000000, 1.000000000000000000 ) ) ;
#1603 = CARTESIAN_POINT ( 'NONE',  ( -127.4911081869851159, -30.39812959706709705, -0.5642389937800154076 ) ) ;
#1604 = CARTESIAN_POINT ( 'NONE',  ( -127.9233521597989949, -30.58858814599020093, 5.657044983151434892 ) ) ;
#1605 = ORIENTED_EDGE ( 'NONE', *, *, #1622, .T. ) ;
#1606 = SURFACE_STYLE_USAGE ( .BOTH. , #100 ) ;
#1607 = COLOUR_RGB ( '',1.000000000000000000, 1.000000000000000000, 1.000000000000000000 ) ;
#1608 =( NAMED_UNIT ( * ) SI_UNIT ( $, .STERADIAN. ) SOLID_ANGLE_UNIT ( ) );
#1609 = UNCERTAINTY_MEASURE_WITH_UNIT (LENGTH_MEASURE( 1.000000000000000082E-05 ), #5293, 'distance_accuracy_value', 'NONE');
#1610 = CARTESIAN_POINT ( 'NONE',  ( -127.9233521597989949, -30.25397777197829896, 2.104737251858926683 ) ) ;
#1611 = COLOUR_RGB ( '',0.8000000000000000444, 0.1921568627450980227, 0.1921568627450980227 ) ;
#1612 = CARTESIAN_POINT ( 'NONE',  ( -128.4145708031785773, -31.28421579188773549, -5.750000000000071942 ) ) ;
#1613 = EDGE_CURVE ( 'NONE', #2788, #1512, #2270, .T. ) ;
#1614 = SURFACE_STYLE_USAGE ( .BOTH. , #2727 ) ;
#1615 = VERTEX_POINT ( 'NONE', #4802 ) ;
#1616 = CIRCLE ( 'NONE', #2042, 3.000000000000002665 ) ;
#1617 =( GEOMETRIC_REPRESENTATION_CONTEXT ( 3 ) GLOBAL_UNCERTAINTY_ASSIGNED_CONTEXT ( ( #3544 ) ) GLOBAL_UNIT_ASSIGNED_CONTEXT ( ( #2428, #6104, #1886 ) ) REPRESENTATION_CONTEXT ( 'NONE', 'WORKASPACE' ) );
#1618 = FILL_AREA_STYLE_COLOUR ( '', #2478 ) ;
#1619 = AXIS2_PLACEMENT_3D ( 'NONE', #3826, #2838, #1284 ) ;
#1620 =( GEOMETRIC_REPRESENTATION_CONTEXT ( 3 ) GLOBAL_UNCERTAINTY_ASSIGNED_CONTEXT ( ( #2540 ) ) GLOBAL_UNIT_ASSIGNED_CONTEXT ( ( #3996, #4499, #3660 ) ) REPRESENTATION_CONTEXT ( 'NONE', 'WORKASPACE' ) );
#1621 = FACE_OUTER_BOUND ( 'NONE', #6207, .T. ) ;
#1622 = EDGE_CURVE ( 'NONE', #30, #6356, #2312, .T. ) ;
#1623 = SURFACE_SIDE_STYLE ('',( #2050 ) ) ;
#1624 = LINE ( 'NONE', #4629, #433 ) ;
#1625 = COLOUR_RGB ( '',0.7921568627450980005, 0.8196078431372548767, 0.9333333333333333481 ) ;
#1626 = SURFACE_STYLE_FILL_AREA ( #2697 ) ;
#1627 = ORIENTED_EDGE ( 'NONE', *, *, #4730, .F. ) ;
#1628 = MECHANICAL_DESIGN_GEOMETRIC_PRESENTATION_REPRESENTATION (  '', ( #870 ), #5435 ) ;
#1629 = AXIS2_PLACEMENT_3D ( 'NONE', #1238, #3907, #275 ) ;
#1630 = ADVANCED_FACE ( 'NONE', ( #1656 ), #3890, .F. ) ;
#1631 = CARTESIAN_POINT ( 'NONE',  ( -126.9552188870530784, -30.37290601714018479, -5.014137173041608442 ) ) ;
#1632 = LINE ( 'NONE', #3221, #2520 ) ;
#1633 = AXIS2_PLACEMENT_3D ( 'NONE', #6703, #5165, #3733 ) ;
#1634 =( NAMED_UNIT ( * ) PLANE_ANGLE_UNIT ( ) SI_UNIT ( $, .RADIAN. ) );
#1635 = DIRECTION ( 'NONE',  ( 6.123031769111889989E-17, -1.000000000000000000, -1.224606353822379970E-16 ) ) ;
#1636 = CARTESIAN_POINT ( 'NONE',  ( -127.4911081869851159, -30.27740070772250291, 3.441921015321167232 ) ) ;
#1637 = UNCERTAINTY_MEASURE_WITH_UNIT (LENGTH_MEASURE( 1.000000000000000082E-05 ), #778, 'distance_accuracy_value', 'NONE');
#1638 = SURFACE_SIDE_STYLE ('',( #3226 ) ) ;
#1639 = CARTESIAN_POINT ( 'NONE',  ( -127.9233521597989949, -30.25397777197829896, -2.101426395795771285 ) ) ;
#1640 = ORIENTED_EDGE ( 'NONE', *, *, #414, .F. ) ;
#1641 = CARTESIAN_POINT ( 'NONE',  ( -127.4911081869859970, -30.27740070772239989, -0.6784922296614720461 ) ) ;
#1642 = FILL_AREA_STYLE_COLOUR ( '', #4870 ) ;
#1643 = MECHANICAL_DESIGN_GEOMETRIC_PRESENTATION_REPRESENTATION (  '', ( #5242 ), #3837 ) ;
#1644 = ORIENTED_EDGE ( 'NONE', *, *, #1810, .F. ) ;
#1645 = AXIS2_PLACEMENT_3D ( 'NONE', #4840, #153, #4943 ) ;
#1646 = CARTESIAN_POINT ( 'NONE',  ( -128.8021050588667435, -30.70592941276552779, -4.288724154639555586 ) ) ;
#1647 =( LENGTH_UNIT ( ) NAMED_UNIT ( * ) SI_UNIT ( .MILLI., .METRE. ) );
#1648 =( NAMED_UNIT ( * ) PLANE_ANGLE_UNIT ( ) SI_UNIT ( $, .RADIAN. ) );
#1649 = ORIENTED_EDGE ( 'NONE', *, *, #4142, .F. ) ;
#1650 = PRESENTATION_STYLE_ASSIGNMENT (( #2628 ) ) ;
#1651 = EDGE_CURVE ( 'NONE', #1251, #4065, #2806, .T. ) ;
#1652 = CARTESIAN_POINT ( 'NONE',  ( -128.3085634251419833, -30.27176770687249174, -0.4523648920491186720 ) ) ;
#1653 = FILL_AREA_STYLE_COLOUR ( '', #1204 ) ;
#1654 = DIRECTION ( 'NONE',  ( -6.123031769111889989E-17, 0.0000000000000000000, 1.000000000000000000 ) ) ;
#1655 = ORIENTED_EDGE ( 'NONE', *, *, #915, .T. ) ;
#1656 = FACE_OUTER_BOUND ( 'NONE', #3286, .T. ) ;
#1657 = ADVANCED_FACE ( 'NONE', ( #5881 ), #6369, .F. ) ;
#1658 = DIRECTION ( 'NONE',  ( -6.123031769111889989E-17, 0.0000000000000000000, 1.000000000000000000 ) ) ;
#1659 = FACE_OUTER_BOUND ( 'NONE', #2497, .T. ) ;
#1660 = SURFACE_SIDE_STYLE ('',( #5446 ) ) ;
#1661 = EDGE_CURVE ( 'NONE', #6079, #5899, #1149, .T. ) ;
#1662 =( NAMED_UNIT ( * ) SI_UNIT ( $, .STERADIAN. ) SOLID_ANGLE_UNIT ( ) );
#1663 = CARTESIAN_POINT ( 'NONE',  ( -120.1633521597989898, -30.37397777197869431, 4.750000000000911271 ) ) ;
#1664 = DIRECTION ( 'NONE',  ( 0.0000000000000000000, 0.0000000000000000000, 1.000000000000000000 ) ) ;
#1665 = ORIENTED_EDGE ( 'NONE', *, *, #1829, .T. ) ;
#1666 =( LENGTH_UNIT ( ) NAMED_UNIT ( * ) SI_UNIT ( .MILLI., .METRE. ) );
#1667 = CARTESIAN_POINT ( 'NONE',  ( -128.3555961326128738, -30.39812959706709705, -0.5642369296731325479 ) ) ;
#1668 = CARTESIAN_POINT ( 'NONE',  ( -127.9233521597989949, -30.37397777197829640, -2.101426395795781055 ) ) ;
#1669 = CARTESIAN_POINT ( 'NONE',  ( -120.6410356098408556, -31.68261072909426446, 5.265241647999144625 ) ) ;
#1670 = CARTESIAN_POINT ( 'NONE',  ( -120.8559542526782451, -31.75289059406844316, -4.750000000000039968 ) ) ;
#1671 = ORIENTED_EDGE ( 'NONE', *, *, #5577, .T. ) ;
#1672 = CARTESIAN_POINT ( 'NONE',  ( -127.9233521597989949, -36.18255236209569858, -0.6784922296614720461 ) ) ;
#1673 = FILL_AREA_STYLE ('',( #6328 ) ) ;
#1674 =( LENGTH_UNIT ( ) NAMED_UNIT ( * ) SI_UNIT ( .MILLI., .METRE. ) );
#1675 = ORIENTED_EDGE ( 'NONE', *, *, #149, .F. ) ;
#1676 = EDGE_CURVE ( 'NONE', #3081, #894, #5376, .T. ) ;
#1677 = CYLINDRICAL_SURFACE ( 'NONE', #971, 3.879999999999994564 ) ;
#1678 = UNCERTAINTY_MEASURE_WITH_UNIT (LENGTH_MEASURE( 1.000000000000000082E-05 ), #2076, 'distance_accuracy_value', 'NONE');
#1679 = CARTESIAN_POINT ( 'NONE',  ( -127.2911081869859942, -36.18255236209569858, -1.469182513991869943 ) ) ;
#1680 = FACE_OUTER_BOUND ( 'NONE', #2906, .T. ) ;
#1681 = DIRECTION ( 'NONE',  ( 0.0000000000000000000, 0.0000000000000000000, -1.000000000000000000 ) ) ;
#1682 = PRODUCT_RELATED_PRODUCT_CATEGORY ( 'part', '', ( #2923 ) ) ;
#1683 = VERTEX_POINT ( 'NONE', #1684 ) ;
#1684 = CARTESIAN_POINT ( 'NONE',  ( -127.6233521597989977, -32.50397777197930083, -20.74999999999980105 ) ) ;
#1685 = SURFACE_SIDE_STYLE ('',( #3610 ) ) ;
#1686 = CARTESIAN_POINT ( 'NONE',  ( -127.5346263470848953, -30.39305491261033509, -0.1731253927814711269 ) ) ;
#1687 = CARTESIAN_POINT ( 'NONE',  ( -127.5379883330287640, -30.27178352759429103, 3.553539059166840985 ) ) ;
#1688 = CARTESIAN_POINT ( 'NONE',  ( -126.9862819858892351, -30.48883508023763511, -2.891511004989635758 ) ) ;
#1689 = EDGE_CURVE ( 'NONE', #4863, #1261, #4864, .T. ) ;
#1690 =( GEOMETRIC_REPRESENTATION_CONTEXT ( 3 ) GLOBAL_UNCERTAINTY_ASSIGNED_CONTEXT ( ( #807 ) ) GLOBAL_UNIT_ASSIGNED_CONTEXT ( ( #2508, #3953, #3986 ) ) REPRESENTATION_CONTEXT ( 'NONE', 'WORKASPACE' ) );
#1691 = CARTESIAN_POINT ( 'NONE',  ( -128.7257560381062547, -31.04967910845252632, -4.063772965424309547 ) ) ;
#1692 = UNCERTAINTY_MEASURE_WITH_UNIT (LENGTH_MEASURE( 1.000000000000000082E-05 ), #4514, 'distance_accuracy_value', 'NONE');
#1693 = AXIS2_PLACEMENT_3D ( 'NONE', #2382, #4498, #5547 ) ;
#1694 = CARTESIAN_POINT ( 'NONE',  ( -127.9233521597990233, -38.13397777197869942, 5.265492065112590048 ) ) ;
#1695 = CARTESIAN_POINT ( 'NONE',  ( -128.8603507143011768, -30.48881725629493644, -4.508018297699239341 ) ) ;
#1696 = ADVANCED_BREP_SHAPE_REPRESENTATION ( '', ( #4787, #1074 ), #2621 ) ;
#1697 = EDGE_CURVE ( 'NONE', #4453, #2760, #2977, .T. ) ;
#1698 = AXIS2_PLACEMENT_3D ( 'NONE', #6108, #5614, #4445 ) ;
#1699 = ORIENTED_EDGE ( 'NONE', *, *, #1217, .F. ) ;
#1700 = DIRECTION ( 'NONE',  ( -1.224606353822379970E-16, -0.0000000000000000000, 1.000000000000000000 ) ) ;
#1701 = CARTESIAN_POINT ( 'NONE',  ( -127.9233521597989949, -36.18255236209569858, -1.469182422981880176 ) ) ;
#1702 = CARTESIAN_POINT ( 'NONE',  ( -127.0797504913698219, -30.83766429159885902, -3.387867151356177331 ) ) ;
#1703 = EDGE_LOOP ( 'NONE', ( #5588, #4926, #2292, #5501, #1881 ) ) ;
#1704 = FACE_OUTER_BOUND ( 'NONE', #3093, .T. ) ;
#1705 = CARTESIAN_POINT ( 'NONE',  ( -124.0433521597989994, -34.25397777197829896, 0.8985590598003062590 ) ) ;
#1706 = VERTEX_POINT ( 'NONE', #2907 ) ;
#1707 = CARTESIAN_POINT ( 'NONE',  ( -128.7979881392025163, -30.72127533512917452, -3.994100729644597614 ) ) ;
#1708 = VECTOR ( 'NONE', #1323, 1000.000000000000000 ) ;
#1709 = EDGE_LOOP ( 'NONE', ( #5892, #470, #2678, #2521 ) ) ;
#1710 = STYLED_ITEM ( 'NONE', ( #2767 ), #5900 ) ;
#1711 = SURFACE_SIDE_STYLE ('',( #1144 ) ) ;
#1712 = FILL_AREA_STYLE ('',( #3417 ) ) ;
#1713 = AXIS2_PLACEMENT_3D ( 'NONE', #2385, #849, #4034 ) ;
#1714 = CARTESIAN_POINT ( 'NONE',  ( -127.8091066326227860, -30.25397768927360787, -0.2462474914953076688 ) ) ;
#1715 = COLOUR_RGB ( '',0.8000000000000000444, 0.1921568627450980227, 0.1921568627450980227 ) ;
#1716 = PRESENTATION_STYLE_ASSIGNMENT (( #2088 ) ) ;
#1717 = DIRECTION ( 'NONE',  ( 1.000000000000000000, 0.0000000000000000000, 0.0000000000000000000 ) ) ;
#1718 = CIRCLE ( 'NONE', #3714, 0.8799999999999987832 ) ;
#1719 = ORIENTED_EDGE ( 'NONE', *, *, #5697, .T. ) ;
#1720 = AXIS2_PLACEMENT_3D ( 'NONE', #5287, #3715, #3429 ) ;
#1721 = CIRCLE ( 'NONE', #2620, 0.8799999999999987832 ) ;
#1722 = SURFACE_SIDE_STYLE ('',( #4805 ) ) ;
#1723 = VECTOR ( 'NONE', #4343, 1000.000000000000000 ) ;
#1724 = CARTESIAN_POINT ( 'NONE',  ( -128.0906128996034283, -30.25397777249671094, -2.101426392515982844 ) ) ;
#1725 =( GEOMETRIC_REPRESENTATION_CONTEXT ( 3 ) GLOBAL_UNCERTAINTY_ASSIGNED_CONTEXT ( ( #6451 ) ) GLOBAL_UNIT_ASSIGNED_CONTEXT ( ( #5238, #5833, #4758 ) ) REPRESENTATION_CONTEXT ( 'NONE', 'WORKASPACE' ) );
#1726 =( NAMED_UNIT ( * ) SI_UNIT ( $, .STERADIAN. ) SOLID_ANGLE_UNIT ( ) );
#1727 = CYLINDRICAL_SURFACE ( 'NONE', #3485, 4.000000000000003553 ) ;
#1728 = COLOUR_RGB ( '',0.8000000000000000444, 0.1921568627450980227, 0.1921568627450980227 ) ;
#1729 = CARTESIAN_POINT ( 'NONE',  ( -127.9233521597989949, -34.25397777197849791, 5.615972769942930043 ) ) ;
#1730 = ADVANCED_FACE ( 'NONE', ( #394 ), #6029, .T. ) ;
#1731 = MECHANICAL_DESIGN_GEOMETRIC_PRESENTATION_REPRESENTATION (  '', ( #4904 ), #5340 ) ;
#1732 = ORIENTED_EDGE ( 'NONE', *, *, #2610, .T. ) ;
#1733 = CYLINDRICAL_SURFACE ( 'NONE', #6622, 0.6322439728138918857 ) ;
#1734 = SURFACE_STYLE_USAGE ( .BOTH. , #126 ) ;
#1735 = CARTESIAN_POINT ( 'NONE',  ( -127.4911081869859970, -30.39812959706710771, 2.536981224672845148 ) ) ;
#1736 = ORIENTED_EDGE ( 'NONE', *, *, #1993, .F. ) ;
#1737 =( BOUNDED_SURFACE ( )  B_SPLINE_SURFACE ( 3, 3, ( 
 ( #5553, #1364, #3457, #1928 ),
 ( #4977, #377, #986, #2954 ),
 ( #303, #1431, #2988, #5513 ),
 ( #5582, #6646, #4001, #2392 ) ),
 .UNSPECIFIED., .F., .F., .F. ) 
 B_SPLINE_SURFACE_WITH_KNOTS ( ( 4, 4 ),
 ( 4, 4 ),
 ( 0.0000000000000000000, 1.000000000000000000 ),
 ( 0.0000000000000000000, 1.000000000000000000 ),
 .UNSPECIFIED. ) 
 GEOMETRIC_REPRESENTATION_ITEM ( )  RATIONAL_B_SPLINE_SURFACE ( (
 ( 1.000000000000000000, 0.3333333333333334259, 0.3333333333333334259, 1.000000000000000000),
 ( 0.7401421113125581375, 0.2467140371041861013, 0.2467140371041861013, 0.7401421113125581375),
 ( 0.7401421113125581375, 0.2467140371041861013, 0.2467140371041861013, 0.7401421113125581375),
 ( 1.000000000000000000, 0.3333333333333334259, 0.3333333333333334259, 1.000000000000000000) ) ) 
 REPRESENTATION_ITEM ( '' )  SURFACE ( )  );
#1738 = CARTESIAN_POINT ( 'NONE',  ( -128.8603507143013474, -30.48881725629500039, -4.750000000000071054 ) ) ;
#1739 = FILL_AREA_STYLE ('',( #5869 ) ) ;
#1740 = ADVANCED_FACE ( 'NONE', ( #260 ), #2941, .F. ) ;
#1741 = AXIS2_PLACEMENT_3D ( 'NONE', #1132, #4264, #5890 ) ;
#1742 = CARTESIAN_POINT ( 'NONE',  ( -127.9234399398102084, -38.25397777101515118, -2.952881880399350401 ) ) ;
#1743 = FACE_OUTER_BOUND ( 'NONE', #3678, .T. ) ;
#1744 = VERTEX_POINT ( 'NONE', #1916 ) ;
#1745 = ADVANCED_FACE ( 'NONE', ( #780 ), #2418, .F. ) ;
#1746 = FILL_AREA_STYLE ('',( #3279 ) ) ;
#1747 =( NAMED_UNIT ( * ) SI_UNIT ( $, .STERADIAN. ) SOLID_ANGLE_UNIT ( ) );
#1748 = UNCERTAINTY_MEASURE_WITH_UNIT (LENGTH_MEASURE( 1.000000000000000082E-05 ), #3805, 'distance_accuracy_value', 'NONE');
#1749 = SURFACE_SIDE_STYLE ('',( #5299 ) ) ;
#1750 = CARTESIAN_POINT ( 'NONE',  ( -127.9233521597989949, -36.00397777197930083, -5.749999999999809930 ) ) ;
#1751 = AXIS2_PLACEMENT_3D ( 'NONE', #499, #1658, #2092 ) ;
#1752 = PRESENTATION_STYLE_ASSIGNMENT (( #6410 ) ) ;
#1753 = EDGE_LOOP ( 'NONE', ( #6659, #5647, #3867, #4190 ) ) ;
#1754 =( NAMED_UNIT ( * ) SI_UNIT ( $, .STERADIAN. ) SOLID_ANGLE_UNIT ( ) );
#1755 = DIRECTION ( 'NONE',  ( 6.123031769111889989E-17, -1.000000000000000000, -1.224606353822379970E-16 ) ) ;
#1756 = SURFACE_STYLE_USAGE ( .BOTH. , #2315 ) ;
#1757 = CARTESIAN_POINT ( 'NONE',  ( -127.9233521597989949, -30.37397777197870141, -4.508018297698258792 ) ) ;
#1758 = CARTESIAN_POINT ( 'NONE',  ( -127.9233521597990375, -30.95073967747230981, -4.063772965424309547 ) ) ;
#1759 = UNCERTAINTY_MEASURE_WITH_UNIT (LENGTH_MEASURE( 1.000000000000000082E-05 ), #1976, 'distance_accuracy_value', 'NONE');
#1760 =( NAMED_UNIT ( * ) PLANE_ANGLE_UNIT ( ) SI_UNIT ( $, .RADIAN. ) );
#1761 = ORIENTED_EDGE ( 'NONE', *, *, #5210, .T. ) ;
#1762 = CARTESIAN_POINT ( 'NONE',  ( -127.9233521597989949, -30.25397777197824567, -4.446647422289490947 ) ) ;
#1763 = ORIENTED_EDGE ( 'NONE', *, *, #3324, .F. ) ;
#1764 = APPLICATION_CONTEXT ( 'automotive_design' ) ;
#1765 = CARTESIAN_POINT ( 'NONE',  ( -128.6346234163107169, -30.81119144989509451, -5.630000000000095817 ) ) ;
#1766 = CARTESIAN_POINT ( 'NONE',  ( -127.1915966232004678, -30.73467434272443910, 5.536804444638612210 ) ) ;
#1767 = CARTESIAN_POINT ( 'NONE',  ( -127.9233521597989949, -36.18255236209569858, -1.469182422981880176 ) ) ;
#1768 = CARTESIAN_POINT ( 'NONE',  ( -128.7572913339213869, -30.87297370799666751, -3.778162861656125138 ) ) ;
#1769 = ORIENTED_EDGE ( 'NONE', *, *, #548, .T. ) ;
#1770 = CARTESIAN_POINT ( 'NONE',  ( -122.2978713033877511, -37.66854596335278416, -3.346880229046849120 ) ) ;
#1771 = FILL_AREA_STYLE ('',( #3312 ) ) ;
#1772 = CARTESIAN_POINT ( 'NONE',  ( -128.0890554950262299, -30.37676005117635114, 1.921243216697918976 ) ) ;
#1773 = EDGE_CURVE ( 'NONE', #3622, #5818, #4692, .T. ) ;
#1774 = SHAPE_REPRESENTATION ( '8_1', ( #1074 ), #2732 ) ;
#1775 =( NAMED_UNIT ( * ) SI_UNIT ( $, .STERADIAN. ) SOLID_ANGLE_UNIT ( ) );
#1776 = DIRECTION ( 'NONE',  ( 0.0000000000000000000, 1.000000000000000000, 0.0000000000000000000 ) ) ;
#1777 = CARTESIAN_POINT ( 'NONE',  ( -128.3555961326129875, -30.39812959706710771, -1.469182422981889724 ) ) ;
#1778 = EDGE_CURVE ( 'NONE', #3469, #4453, #1943, .T. ) ;
#1779 = FILL_AREA_STYLE ('',( #2803 ) ) ;
#1780 = EDGE_CURVE ( 'NONE', #2684, #4185, #5328, .T. ) ;
#1781 = ORIENTED_EDGE ( 'NONE', *, *, #5166, .T. ) ;
#1782 = SURFACE_STYLE_USAGE ( .BOTH. , #1820 ) ;
#1783 = CARTESIAN_POINT ( 'NONE',  ( -127.9233521597989949, -38.13397777197749861, -2.891511004989539391 ) ) ;
#1784 = PRODUCT_DEFINITION_FORMATION_WITH_SPECIFIED_SOURCE ( 'ANY', '', #6531, .NOT_KNOWN. ) ;
#1785 =( LENGTH_UNIT ( ) NAMED_UNIT ( * ) SI_UNIT ( .MILLI., .METRE. ) );
#1786 = PRESENTATION_STYLE_ASSIGNMENT (( #150 ) ) ;
#1787 = CARTESIAN_POINT ( 'NONE',  ( -127.1735752436770639, -31.18782303421880542, 5.615972769942960241 ) ) ;
#1788 = CARTESIAN_POINT ( 'NONE',  ( -120.1633521597990182, -38.13397777197869232, -4.749999999999089617 ) ) ;
#1789 = EDGE_CURVE ( 'NONE', #1981, #3469, #4271, .T. ) ;
#1790 = ORIENTED_EDGE ( 'NONE', *, *, #625, .F. ) ;
#1791 = CARTESIAN_POINT ( 'NONE',  ( -124.9233521597989949, -34.25397777197869686, -5.749999999999089617 ) ) ;
#1792 = FACE_OUTER_BOUND ( 'NONE', #1380, .T. ) ;
#1793 = ORIENTED_EDGE ( 'NONE', *, *, #6267, .T. ) ;
#1794 = STYLED_ITEM ( 'NONE', ( #1077 ), #4927 ) ;
#1795 = CARTESIAN_POINT ( 'NONE',  ( -127.6046479368164768, -30.38632960938773664, -0.1262075406279776768 ) ) ;
#1796 = CARTESIAN_POINT ( 'NONE',  ( -133.1367411913450667, -37.41023193228737398, 5.615972769942975340 ) ) ;
#1797 = DIRECTION ( 'NONE',  ( 6.123031769111889989E-17, -1.000000000000000000, -1.224606353822379970E-16 ) ) ;
#1798 = CARTESIAN_POINT ( 'NONE',  ( -128.5555961249349366, -30.30426036834684567, -0.5112324325072018505 ) ) ;
#1799 = STYLED_ITEM ( 'NONE', ( #1650 ), #5044 ) ;
#1800 = ORIENTED_EDGE ( 'NONE', *, *, #2159, .F. ) ;
#1801 = CARTESIAN_POINT ( 'NONE',  ( -128.2414948134953931, -30.37397777197830706, 5.195173636599673905 ) ) ;
#1802 = CARTESIAN_POINT ( 'NONE',  ( -128.8914491707721766, -30.37289697182160708, -2.952881880399337078 ) ) ;
#1803 = SURFACE_STYLE_FILL_AREA ( #6592 ) ;
#1804 = CARTESIAN_POINT ( 'NONE',  ( -127.9233521597989949, -36.00397777197930083, -5.749999999999809930 ) ) ;
#1805 = ORIENTED_EDGE ( 'NONE', *, *, #4590, .T. ) ;
#1806 = AXIS2_PLACEMENT_3D ( 'NONE', #5294, #106, #4305 ) ;
#1807 = SURFACE_SIDE_STYLE ('',( #805 ) ) ;
#1808 = FILL_AREA_STYLE ('',( #4431 ) ) ;
#1809 = CIRCLE ( 'NONE', #5945, 3.000000000000002665 ) ;
#1810 = EDGE_CURVE ( 'NONE', #1567, #5818, #2105, .T. ) ;
#1811 = CARTESIAN_POINT ( 'NONE',  ( -128.0376068620589365, -30.37397777197829996, -1.901426395795773105 ) ) ;
#1812 = VECTOR ( 'NONE', #345, 1000.000000000000000 ) ;
#1813 = DIRECTION ( 'NONE',  ( -6.123031769111889989E-17, -6.123031769111889989E-17, 1.000000000000000000 ) ) ;
#1814 = DIRECTION ( 'NONE',  ( 1.000000000000000000, 0.0000000000000000000, 0.0000000000000000000 ) ) ;
#1815 =( LENGTH_UNIT ( ) NAMED_UNIT ( * ) SI_UNIT ( .MILLI., .METRE. ) );
#1816 = EDGE_LOOP ( 'NONE', ( #2394, #3636, #4661, #1131, #821, #6625, #1114, #1265, #5122, #1736, #4902, #903 ) ) ;
#1817 = SURFACE_STYLE_FILL_AREA ( #2339 ) ;
#1818 = PRESENTATION_LAYER_ASSIGNMENT (  '', '', ( #3918 ) ) ;
#1819 = CARTESIAN_POINT ( 'NONE',  ( -128.7773155697922505, -30.84378262297944673, -5.630000000000164206 ) ) ;
#1820 = SURFACE_SIDE_STYLE ('',( #262 ) ) ;
#1821 = ADVANCED_FACE ( 'NONE', ( #5798 ), #3426, .T. ) ;
#1822 = CARTESIAN_POINT ( 'NONE',  ( -128.4287344361837029, -30.28560081842557850, -1.857890179524915197 ) ) ;
#1823 = PRESENTATION_STYLE_ASSIGNMENT (( #3394 ) ) ;
#1824 = LINE ( 'NONE', #1331, #6580 ) ;
#1825 = STYLED_ITEM ( 'NONE', ( #4785 ), #6016 ) ;
#1826 = CARTESIAN_POINT ( 'NONE',  ( -127.9233521597989949, -36.18255236209569858, -0.6784922296614720461 ) ) ;
#1827 = UNCERTAINTY_MEASURE_WITH_UNIT (LENGTH_MEASURE( 1.000000000000000082E-05 ), #3119, 'distance_accuracy_value', 'NONE');
#1828 =( GEOMETRIC_REPRESENTATION_CONTEXT ( 3 ) GLOBAL_UNCERTAINTY_ASSIGNED_CONTEXT ( ( #6507 ) ) GLOBAL_UNIT_ASSIGNED_CONTEXT ( ( #3513, #3988, #2473 ) ) REPRESENTATION_CONTEXT ( 'NONE', 'WORKASPACE' ) );
#1829 = EDGE_CURVE ( 'NONE', #94, #1586, #3406, .T. ) ;
#1830 = AXIS2_PLACEMENT_3D ( 'NONE', #5574, #4029, #334 ) ;
#1831 = CARTESIAN_POINT ( 'NONE',  ( -127.9233521597989949, -31.25397777197829541, 4.749999999999929834 ) ) ;
#1832 = EDGE_LOOP ( 'NONE', ( #246, #2975, #4722, #523, #2615 ) ) ;
#1833 = DIRECTION ( 'NONE',  ( 0.0000000000000000000, 1.000000000000000000, 0.0000000000000000000 ) ) ;
#1834 = MECHANICAL_DESIGN_GEOMETRIC_PRESENTATION_REPRESENTATION (  '', ( #5322 ), #5225 ) ;
#1835 = SURFACE_STYLE_FILL_AREA ( #1399 ) ;
#1836 = CARTESIAN_POINT ( 'NONE',  ( -126.9862819858891214, -30.48883508023761379, -4.508018297699194044 ) ) ;
#1837 = ORIENTED_EDGE ( 'NONE', *, *, #140, .T. ) ;
#1838 = SURFACE_STYLE_USAGE ( .BOTH. , #795 ) ;
#1839 = CARTESIAN_POINT ( 'NONE',  ( -127.9233521597990091, -30.65940369533163334, 5.536804444638627309 ) ) ;
#1840 = AXIS2_PLACEMENT_3D ( 'NONE', #3658, #4199, #600 ) ;
#1841 = COLOUR_RGB ( '',1.000000000000000000, 1.000000000000000000, 1.000000000000000000 ) ;
#1842 = FACE_OUTER_BOUND ( 'NONE', #1407, .T. ) ;
#1843 = ORIENTED_EDGE ( 'NONE', *, *, #1780, .T. ) ;
#1844 = CARTESIAN_POINT ( 'NONE',  ( -124.0433521597989994, -34.25397777197829896, -4.598323711144740145 ) ) ;
#1845 = CARTESIAN_POINT ( 'NONE',  ( -128.8755245470653676, -30.43225641019037297, -4.405300784601817732 ) ) ;
#1846 = FILL_AREA_STYLE_COLOUR ( '', #3056 ) ;
#1847 = CARTESIAN_POINT ( 'NONE',  ( -127.2911081869853263, -30.42583624392061736, -1.469182513991859951 ) ) ;
#1848 = CARTESIAN_POINT ( 'NONE',  ( -127.4911081869850022, -36.18255236209569858, -0.6784922296614720461 ) ) ;
#1849 = PRESENTATION_STYLE_ASSIGNMENT (( #4022 ) ) ;
#1850 = VECTOR ( 'NONE', #858, 1000.000000000000000 ) ;
#1851 = SURFACE_STYLE_FILL_AREA ( #1808 ) ;
#1852 = VERTEX_POINT ( 'NONE', #5422 ) ;
#1853 = PRESENTATION_LAYER_ASSIGNMENT (  '', '', ( #993 ) ) ;
#1854 = EDGE_CURVE ( 'NONE', #3138, #2920, #3363, .T. ) ;
#1855 =( LENGTH_UNIT ( ) NAMED_UNIT ( * ) SI_UNIT ( .MILLI., .METRE. ) );
#1856 = CARTESIAN_POINT ( 'NONE',  ( -127.6427423064912290, -30.83953303261912993, -4.052649073642025535 ) ) ;
#1857 = COLOUR_RGB ( '',1.000000000000000000, 1.000000000000000000, 1.000000000000000000 ) ;
#1858 = SURFACE_STYLE_FILL_AREA ( #886 ) ;
#1859 = PRODUCT_DEFINITION_SHAPE ( 'NONE', 'NONE',  #6724 ) ;
#1860 = CARTESIAN_POINT ( 'NONE',  ( -127.2911081869855536, -30.42583624392056052, -1.469182468486879722 ) ) ;
#1861 = APPLICATION_CONTEXT ( 'automotive_design' ) ;
#1862 = CARTESIAN_POINT ( 'NONE',  ( -128.8603507143013474, -30.48881725629500039, 4.749999999999929834 ) ) ;
#1863 = ADVANCED_FACE ( 'NONE', ( #4448 ), #824, .T. ) ;
#1864 =( NAMED_UNIT ( * ) SI_UNIT ( $, .STERADIAN. ) SOLID_ANGLE_UNIT ( ) );
#1865 = ORIENTED_EDGE ( 'NONE', *, *, #4938, .F. ) ;
#1866 = ADVANCED_BREP_SHAPE_REPRESENTATION ( '', ( #4767, #1074 ), #3272 ) ;
#1867 = CARTESIAN_POINT ( 'NONE',  ( -127.3076097856048534, -30.30152415564320378, 3.493358214576886667 ) ) ;
#1868 = ADVANCED_FACE ( 'NONE', ( #202 ), #2351, .F. ) ;
#1869 = ORIENTED_EDGE ( 'NONE', *, *, #3479, .T. ) ;
#1870 = CARTESIAN_POINT ( 'NONE',  ( -127.9233521597989949, -30.25397777197830251, -2.952881880399390369 ) ) ;
#1871 = CARTESIAN_POINT ( 'NONE',  ( -127.6645132702765864, -31.09748124895878973, 5.615972769942961129 ) ) ;
#1872 = CARTESIAN_POINT ( 'NONE',  ( -133.8602866463742487, -37.84827584936125788, 5.536804444638613987 ) ) ;
#1873 = PLANE ( 'NONE',  #1949 ) ;
#1874 = ORIENTED_EDGE ( 'NONE', *, *, #596, .T. ) ;
#1875 = DIRECTION ( 'NONE',  ( 0.0000000000000000000, 0.0000000000000000000, 1.000000000000000000 ) ) ;
#1876 = SURFACE_STYLE_USAGE ( .BOTH. , #5965 ) ;
#1877 = UNCERTAINTY_MEASURE_WITH_UNIT (LENGTH_MEASURE( 1.000000000000000082E-05 ), #2700, 'distance_accuracy_value', 'NONE');
#1878 = CARTESIAN_POINT ( 'NONE',  ( -128.8603507143013474, -30.48881725629500039, -4.750000000000071054 ) ) ;
#1879 =( LENGTH_UNIT ( ) NAMED_UNIT ( * ) SI_UNIT ( .MILLI., .METRE. ) );
#1880 =( LENGTH_UNIT ( ) NAMED_UNIT ( * ) SI_UNIT ( .MILLI., .METRE. ) );
#1881 = ORIENTED_EDGE ( 'NONE', *, *, #5823, .F. ) ;
#1882 = CARTESIAN_POINT ( 'NONE',  ( -127.9233521597989949, -31.25397777197869686, 5.630000000000910276 ) ) ;
#1883 = SURFACE_SIDE_STYLE ('',( #4471 ) ) ;
#1884 = FILL_AREA_STYLE_COLOUR ( '', #6594 ) ;
#1885 = PRODUCT_RELATED_PRODUCT_CATEGORY ( 'part', '', ( #1438 ) ) ;
#1886 =( NAMED_UNIT ( * ) SI_UNIT ( $, .STERADIAN. ) SOLID_ANGLE_UNIT ( ) );
#1887 = UNCERTAINTY_MEASURE_WITH_UNIT (LENGTH_MEASURE( 1.000000000000000082E-05 ), #2445, 'distance_accuracy_value', 'NONE');
#1888 = SHAPE_DEFINITION_REPRESENTATION ( #4070, #6675 ) ;
#1889 =( LENGTH_UNIT ( ) NAMED_UNIT ( * ) SI_UNIT ( .MILLI., .METRE. ) );
#1890 = SURFACE_STYLE_FILL_AREA ( #6035 ) ;
#1892 = EDGE_CURVE ( 'NONE', #5542, #2244, #6040, .T. ) ;
#1891 = ORIENTED_EDGE ( 'NONE', *, *, #3447, .F. ) ;
#1893 = LINE ( 'NONE', #6013, #2298 ) ;
#1894 = SURFACE_STYLE_USAGE ( .BOTH. , #4981 ) ;
#1895 = DIRECTION ( 'NONE',  ( 6.123031769111889989E-17, -0.0000000000000000000, -1.000000000000000000 ) ) ;
#1896 = STYLED_ITEM ( 'NONE', ( #5771 ), #58 ) ;
#1897 = DIRECTION ( 'NONE',  ( -6.123031769111889989E-17, 0.0000000000000000000, 1.000000000000000000 ) ) ;
#1898 = UNCERTAINTY_MEASURE_WITH_UNIT (LENGTH_MEASURE( 1.000000000000000082E-05 ), #5475, 'distance_accuracy_value', 'NONE');
#1899 = PRESENTATION_STYLE_ASSIGNMENT (( #3947 ) ) ;
#1900 = CARTESIAN_POINT ( 'NONE',  ( -121.9149588451078898, -32.14097537100641233, -3.335756337264506044 ) ) ;
#1901 = CARTESIAN_POINT ( 'NONE',  ( -128.0890447628062248, -30.25667623316963528, -0.06275127782702487333 ) ) ;
#1902 = PRESENTATION_LAYER_ASSIGNMENT (  '', '', ( #5920 ) ) ;
#1903 = ORIENTED_EDGE ( 'NONE', *, *, #3315, .F. ) ;
#1904 = CARTESIAN_POINT ( 'NONE',  ( 0.0000000000000000000, 0.0000000000000000000, 0.0000000000000000000 ) ) ;
#1905 =( NAMED_UNIT ( * ) SI_UNIT ( $, .STERADIAN. ) SOLID_ANGLE_UNIT ( ) );
#1906 = CARTESIAN_POINT ( 'NONE',  ( -127.4179771348018022, -30.40658580731534855, -1.857897619402676836 ) ) ;
#1907 = VECTOR ( 'NONE', #618, 1000.000000000000000 ) ;
#1908 = DIRECTION ( 'NONE',  ( 1.341831088117449945E-14, 0.0000000000000000000, 1.000000000000000000 ) ) ;
#1909 = CIRCLE ( 'NONE', #4007, 2.999999999999843237 ) ;
#1910 = DIRECTION ( 'NONE',  ( 1.000000000000000000, 0.0000000000000000000, 5.588670992193329703E-17 ) ) ;
#1911 = PRODUCT_DEFINITION_SHAPE ( 'NONE', 'NONE',  #6720 ) ;
#1912 = ORIENTED_EDGE ( 'NONE', *, *, #5688, .F. ) ;
#1913 = SURFACE_STYLE_FILL_AREA ( #3163 ) ;
#1914 = CYLINDRICAL_SURFACE ( 'NONE', #3033, 3.879999999999994564 ) ;
#1915 = VERTEX_POINT ( 'NONE', #410 ) ;
#1916 = CARTESIAN_POINT ( 'NONE',  ( -127.4911081869850591, -30.27740070772239633, 3.327671417993227188 ) ) ;
#1917 = CARTESIAN_POINT ( 'NONE',  ( -133.9233521597989522, -31.25397777197870042, 5.630000000000910276 ) ) ;
#1918 = AXIS2_PLACEMENT_3D ( 'NONE', #4405, #6512, #332 ) ;
#1919 = CARTESIAN_POINT ( 'NONE',  ( -128.8658597716512020, -30.49019252284403336, -4.750000000000070166 ) ) ;
#1920 = CARTESIAN_POINT ( 'NONE',  ( -127.9233521597989807, -30.83953303261916190, -3.346880229046897082 ) ) ;
#1921 = AXIS2_PLACEMENT_3D ( 'NONE', #3562, #4582, #6210 ) ;
#1922 = FACE_BOUND ( 'NONE', #5959, .T. ) ;
#1923 = SURFACE_SIDE_STYLE ('',( #6521 ) ) ;
#1924 = AXIS2_PLACEMENT_3D ( 'NONE', #4334, #249, #804 ) ;
#1925 = CARTESIAN_POINT ( 'NONE',  ( -128.3555961326128738, -30.39812959706697981, -1.583437213298431789 ) ) ;
#1926 = APPLICATION_PROTOCOL_DEFINITION ( 'draft international standard', 'automotive_design', 1998, #1764 ) ;
#1927 = CARTESIAN_POINT ( 'NONE',  ( -128.7857306878202337, -30.76696529573802508, 5.564564367010783386 ) ) ;
#1928 = CARTESIAN_POINT ( 'NONE',  ( -127.9233521597989949, -30.37397777197989157, -2.891511004989538502 ) ) ;
#1929 = PRESENTATION_LAYER_ASSIGNMENT (  '', '', ( #1069 ) ) ;
#1930 = COLOUR_RGB ( '',0.0000000000000000000, 0.0000000000000000000, 0.0000000000000000000 ) ;
#1931 = COLOUR_RGB ( '',0.8000000000000000444, 0.1921568627450980227, 0.1921568627450980227 ) ;
#1932 = ORIENTED_EDGE ( 'NONE', *, *, #3652, .T. ) ;
#1933 = LINE ( 'NONE', #896, #4544 ) ;
#1934 = AXIS2_PLACEMENT_3D ( 'NONE', #3217, #4765, #75 ) ;
#1935 =( GEOMETRIC_REPRESENTATION_CONTEXT ( 3 ) GLOBAL_UNCERTAINTY_ASSIGNED_CONTEXT ( ( #3341 ) ) GLOBAL_UNIT_ASSIGNED_CONTEXT ( ( #3008, #4972, #5101 ) ) REPRESENTATION_CONTEXT ( 'NONE', 'WORKASPACE' ) );
#1936 = CARTESIAN_POINT ( 'NONE',  ( -127.9233521597989949, -34.25397777197829896, -4.598323711144740145 ) ) ;
#1937 = PRESENTATION_LAYER_ASSIGNMENT (  '', '', ( #4775 ) ) ;
#1938 = MECHANICAL_DESIGN_GEOMETRIC_PRESENTATION_REPRESENTATION (  '', ( #525 ), #861 ) ;
#1939 = ADVANCED_FACE ( 'NONE', ( #956 ), #5617, .F. ) ;
#1940 = CARTESIAN_POINT ( 'NONE',  ( -126.9807725251415036, -30.49021055915430622, 5.195173636599681011 ) ) ;
#1941 = CARTESIAN_POINT ( 'NONE',  ( -127.9233521597989949, -30.37397777197829996, -4.508018297699240229 ) ) ;
#1942 = CARTESIAN_POINT ( 'NONE',  ( -127.9233521597989949, -34.25397777197869686, -5.749999999999089617 ) ) ;
#1943 = CIRCLE ( 'NONE', #2847, 4.000000000000052403 ) ;
#1944 = VERTEX_POINT ( 'NONE', #4101 ) ;
#1945 = DIRECTION ( 'NONE',  ( 0.0000000000000000000, 0.0000000000000000000, 1.000000000000000000 ) ) ;
#1946 = PRESENTATION_LAYER_ASSIGNMENT (  '', '', ( #6389 ) ) ;
#1947 = PRESENTATION_STYLE_ASSIGNMENT (( #3473 ) ) ;
#1948 = VERTEX_POINT ( 'NONE', #3055 ) ;
#1949 = AXIS2_PLACEMENT_3D ( 'NONE', #6463, #3914, #5958 ) ;
#1950 = AXIS2_PLACEMENT_3D ( 'NONE', #1936, #1897, #1971 ) ;
#1951 =( NAMED_UNIT ( * ) SI_UNIT ( $, .STERADIAN. ) SOLID_ANGLE_UNIT ( ) );
#1952 = STYLED_ITEM ( 'NONE', ( #4194 ), #3275 ) ;
#1953 = CARTESIAN_POINT ( 'NONE',  ( -128.8603507143013474, -30.48881725629500039, -2.891511004989610001 ) ) ;
#1954 = ORIENTED_EDGE ( 'NONE', *, *, #5329, .F. ) ;
#1955 = ADVANCED_FACE ( 'NONE', ( #3017 ), #5519, .T. ) ;
#1956 = SURFACE_STYLE_USAGE ( .BOTH. , #1982 ) ;
#1957 =( GEOMETRIC_REPRESENTATION_CONTEXT ( 3 ) GLOBAL_UNCERTAINTY_ASSIGNED_CONTEXT ( ( #3617 ) ) GLOBAL_UNIT_ASSIGNED_CONTEXT ( ( #5563, #5055, #4548 ) ) REPRESENTATION_CONTEXT ( 'NONE', 'WORKASPACE' ) );
#1958 = CARTESIAN_POINT ( 'NONE',  ( -128.8603507143013474, -30.48881725629499684, -0.006160745210948450137 ) ) ;
#1959 = CARTESIAN_POINT ( 'NONE',  ( -123.9233521597989949, -34.25397777197829896, -4.598323711144740145 ) ) ;
#1960 = PRESENTATION_LAYER_ASSIGNMENT (  '', '', ( #1104 ) ) ;
#1961 = CARTESIAN_POINT ( 'NONE',  ( -127.5924754004385875, -30.38633818785275764, -2.032509083023732899 ) ) ;
#1962 = PRESENTATION_STYLE_ASSIGNMENT (( #5580 ) ) ;
#1963 = APPLICATION_PROTOCOL_DEFINITION ( 'draft international standard', 'automotive_design', 1998, #5815 ) ;
#1964 = PRESENTATION_STYLE_ASSIGNMENT (( #5069 ) ) ;
#1965 = MECHANICAL_DESIGN_GEOMETRIC_PRESENTATION_REPRESENTATION (  '', ( #1430 ), #229 ) ;
#1966 = CARTESIAN_POINT ( 'NONE',  ( -127.2911081869855536, -30.42583624392056052, 2.536981179167820510 ) ) ;
#1967 = ORIENTED_EDGE ( 'NONE', *, *, #299, .F. ) ;
#1968 = DIRECTION ( 'NONE',  ( 1.335708056348339952E-14, 0.0000000000000000000, 1.000000000000000000 ) ) ;
#1969 = CARTESIAN_POINT ( 'NONE',  ( -128.0906233389215458, -30.37397741069839796, 3.959917607935436568 ) ) ;
#1970 = STYLED_ITEM ( 'NONE', ( #6383 ), #4516 ) ;
#1971 = DIRECTION ( 'NONE',  ( 1.000000000000000000, 0.0000000000000000000, 0.0000000000000000000 ) ) ;
#1972 = PRODUCT_DEFINITION_SHAPE ( 'NONE', 'NONE',  #6726 ) ;
#1973 = CARTESIAN_POINT ( 'NONE',  ( -133.9316274213128395, -32.14063971278883258, -4.063772965424341521 ) ) ;
#1974 = ORIENTED_EDGE ( 'NONE', *, *, #6192, .T. ) ;
#1975 = CARTESIAN_POINT ( 'NONE',  ( -127.2911081869859657, -30.30426036957573999, 0.8985590598002769491 ) ) ;
#1976 =( LENGTH_UNIT ( ) NAMED_UNIT ( * ) SI_UNIT ( .MILLI., .METRE. ) );
#1977 = LINE ( 'NONE', #4515, #3808 ) ;
#1978 = ORIENTED_EDGE ( 'NONE', *, *, #2056, .F. ) ;
#1979 = FILL_AREA_STYLE_COLOUR ( '', #3709 ) ;
#1980 = ORIENTED_EDGE ( 'NONE', *, *, #3177, .F. ) ;
#1981 = VERTEX_POINT ( 'NONE', #1870 ) ;
#1982 = SURFACE_SIDE_STYLE ('',( #5502 ) ) ;
#1983 = ADVANCED_FACE ( 'NONE', ( #3501 ), #1369, .T. ) ;
#1984 = CARTESIAN_POINT ( 'NONE',  ( -127.9233521597989949, -37.25397777197869686, -5.629999999999089511 ) ) ;
#1985 = PRESENTATION_STYLE_ASSIGNMENT (( #850 ) ) ;
#1986 = EDGE_LOOP ( 'NONE', ( #6131, #3766, #4519, #4390 ) ) ;
#1987 =( BOUNDED_SURFACE ( )  B_SPLINE_SURFACE ( 3, 3, ( 
 ( #4350, #2818, #4441, #5856 ),
 ( #5450, #2856, #6346, #1234 ),
 ( #5888, #4912, #3807, #3899 ),
 ( #6453, #3327, #1788, #716 ) ),
 .UNSPECIFIED., .F., .F., .F. ) 
 B_SPLINE_SURFACE_WITH_KNOTS ( ( 4, 4 ),
 ( 4, 4 ),
 ( 0.0000000000000000000, 1.000000000000000000 ),
 ( 0.0000000000000000000, 1.000000000000000000 ),
 .UNSPECIFIED. ) 
 GEOMETRIC_REPRESENTATION_ITEM ( )  RATIONAL_B_SPLINE_SURFACE ( (
 ( 1.000000000000000000, 0.3333333333333334259, 0.3333333333333334259, 1.000000000000000000),
 ( 0.8047378541243649375, 0.2682459513747884050, 0.2682459513747884050, 0.8047378541243649375),
 ( 0.8047378541243649375, 0.2682459513747884050, 0.2682459513747884050, 0.8047378541243649375),
 ( 1.000000000000000000, 0.3333333333333334259, 0.3333333333333334259, 1.000000000000000000) ) ) 
 REPRESENTATION_ITEM ( '' )  SURFACE ( )  );
#1988 = CARTESIAN_POINT ( 'NONE',  ( -126.9862819858893204, -30.48883508023754985, -4.982441402293024346 ) ) ;
#1989 = DIRECTION ( 'NONE',  ( -6.123031769111889989E-17, 0.0000000000000000000, 1.000000000000000000 ) ) ;
#1990 = VERTEX_POINT ( 'NONE', #1594 ) ;
#1991 = EDGE_CURVE ( 'NONE', #4466, #3569, #4470, .T. ) ;
#1992 = CARTESIAN_POINT ( 'NONE',  ( -128.5555961326130046, -30.42583624392050012, 3.327671447015919881 ) ) ;
#1993 = EDGE_CURVE ( 'NONE', #621, #5231, #3194, .T. ) ;
#1994 = VERTEX_POINT ( 'NONE', #6209 ) ;
#1995 = CARTESIAN_POINT ( 'NONE',  ( 0.0000000000000000000, 0.0000000000000000000, 0.0000000000000000000 ) ) ;
#1996 =( NAMED_UNIT ( * ) SI_UNIT ( $, .STERADIAN. ) SOLID_ANGLE_UNIT ( ) );
#1997 = CLOSED_SHELL ( 'NONE', ( #1371, #6311, #4927, #4516, #1955, #527, #3278, #2234, #1219, #878, #3937, #6553 ) ) ;
#1998 = SURFACE_STYLE_USAGE ( .BOTH. , #4616 ) ;
#1999 = ORIENTED_EDGE ( 'NONE', *, *, #6630, .T. ) ;
#2000 = B_SPLINE_CURVE_WITH_KNOTS ( 'NONE', 3,
 ( #6387, #2889, #96, #2187, #1164, #4297, #4392, #3331 ),
 .UNSPECIFIED., .F., .F.,
 ( 4, 2, 2, 4 ),
 ( 4.336808689942017736E-18, 0.0003905820820809337334, 0.0007811641641618631299, 0.001562328328323713683 ),
 .UNSPECIFIED. ) ;
#2001 = FACE_OUTER_BOUND ( 'NONE', #6634, .T. ) ;
#2002 = FILL_AREA_STYLE_COLOUR ( '', #1931 ) ;
#2003 = UNCERTAINTY_MEASURE_WITH_UNIT (LENGTH_MEASURE( 1.000000000000000082E-05 ), #6182, 'distance_accuracy_value', 'NONE');
#2004 = SURFACE_STYLE_FILL_AREA ( #6151 ) ;
#2005 = ORIENTED_EDGE ( 'NONE', *, *, #3800, .F. ) ;
#2006 =( LENGTH_UNIT ( ) NAMED_UNIT ( * ) SI_UNIT ( .MILLI., .METRE. ) );
#2007 = SURFACE_STYLE_FILL_AREA ( #6661 ) ;
#2008 = EDGE_CURVE ( 'NONE', #2311, #2244, #5168, .T. ) ;
#2009 = ADVANCED_BREP_SHAPE_REPRESENTATION ( '', ( #2534, #1074 ), #425 ) ;
#2010 = CYLINDRICAL_SURFACE ( 'NONE', #3462, 3.879999999999994564 ) ;
#2011 = AXIS2_PLACEMENT_3D ( 'NONE', #5656, #6281, #445 ) ;
#2012 = DIRECTION ( 'NONE',  ( 1.000000000000000000, 6.123031769111889989E-17, 6.123031769111889989E-17 ) ) ;
#2013 = CARTESIAN_POINT ( 'NONE',  ( -127.9233521597989949, -36.00397777197930083, -5.749999999999809930 ) ) ;
#2014 = CARTESIAN_POINT ( 'NONE',  ( -128.3087119245248573, -30.39233618854678554, 2.311109895530791825 ) ) ;
#2015 = ORIENTED_EDGE ( 'NONE', *, *, #5613, .T. ) ;
#2016 = SURFACE_SIDE_STYLE ('',( #3139 ) ) ;
#2017 = APPLICATION_CONTEXT ( 'automotive_design' ) ;
#2018 = STYLED_ITEM ( 'NONE', ( #5772 ), #755 ) ;
#2019 = MECHANICAL_DESIGN_GEOMETRIC_PRESENTATION_REPRESENTATION (  '', ( #6139 ), #1287 ) ;
#2020 = APPLICATION_PROTOCOL_DEFINITION ( 'draft international standard', 'automotive_design', 1998, #2393 ) ;
#2021 = SURFACE_STYLE_FILL_AREA ( #3186 ) ;
#2022 = CARTESIAN_POINT ( 'NONE',  ( -127.9235795026183382, -38.25397776551770335, -5.335786437627007217 ) ) ;
#2023 = ORIENTED_EDGE ( 'NONE', *, *, #6392, .T. ) ;
#2024 = PRESENTATION_LAYER_ASSIGNMENT (  '', '', ( #184 ) ) ;
#2025 = CARTESIAN_POINT ( 'NONE',  ( -126.9818428490650177, -30.47226799606869108, 5.207368826955214303 ) ) ;
#2026 = STYLED_ITEM ( 'NONE', ( #3326 ), #5537 ) ;
#2027 = EDGE_CURVE ( 'NONE', #6153, #1944, #4640, .T. ) ;
#2028 = SURFACE_SIDE_STYLE ('',( #898 ) ) ;
#2029 = CIRCLE ( 'NONE', #855, 3.879999999998800853 ) ;
#2030 = SURFACE_STYLE_USAGE ( .BOTH. , #959 ) ;
#2031 = CARTESIAN_POINT ( 'NONE',  ( -128.2233521597989920, -36.00397777197930083, -24.74999999999980105 ) ) ;
#2032 = ORIENTED_EDGE ( 'NONE', *, *, #586, .F. ) ;
#2033 = FACE_OUTER_BOUND ( 'NONE', #3022, .T. ) ;
#2034 = COLOUR_RGB ( '',1.000000000000000000, 1.000000000000000000, 1.000000000000000000 ) ;
#2035 = CARTESIAN_POINT ( 'NONE',  ( -128.3555961326128738, -36.18255236209569858, -1.469182422981880620 ) ) ;
#2036 = VECTOR ( 'NONE', #2668, 1000.000000000000000 ) ;
#2037 = SURFACE_STYLE_USAGE ( .BOTH. , #6500 ) ;
#2038 = CARTESIAN_POINT ( 'NONE',  ( -128.2233521597989920, -32.50397777197930083, -5.749999999999809930 ) ) ;
#2039 = VECTOR ( 'NONE', #6665, 1000.000000000000000 ) ;
#2040 = VERTEX_POINT ( 'NONE', #3745 ) ;
#2041 = DIRECTION ( 'NONE',  ( -6.123031769111889989E-17, 0.0000000000000000000, 1.000000000000000000 ) ) ;
#2042 = AXIS2_PLACEMENT_3D ( 'NONE', #4899, #2229, #4859 ) ;
#2043 = MECHANICAL_DESIGN_GEOMETRIC_PRESENTATION_REPRESENTATION (  '', ( #5864 ), #1725 ) ;
#2044 = CARTESIAN_POINT ( 'NONE',  ( -127.4911081869850875, -30.27740070772239633, 2.536981224672810065 ) ) ;
#2045 = FILL_AREA_STYLE ('',( #2553 ) ) ;
#2046 = CARTESIAN_POINT ( 'NONE',  ( -128.4756500272721667, -30.29216060115409803, -1.787863685197522035 ) ) ;
#2047 = EDGE_LOOP ( 'NONE', ( #2763, #1209, #6683, #2997 ) ) ;
#2048 = DIRECTION ( 'NONE',  ( -1.224606353822379970E-16, 1.000000000000000000, -0.0000000000000000000 ) ) ;
#2049 = STYLED_ITEM ( 'NONE', ( #3934 ), #2764 ) ;
#2050 = SURFACE_STYLE_FILL_AREA ( #2559 ) ;
#2051 = STYLED_ITEM ( 'NONE', ( #6344 ), #2082 ) ;
#2052 = DIRECTION ( 'NONE',  ( 1.000000000000000000, 0.0000000000000000000, 1.117734198438665941E-16 ) ) ;
#2053 = DIRECTION ( 'NONE',  ( 6.123031769111889989E-17, -4.320098476159929751E-48, -1.000000000000000000 ) ) ;
#2054 = DIRECTION ( 'NONE',  ( 6.123031769112050226E-17, -1.000000000000000000, -8.178582863279794755E-31 ) ) ;
#2055 = FILL_AREA_STYLE_COLOUR ( '', #2831 ) ;
#2056 = EDGE_CURVE ( 'NONE', #4240, #3077, #2268, .T. ) ;
#2057 = ORIENTED_EDGE ( 'NONE', *, *, #4623, .T. ) ;
#2058 = FILL_AREA_STYLE ('',( #1046 ) ) ;
#2059 = AXIS2_PLACEMENT_3D ( 'NONE', #4989, #2358, #6085 ) ;
#2060 = CONTEXT_DEPENDENT_SHAPE_REPRESENTATION ( #2481, #1859 ) ;
#2061 = CARTESIAN_POINT ( 'NONE',  ( -128.4287344361837029, -30.28560081842557494, 2.148273468129785702 ) ) ;
#2062 = CARTESIAN_POINT ( 'NONE',  ( -126.9552188870530784, -30.37290601714022387, -4.750000000000048850 ) ) ;
#2063 = SURFACE_SIDE_STYLE ('',( #4738 ) ) ;
#2064 = PRESENTATION_LAYER_ASSIGNMENT (  '', '', ( #5022 ) ) ;
#2065 = CARTESIAN_POINT ( 'NONE',  ( -127.3710555354025331, -30.29216042392450348, 3.646354998713322804 ) ) ;
#2066 = VERTEX_POINT ( 'NONE', #2180 ) ;
#2067 = CARTESIAN_POINT ( 'NONE',  ( -128.5555961326129193, -30.42583624392051433, -1.469182452004569539 ) ) ;
#2068 = DIRECTION ( 'NONE',  ( 1.224606353822379970E-16, -1.000000000000000000, -1.224606353822379970E-16 ) ) ;
#2069 = VECTOR ( 'NONE', #1058, 1000.000000000000000 ) ;
#2070 = DIRECTION ( 'NONE',  ( 0.0000000000000000000, -1.000000000000000000, -6.123031769111889989E-17 ) ) ;
#2071 =( NAMED_UNIT ( * ) PLANE_ANGLE_UNIT ( ) SI_UNIT ( $, .RADIAN. ) );
#2072 = ADVANCED_FACE ( 'NONE', ( #5789 ), #2276, .T. ) ;
#2073 = ORIENTED_EDGE ( 'NONE', *, *, #6471, .F. ) ;
#2074 = CARTESIAN_POINT ( 'NONE',  ( -127.9233521597989949, -31.09748124895860499, 5.737678509578199026 ) ) ;
#2075 = CIRCLE ( 'NONE', #233, 3.156496523019705513 ) ;
#2076 =( LENGTH_UNIT ( ) NAMED_UNIT ( * ) SI_UNIT ( .MILLI., .METRE. ) );
#2077 = EDGE_LOOP ( 'NONE', ( #1037, #3588, #1655, #2536, #5265 ) ) ;
#2078 = CARTESIAN_POINT ( 'NONE',  ( -127.9235381164730256, -38.25397776765581170, 4.749999999999955591 ) ) ;
#2079 = CARTESIAN_POINT ( 'NONE',  ( -123.9233521597989949, -34.25397777197829896, -4.750000000000039968 ) ) ;
#2080 = UNCERTAINTY_MEASURE_WITH_UNIT (LENGTH_MEASURE( 1.000000000000000082E-05 ), #3318, 'distance_accuracy_value', 'NONE');
#2081 = DIRECTION ( 'NONE',  ( 1.000000000000000000, 0.0000000000000000000, 0.0000000000000000000 ) ) ;
#2082 = ADVANCED_FACE ( 'NONE', ( #4411 ), #191, .F. ) ;
#2083 = SURFACE_SIDE_STYLE ('',( #3128 ) ) ;
#2084 = ORIENTED_EDGE ( 'NONE', *, *, #4192, .T. ) ;
#2085 = FACE_OUTER_BOUND ( 'NONE', #5801, .T. ) ;
#2086 = CARTESIAN_POINT ( 'NONE',  ( -127.6233521597989977, -32.50397777197930083, -5.749999999999809930 ) ) ;
#2087 = CARTESIAN_POINT ( 'NONE',  ( -126.9807725251417594, -30.49021055915424228, -4.508018297699240229 ) ) ;
#2088 = SURFACE_STYLE_USAGE ( .BOTH. , #8 ) ;
#2089 = CARTESIAN_POINT ( 'NONE',  ( -127.9233521597989949, -30.73848570686701365, -5.629999999999090399 ) ) ;
#2090 = CARTESIAN_POINT ( 'NONE',  ( -128.0376058427252417, -30.37397777197827153, 2.104737251858956437 ) ) ;
#2091 = ORIENTED_EDGE ( 'NONE', *, *, #5532, .F. ) ;
#2092 = DIRECTION ( 'NONE',  ( 1.000000000000000000, 0.0000000000000000000, 5.588670992193329703E-17 ) ) ;
#2093 = PRODUCT_DEFINITION ( 'UNKNOWN', '', #717, #192 ) ;
#2094 = CARTESIAN_POINT ( 'NONE',  ( -128.3555961326129022, -30.39812959706699047, -1.469182422981879954 ) ) ;
#2095 = VERTEX_POINT ( 'NONE', #6450 ) ;
#2096 = CARTESIAN_POINT ( 'NONE',  ( -127.9233521597989949, -34.25397777197829896, 0.8985590598002769491 ) ) ;
#2097 = SURFACE_STYLE_FILL_AREA ( #2646 ) ;
#2098 = PRESENTATION_STYLE_ASSIGNMENT (( #2030 ) ) ;
#2099 = CARTESIAN_POINT ( 'NONE',  ( -127.9233521597989949, -34.25397777197869686, 4.750000000000910383 ) ) ;
#2100 = ADVANCED_FACE ( 'NONE', ( #3293 ), #5942, .T. ) ;
#2101 = ORIENTED_EDGE ( 'NONE', *, *, #3465, .F. ) ;
#2102 = CARTESIAN_POINT ( 'NONE',  ( -127.9233521597989949, -31.09748124895877908, 5.615972769942956688 ) ) ;
#2103 = CARTESIAN_POINT ( 'NONE',  ( -127.2911081869851131, -36.18255236209569858, 3.327671447015949191 ) ) ;
#2104 = ORIENTED_EDGE ( 'NONE', *, *, #2980, .F. ) ;
#2105 = LINE ( 'NONE', #5730, #93 ) ;
#2106 = EDGE_CURVE ( 'NONE', #5342, #250, #2402, .T. ) ;
#2107 = PRESENTATION_STYLE_ASSIGNMENT (( #6692 ) ) ;
#2108 =( NAMED_UNIT ( * ) PLANE_ANGLE_UNIT ( ) SI_UNIT ( $, .RADIAN. ) );
#2109 = EDGE_CURVE ( 'NONE', #358, #382, #2664, .T. ) ;
#2110 = CARTESIAN_POINT ( 'NONE',  ( -127.6974845249110047, -30.25956058905202894, 2.151617480792317849 ) ) ;
#2111 = CLOSED_SHELL ( 'NONE', ( #2100, #5943, #1983, #1414, #5876, #5900, #5044 ) ) ;
#2112 =( REPRESENTATION_RELATIONSHIP ('NONE','NONE', #5949, #2491 ) REPRESENTATION_RELATIONSHIP_WITH_TRANSFORMATION ( #984 )SHAPE_REPRESENTATION_RELATIONSHIP( ) );
#2113 = CARTESIAN_POINT ( 'NONE',  ( -128.7963014565314097, -30.77607266953475218, -5.750000000000168754 ) ) ;
#2114 =( NAMED_UNIT ( * ) PLANE_ANGLE_UNIT ( ) SI_UNIT ( $, .RADIAN. ) );
#2115 = CARTESIAN_POINT ( 'NONE',  ( -127.1735752436770639, -31.18782303421864910, 5.737678509578194586 ) ) ;
#2116 = ORIENTED_EDGE ( 'NONE', *, *, #3133, .T. ) ;
#2117 =( NAMED_UNIT ( * ) PLANE_ANGLE_UNIT ( ) SI_UNIT ( $, .RADIAN. ) );
#2118 = CARTESIAN_POINT ( 'NONE',  ( -127.0581598648333426, -30.75708697639758782, -3.773836930161378334 ) ) ;
#2119 = DIRECTION ( 'NONE',  ( -6.123031769111889989E-17, 0.0000000000000000000, 1.000000000000000000 ) ) ;
#2120 = CARTESIAN_POINT ( 'NONE',  ( -124.9233521597989949, -34.25397777197869686, 5.630000000000904947 ) ) ;
#2121 =( LENGTH_UNIT ( ) NAMED_UNIT ( * ) SI_UNIT ( .MILLI., .METRE. ) );
#2122 = STYLED_ITEM ( 'NONE', ( #3675 ), #251 ) ;
#2123 = CARTESIAN_POINT ( 'NONE',  ( -128.2233521597989920, -32.50397777197930083, -20.74999999999980105 ) ) ;
#2124 = CARTESIAN_POINT ( 'NONE',  ( -126.9552188870530784, -30.37290601714025939, -4.446647422289411899 ) ) ;
#2125 = ORIENTED_EDGE ( 'NONE', *, *, #284, .T. ) ;
#2126 =( GEOMETRIC_REPRESENTATION_CONTEXT ( 3 ) GLOBAL_UNCERTAINTY_ASSIGNED_CONTEXT ( ( #5432 ) ) GLOBAL_UNIT_ASSIGNED_CONTEXT ( ( #2457, #4004, #3559 ) ) REPRESENTATION_CONTEXT ( 'NONE', 'WORKASPACE' ) );
#2127 = CONTEXT_DEPENDENT_SHAPE_REPRESENTATION ( #4332, #10 ) ;
#2128 = AXIS2_PLACEMENT_3D ( 'NONE', #4198, #2119, #3134 ) ;
#2129 = B_SPLINE_CURVE_WITH_KNOTS ( 'NONE', 3,
 ( #1183, #3283, #5346, #678, #3546, #3420, #5088, #6563, #3960, #6539, #390, #6633, #2519, #5469 ),
 .UNSPECIFIED., .F., .F.,
 ( 4, 2, 2, 2, 2, 2, 4 ),
 ( -0.0009274233259575766046, -0.0006955676219051223604, -0.0004637119178526680620, -5.097477690603133271E-10, 0.0002318551943046804134, 0.0004637108983571299956, 0.0009274223064620278588 ),
 .UNSPECIFIED. ) ;
#2130 = CARTESIAN_POINT ( 'NONE',  ( -128.5555961326130046, -30.30426036957589631, 0.8985590598002769491 ) ) ;
#2131 = CARTESIAN_POINT ( 'NONE',  ( -128.5555961326130330, -30.42583624392038288, -1.469182437493224747 ) ) ;
#2132 = CARTESIAN_POINT ( 'NONE',  ( -127.0993452288120267, -30.91079284729422483, -5.518917799211750186 ) ) ;
#2133 = COLOUR_RGB ( '',0.0000000000000000000, 0.0000000000000000000, 0.0000000000000000000 ) ;
#2134 = CARTESIAN_POINT ( 'NONE',  ( -127.9233521597989949, -36.18255236209569858, 3.327671417993229852 ) ) ;
#2135 = CARTESIAN_POINT ( 'NONE',  ( -127.9233521597990233, -30.37397777197869786, 5.265492065112590048 ) ) ;
#2136 = CARTESIAN_POINT ( 'NONE',  ( -127.8091031230043342, -30.25397777197832738, 2.104737251858955549 ) ) ;
#2137 = MECHANICAL_DESIGN_GEOMETRIC_PRESENTATION_REPRESENTATION (  '', ( #2250 ), #57 ) ;
#2138 = VECTOR ( 'NONE', #6707, 1000.000000000000000 ) ;
#2139 = PRESENTATION_LAYER_ASSIGNMENT (  '', '', ( #3578 ) ) ;
#2140 = EDGE_LOOP ( 'NONE', ( #3073, #935, #5016, #588 ) ) ;
#2141 =( LENGTH_UNIT ( ) NAMED_UNIT ( * ) SI_UNIT ( .MILLI., .METRE. ) );
#2142 = DIRECTION ( 'NONE',  ( 6.123031769111889989E-17, -0.0000000000000000000, -1.000000000000000000 ) ) ;
#2143 = SURFACE_SIDE_STYLE ('',( #5325 ) ) ;
#2144 = CARTESIAN_POINT ( 'NONE',  ( -126.9495273080388529, -30.37433021606625161, 4.749999999999928946 ) ) ;
#2145 = ORIENTED_EDGE ( 'NONE', *, *, #4319, .F. ) ;
#2146 = COLOUR_RGB ( '',0.8000000000000000444, 0.1921568627450980227, 0.1921568627450980227 ) ;
#2147 = ADVANCED_FACE ( 'NONE', ( #2736 ), #1148, .T. ) ;
#2148 =( NAMED_UNIT ( * ) SI_UNIT ( $, .STERADIAN. ) SOLID_ANGLE_UNIT ( ) );
#2149 = CARTESIAN_POINT ( 'NONE',  ( -127.2116895615086776, -30.81127232334381461, -5.630000000000095817 ) ) ;
#2150 = DIRECTION ( 'NONE',  ( 1.000000000000000000, 0.0000000000000000000, 0.0000000000000000000 ) ) ;
#2151 = FILL_AREA_STYLE_COLOUR ( '', #3173 ) ;
#2152 =( GEOMETRIC_REPRESENTATION_CONTEXT ( 3 ) GLOBAL_UNCERTAINTY_ASSIGNED_CONTEXT ( ( #6093 ) ) GLOBAL_UNIT_ASSIGNED_CONTEXT ( ( #3598, #5280, #1494 ) ) REPRESENTATION_CONTEXT ( 'NONE', 'WORKASPACE' ) );
#2153 = AXIS2_PLACEMENT_3D ( 'NONE', #6335, #706, #2802 ) ;
#2154 = COLOUR_RGB ( '',0.6588235294117646967, 0.6588235294117646967, 0.6588235294117646967 ) ;
#2155 = PRESENTATION_STYLE_ASSIGNMENT (( #6697 ) ) ;
#2156 = FILL_AREA_STYLE_COLOUR ( '', #6162 ) ;
#2157 = SURFACE_SIDE_STYLE ('',( #65 ) ) ;
#2158 = ORIENTED_EDGE ( 'NONE', *, *, #3465, .T. ) ;
#2159 = EDGE_CURVE ( 'NONE', #6303, #3875, #5211, .T. ) ;
#2160 = PRESENTATION_LAYER_ASSIGNMENT (  '', '', ( #1404 ) ) ;
#2161 =( LENGTH_UNIT ( ) NAMED_UNIT ( * ) SI_UNIT ( .MILLI., .METRE. ) );
#2162 = MECHANICAL_DESIGN_GEOMETRIC_PRESENTATION_REPRESENTATION (  '', ( #6605 ), #430 ) ;
#2163 = SURFACE_STYLE_USAGE ( .BOTH. , #1224 ) ;
#2164 = DIRECTION ( 'NONE',  ( -6.123031769111889989E-17, -6.123031769111889989E-17, 1.000000000000000000 ) ) ;
#2165 = VECTOR ( 'NONE', #3309, 1000.000000000000000 ) ;
#2166 = EDGE_CURVE ( 'NONE', #5905, #1948, #3289, .T. ) ;
#2167 = CYLINDRICAL_SURFACE ( 'NONE', #6276, 0.2999999999999947153 ) ;
#2168 = CARTESIAN_POINT ( 'NONE',  ( -127.9233521597989949, -38.13397777197869232, -5.265492065110767506 ) ) ;
#2169 = AXIS2_PLACEMENT_3D ( 'NONE', #6048, #4078, #6084 ) ;
#2170 = FACE_OUTER_BOUND ( 'NONE', #5514, .T. ) ;
#2171 = EDGE_LOOP ( 'NONE', ( #554, #2015, #2440, #1226 ) ) ;
#2172 =( LENGTH_UNIT ( ) NAMED_UNIT ( * ) SI_UNIT ( .MILLI., .METRE. ) );
#2173 = AXIS2_PLACEMENT_3D ( 'NONE', #4969, #1229, #3352 ) ;
#2174 = CARTESIAN_POINT ( 'NONE',  ( -127.5346383813248110, -30.27247895135813138, -1.974560150163150452 ) ) ;
#2175 = CYLINDRICAL_SURFACE ( 'NONE', #1751, 3.879999999999994564 ) ;
#2176 = DIRECTION ( 'NONE',  ( 1.000000000000000000, 0.0000000000000000000, 1.117734198438665941E-16 ) ) ;
#2177 =( NAMED_UNIT ( * ) SI_UNIT ( $, .STERADIAN. ) SOLID_ANGLE_UNIT ( ) );
#2178 = PRESENTATION_LAYER_ASSIGNMENT (  '', '', ( #439 ) ) ;
#2179 = SURFACE_STYLE_USAGE ( .BOTH. , #6715 ) ;
#2180 = CARTESIAN_POINT ( 'NONE',  ( -127.9233521597989949, -38.13397777197869232, 4.750000000000910383 ) ) ;
#2181 = UNCERTAINTY_MEASURE_WITH_UNIT (LENGTH_MEASURE( 1.000000000000000082E-05 ), #5918, 'distance_accuracy_value', 'NONE');
#2182 = FACE_OUTER_BOUND ( 'NONE', #5295, .T. ) ;
#2183 = CIRCLE ( 'NONE', #4803, 1.020216641758081577 ) ;
#2184 = CARTESIAN_POINT ( 'NONE',  ( -128.2233521597989920, -36.00397777197930083, -5.749999999999809930 ) ) ;
#2185 = ORIENTED_EDGE ( 'NONE', *, *, #548, .F. ) ;
#2186 = PRESENTATION_STYLE_ASSIGNMENT (( #719 ) ) ;
#2187 = CARTESIAN_POINT ( 'NONE',  ( -128.8587229998937289, -30.49488460299275161, -5.253769860243133749 ) ) ;
#2188 = DIRECTION ( 'NONE',  ( 6.123031769111889989E-17, -1.000000000000000000, -1.224606353822379970E-16 ) ) ;
#2189 =( NAMED_UNIT ( * ) PLANE_ANGLE_UNIT ( ) SI_UNIT ( $, .RADIAN. ) );
#2190 = ORIENTED_EDGE ( 'NONE', *, *, #5279, .T. ) ;
#2191 = CARTESIAN_POINT ( 'NONE',  ( -121.5088123503996655, -38.13434235313697229, -5.265492065111759601 ) ) ;
#2192 =( NAMED_UNIT ( * ) PLANE_ANGLE_UNIT ( ) SI_UNIT ( $, .RADIAN. ) );
#2193 = CARTESIAN_POINT ( 'NONE',  ( -127.9233521597989949, -37.55721586648531485, -4.063772965423813055 ) ) ;
#2194 = VERTEX_POINT ( 'NONE', #2771 ) ;
#2195 = PRESENTATION_STYLE_ASSIGNMENT (( #105 ) ) ;
#2196 = LINE ( 'NONE', #522, #3364 ) ;
#2197 = VERTEX_POINT ( 'NONE', #6705 ) ;
#2198 = COLOUR_RGB ( '',0.8000000000000000444, 0.1921568627450980227, 0.1921568627450980227 ) ;
#2199 = PRESENTATION_STYLE_ASSIGNMENT (( #3760 ) ) ;
#2200 = DIRECTION ( 'NONE',  ( 0.0000000000000000000, 0.0000000000000000000, -1.000000000000000000 ) ) ;
#2201 = EDGE_CURVE ( 'NONE', #3240, #2917, #4168, .T. ) ;
#2202 = PLANE ( 'NONE',  #6078 ) ;
#2203 = FILL_AREA_STYLE_COLOUR ( '', #748 ) ;
#2204 = DIRECTION ( 'NONE',  ( -0.0000000000000000000, -0.0000000000000000000, -1.000000000000000000 ) ) ;
#2205 = VERTEX_POINT ( 'NONE', #5707 ) ;
#2206 = CARTESIAN_POINT ( 'NONE',  ( -126.9862819858889651, -30.48883508023762445, -4.598323711144740145 ) ) ;
#2207 = EDGE_CURVE ( 'NONE', #5655, #1944, #4156, .T. ) ;
#2208 = CARTESIAN_POINT ( 'NONE',  ( -128.5555961326130046, -30.30426036957589631, 3.327671432504575311 ) ) ;
#2209 = PRESENTATION_STYLE_ASSIGNMENT (( #121 ) ) ;
#2210 = DIRECTION ( 'NONE',  ( 1.000000000000000000, 0.0000000000000000000, 1.084202172485503448E-16 ) ) ;
#2211 = DIRECTION ( 'NONE',  ( 1.000000000000000000, 6.123031769111889989E-17, 6.123031769111889989E-17 ) ) ;
#2212 = ADVANCED_FACE ( 'NONE', ( #34 ), #2167, .T. ) ;
#2213 = ORIENTED_EDGE ( 'NONE', *, *, #2980, .T. ) ;
#2214 = LINE ( 'NONE', #4323, #5121 ) ;
#2215 =( NAMED_UNIT ( * ) PLANE_ANGLE_UNIT ( ) SI_UNIT ( $, .RADIAN. ) );
#2216 = CARTESIAN_POINT ( 'NONE',  ( -127.5381448425159334, -30.39231987757551323, -0.4523611822350017686 ) ) ;
#2217 = ORIENTED_EDGE ( 'NONE', *, *, #709, .F. ) ;
#2218 = CARTESIAN_POINT ( 'NONE',  ( -127.9233521597989949, -29.75142814401738889, -3.699764651344419786 ) ) ;
#2219 = CARTESIAN_POINT ( 'NONE',  ( -134.3383330142679029, -38.13361317828607611, -5.265492065111759601 ) ) ;
#2220 = CARTESIAN_POINT ( 'NONE',  ( -128.7596025437846947, -30.86435861466956609, -3.855041403455984561 ) ) ;
#2221 = EDGE_LOOP ( 'NONE', ( #572, #4793, #2555, #483, #559, #5716, #2287, #2374, #2567, #1034, #4832, #1045 ) ) ;
#2222 = CARTESIAN_POINT ( 'NONE',  ( -127.2911081869853263, -30.30426036957597091, -1.469182513991859729 ) ) ;
#2223 =( NAMED_UNIT ( * ) SI_UNIT ( $, .STERADIAN. ) SOLID_ANGLE_UNIT ( ) );
#2224 = ORIENTED_EDGE ( 'NONE', *, *, #2516, .T. ) ;
#2225 = CARTESIAN_POINT ( 'NONE',  ( -127.2894087991510617, -30.41291718526903765, -4.750000000000070166 ) ) ;
#2226 = SURFACE_STYLE_USAGE ( .BOTH. , #139 ) ;
#2227 = UNCERTAINTY_MEASURE_WITH_UNIT (LENGTH_MEASURE( 1.000000000000000082E-05 ), #2407, 'distance_accuracy_value', 'NONE');
#2228 = CARTESIAN_POINT ( 'NONE',  ( -128.1494815872977995, -30.25957648172493819, 2.151771087486587408 ) ) ;
#2229 = DIRECTION ( 'NONE',  ( -6.123031769111889989E-17, -0.0000000000000000000, 1.000000000000000000 ) ) ;
#2230 = DIRECTION ( 'NONE',  ( 1.000000000000000000, 0.0000000000000000000, 0.0000000000000000000 ) ) ;
#2231 = VERTEX_POINT ( 'NONE', #256 ) ;
#2232 =( NAMED_UNIT ( * ) SI_UNIT ( $, .STERADIAN. ) SOLID_ANGLE_UNIT ( ) );
#2233 = FILL_AREA_STYLE_COLOUR ( '', #6619 ) ;
#2234 = ADVANCED_FACE ( 'NONE', ( #5929 ), #3961, .F. ) ;
#2235 = CARTESIAN_POINT ( 'NONE',  ( -128.5555961326129477, -30.42583624392051433, -0.6784922151501288079 ) ) ;
#2236 =( GEOMETRIC_REPRESENTATION_CONTEXT ( 3 ) GLOBAL_UNCERTAINTY_ASSIGNED_CONTEXT ( ( #676 ) ) GLOBAL_UNIT_ASSIGNED_CONTEXT ( ( #2359, #4821, #1215 ) ) REPRESENTATION_CONTEXT ( 'NONE', 'WORKASPACE' ) );
#2237 = FACE_OUTER_BOUND ( 'NONE', #5764, .T. ) ;
#2238 = DIRECTION ( 'NONE',  ( 6.123031769111889989E-17, -1.000000000000000000, -1.224606353822379970E-16 ) ) ;
#2239 = EDGE_CURVE ( 'NONE', #2993, #4624, #1616, .T. ) ;
#2240 = PRODUCT_DEFINITION_CONTEXT ( 'detailed design', #4920, 'design' ) ;
#2241 =( GEOMETRIC_REPRESENTATION_CONTEXT ( 3 ) GLOBAL_UNCERTAINTY_ASSIGNED_CONTEXT ( ( #5720 ) ) GLOBAL_UNIT_ASSIGNED_CONTEXT ( ( #1478, #491, #1040 ) ) REPRESENTATION_CONTEXT ( 'NONE', 'WORKASPACE' ) );
#2242 = DIRECTION ( 'NONE',  ( -6.123031769111889989E-17, 0.0000000000000000000, 1.000000000000000000 ) ) ;
#2243 = CARTESIAN_POINT ( 'NONE',  ( -127.2911081869851131, -36.18255236209569858, -1.469182513991860617 ) ) ;
#2244 = VERTEX_POINT ( 'NONE', #1248 ) ;
#2245 = EDGE_CURVE ( 'NONE', #4354, #2194, #5540, .T. ) ;
#2246 = DIRECTION ( 'NONE',  ( -6.123031769111889989E-17, 0.0000000000000000000, 1.000000000000000000 ) ) ;
#2247 = AXIS2_PLACEMENT_3D ( 'NONE', #6467, #4823, #6361 ) ;
#2248 = DIRECTION ( 'NONE',  ( 0.0000000000000000000, 0.0000000000000000000, 1.000000000000000000 ) ) ;
#2249 = ORIENTED_EDGE ( 'NONE', *, *, #6377, .T. ) ;
#2250 = STYLED_ITEM ( 'NONE', ( #4700 ), #797 ) ;
#2251 = PRESENTATION_LAYER_ASSIGNMENT (  '', '', ( #525 ) ) ;
#2252 = MECHANICAL_DESIGN_GEOMETRIC_PRESENTATION_REPRESENTATION (  '', ( #6682 ), #3040 ) ;
#2253 = CARTESIAN_POINT ( 'NONE',  ( -126.9862819858891214, -30.48883508023758537, -4.750000000000042633 ) ) ;
#2254 = CARTESIAN_POINT ( 'NONE',  ( -128.8603507143013474, -30.48881725629500039, -2.891511004989610001 ) ) ;
#2255 = ORIENTED_EDGE ( 'NONE', *, *, #1035, .T. ) ;
#2256 = CARTESIAN_POINT ( 'NONE',  ( -128.8315512837791914, -30.59616786329097593, -5.193318333440717360 ) ) ;
#2257 = PRESENTATION_STYLE_ASSIGNMENT (( #166 ) ) ;
#2258 = CARTESIAN_POINT ( 'NONE',  ( -127.2911081869853263, -30.42583624392061736, 2.536981133662860266 ) ) ;
#2259 = STYLED_ITEM ( 'NONE', ( #1752 ), #6311 ) ;
#2260 = ORIENTED_EDGE ( 'NONE', *, *, #1078, .F. ) ;
#2261 = CIRCLE ( 'NONE', #4452, 3.156496523019705513 ) ;
#2262 =( NAMED_UNIT ( * ) SI_UNIT ( $, .STERADIAN. ) SOLID_ANGLE_UNIT ( ) );
#2263 = AXIS2_PLACEMENT_3D ( 'NONE', #4047, #1895, #5584 ) ;
#2264 =( NAMED_UNIT ( * ) PLANE_ANGLE_UNIT ( ) SI_UNIT ( $, .RADIAN. ) );
#2265 = VECTOR ( 'NONE', #5533, 1000.000000000000000 ) ;
#2266 = DIRECTION ( 'NONE',  ( -1.224606353822379970E-16, 1.000000000000000000, 0.0000000000000000000 ) ) ;
#2267 =( LENGTH_UNIT ( ) NAMED_UNIT ( * ) SI_UNIT ( .MILLI., .METRE. ) );
#2268 = CIRCLE ( 'NONE', #2840, 3.879999999999994564 ) ;
#2269 =( LENGTH_UNIT ( ) NAMED_UNIT ( * ) SI_UNIT ( .MILLI., .METRE. ) );
#2270 = CIRCLE ( 'NONE', #2946, 3.880000000000001670 ) ;
#2271 = ORIENTED_EDGE ( 'NONE', *, *, #539, .T. ) ;
#2272 = CARTESIAN_POINT ( 'NONE',  ( -128.6322831541421579, -31.33894486560134141, -0.006160745210948450137 ) ) ;
#2273 = PRESENTATION_LAYER_ASSIGNMENT (  '', '', ( #2844 ) ) ;
#2274 = SURFACE_SIDE_STYLE ('',( #5351 ) ) ;
#2275 = DIRECTION ( 'NONE',  ( -6.123031769111889989E-17, -6.123031769111889989E-17, 1.000000000000000000 ) ) ;
#2276 =( BOUNDED_SURFACE ( )  B_SPLINE_SURFACE ( 3, 3, ( 
 ( #2749, #3864, #232, #1199 ),
 ( #2781, #3897, #4837, #5886 ),
 ( #1691, #2815, #2319, #1758 ),
 ( #6379, #2883, #4349, #5909 ) ),
 .UNSPECIFIED., .F., .F., .T. ) 
 B_SPLINE_SURFACE_WITH_KNOTS ( ( 4, 4 ),
 ( 4, 4 ),
 ( 0.0000000000000000000, 1.000000000000000000 ),
 ( 0.0000000000000000000, 1.000000000000000000 ),
 .UNSPECIFIED. ) 
 GEOMETRIC_REPRESENTATION_ITEM ( )  RATIONAL_B_SPLINE_SURFACE ( (
 ( 1.000000000000000000, 0.9949891257917903298, 0.9949891257917903298, 1.000000000000000000),
 ( 0.7401421113121700035, 0.7364333522961860057, 0.7364333522961860057, 0.7401421113121700035),
 ( 0.7401421113121700035, 0.7364333522961860057, 0.7364333522961860057, 0.7401421113121700035),
 ( 1.000000000000000000, 0.9949891257917903298, 0.9949891257917903298, 1.000000000000000000) ) ) 
 REPRESENTATION_ITEM ( '' )  SURFACE ( )  );
#2277 = CARTESIAN_POINT ( 'NONE',  ( -127.9233521597989949, -30.37397777197829640, 4.749999999999929834 ) ) ;
#2278 = MECHANICAL_DESIGN_GEOMETRIC_PRESENTATION_REPRESENTATION (  '', ( #5221 ), #2953 ) ;
#2279 = CARTESIAN_POINT ( 'NONE',  ( -131.8033521597990045, -34.25397777197829896, 0.8985590598003058149 ) ) ;
#2280 = FILL_AREA_STYLE ('',( #3803 ) ) ;
#2281 = PRESENTATION_LAYER_ASSIGNMENT (  '', '', ( #3932 ) ) ;
#2282 = FILL_AREA_STYLE ('',( #4810 ) ) ;
#2283 =( GEOMETRIC_REPRESENTATION_CONTEXT ( 3 ) GLOBAL_UNCERTAINTY_ASSIGNED_CONTEXT ( ( #1827 ) ) GLOBAL_UNIT_ASSIGNED_CONTEXT ( ( #3119, #5081, #6114 ) ) REPRESENTATION_CONTEXT ( 'NONE', 'WORKASPACE' ) );
#2284 =( NAMED_UNIT ( * ) PLANE_ANGLE_UNIT ( ) SI_UNIT ( $, .RADIAN. ) );
#2285 = DIRECTION ( 'NONE',  ( -6.123031769111889989E-17, 0.0000000000000000000, 1.000000000000000000 ) ) ;
#2286 = AXIS2_PLACEMENT_3D ( 'NONE', #4248, #6278, #2176 ) ;
#2288 = EDGE_CURVE ( 'NONE', #2066, #38, #754, .T. ) ;
#2287 = ORIENTED_EDGE ( 'NONE', *, *, #3193, .F. ) ;
#2289 = CARTESIAN_POINT ( 'NONE',  ( -127.5381448425159334, -30.39231987757551323, 3.553802465419699796 ) ) ;
#2290 = LINE ( 'NONE', #3903, #6133 ) ;
#2291 = DIRECTION ( 'NONE',  ( 1.000000000000000000, 0.0000000000000000000, 1.084202172485503448E-16 ) ) ;
#2292 = ORIENTED_EDGE ( 'NONE', *, *, #3689, .T. ) ;
#2293 = EDGE_CURVE ( 'NONE', #3174, #2671, #776, .T. ) ;
#2294 = CYLINDRICAL_SURFACE ( 'NONE', #176, 0.4322439728138840476 ) ;
#2295 = FILL_AREA_STYLE_COLOUR ( '', #5331 ) ;
#2296 = ORIENTED_EDGE ( 'NONE', *, *, #4948, .T. ) ;
#2297 = CARTESIAN_POINT ( 'NONE',  ( -127.9233521597989949, -34.25397777197829896, -5.630000000000070060 ) ) ;
#2298 = VECTOR ( 'NONE', #6551, 1000.000000000000000 ) ;
#2299 = CARTESIAN_POINT ( 'NONE',  ( -121.7144835779543115, -32.07332151002899678, -4.052649073641993560 ) ) ;
#2300 = DIRECTION ( 'NONE',  ( 1.000000000000000000, 0.0000000000000000000, 0.0000000000000000000 ) ) ;
#2301 = DIRECTION ( 'NONE',  ( -1.224606353822379970E-16, 1.000000000000000000, 1.224606353822379970E-16 ) ) ;
#2302 = UNCERTAINTY_MEASURE_WITH_UNIT (LENGTH_MEASURE( 1.000000000000000082E-05 ), #6408, 'distance_accuracy_value', 'NONE');
#2303 = DIRECTION ( 'NONE',  ( 1.000000000000000000, 0.0000000000000000000, -0.0000000000000000000 ) ) ;
#2304 = CARTESIAN_POINT ( 'NONE',  ( -127.2911081990250324, -30.42583624193222036, 2.453340171455426155 ) ) ;
#2305 = EDGE_CURVE ( 'NONE', #3174, #2543, #3822, .T. ) ;
#2306 = DIRECTION ( 'NONE',  ( 0.0000000000000000000, 0.0000000000000000000, 1.000000000000000000 ) ) ;
#2307 = SURFACE_STYLE_FILL_AREA ( #3381 ) ;
#2308 = CARTESIAN_POINT ( 'NONE',  ( -127.2911081869859942, -36.18255236209569858, 2.536981133662830068 ) ) ;
#2309 = VECTOR ( 'NONE', #5749, 1000.000000000000000 ) ;
#2310 = DIRECTION ( 'NONE',  ( 0.0000000000000000000, 0.0000000000000000000, 1.000000000000000000 ) ) ;
#2311 = VERTEX_POINT ( 'NONE', #6000 ) ;
#2312 = LINE ( 'NONE', #5846, #1187 ) ;
#2313 = EDGE_CURVE ( 'NONE', #4510, #2338, #3328, .T. ) ;
#2314 = CARTESIAN_POINT ( 'NONE',  ( -127.9233521597989949, -34.25397777197829896, -4.750000000000039968 ) ) ;
#2315 = SURFACE_SIDE_STYLE ('',( #6710 ) ) ;
#2316 = CYLINDRICAL_SURFACE ( 'NONE', #3178, 4.000000000000003553 ) ;
#2317 = SURFACE_STYLE_FILL_AREA ( #1255 ) ;
#2318 = FILL_AREA_STYLE ('',( #1155 ) ) ;
#2319 = CARTESIAN_POINT ( 'NONE',  ( -128.1942029157725358, -30.95073967747231336, -4.063772965424308659 ) ) ;
#2320 = DIRECTION ( 'NONE',  ( 6.516189447705695615E-17, 1.748127472399137532E-17, -1.000000000000000000 ) ) ;
#2321 = CARTESIAN_POINT ( 'NONE',  ( -127.9233521597989949, -36.18255236209569858, 3.327671417993249836 ) ) ;
#2322 = ORIENTED_EDGE ( 'NONE', *, *, #790, .T. ) ;
#2323 = CARTESIAN_POINT ( 'NONE',  ( -127.4179718640154277, -30.28560055424154385, 3.716381883260329033 ) ) ;
#2324 = DIRECTION ( 'NONE',  ( 1.000000000000000000, 0.0000000000000000000, 1.117734198438665941E-16 ) ) ;
#2325 = CARTESIAN_POINT ( 'NONE',  ( -127.0892241057101870, -30.87302030164858024, -3.542968476551170198 ) ) ;
#2326 = EDGE_LOOP ( 'NONE', ( #4963, #6250, #3369, #5035, #3064, #3827, #4652, #1980, #2955, #4119, #1449, #1675 ) ) ;
#2327 = SURFACE_STYLE_USAGE ( .BOTH. , #3871 ) ;
#2328 = CARTESIAN_POINT ( 'NONE',  ( -128.5656399196802795, -31.16351878772671924, 5.615972769942977116 ) ) ;
#2329 = SURFACE_STYLE_USAGE ( .BOTH. , #4820 ) ;
#2330 =( NAMED_UNIT ( * ) SI_UNIT ( $, .STERADIAN. ) SOLID_ANGLE_UNIT ( ) );
#2331 = CARTESIAN_POINT ( 'NONE',  ( -124.7668556367792974, -34.25397777197849791, 5.970093049101929950 ) ) ;
#2332 = CARTESIAN_POINT ( 'NONE',  ( -126.9807725251417878, -30.49021055915423162, -4.750000000000070166 ) ) ;
#2333 = FILL_AREA_STYLE ('',( #4402 ) ) ;
#2334 = DIRECTION ( 'NONE',  ( 1.000000000000000000, 0.0000000000000000000, 0.0000000000000000000 ) ) ;
#2335 =( NAMED_UNIT ( * ) SI_UNIT ( $, .STERADIAN. ) SOLID_ANGLE_UNIT ( ) );
#2336 = DIRECTION ( 'NONE',  ( -1.000000000000000000, -6.277842074559163314E-16, -6.123031769111889989E-17 ) ) ;
#2337 = CYLINDRICAL_SURFACE ( 'NONE', #3910, 0.4322439728138838255 ) ;
#2338 = VERTEX_POINT ( 'NONE', #5298 ) ;
#2339 = FILL_AREA_STYLE ('',( #1383 ) ) ;
#2340 =( NAMED_UNIT ( * ) SI_UNIT ( $, .STERADIAN. ) SOLID_ANGLE_UNIT ( ) );
#2341 = CARTESIAN_POINT ( 'NONE',  ( -126.9862819858891498, -30.48883508023765643, -0.006160745210948450137 ) ) ;
#2342 = CARTESIAN_POINT ( 'NONE',  ( -128.5555961326129477, -30.42583624392051433, 3.327671432504575311 ) ) ;
#2343 = CARTESIAN_POINT ( 'NONE',  ( -127.9233521597989949, -38.13397777197869232, -4.508018297698258792 ) ) ;
#2344 = DIRECTION ( 'NONE',  ( 0.0000000000000000000, 0.0000000000000000000, -1.000000000000000000 ) ) ;
#2345 = ORIENTED_EDGE ( 'NONE', *, *, #712, .T. ) ;
#2346 = DIRECTION ( 'NONE',  ( 6.123031769111889989E-17, -0.0000000000000000000, -1.000000000000000000 ) ) ;
#2347 = COLOUR_RGB ( '',1.000000000000000000, 1.000000000000000000, 1.000000000000000000 ) ;
#2348 = CARTESIAN_POINT ( 'NONE',  ( -127.4911081869859970, -36.18255236209569858, 3.327671417993249836 ) ) ;
#2349 = ORIENTED_EDGE ( 'NONE', *, *, #2458, .F. ) ;
#2350 = MECHANICAL_DESIGN_GEOMETRIC_PRESENTATION_REPRESENTATION (  '', ( #1794 ), #3131 ) ;
#2351 = CYLINDRICAL_SURFACE ( 'NONE', #6070, 0.6322439728138918857 ) ;
#2352 = ADVANCED_BREP_SHAPE_REPRESENTATION ( '', ( #2524, #1074 ), #2732 ) ;
#2353 = CARTESIAN_POINT ( 'NONE',  ( -120.8595051063395687, -31.75975174038077853, 5.195173636599667688 ) ) ;
#2354 = AXIS2_PLACEMENT_3D ( 'NONE', #693, #4324, #3300 ) ;
#2355 = SURFACE_STYLE_FILL_AREA ( #865 ) ;
#2356 = COLOUR_RGB ( '',1.000000000000000000, 1.000000000000000000, 1.000000000000000000 ) ;
#2357 = ORIENTED_EDGE ( 'NONE', *, *, #281, .F. ) ;
#2358 = DIRECTION ( 'NONE',  ( 1.000000000000000000, 6.123031769111889989E-17, 1.224606353822379970E-16 ) ) ;
#2359 =( LENGTH_UNIT ( ) NAMED_UNIT ( * ) SI_UNIT ( .MILLI., .METRE. ) );
#2360 = EDGE_CURVE ( 'NONE', #4399, #3138, #1510, .T. ) ;
#2361 = CARTESIAN_POINT ( 'NONE',  ( -128.5555961249340839, -30.42583624265231279, 2.369702226549246671 ) ) ;
#2362 = PRESENTATION_LAYER_ASSIGNMENT (  '', '', ( #5410 ) ) ;
#2363 = COLOUR_RGB ( '',0.6588235294117646967, 0.6588235294117646967, 0.6588235294117646967 ) ;
#2364 = LINE ( 'NONE', #3956, #1054 ) ;
#2365 = CARTESIAN_POINT ( 'NONE',  ( -127.9233521597989949, -34.25397777197829896, -4.750000000000070166 ) ) ;
#2366 = UNCERTAINTY_MEASURE_WITH_UNIT (LENGTH_MEASURE( 1.000000000000000082E-05 ), #3959, 'distance_accuracy_value', 'NONE');
#2367 = FILL_AREA_STYLE ('',( #2903 ) ) ;
#2368 = COLOUR_RGB ( '',0.0000000000000000000, 0.0000000000000000000, 0.0000000000000000000 ) ;
#2369 = VECTOR ( 'NONE', #5983, 1000.000000000000000 ) ;
#2370 = CARTESIAN_POINT ( 'NONE',  ( -128.7572913339214722, -30.87297370799667107, -3.856561071967815391 ) ) ;
#2371 = EDGE_CURVE ( 'NONE', #429, #2552, #1194, .T. ) ;
#2372 = CYLINDRICAL_SURFACE ( 'NONE', #1918, 0.6322439728138899984 ) ;
#2373 =( NAMED_UNIT ( * ) PLANE_ANGLE_UNIT ( ) SI_UNIT ( $, .RADIAN. ) );
#2374 = ORIENTED_EDGE ( 'NONE', *, *, #4794, .F. ) ;
#2375 = SURFACE_SIDE_STYLE ('',( #4964 ) ) ;
#2376 = STYLED_ITEM ( 'NONE', ( #5787 ), #1371 ) ;
#2377 = CARTESIAN_POINT ( 'NONE',  ( -127.8397204766350228, -30.25397777171909652, 1.904737250218993205 ) ) ;
#2378 = PRESENTATION_LAYER_ASSIGNMENT (  '', '', ( #6486 ) ) ;
#2379 = AXIS2_PLACEMENT_3D ( 'NONE', #930, #387, #5998 ) ;
#2380 = CARTESIAN_POINT ( 'NONE',  ( -128.1693387477085935, -31.25397777197844107, -5.630000000000070060 ) ) ;
#2381 = ADVANCED_FACE ( 'NONE', ( #1246 ), #3342, .F. ) ;
#2382 = CARTESIAN_POINT ( 'NONE',  ( -127.9233521597989949, -34.25397777197829896, -2.891511004989599787 ) ) ;
#2383 = CARTESIAN_POINT ( 'NONE',  ( -127.1208869648749413, -31.04969446366564512, -4.063772965424313099 ) ) ;
#2384 = MECHANICAL_DESIGN_GEOMETRIC_PRESENTATION_REPRESENTATION (  '', ( #1297 ), #1617 ) ;
#2385 = CARTESIAN_POINT ( 'NONE',  ( -127.9762869089730088, -33.78418749120889686, -0.006160745210934240150 ) ) ;
#2386 = AXIS2_PLACEMENT_3D ( 'NONE', #6440, #777, #4860 ) ;
#2387 = CARTESIAN_POINT ( 'NONE',  ( -128.3555961326129022, -30.39812959706710060, -0.6784922296614720461 ) ) ;
#2388 = MECHANICAL_DESIGN_GEOMETRIC_PRESENTATION_REPRESENTATION (  '', ( #4890 ), #4140 ) ;
#2389 = DIRECTION ( 'NONE',  ( 1.224606353822379970E-16, -1.000000000000000000, -1.224606353822379970E-16 ) ) ;
#2390 = STYLED_ITEM ( 'NONE', ( #3317 ), #2381 ) ;
#2391 = CARTESIAN_POINT ( 'NONE',  ( -127.9233521597989949, -34.25397777197829896, 0.8985590598003060370 ) ) ;
#2392 = CARTESIAN_POINT ( 'NONE',  ( -127.9233521597989949, -30.37397777197870141, -4.508018297698259680 ) ) ;
#2393 = APPLICATION_CONTEXT ( 'automotive_design' ) ;
#2394 = ORIENTED_EDGE ( 'NONE', *, *, #5712, .T. ) ;
#2395 = CARTESIAN_POINT ( 'NONE',  ( -128.7895470086201897, -30.75273986325733944, 5.579326645285847874 ) ) ;
#2396 = PRESENTATION_STYLE_ASSIGNMENT (( #1894 ) ) ;
#2397 = PRESENTATION_LAYER_ASSIGNMENT (  '', '', ( #206 ) ) ;
#2398 = CARTESIAN_POINT ( 'NONE',  ( -127.9233521597989949, -34.25397777197869686, -2.891511004988629452 ) ) ;
#2399 = ORIENTED_EDGE ( 'NONE', *, *, #3127, .F. ) ;
#2400 = DIRECTION ( 'NONE',  ( -6.123031769111889989E-17, 5.817644942362439956E-48, 1.000000000000000000 ) ) ;
#2401 = CIRCLE ( 'NONE', #770, 3.156496523019705513 ) ;
#2402 = CIRCLE ( 'NONE', #2630, 3.879999999999994564 ) ;
#2403 = EDGE_CURVE ( 'NONE', #5342, #5116, #1721, .T. ) ;
#2404 = CARTESIAN_POINT ( 'NONE',  ( -128.0069910185778497, -30.25397793945674607, -0.04624931642875888815 ) ) ;
#2405 = EDGE_LOOP ( 'NONE', ( #2860, #2523, #3944, #4751 ) ) ;
#2406 = FILL_AREA_STYLE_COLOUR ( '', #1584 ) ;
#2407 =( LENGTH_UNIT ( ) NAMED_UNIT ( * ) SI_UNIT ( .MILLI., .METRE. ) );
#2408 = AXIS2_PLACEMENT_3D ( 'NONE', #1672, #165, #6021 ) ;
#2409 = DIRECTION ( 'NONE',  ( -1.000000000000000000, -1.224606353822390077E-16, 1.341831088117449945E-14 ) ) ;
#2410 = FILL_AREA_STYLE ('',( #1416 ) ) ;
#2411 = PRODUCT_DEFINITION ( 'UNKNOWN', '', #5498, #4974 ) ;
#2412 = STYLED_ITEM ( 'NONE', ( #3550 ), #3844 ) ;
#2413 = FACE_OUTER_BOUND ( 'NONE', #134, .T. ) ;
#2414 = VERTEX_POINT ( 'NONE', #1279 ) ;
#2415 = CARTESIAN_POINT ( 'NONE',  ( 0.0000000000000000000, 0.0000000000000000000, 0.0000000000000000000 ) ) ;
#2416 = DIRECTION ( 'NONE',  ( 1.000000000000000000, 0.0000000000000000000, 0.0000000000000000000 ) ) ;
#2417 = EDGE_LOOP ( 'NONE', ( #4277, #5518, #2145, #5348, #6526 ) ) ;
#2418 = CYLINDRICAL_SURFACE ( 'NONE', #1082, 3.156496523019705513 ) ;
#2419 = PRESENTATION_LAYER_ASSIGNMENT (  '', '', ( #1430 ) ) ;
#2420 = MANIFOLD_SOLID_BREP ( '10', #2111 ) ;
#2421 =( LENGTH_UNIT ( ) NAMED_UNIT ( * ) SI_UNIT ( .MILLI., .METRE. ) );
#2422 = LINE ( 'NONE', #1385, #3188 ) ;
#2423 = EDGE_CURVE ( 'NONE', #4065, #1366, #6371, .T. ) ;
#2424 =( NAMED_UNIT ( * ) PLANE_ANGLE_UNIT ( ) SI_UNIT ( $, .RADIAN. ) );
#2425 = VECTOR ( 'NONE', #5610, 1000.000000000000000 ) ;
#2426 = LINE ( 'NONE', #1959, #2495 ) ;
#2427 = FILL_AREA_STYLE_COLOUR ( '', #1075 ) ;
#2428 =( LENGTH_UNIT ( ) NAMED_UNIT ( * ) SI_UNIT ( .MILLI., .METRE. ) );
#2429 = EDGE_CURVE ( 'NONE', #5573, #5155, #3419, .T. ) ;
#2430 = CARTESIAN_POINT ( 'NONE',  ( -128.8603507143014042, -30.48881725629495776, 4.749999999999943157 ) ) ;
#2431 = ORIENTED_EDGE ( 'NONE', *, *, #6478, .F. ) ;
#2432 = VERTEX_POINT ( 'NONE', #1953 ) ;
#2433 =( NAMED_UNIT ( * ) SI_UNIT ( $, .STERADIAN. ) SOLID_ANGLE_UNIT ( ) );
#2434 = ORIENTED_EDGE ( 'NONE', *, *, #490, .F. ) ;
#2435 = CARTESIAN_POINT ( 'NONE',  ( 0.0000000000000000000, 0.0000000000000000000, 0.0000000000000000000 ) ) ;
#2436 = CARTESIAN_POINT ( 'NONE',  ( -128.3555961326128454, -30.27740070772229330, 2.422732109957429270 ) ) ;
#2437 = MANIFOLD_SOLID_BREP ( '3', #6121 ) ;
#2438 = SHAPE_REPRESENTATION_RELATIONSHIP ( 'NONE' , 'NONE' ,  #5272, #2009 ) ;
#2439 = CARTESIAN_POINT ( 'NONE',  ( -127.9233521597989949, -34.25397777197869686, -4.598323711143789794 ) ) ;
#2440 = ORIENTED_EDGE ( 'NONE', *, *, #6001, .F. ) ;
#2441 =( NAMED_UNIT ( * ) PLANE_ANGLE_UNIT ( ) SI_UNIT ( $, .RADIAN. ) );
#2442 = UNCERTAINTY_MEASURE_WITH_UNIT (LENGTH_MEASURE( 1.000000000000000082E-05 ), #3618, 'distance_accuracy_value', 'NONE');
#2443 = CARTESIAN_POINT ( 'NONE',  ( -126.9862819858890219, -30.48883508023762090, 4.956080243664475304 ) ) ;
#2444 = ORIENTED_EDGE ( 'NONE', *, *, #3228, .T. ) ;
#2445 =( LENGTH_UNIT ( ) NAMED_UNIT ( * ) SI_UNIT ( .MILLI., .METRE. ) );
#2446 = DIRECTION ( 'NONE',  ( 1.224606353822379970E-16, -1.000000000000000000, 0.0000000000000000000 ) ) ;
#2447 = VERTEX_POINT ( 'NONE', #327 ) ;
#2448 = CARTESIAN_POINT ( 'NONE',  ( -128.2420516734067633, -30.38632920083945876, -2.021469947552637869 ) ) ;
#2449 = FILL_AREA_STYLE ('',( #5545 ) ) ;
#2450 = CARTESIAN_POINT ( 'NONE',  ( -127.9233521597989949, -30.66819133435148004, -5.750000000000172307 ) ) ;
#2451 = ADVANCED_FACE ( 'NONE', ( #2413 ), #3545, .T. ) ;
#2452 = CARTESIAN_POINT ( 'NONE',  ( -128.5783103509718615, -30.29429513185727529, -4.446647422289488283 ) ) ;
#2453 = APPLICATION_PROTOCOL_DEFINITION ( 'draft international standard', 'automotive_design', 1998, #2575 ) ;
#2454 = CARTESIAN_POINT ( 'NONE',  ( -126.9862819858891498, -30.48883508023765998, -0.006160745210948450137 ) ) ;
#2455 = CARTESIAN_POINT ( 'NONE',  ( -124.0433521597989994, -34.25397777197829896, -4.750000000000039968 ) ) ;
#2456 = ORIENTED_EDGE ( 'NONE', *, *, #5511, .F. ) ;
#2457 =( LENGTH_UNIT ( ) NAMED_UNIT ( * ) SI_UNIT ( .MILLI., .METRE. ) );
#2458 = EDGE_CURVE ( 'NONE', #3138, #3595, #2757, .T. ) ;
#2459 =( NAMED_UNIT ( * ) PLANE_ANGLE_UNIT ( ) SI_UNIT ( $, .RADIAN. ) );
#2460 = UNCERTAINTY_MEASURE_WITH_UNIT (LENGTH_MEASURE( 1.000000000000000082E-05 ), #2817, 'distance_accuracy_value', 'NONE');
#2461 = CARTESIAN_POINT ( 'NONE',  ( -127.5346263470848953, -30.39305491261044168, -0.1731253927814966065 ) ) ;
#2462 = DIRECTION ( 'NONE',  ( 5.722799096005959519E-14, 1.000000000000000000, 0.0000000000000000000 ) ) ;
#2463 = ADVANCED_FACE ( 'NONE', ( #2551 ), #3096, .F. ) ;
#2464 = ORIENTED_EDGE ( 'NONE', *, *, #4914, .T. ) ;
#2465 = CARTESIAN_POINT ( 'NONE',  ( 0.0000000000000000000, 0.0000000000000000000, 0.0000000000000000000 ) ) ;
#2466 = CARTESIAN_POINT ( 'NONE',  ( -128.6728439867117970, -31.18775333446110309, 5.615972769942934484 ) ) ;
#2467 = PRESENTATION_STYLE_ASSIGNMENT (( #2967 ) ) ;
#2468 = DIRECTION ( 'NONE',  ( 1.000000000000000000, 0.0000000000000000000, 0.0000000000000000000 ) ) ;
#2469 = ORIENTED_EDGE ( 'NONE', *, *, #1588, .F. ) ;
#2470 = VECTOR ( 'NONE', #5527, 1000.000000000000000 ) ;
#2471 =( GEOMETRIC_REPRESENTATION_CONTEXT ( 3 ) GLOBAL_UNCERTAINTY_ASSIGNED_CONTEXT ( ( #1898 ) ) GLOBAL_UNIT_ASSIGNED_CONTEXT ( ( #5475, #2424, #1425 ) ) REPRESENTATION_CONTEXT ( 'NONE', 'WORKASPACE' ) );
#2472 = SURFACE_STYLE_FILL_AREA ( #2410 ) ;
#2473 =( NAMED_UNIT ( * ) SI_UNIT ( $, .STERADIAN. ) SOLID_ANGLE_UNIT ( ) );
#2474 = ORIENTED_EDGE ( 'NONE', *, *, #2109, .F. ) ;
#2475 = CIRCLE ( 'NONE', #839, 3.156496523019695299 ) ;
#2476 = DIRECTION ( 'NONE',  ( 0.0000000000000000000, 0.0000000000000000000, 1.000000000000000000 ) ) ;
#2477 = ORIENTED_EDGE ( 'NONE', *, *, #2201, .T. ) ;
#2478 = COLOUR_RGB ( '',1.000000000000000000, 1.000000000000000000, 1.000000000000000000 ) ;
#2479 = SURFACE_STYLE_USAGE ( .BOTH. , #2375 ) ;
#2480 = CARTESIAN_POINT ( 'NONE',  ( -128.5555961249340839, -30.42583624265231279, -1.636461421105453118 ) ) ;
#2481 =( REPRESENTATION_RELATIONSHIP ('NONE','NONE', #5949, #1774 ) REPRESENTATION_RELATIONSHIP_WITH_TRANSFORMATION ( #5251 )SHAPE_REPRESENTATION_RELATIONSHIP( ) );
#2482 = MECHANICAL_DESIGN_GEOMETRIC_PRESENTATION_REPRESENTATION (  '', ( #2018 ), #4553 ) ;
#2483 = AXIS2_PLACEMENT_3D ( 'NONE', #707, #2204, #2230 ) ;
#2484 = CARTESIAN_POINT ( 'NONE',  ( -133.9233521597990091, -37.25397777197869686, 5.630000000000910276 ) ) ;
#2485 =( LENGTH_UNIT ( ) NAMED_UNIT ( * ) SI_UNIT ( .MILLI., .METRE. ) );
#2486 = FILL_AREA_STYLE ('',( #1458 ) ) ;
#2487 = CARTESIAN_POINT ( 'NONE',  ( -127.3076143298446112, -30.42301227318819201, -1.634885047658247714 ) ) ;
#2488 = COLOUR_RGB ( '',0.8000000000000000444, 0.1921568627450980227, 0.1921568627450980227 ) ;
#2489 = CARTESIAN_POINT ( 'NONE',  ( -128.8971405456016726, -30.37432106297990586, -4.446647422289488283 ) ) ;
#2490 =( GEOMETRIC_REPRESENTATION_CONTEXT ( 3 ) GLOBAL_UNCERTAINTY_ASSIGNED_CONTEXT ( ( #899 ) ) GLOBAL_UNIT_ASSIGNED_CONTEXT ( ( #1889, #5449, #1864 ) ) REPRESENTATION_CONTEXT ( 'NONE', 'WORKASPACE' ) );
#2491 = SHAPE_REPRESENTATION ( '4_1', ( #1074 ), #4682 ) ;
#2492 = PRODUCT_CONTEXT ( 'NONE', #2017, 'mechanical' ) ;
#2493 = CARTESIAN_POINT ( 'NONE',  ( -128.3555961326129022, -30.39812959706710060, 3.327671417993229852 ) ) ;
#2494 = CIRCLE ( 'NONE', #4129, 3.879999999999994564 ) ;
#2495 = VECTOR ( 'NONE', #2912, 1000.000000000000000 ) ;
#2496 = AXIS2_PLACEMENT_3D ( 'NONE', #1573, #6219, #5234 ) ;
#2497 = EDGE_LOOP ( 'NONE', ( #3129, #3234, #6426, #3564, #4988, #5375, #6181, #1837 ) ) ;
#2498 = CYLINDRICAL_SURFACE ( 'NONE', #1698, 0.6322439728138918857 ) ;
#2499 = AXIS2_PLACEMENT_3D ( 'NONE', #983, #6668, #3106 ) ;
#2500 = SURFACE_SIDE_STYLE ('',( #446 ) ) ;
#2501 =( GEOMETRIC_REPRESENTATION_CONTEXT ( 3 ) GLOBAL_UNCERTAINTY_ASSIGNED_CONTEXT ( ( #2605 ) ) GLOBAL_UNIT_ASSIGNED_CONTEXT ( ( #4934, #5401, #110 ) ) REPRESENTATION_CONTEXT ( 'NONE', 'WORKASPACE' ) );
#2502 = SURFACE_STYLE_FILL_AREA ( #412 ) ;
#2503 = ADVANCED_FACE ( 'NONE', ( #2656 ), #6422, .F. ) ;
#2504 = VECTOR ( 'NONE', #3818, 1000.000000000000000 ) ;
#2505 = MECHANICAL_DESIGN_GEOMETRIC_PRESENTATION_REPRESENTATION (  '', ( #4370 ), #532 ) ;
#2506 = ORIENTED_EDGE ( 'NONE', *, *, #1162, .F. ) ;
#2507 = CARTESIAN_POINT ( 'NONE',  ( -128.2180911638332077, -30.65940369533163690, 5.536804444638619316 ) ) ;
#2508 =( LENGTH_UNIT ( ) NAMED_UNIT ( * ) SI_UNIT ( .MILLI., .METRE. ) );
#2509 = CARTESIAN_POINT ( 'NONE',  ( -127.7560736358927045, -30.37397777144380484, 1.904737248578770803 ) ) ;
#2510 = VERTEX_POINT ( 'NONE', #5267 ) ;
#2511 = AXIS2_PLACEMENT_3D ( 'NONE', #1942, #1345, #6018 ) ;
#2512 = EDGE_CURVE ( 'NONE', #2432, #450, #4314, .T. ) ;
#2513 =( GEOMETRIC_REPRESENTATION_CONTEXT ( 3 ) GLOBAL_UNCERTAINTY_ASSIGNED_CONTEXT ( ( #1223 ) ) GLOBAL_UNIT_ASSIGNED_CONTEXT ( ( #56, #3167, #2148 ) ) REPRESENTATION_CONTEXT ( 'NONE', 'WORKASPACE' ) );
#2514 = FILL_AREA_STYLE_COLOUR ( '', #2133 ) ;
#2515 =( LENGTH_UNIT ( ) NAMED_UNIT ( * ) SI_UNIT ( .MILLI., .METRE. ) );
#2516 = EDGE_CURVE ( 'NONE', #4335, #5932, #6355, .T. ) ;
#2517 = UNCERTAINTY_MEASURE_WITH_UNIT (LENGTH_MEASURE( 1.000000000000000082E-05 ), #168, 'distance_accuracy_value', 'NONE');
#2518 = CARTESIAN_POINT ( 'NONE',  ( -127.9233521597989949, -30.95073967747207178, -4.063772965423813055 ) ) ;
#2519 = CARTESIAN_POINT ( 'NONE',  ( -127.0184342431636964, -30.60882893796387805, -2.987180208742280740 ) ) ;
#2520 = VECTOR ( 'NONE', #744, 1000.000000000000000 ) ;
#2521 = ORIENTED_EDGE ( 'NONE', *, *, #5341, .T. ) ;
#2522 = PLANE ( 'NONE',  #6476 ) ;
#2523 = ORIENTED_EDGE ( 'NONE', *, *, #5042, .T. ) ;
#2524 = MANIFOLD_SOLID_BREP ( '8', #1579 ) ;
#2525 = CARTESIAN_POINT ( 'NONE',  ( -135.6833521597989716, -38.13397777197869942, 4.750000000000909495 ) ) ;
#2526 = COLOUR_RGB ( '',1.000000000000000000, 1.000000000000000000, 1.000000000000000000 ) ;
#2527 = CARTESIAN_POINT ( 'NONE',  ( -128.6728439867116833, -31.18775333446138021, 5.615972769942930931 ) ) ;
#2528 = CARTESIAN_POINT ( 'NONE',  ( -127.3836444642702901, -30.98389074792583742, -3.335756337264536686 ) ) ;
#2529 = VECTOR ( 'NONE', #125, 1000.000000000000000 ) ;
#2530 = DIRECTION ( 'NONE',  ( 1.224606353822379970E-16, -1.000000000000000000, -1.224606353822379970E-16 ) ) ;
#2531 = UNCERTAINTY_MEASURE_WITH_UNIT (LENGTH_MEASURE( 1.000000000000000082E-05 ), #212, 'distance_accuracy_value', 'NONE');
#2532 = CONTEXT_DEPENDENT_SHAPE_REPRESENTATION ( #3288, #5676 ) ;
#2533 = CARTESIAN_POINT ( 'NONE',  ( -128.6728439867117118, -31.18775333446129494, -0.006160745210948450137 ) ) ;
#2534 = MANIFOLD_SOLID_BREP ( '7', #274 ) ;
#2535 = CARTESIAN_POINT ( 'NONE',  ( -128.3555961326129022, -30.39812959706710060, -0.6784922296614720461 ) ) ;
#2536 = ORIENTED_EDGE ( 'NONE', *, *, #841, .T. ) ;
#2537 = CARTESIAN_POINT ( 'NONE',  ( -126.9862819858893204, -30.48883508023754985, -4.982441402293066979 ) ) ;
#2538 = MECHANICAL_DESIGN_GEOMETRIC_PRESENTATION_REPRESENTATION (  '', ( #459 ), #5185 ) ;
#2539 = PRESENTATION_STYLE_ASSIGNMENT (( #3560 ) ) ;
#2540 = UNCERTAINTY_MEASURE_WITH_UNIT (LENGTH_MEASURE( 1.000000000000000082E-05 ), #3996, 'distance_accuracy_value', 'NONE');
#2541 = CARTESIAN_POINT ( 'NONE',  ( -128.7209042726458961, -30.45683270926421926, -4.508018297699262433 ) ) ;
#2542 = B_SPLINE_CURVE_WITH_KNOTS ( 'NONE', 3,
 ( #4073, #4175, #4040, #1927, #1489, #4795, #5609, #6077 ),
 .UNSPECIFIED., .F., .F.,
 ( 4, 2, 2, 4 ),
 ( 3.576224061345498009E-18, 0.0003516260696701272088, 0.0007032521393402508397, 0.001406504278680484332 ),
 .UNSPECIFIED. ) ;
#2543 = VERTEX_POINT ( 'NONE', #3269 ) ;
#2544 = DIRECTION ( 'NONE',  ( 1.000000000000000000, 0.0000000000000000000, 0.0000000000000000000 ) ) ;
#2545 =( NAMED_UNIT ( * ) SI_UNIT ( $, .STERADIAN. ) SOLID_ANGLE_UNIT ( ) );
#2546 = CYLINDRICAL_SURFACE ( 'NONE', #3892, 3.000000000000002665 ) ;
#2547 = FILL_AREA_STYLE ('',( #3063 ) ) ;
#2548 = ORIENTED_EDGE ( 'NONE', *, *, #6211, .F. ) ;
#2549 = EDGE_CURVE ( 'NONE', #4844, #1615, #3208, .T. ) ;
#2550 = CARTESIAN_POINT ( 'NONE',  ( -127.9233521597989949, -34.25397777197829896, -4.750000000000039968 ) ) ;
#2551 = FACE_OUTER_BOUND ( 'NONE', #4179, .T. ) ;
#2552 = VERTEX_POINT ( 'NONE', #663 ) ;
#2553 = FILL_AREA_STYLE_COLOUR ( '', #759 ) ;
#2554 = DIRECTION ( 'NONE',  ( -1.000000000000000000, -1.224606353822379970E-16, -6.123031769111889989E-17 ) ) ;
#2555 = ORIENTED_EDGE ( 'NONE', *, *, #4142, .T. ) ;
#2556 = EDGE_CURVE ( 'NONE', #4196, #5327, #4853, .T. ) ;
#2557 = CYLINDRICAL_SURFACE ( 'NONE', #5616, 4.000000000000003553 ) ;
#2558 =( NAMED_UNIT ( * ) PLANE_ANGLE_UNIT ( ) SI_UNIT ( $, .RADIAN. ) );
#2559 = FILL_AREA_STYLE ('',( #3624 ) ) ;
#2560 = CARTESIAN_POINT ( 'NONE',  ( -127.9233521597989949, -34.25397777197829896, -2.891511004989610001 ) ) ;
#2561 = DIRECTION ( 'NONE',  ( 1.000000000000000000, 0.0000000000000000000, 0.0000000000000000000 ) ) ;
#2562 = DIRECTION ( 'NONE',  ( 0.0000000000000000000, 1.000000000000000000, 0.0000000000000000000 ) ) ;
#2563 = ORIENTED_EDGE ( 'NONE', *, *, #5256, .T. ) ;
#2564 = ITEM_DEFINED_TRANSFORMATION ( 'NONE', 'NONE', #4786,  #1074 ) ;
#2565 = CARTESIAN_POINT ( 'NONE',  ( -128.2542165329366526, -30.26596619605768623, 1.973641802804060985 ) ) ;
#2566 = CARTESIAN_POINT ( 'NONE',  ( -127.1799081711779138, -31.21145784141123158, -5.750000000000056843 ) ) ;
#2567 = ORIENTED_EDGE ( 'NONE', *, *, #2512, .F. ) ;
#2568 =( LENGTH_UNIT ( ) NAMED_UNIT ( * ) SI_UNIT ( .MILLI., .METRE. ) );
#2569 = CARTESIAN_POINT ( 'NONE',  ( -127.6974845249110899, -30.25956058905208934, -1.854546166862385492 ) ) ;
#2570 = CARTESIAN_POINT ( 'NONE',  ( -128.5555961249349366, -30.30426036834668579, -0.5112324325071895270 ) ) ;
#2571 = ORIENTED_EDGE ( 'NONE', *, *, #5811, .F. ) ;
#2572 = CARTESIAN_POINT ( 'NONE',  ( -127.9233521597989807, -30.37397777197830351, 5.195173636599673905 ) ) ;
#2573 = CARTESIAN_POINT ( 'NONE',  ( -128.1492262712279739, -30.37973368358139226, -0.2931341965483894030 ) ) ;
#2574 =( LENGTH_UNIT ( ) NAMED_UNIT ( * ) SI_UNIT ( .MILLI., .METRE. ) );
#2575 = APPLICATION_CONTEXT ( 'automotive_design' ) ;
#2576 = ORIENTED_EDGE ( 'NONE', *, *, #6062, .T. ) ;
#2577 = CARTESIAN_POINT ( 'NONE',  ( -128.8914491707721766, -30.37289697182160708, -2.952881880399337078 ) ) ;
#2578 = DIRECTION ( 'NONE',  ( -6.123031769111889989E-17, 0.0000000000000000000, 1.000000000000000000 ) ) ;
#2579 = UNCERTAINTY_MEASURE_WITH_UNIT (LENGTH_MEASURE( 1.000000000000000082E-05 ), #6420, 'distance_accuracy_value', 'NONE');
#2580 = SURFACE_STYLE_FILL_AREA ( #563 ) ;
#2581 = ADVANCED_FACE ( 'NONE', ( #1842 ), #5993, .T. ) ;
#2582 = FILL_AREA_STYLE ('',( #4757 ) ) ;
#2583 = FILL_AREA_STYLE_COLOUR ( '', #6578 ) ;
#2584 = ORIENTED_EDGE ( 'NONE', *, *, #5162, .T. ) ;
#2585 = PRESENTATION_LAYER_ASSIGNMENT (  '', '', ( #2122 ) ) ;
#2586 = MECHANICAL_DESIGN_GEOMETRIC_PRESENTATION_REPRESENTATION (  '', ( #4970 ), #2241 ) ;
#2587 = CARTESIAN_POINT ( 'NONE',  ( -127.0130772674554720, -30.58883643244579176, -4.251631384370178068 ) ) ;
#2588 = CYLINDRICAL_SURFACE ( 'NONE', #2128, 3.879999999999994564 ) ;
#2589 = COLOUR_RGB ( '',0.8000000000000000444, 0.1921568627450980227, 0.1921568627450980227 ) ;
#2590 = ADVANCED_FACE ( 'NONE', ( #6533 ), #1873, .F. ) ;
#2591 = CARTESIAN_POINT ( 'NONE',  ( -131.8033521597990045, -34.25397777197869686, -2.891511004988629896 ) ) ;
#2592 = CARTESIAN_POINT ( 'NONE',  ( -128.8146245862967305, -30.65926255704862058, -5.290901894400660055 ) ) ;
#2593 = CYLINDRICAL_SURFACE ( 'NONE', #5201, 0.2999999999999947153 ) ;
#2594 = ORIENTED_EDGE ( 'NONE', *, *, #6428, .F. ) ;
#2595 = CIRCLE ( 'NONE', #3368, 3.000000000000002665 ) ;
#2596 = PRODUCT_CONTEXT ( 'NONE', #3801, 'mechanical' ) ;
#2597 =( NAMED_UNIT ( * ) PLANE_ANGLE_UNIT ( ) SI_UNIT ( $, .RADIAN. ) );
#2598 = CARTESIAN_POINT ( 'NONE',  ( -127.9233521597989949, -30.25397777197829896, 1.904737251858948710 ) ) ;
#2599 = CARTESIAN_POINT ( 'NONE',  ( -127.0485736628691456, -30.72131078361555367, -3.994100290477731630 ) ) ;
#2600 = CIRCLE ( 'NONE', #4025, 3.879999999999994564 ) ;
#2601 = CARTESIAN_POINT ( 'NONE',  ( -127.3160437786881829, -31.31609136671485061, -5.750000000000039968 ) ) ;
#2602 =( GEOMETRIC_REPRESENTATION_CONTEXT ( 3 ) GLOBAL_UNCERTAINTY_ASSIGNED_CONTEXT ( ( #1637 ) ) GLOBAL_UNIT_ASSIGNED_CONTEXT ( ( #778, #2373, #4961 ) ) REPRESENTATION_CONTEXT ( 'NONE', 'WORKASPACE' ) );
#2603 = SURFACE_SIDE_STYLE ('',( #4252 ) ) ;
#2604 = CIRCLE ( 'NONE', #5089, 3.000000000000002665 ) ;
#2605 = UNCERTAINTY_MEASURE_WITH_UNIT (LENGTH_MEASURE( 1.000000000000000082E-05 ), #4934, 'distance_accuracy_value', 'NONE');
#2606 = COLOUR_RGB ( '',0.8000000000000000444, 0.1921568627450980227, 0.1921568627450980227 ) ;
#2607 = CARTESIAN_POINT ( 'NONE',  ( -127.5381412900499498, -30.27176765627950772, -1.695310681752552284 ) ) ;
#2608 = DIRECTION ( 'NONE',  ( 6.123031769111889989E-17, 0.0000000000000000000, -1.000000000000000000 ) ) ;
#2609 = MECHANICAL_DESIGN_GEOMETRIC_PRESENTATION_REPRESENTATION (  '', ( #5314 ), #4358 ) ;
#2610 = EDGE_CURVE ( 'NONE', #2231, #509, #120, .T. ) ;
#2611 = EDGE_LOOP ( 'NONE', ( #1174, #1356, #4443, #3921 ) ) ;
#2612 = CARTESIAN_POINT ( 'NONE',  ( -128.6917920732847449, -31.19244704386247236, 5.737678509578199026 ) ) ;
#2613 = CARTESIAN_POINT ( 'NONE',  ( -127.2140898141367273, -31.33902546961987667, -5.750000000000070166 ) ) ;
#2614 = CIRCLE ( 'NONE', #2499, 0.2999999999999947153 ) ;
#2615 = ORIENTED_EDGE ( 'NONE', *, *, #4644, .F. ) ;
#2616 =( GEOMETRIC_REPRESENTATION_CONTEXT ( 3 ) GLOBAL_UNCERTAINTY_ASSIGNED_CONTEXT ( ( #2181 ) ) GLOBAL_UNIT_ASSIGNED_CONTEXT ( ( #5918, #3267, #6430 ) ) REPRESENTATION_CONTEXT ( 'NONE', 'WORKASPACE' ) );
#2617 = DIRECTION ( 'NONE',  ( 1.000000000000000000, 6.123031769111889989E-17, 6.123031769111889989E-17 ) ) ;
#2618 = EDGE_CURVE ( 'NONE', #4453, #6171, #4618, .T. ) ;
#2619 = LINE ( 'NONE', #3571, #6582 ) ;
#2620 = AXIS2_PLACEMENT_3D ( 'NONE', #3761, #4403, #1776 ) ;
#2621 =( GEOMETRIC_REPRESENTATION_CONTEXT ( 3 ) GLOBAL_UNCERTAINTY_ASSIGNED_CONTEXT ( ( #4037 ) ) GLOBAL_UNIT_ASSIGNED_CONTEXT ( ( #5338, #1177, #4274 ) ) REPRESENTATION_CONTEXT ( 'NONE', 'WORKASPACE' ) );
#2622 = SURFACE_STYLE_USAGE ( .BOTH. , #4657 ) ;
#2623 = CARTESIAN_POINT ( 'NONE',  ( -131.8033521597990045, -34.25397777197869686, 4.750000000000910383 ) ) ;
#2624 =( GEOMETRIC_REPRESENTATION_CONTEXT ( 3 ) GLOBAL_UNCERTAINTY_ASSIGNED_CONTEXT ( ( #6150 ) ) GLOBAL_UNIT_ASSIGNED_CONTEXT ( ( #103, #1140, #1173 ) ) REPRESENTATION_CONTEXT ( 'NONE', 'WORKASPACE' ) );
#2625 = ORIENTED_EDGE ( 'NONE', *, *, #6339, .F. ) ;
#2626 =( GEOMETRIC_REPRESENTATION_CONTEXT ( 3 ) GLOBAL_UNCERTAINTY_ASSIGNED_CONTEXT ( ( #388 ) ) GLOBAL_UNIT_ASSIGNED_CONTEXT ( ( #4845, #6427, #4356 ) ) REPRESENTATION_CONTEXT ( 'NONE', 'WORKASPACE' ) );
#2627 =( GEOMETRIC_REPRESENTATION_CONTEXT ( 3 ) GLOBAL_UNCERTAINTY_ASSIGNED_CONTEXT ( ( #3294 ) ) GLOBAL_UNIT_ASSIGNED_CONTEXT ( ( #4719, #20, #5724 ) ) REPRESENTATION_CONTEXT ( 'NONE', 'WORKASPACE' ) );
#2628 = SURFACE_STYLE_USAGE ( .BOTH. , #6261 ) ;
#2629 = DIRECTION ( 'NONE',  ( 1.000000000000000000, 6.123031769111889989E-17, 6.123031769111889989E-17 ) ) ;
#2630 = AXIS2_PLACEMENT_3D ( 'NONE', #1119, #1081, #3284 ) ;
#2631 = B_SPLINE_CURVE_WITH_KNOTS ( 'NONE', 3,
 ( #5173, #1145, #5652, #498, #985, #3078, #1988, #1429 ),
 .UNSPECIFIED., .F., .F.,
 ( 4, 2, 2, 4 ),
 ( 3.522172224755356502E-17, 0.0003437119929786912049, 0.0006874239859573471733, 0.001374847971914659002 ),
 .UNSPECIFIED. ) ;
#2632 = FACE_OUTER_BOUND ( 'NONE', #6390, .T. ) ;
#2633 = CARTESIAN_POINT ( 'NONE',  ( -127.9233521597989949, -34.25397777197869686, -4.508018297698258792 ) ) ;
#2634 = CYLINDRICAL_SURFACE ( 'NONE', #2725, 0.2999999999999947153 ) ;
#2635 = CARTESIAN_POINT ( 'NONE',  ( -127.9233521597989949, -34.25397777197829896, -4.446647422289434104 ) ) ;
#2636 = ORIENTED_EDGE ( 'NONE', *, *, #6099, .T. ) ;
#2637 = SURFACE_STYLE_USAGE ( .BOTH. , #2016 ) ;
#2638 = EDGE_CURVE ( 'NONE', #1366, #2040, #1019, .T. ) ;
#2639 = CARTESIAN_POINT ( 'NONE',  ( -127.0836986620401348, -30.85239906513732322, -5.623770076953258368 ) ) ;
#2640 = CARTESIAN_POINT ( 'NONE',  ( -131.0798486828186924, -34.25397777197849791, 5.737678509578226560 ) ) ;
#2641 = VECTOR ( 'NONE', #6607, 1000.000000000000000 ) ;
#2642 = CARTESIAN_POINT ( 'NONE',  ( -127.7560984721931874, -30.25397743704543529, 3.959917509817379777 ) ) ;
#2643 = ORIENTED_EDGE ( 'NONE', *, *, #5511, .T. ) ;
#2644 = EDGE_CURVE ( 'NONE', #6454, #6502, #2852, .T. ) ;
#2645 = CARTESIAN_POINT ( 'NONE',  ( -126.9973435621428735, -30.53011744482905954, 5.309443711608044403 ) ) ;
#2646 = FILL_AREA_STYLE ('',( #6134 ) ) ;
#2647 = AXIS2_PLACEMENT_3D ( 'NONE', #526, #4124, #978 ) ;
#2648 = CARTESIAN_POINT ( 'NONE',  ( -128.0376002313774961, -30.25397777197830251, -1.901426395795773550 ) ) ;
#2649 = LINE ( 'NONE', #553, #108 ) ;
#2650 = ORIENTED_EDGE ( 'NONE', *, *, #6630, .F. ) ;
#2651 = CARTESIAN_POINT ( 'NONE',  ( -127.8090950480096666, -30.37397786202816619, 3.759914582482414946 ) ) ;
#2652 =( LENGTH_UNIT ( ) NAMED_UNIT ( * ) SI_UNIT ( .MILLI., .METRE. ) );
#2653 = DIRECTION ( 'NONE',  ( 0.0000000000000000000, 1.000000000000000000, 0.0000000000000000000 ) ) ;
#2654 = ORIENTED_EDGE ( 'NONE', *, *, #5210, .F. ) ;
#2655 =( NAMED_UNIT ( * ) SI_UNIT ( $, .STERADIAN. ) SOLID_ANGLE_UNIT ( ) );
#2656 = FACE_OUTER_BOUND ( 'NONE', #6330, .T. ) ;
#2657 = CARTESIAN_POINT ( 'NONE',  ( -128.5104872095790256, -30.70433369491525966, -5.750000000000168754 ) ) ;
#2658 = ORIENTED_EDGE ( 'NONE', *, *, #4726, .F. ) ;
#2659 = CARTESIAN_POINT ( 'NONE',  ( -127.9233521597989949, -34.25397777197829896, 0.8985590598002769491 ) ) ;
#2660 = CARTESIAN_POINT ( 'NONE',  ( -128.3555961326129875, -36.18255236209569858, 2.536981224672839819 ) ) ;
#2661 =( REPRESENTATION_RELATIONSHIP ('NONE','NONE', #5949, #6003 ) REPRESENTATION_RELATIONSHIP_WITH_TRANSFORMATION ( #5103 )SHAPE_REPRESENTATION_RELATIONSHIP( ) );
#2662 = SURFACE_STYLE_USAGE ( .BOTH. , #568 ) ;
#2663 = FILL_AREA_STYLE_COLOUR ( '', #4796 ) ;
#2664 = LINE ( 'NONE', #4800, #877 ) ;
#2665 = CARTESIAN_POINT ( 'NONE',  ( -128.6322831541420442, -31.33894486560143022, -5.630000000000044302 ) ) ;
#2666 = CARTESIAN_POINT ( 'NONE',  ( -127.2911081869859942, -36.18255236209569858, 2.536981133662830068 ) ) ;
#2667 = ORIENTED_EDGE ( 'NONE', *, *, #5049, .F. ) ;
#2668 = DIRECTION ( 'NONE',  ( -1.224606353822379970E-16, 1.000000000000000000, -0.0000000000000000000 ) ) ;
#2669 = FILL_AREA_STYLE ('',( #1560 ) ) ;
#2670 = CARTESIAN_POINT ( 'NONE',  ( -128.2420516734067348, -30.38632920083937705, -2.021469947552628543 ) ) ;
#2672 = ADVANCED_FACE ( 'NONE', ( #608 ), #5784, .T. ) ;
#2671 = VERTEX_POINT ( 'NONE', #2640 ) ;
#2673 = FILL_AREA_STYLE_COLOUR ( '', #2606 ) ;
#2674 = DIRECTION ( 'NONE',  ( -6.123031769111889989E-17, 5.817644942362439956E-48, 1.000000000000000000 ) ) ;
#2675 = UNCERTAINTY_MEASURE_WITH_UNIT (LENGTH_MEASURE( 1.000000000000000082E-05 ), #3047, 'distance_accuracy_value', 'NONE');
#2676 =( NAMED_UNIT ( * ) PLANE_ANGLE_UNIT ( ) SI_UNIT ( $, .RADIAN. ) );
#2677 = LINE ( 'NONE', #4812, #2069 ) ;
#2679 = EDGE_CURVE ( 'NONE', #3575, #429, #84, .T. ) ;
#2678 = ORIENTED_EDGE ( 'NONE', *, *, #147, .T. ) ;
#2680 = DIRECTION ( 'NONE',  ( 1.000000000000000000, 0.0000000000000000000, 0.0000000000000000000 ) ) ;
#2681 = DIRECTION ( 'NONE',  ( 6.123031769111889989E-17, -1.000000000000000000, -1.224606353822379970E-16 ) ) ;
#2682 = CARTESIAN_POINT ( 'NONE',  ( -127.5379928428773155, -30.39233613108308063, -0.4526198968060020089 ) ) ;
#2683 = DIRECTION ( 'NONE',  ( 1.000000000000000000, 0.0000000000000000000, 1.084202172485503448E-16 ) ) ;
#2684 = VERTEX_POINT ( 'NONE', #3634 ) ;
#2685 = CARTESIAN_POINT ( 'NONE',  ( -128.3555961326129875, -30.27740070772239989, -1.469182422981889946 ) ) ;
#2686 = CARTESIAN_POINT ( 'NONE',  ( -128.7000819786107400, -31.08622302949704164, -5.724030050759512989 ) ) ;
#2687 = SURFACE_STYLE_FILL_AREA ( #5364 ) ;
#2688 = CARTESIAN_POINT ( 'NONE',  ( -127.9233521597989949, -30.25397777197829186, -4.750000000000070166 ) ) ;
#2689 = ORIENTED_EDGE ( 'NONE', *, *, #5662, .F. ) ;
#2690 = B_SPLINE_CURVE_WITH_KNOTS ( 'NONE', 3,
 ( #6432, #1845, #3877, #802, #5922, #1707, #767, #248, #6466, #6398, #2794, #4851, #3850, #1802 ),
 .UNSPECIFIED., .F., .F.,
 ( 4, 2, 2, 2, 2, 2, 4 ),
 ( 3.373803031874026361E-17, 0.0002190628260369796869, 0.0004381256520739256009, 0.0008762513041478198683, 0.001095314130184767056, 0.001314376956221714136, 0.001752502608295598320 ),
 .UNSPECIFIED. ) ;
#2691 =( NAMED_UNIT ( * ) SI_UNIT ( $, .STERADIAN. ) SOLID_ANGLE_UNIT ( ) );
#2692 = ORIENTED_EDGE ( 'NONE', *, *, #586, .T. ) ;
#2693 = CARTESIAN_POINT ( 'NONE',  ( -127.9233521597989949, -31.25397777197869686, 5.630000000000906724 ) ) ;
#2694 = PRESENTATION_STYLE_ASSIGNMENT (( #5273 ) ) ;
#2695 = AXIS2_PLACEMENT_3D ( 'NONE', #4549, #4488, #833 ) ;
#2696 = SURFACE_STYLE_FILL_AREA ( #533 ) ;
#2697 = FILL_AREA_STYLE ('',( #6163 ) ) ;
#2698 = MECHANICAL_DESIGN_GEOMETRIC_PRESENTATION_REPRESENTATION (  '', ( #5726 ), #4538 ) ;
#2699 = VERTEX_POINT ( 'NONE', #2094 ) ;
#2700 =( LENGTH_UNIT ( ) NAMED_UNIT ( * ) SI_UNIT ( .MILLI., .METRE. ) );
#2701 = PRESENTATION_LAYER_ASSIGNMENT (  '', '', ( #5615 ) ) ;
#2702 = CARTESIAN_POINT ( 'NONE',  ( -127.2140898141368410, -31.33902546961973812, -5.750000000000050626 ) ) ;
#2703 = DIRECTION ( 'NONE',  ( 0.0000000000000000000, 1.000000000000000000, 0.0000000000000000000 ) ) ;
#2704 = FILL_AREA_STYLE_COLOUR ( '', #3694 ) ;
#2705 = STYLED_ITEM ( 'NONE', ( #4935 ), #659 ) ;
#2706 = PLANE ( 'NONE',  #5421 ) ;
#2707 = STYLED_ITEM ( 'NONE', ( #159 ), #5292 ) ;
#2708 = PRESENTATION_STYLE_ASSIGNMENT (( #3224 ) ) ;
#2709 = CARTESIAN_POINT ( 'NONE',  ( -120.1633521597990182, -38.13397777197869232, 4.750000000000911271 ) ) ;
#2710 = CARTESIAN_POINT ( 'NONE',  ( -127.9233521597989949, -37.25397777197869686, -5.629999999999089511 ) ) ;
#2711 = PRESENTATION_LAYER_ASSIGNMENT (  '', '', ( #4769 ) ) ;
#2712 =( GEOMETRIC_REPRESENTATION_CONTEXT ( 3 ) GLOBAL_UNCERTAINTY_ASSIGNED_CONTEXT ( ( #4580 ) ) GLOBAL_UNIT_ASSIGNED_CONTEXT ( ( #1815, #1186, #144 ) ) REPRESENTATION_CONTEXT ( 'NONE', 'WORKASPACE' ) );
#2713 = VERTEX_POINT ( 'NONE', #4207 ) ;
#2714 = CARTESIAN_POINT ( 'NONE',  ( -126.9552188870528511, -30.37290601714022387, 4.749999999999929834 ) ) ;
#2715 =( NAMED_UNIT ( * ) PLANE_ANGLE_UNIT ( ) SI_UNIT ( $, .RADIAN. ) );
#2716 = EDGE_LOOP ( 'NONE', ( #2927, #2774, #237, #5058 ) ) ;
#2717 = FILL_AREA_STYLE ('',( #130 ) ) ;
#2718 = CIRCLE ( 'NONE', #5313, 4.000000000000003553 ) ;
#2719 = MECHANICAL_DESIGN_GEOMETRIC_PRESENTATION_REPRESENTATION (  '', ( #5747 ), #3050 ) ;
#2720 = EDGE_CURVE ( 'NONE', #5327, #5754, #6236, .T. ) ;
#2721 =( BOUNDED_CURVE ( )  B_SPLINE_CURVE ( 3, ( #397, #2484, #1359, #2693 ),
 .UNSPECIFIED., .F., .T. ) 
 B_SPLINE_CURVE_WITH_KNOTS ( ( 4, 4 ),
 ( 0.0000000000000000000, 1.000000000000000000 ),
 .UNSPECIFIED. ) 
 CURVE ( )  GEOMETRIC_REPRESENTATION_ITEM ( )  RATIONAL_B_SPLINE_CURVE ( ( 1.000000000000000000, 0.3333333333333333703, 0.3333333333333333703, 1.000000000000000000 ) ) 
 REPRESENTATION_ITEM ( '' )  );
#2722 = CARTESIAN_POINT ( 'NONE',  ( -128.5303265832975796, -31.31602235209561513, -5.630000000000039861 ) ) ;
#2723 = CIRCLE ( 'NONE', #6700, 3.000000000000002665 ) ;
#2724 = ORIENTED_EDGE ( 'NONE', *, *, #6547, .F. ) ;
#2725 = AXIS2_PLACEMENT_3D ( 'NONE', #2013, #5138, #2561 ) ;
#2726 = SURFACE_STYLE_FILL_AREA ( #1771 ) ;
#2727 = SURFACE_SIDE_STYLE ('',( #630 ) ) ;
#2729 = ORIENTED_EDGE ( 'NONE', *, *, #1314, .F. ) ;
#2728 = EDGE_CURVE ( 'NONE', #4335, #1915, #3401, .T. ) ;
#2730 = B_SPLINE_CURVE_WITH_KNOTS ( 'NONE', 3,
 ( #1878, #627, #3783, #2256, #702, #4928, #2793, #1273 ),
 .UNSPECIFIED., .F., .F.,
 ( 4, 2, 2, 4 ),
 ( 0.0000000000000000000, 0.0003437132256607648619, 0.0006874264513215297238, 0.001374852902643035378 ),
 .UNSPECIFIED. ) ;
#2731 = SURFACE_SIDE_STYLE ('',( #5397 ) ) ;
#2732 =( GEOMETRIC_REPRESENTATION_CONTEXT ( 3 ) GLOBAL_UNCERTAINTY_ASSIGNED_CONTEXT ( ( #1692 ) ) GLOBAL_UNIT_ASSIGNED_CONTEXT ( ( #4514, #3414, #6558 ) ) REPRESENTATION_CONTEXT ( 'NONE', 'WORKASPACE' ) );
#2733 = CARTESIAN_POINT ( 'NONE',  ( -128.5555961326129193, -30.30426036957588920, 2.536981195650130250 ) ) ;
#2734 = FILL_AREA_STYLE_COLOUR ( '', #2526 ) ;
#2735 = PRESENTATION_LAYER_ASSIGNMENT (  '', '', ( #870 ) ) ;
#2736 = FACE_OUTER_BOUND ( 'NONE', #4481, .T. ) ;
#2737 = FILL_AREA_STYLE_COLOUR ( '', #5639 ) ;
#2738 = AXIS2_PLACEMENT_3D ( 'NONE', #2435, #4511, #383 ) ;
#2739 = CARTESIAN_POINT ( 'NONE',  ( -131.9233521597990091, -34.25397777197829896, 4.749999999999960032 ) ) ;
#2740 = EDGE_LOOP ( 'NONE', ( #6096, #3754, #760, #366, #1188 ) ) ;
#2741 = CARTESIAN_POINT ( 'NONE',  ( -128.5555961326130046, -30.30426036957589986, -0.6784922006387800186 ) ) ;
#2742 = EDGE_CURVE ( 'NONE', #3569, #6171, #1632, .T. ) ;
#2743 = AXIS2_PLACEMENT_3D ( 'NONE', #1152, #1126, #1530 ) ;
#2744 = STYLED_ITEM ( 'NONE', ( #5315 ), #1983 ) ;
#2745 = SURFACE_STYLE_USAGE ( .BOTH. , #2274 ) ;
#2746 = CARTESIAN_POINT ( 'NONE',  ( -126.9854020014113445, -30.48555093345614964, -4.357339522479077409 ) ) ;
#2747 = FILL_AREA_STYLE ('',( #3323 ) ) ;
#2748 = PRESENTATION_STYLE_ASSIGNMENT (( #4348 ) ) ;
#2749 = CARTESIAN_POINT ( 'NONE',  ( -128.8658597716512304, -30.49019252284404757, -2.891511004989601119 ) ) ;
#2750 = UNCERTAINTY_MEASURE_WITH_UNIT (LENGTH_MEASURE( 1.000000000000000082E-05 ), #6024, 'distance_accuracy_value', 'NONE');
#2751 = CARTESIAN_POINT ( 'NONE',  ( -120.1633521597990324, -38.13397777197869942, 5.265492065112591824 ) ) ;
#2752 =( GEOMETRIC_REPRESENTATION_CONTEXT ( 3 ) GLOBAL_UNCERTAINTY_ASSIGNED_CONTEXT ( ( #1548 ) ) GLOBAL_UNIT_ASSIGNED_CONTEXT ( ( #1253, #4288, #1227 ) ) REPRESENTATION_CONTEXT ( 'NONE', 'WORKASPACE' ) );
#2753 = CARTESIAN_POINT ( 'NONE',  ( -127.8090974575390106, -30.37397777197832482, 2.104737251858956437 ) ) ;
#2754 = ORIENTED_EDGE ( 'NONE', *, *, #6102, .T. ) ;
#2755 = SURFACE_STYLE_FILL_AREA ( #3330 ) ;
#2756 = CARTESIAN_POINT ( 'NONE',  ( -128.8914491707723471, -30.37289697182160708, -4.446647422289476737 ) ) ;
#2757 = B_SPLINE_CURVE_WITH_KNOTS ( 'NONE', 3,
 ( #1610, #4193, #2110, #6695, #1574, #2044 ),
 .UNSPECIFIED., .F., .F.,
 ( 4, 2, 4 ),
 ( 0.0006757263299639362482, 0.001013592349357300259, 0.001351458368750664161 ),
 .UNSPECIFIED. ) ;
#2758 = CARTESIAN_POINT ( 'NONE',  ( -127.0167148200465874, -30.60241196353137028, -2.993318025753461065 ) ) ;
#2759 = STYLED_ITEM ( 'NONE', ( #1010 ), #3948 ) ;
#2760 = VERTEX_POINT ( 'NONE', #6342 ) ;
#2761 = CARTESIAN_POINT ( 'NONE',  ( -127.9235726823337842, -38.13397776571152775, -4.750000000000039968 ) ) ;
#2762 = CARTESIAN_POINT ( 'NONE',  ( -128.8603507143013474, -30.48881725629502171, -4.508018297699226906 ) ) ;
#2763 = ORIENTED_EDGE ( 'NONE', *, *, #2159, .T. ) ;
#2764 = ADVANCED_FACE ( 'NONE', ( #2237, #1329, #4907 ), #2316, .T. ) ;
#2765 = ORIENTED_EDGE ( 'NONE', *, *, #616, .F. ) ;
#2766 = CARTESIAN_POINT ( 'NONE',  ( -127.0693234932079605, -30.84379896486228034, -5.630000000000167759 ) ) ;
#2767 = PRESENTATION_STYLE_ASSIGNMENT (( #705 ) ) ;
#2768 = B_SPLINE_CURVE_WITH_KNOTS ( 'NONE', 3,
 ( #1208, #722, #3301, #6109, #310, #6583, #1969, #4100, #1340, #3499, #1368, #6554, #4006, #3435 ),
 .UNSPECIFIED., .F., .F.,
 ( 4, 2, 2, 2, 2, 2, 4 ),
 ( 0.0000000000000000000, 0.0002473306817266518335, 0.0004946613634533036669, 0.0009893227269066656639, 0.001236653408633387862, 0.001483984090360110060, 0.001978645453813553806 ),
 .UNSPECIFIED. ) ;
#2769 = CARTESIAN_POINT ( 'NONE',  ( -128.8603507143013474, -30.48881725629495776, -2.891511004989592237 ) ) ;
#2770 =( NAMED_UNIT ( * ) SI_UNIT ( $, .STERADIAN. ) SOLID_ANGLE_UNIT ( ) );
#2771 = CARTESIAN_POINT ( 'NONE',  ( -127.6233521597989977, -36.00397777197930083, -24.74999999999980105 ) ) ;
#2772 =( NAMED_UNIT ( * ) SI_UNIT ( $, .STERADIAN. ) SOLID_ANGLE_UNIT ( ) );
#2773 = DIRECTION ( 'NONE',  ( 6.123031769111889989E-17, -1.000000000000000000, -1.224606353822379970E-16 ) ) ;
#2774 = ORIENTED_EDGE ( 'NONE', *, *, #6043, .T. ) ;
#2775 = FILL_AREA_STYLE ('',( #5807 ) ) ;
#2776 = DIRECTION ( 'NONE',  ( -1.000000000000000000, 0.0000000000000000000, -6.123031769111889989E-17 ) ) ;
#2777 =( BOUNDED_CURVE ( )  B_SPLINE_CURVE ( 3, ( #3205, #1544, #5766, #3067 ),
 .UNSPECIFIED., .F., .T. ) 
 B_SPLINE_CURVE_WITH_KNOTS ( ( 4, 4 ),
 ( 0.0000000000000000000, 1.000000000000000000 ),
 .UNSPECIFIED. ) 
 CURVE ( )  GEOMETRIC_REPRESENTATION_ITEM ( )  RATIONAL_B_SPLINE_CURVE ( ( 1.000000000000000000, 0.8047378541243649375, 0.8047378541243649375, 1.000000000000000000 ) ) 
 REPRESENTATION_ITEM ( '' )  );
#2778 = DIRECTION ( 'NONE',  ( -6.123031769111889989E-17, 0.0000000000000000000, 1.000000000000000000 ) ) ;
#2779 = LINE ( 'NONE', #745, #856 ) ;
#2780 = DIRECTION ( 'NONE',  ( -6.123031769111889989E-17, 0.0000000000000000000, 1.000000000000000000 ) ) ;
#2781 = CARTESIAN_POINT ( 'NONE',  ( -128.7257560381062547, -31.04967910845252632, -3.335756337264530025 ) ) ;
#2782 = FACE_OUTER_BOUND ( 'NONE', #2716, .T. ) ;
#2783 = CARTESIAN_POINT ( 'NONE',  ( -127.9233521597989949, -30.25397777197829541, 4.749999999999929834 ) ) ;
#2784 = ORIENTED_EDGE ( 'NONE', *, *, #1492, .F. ) ;
#2785 = FILL_AREA_STYLE_COLOUR ( '', #3946 ) ;
#2786 = CARTESIAN_POINT ( 'NONE',  ( -128.8914491707723755, -30.37289697182163906, -4.446647422289437657 ) ) ;
#2787 = CARTESIAN_POINT ( 'NONE',  ( -128.3555961326129875, -30.39812959706710771, 0.8985590598002769491 ) ) ;
#2788 = VERTEX_POINT ( 'NONE', #2277 ) ;
#2789 = CARTESIAN_POINT ( 'NONE',  ( -134.5962649331494561, -31.89709180455992410, 5.657044983151504169 ) ) ;
#2790 = LINE ( 'NONE', #623, #5084 ) ;
#2791 = DIRECTION ( 'NONE',  ( -6.123031769111889989E-17, 0.0000000000000000000, 1.000000000000000000 ) ) ;
#2792 = CARTESIAN_POINT ( 'NONE',  ( -120.1633521597990182, -30.37397777197870141, -4.508018297698256127 ) ) ;
#2793 = CARTESIAN_POINT ( 'NONE',  ( -128.6925112030401124, -31.11444328726637210, -5.630000000000038973 ) ) ;
#2794 = CARTESIAN_POINT ( 'NONE',  ( -128.8068499508569573, -30.68824270764513784, -3.341299252093316241 ) ) ;
#2795 = ORIENTED_EDGE ( 'NONE', *, *, #2458, .T. ) ;
#2796 =( LENGTH_UNIT ( ) NAMED_UNIT ( * ) SI_UNIT ( .MILLI., .METRE. ) );
#2797 = SURFACE_STYLE_FILL_AREA ( #2333 ) ;
#2798 = EDGE_CURVE ( 'NONE', #5754, #3661, #6677, .T. ) ;
#2799 = UNCERTAINTY_MEASURE_WITH_UNIT (LENGTH_MEASURE( 1.000000000000000082E-05 ), #6449, 'distance_accuracy_value', 'NONE');
#2800 = CARTESIAN_POINT ( 'NONE',  ( -127.9233521597989949, -30.25397777197829896, 2.104737251858926683 ) ) ;
#2801 =( NAMED_UNIT ( * ) PLANE_ANGLE_UNIT ( ) SI_UNIT ( $, .RADIAN. ) );
#2802 = DIRECTION ( 'NONE',  ( 1.000000000000000000, 0.0000000000000000000, 5.588670992193329703E-17 ) ) ;
#2803 = FILL_AREA_STYLE_COLOUR ( '', #1491 ) ;
#2804 = MECHANICAL_DESIGN_GEOMETRIC_PRESENTATION_REPRESENTATION (  '', ( #1896 ), #715 ) ;
#2805 = ORIENTED_EDGE ( 'NONE', *, *, #4094, .F. ) ;
#2806 = LINE ( 'NONE', #4903, #6706 ) ;
#2807 = CARTESIAN_POINT ( 'NONE',  ( -128.2542243346361204, -30.38633774436437918, -0.1151624886963319994 ) ) ;
#2808 = EDGE_CURVE ( 'NONE', #5187, #3759, #214, .T. ) ;
#2809 =( NAMED_UNIT ( * ) SI_UNIT ( $, .STERADIAN. ) SOLID_ANGLE_UNIT ( ) );
#2810 = SURFACE_STYLE_USAGE ( .BOTH. , #1195 ) ;
#2811 = PRESENTATION_STYLE_ASSIGNMENT (( #5353 ) ) ;
#2812 = CARTESIAN_POINT ( 'NONE',  ( -131.8033521597990045, -34.25397777197869686, 0.8985590598012578312 ) ) ;
#2813 = EDGE_CURVE ( 'NONE', #5973, #1500, #2961, .T. ) ;
#2814 = AXIS2_PLACEMENT_3D ( 'NONE', #1541, #2142, #52 ) ;
#2815 = CARTESIAN_POINT ( 'NONE',  ( -128.4630178731449348, -30.98388557773578356, -4.063772965424308659 ) ) ;
#2816 = B_SPLINE_CURVE_WITH_KNOTS ( 'NONE', 3,
 ( #6049, #2436, #318, #4512, #4486, #3411 ),
 .UNSPECIFIED., .F., .F.,
 ( 4, 2, 4 ),
 ( -0.0006757208490587079865, -0.0003378604245293539391, 1.084202172485504434E-19 ),
 .UNSPECIFIED. ) ;
#2817 =( LENGTH_UNIT ( ) NAMED_UNIT ( * ) SI_UNIT ( .MILLI., .METRE. ) );
#2818 = CARTESIAN_POINT ( 'NONE',  ( -121.9233521597989949, -31.25397777197869331, -5.629999999999089511 ) ) ;
#2819 = ORIENTED_EDGE ( 'NONE', *, *, #2371, .F. ) ;
#2820 =( NAMED_UNIT ( * ) PLANE_ANGLE_UNIT ( ) SI_UNIT ( $, .RADIAN. ) );
#2821 = ORIENTED_EDGE ( 'NONE', *, *, #3517, .T. ) ;
#2822 = COLOUR_RGB ( '',1.000000000000000000, 1.000000000000000000, 1.000000000000000000 ) ;
#2823 = CARTESIAN_POINT ( 'NONE',  ( -134.9904657191553099, -31.75208724914532255, -5.265492065111759601 ) ) ;
#2824 = EDGE_CURVE ( 'NONE', #6079, #4559, #6509, .T. ) ;
#2825 = CARTESIAN_POINT ( 'NONE',  ( -133.6698151874002463, -32.22431568406192071, 5.615972769942975340 ) ) ;
#2826 = STYLED_ITEM ( 'NONE', ( #2098 ), #5431 ) ;
#2827 = CARTESIAN_POINT ( 'NONE',  ( -128.7686767336828666, -30.83053434190098940, -4.005873459731589037 ) ) ;
#2828 = ORIENTED_EDGE ( 'NONE', *, *, #4192, .F. ) ;
#2829 = CARTESIAN_POINT ( 'NONE',  ( -128.5555961326129193, -30.30426036957581104, 3.327671447015950079 ) ) ;
#2830 =( NAMED_UNIT ( * ) PLANE_ANGLE_UNIT ( ) SI_UNIT ( $, .RADIAN. ) );
#2831 = COLOUR_RGB ( '',0.6588235294117646967, 0.6588235294117646967, 0.6588235294117646967 ) ;
#2832 = CIRCLE ( 'NONE', #6587, 3.000000000000002665 ) ;
#2833 = EDGE_CURVE ( 'NONE', #6487, #604, #263, .T. ) ;
#2834 = PRESENTATION_STYLE_ASSIGNMENT (( #734 ) ) ;
#2835 = PRESENTATION_LAYER_ASSIGNMENT (  '', '', ( #5747 ) ) ;
#2836 = CARTESIAN_POINT ( 'NONE',  ( -128.3555961326128738, -30.39812959706710060, -1.583436168525922838 ) ) ;
#2837 = DIRECTION ( 'NONE',  ( -6.123031769111889989E-17, -6.123031769111889989E-17, 1.000000000000000000 ) ) ;
#2838 = DIRECTION ( 'NONE',  ( -1.224606353822379970E-16, 0.0000000000000000000, 1.000000000000000000 ) ) ;
#2839 = PRESENTATION_STYLE_ASSIGNMENT (( #2905 ) ) ;
#2840 = AXIS2_PLACEMENT_3D ( 'NONE', #4712, #2674, #5180 ) ;
#2841 = PRODUCT_DEFINITION ( 'UNKNOWN', '', #5175, #819 ) ;
#2842 = ORIENTED_EDGE ( 'NONE', *, *, #236, .F. ) ;
#2843 = DIRECTION ( 'NONE',  ( 1.224606353822379970E-16, -1.000000000000000000, -1.224606353822379970E-16 ) ) ;
#2844 = STYLED_ITEM ( 'NONE', ( #1985 ), #6180 ) ;
#2845 = PRESENTATION_STYLE_ASSIGNMENT (( #2745 ) ) ;
#2846 = AXIS2_PLACEMENT_3D ( 'NONE', #5596, #255, #4116 ) ;
#2847 = AXIS2_PLACEMENT_3D ( 'NONE', #3755, #589, #5188 ) ;
#2848 = CARTESIAN_POINT ( 'NONE',  ( -127.9233521597989949, -34.25397777197829896, -5.750000000000039968 ) ) ;
#2849 = CARTESIAN_POINT ( 'NONE',  ( -128.2420427737486648, -30.26595696919480716, 3.879964140231778380 ) ) ;
#2850 = EDGE_CURVE ( 'NONE', #1744, #1567, #3973, .T. ) ;
#2851 = SURFACE_SIDE_STYLE ('',( #746 ) ) ;
#2852 = CIRCLE ( 'NONE', #1515, 1.020216641758081577 ) ;
#2853 =( GEOMETRIC_REPRESENTATION_CONTEXT ( 3 ) GLOBAL_UNCERTAINTY_ASSIGNED_CONTEXT ( ( #4083 ) ) GLOBAL_UNIT_ASSIGNED_CONTEXT ( ( #4539, #2459, #3463 ) ) REPRESENTATION_CONTEXT ( 'NONE', 'WORKASPACE' ) );
#2854 = FILL_AREA_STYLE ('',( #5414 ) ) ;
#2855 = CARTESIAN_POINT ( 'NONE',  ( -128.3555961326128738, -30.27740070772240344, -0.5642445852722622890 ) ) ;
#2856 = CARTESIAN_POINT ( 'NONE',  ( -120.8923680295756498, -30.73848570686701720, -5.629999999999091287 ) ) ;
#2857 = B_SPLINE_CURVE_WITH_KNOTS ( 'NONE', 3,
 ( #2966, #1410, #1467, #3566, #453, #5625, #5229, #2613 ),
 .UNSPECIFIED., .F., .F.,
 ( 4, 2, 2, 4 ),
 ( 7.806255641895631925E-18, 0.0003905805971771610921, 0.0007811611943543143779, 0.001562322388708627888 ),
 .UNSPECIFIED. ) ;
#2858 = CIRCLE ( 'NONE', #5765, 0.8799999999999987832 ) ;
#2859 = ADVANCED_FACE ( 'NONE', ( #6545 ), #885, .F. ) ;
#2860 = ORIENTED_EDGE ( 'NONE', *, *, #3732, .F. ) ;
#2861 = CARTESIAN_POINT ( 'NONE',  ( -128.0376068620589365, -30.37397777197829996, 2.104737251858926239 ) ) ;
#2862 = CARTESIAN_POINT ( 'NONE',  ( -127.0421159207191835, -30.69721016180954720, -3.113087015021334558 ) ) ;
#2863 = ORIENTED_EDGE ( 'NONE', *, *, #6669, .F. ) ;
#2864 = DIRECTION ( 'NONE',  ( 1.224606353822379970E-16, -1.000000000000000000, -1.224606353822379970E-16 ) ) ;
#2865 = CARTESIAN_POINT ( 'NONE',  ( -127.1334918254556356, -30.45522525934589808, 4.749999999999940492 ) ) ;
#2866 = ORIENTED_EDGE ( 'NONE', *, *, #3016, .F. ) ;
#2867 =( NAMED_UNIT ( * ) PLANE_ANGLE_UNIT ( ) SI_UNIT ( $, .RADIAN. ) );
#2868 = COLOUR_RGB ( '',0.0000000000000000000, 0.0000000000000000000, 0.0000000000000000000 ) ;
#2869 = CARTESIAN_POINT ( 'NONE',  ( -128.7482464039113950, -30.33995816471642115, -2.952881880399349956 ) ) ;
#2870 =( NAMED_UNIT ( * ) SI_UNIT ( $, .STERADIAN. ) SOLID_ANGLE_UNIT ( ) );
#2871 = EDGE_LOOP ( 'NONE', ( #3432, #5034, #5953, #3303 ) ) ;
#2872 =( LENGTH_UNIT ( ) NAMED_UNIT ( * ) SI_UNIT ( .MILLI., .METRE. ) );
#2873 = CIRCLE ( 'NONE', #6626, 3.879999999999994564 ) ;
#2874 = FILL_AREA_STYLE_COLOUR ( '', #199 ) ;
#2875 = CARTESIAN_POINT ( 'NONE',  ( -128.3555961326129875, -36.18255236209569858, -1.469182422981889946 ) ) ;
#2876 = DIRECTION ( 'NONE',  ( 6.123031769111889989E-17, -5.817644942362439956E-48, -1.000000000000000000 ) ) ;
#2877 = SURFACE_STYLE_USAGE ( .BOTH. , #3346 ) ;
#2878 = PRESENTATION_LAYER_ASSIGNMENT (  '', '', ( #3198 ) ) ;
#2879 = VERTEX_POINT ( 'NONE', #339 ) ;
#2880 = PRESENTATION_STYLE_ASSIGNMENT (( #2479 ) ) ;
#2881 = CARTESIAN_POINT ( 'NONE',  ( -127.9233521597990091, -30.73848570686670456, -5.630000000000164206 ) ) ;
#2882 = CARTESIAN_POINT ( 'NONE',  ( -127.9233521597989949, -34.25397777197829896, 0.8985590598002769491 ) ) ;
#2883 = CARTESIAN_POINT ( 'NONE',  ( -128.5572462079648801, -30.41291111233792677, -4.508018297699238452 ) ) ;
#2884 = UNCERTAINTY_MEASURE_WITH_UNIT (LENGTH_MEASURE( 1.000000000000000082E-05 ), #6627, 'distance_accuracy_value', 'NONE');
#2885 = FILL_AREA_STYLE ('',( #3399 ) ) ;
#2886 = ADVANCED_FACE ( 'NONE', ( #911 ), #5017, .T. ) ;
#2887 = ORIENTED_EDGE ( 'NONE', *, *, #5927, .F. ) ;
#2888 = CARTESIAN_POINT ( 'NONE',  ( -127.9233521597989949, -30.25397777197829896, -2.101426395795781055 ) ) ;
#2889 = CARTESIAN_POINT ( 'NONE',  ( -128.8914491707722902, -30.37289697182165682, -4.882068641032129896 ) ) ;
#2890 = B_SPLINE_CURVE_WITH_KNOTS ( 'NONE', 3,
 ( #812, #6606, #291, #2448, #6097, #6568, #2480, #5544 ),
 .UNSPECIFIED., .F., .F.,
 ( 4, 2, 2, 4 ),
 ( 0.0009893144050158145415, 0.001236647151725476373, 0.001483979898435137989, 0.001978645391854402889 ),
 .UNSPECIFIED. ) ;
#2891 = PRESENTATION_STYLE_ASSIGNMENT (( #1838 ) ) ;
#2892 = CARTESIAN_POINT ( 'NONE',  ( -127.2911081946639058, -30.42583624265250464, -0.5112146281581936291 ) ) ;
#2893 = FACE_OUTER_BOUND ( 'NONE', #5227, .T. ) ;
#2894 = EDGE_CURVE ( 'NONE', #2510, #632, #5499, .T. ) ;
#2895 =( NAMED_UNIT ( * ) SI_UNIT ( $, .STERADIAN. ) SOLID_ANGLE_UNIT ( ) );
#2896 = ORIENTED_EDGE ( 'NONE', *, *, #2313, .T. ) ;
#2897 = FILL_AREA_STYLE ('',( #1311 ) ) ;
#2898 = DIRECTION ( 'NONE',  ( -1.224606353822379970E-16, 1.000000000000000000, 0.0000000000000000000 ) ) ;
#2899 = EDGE_LOOP ( 'NONE', ( #4506, #5161, #78, #2625 ) ) ;
#2900 = EDGE_CURVE ( 'NONE', #765, #1272, #74, .T. ) ;
#2901 = PRESENTATION_STYLE_ASSIGNMENT (( #1876 ) ) ;
#2902 = CYLINDRICAL_SURFACE ( 'NONE', #2936, 0.4322439728138838255 ) ;
#2903 = FILL_AREA_STYLE_COLOUR ( '', #3721 ) ;
#2904 =( NAMED_UNIT ( * ) PLANE_ANGLE_UNIT ( ) SI_UNIT ( $, .RADIAN. ) );
#2905 = SURFACE_STYLE_USAGE ( .BOTH. , #6441 ) ;
#2906 = EDGE_LOOP ( 'NONE', ( #664, #3116, #5628, #107, #976, #3405 ) ) ;
#2907 = CARTESIAN_POINT ( 'NONE',  ( -127.2140898141368410, -31.33902546961972391, -5.630000000000039861 ) ) ;
#2908 = CARTESIAN_POINT ( 'NONE',  ( -135.6833521597989716, -30.37397777197869431, 4.750000000000909495 ) ) ;
#2909 = PRESENTATION_STYLE_ASSIGNMENT (( #261 ) ) ;
#2910 = CARTESIAN_POINT ( 'NONE',  ( -126.9495273080391797, -30.37433021606617345, -2.952881880399386816 ) ) ;
#2911 =( NAMED_UNIT ( * ) SI_UNIT ( $, .STERADIAN. ) SOLID_ANGLE_UNIT ( ) );
#2912 = DIRECTION ( 'NONE',  ( -6.123031769111889989E-17, 0.0000000000000000000, 1.000000000000000000 ) ) ;
#2913 =( NAMED_UNIT ( * ) PLANE_ANGLE_UNIT ( ) SI_UNIT ( $, .RADIAN. ) );
#2914 = EDGE_CURVE ( 'NONE', #1744, #3595, #1624, .T. ) ;
#2915 = CARTESIAN_POINT ( 'NONE',  ( -128.0376034782691193, -30.25397785468511813, -0.2462490222192304512 ) ) ;
#2916 = FACE_OUTER_BOUND ( 'NONE', #197, .T. ) ;
#2917 = VERTEX_POINT ( 'NONE', #5204 ) ;
#2918 = CARTESIAN_POINT ( 'NONE',  ( -128.3555961326129875, -30.39812959706710771, 2.536981224672810509 ) ) ;
#2919 = DIRECTION ( 'NONE',  ( 0.0000000000000000000, 1.000000000000000000, 0.0000000000000000000 ) ) ;
#2920 = VERTEX_POINT ( 'NONE', #6159 ) ;
#2921 = PRODUCT_DEFINITION ( 'UNKNOWN', '', #3349, #3430 ) ;
#2922 = CARTESIAN_POINT ( 'NONE',  ( -121.8697968356220542, -37.91964882668113290, 5.657044983151504169 ) ) ;
#2923 = PRODUCT ( '4_1', '4_1', '', ( #3010 ) ) ;
#2924 = CARTESIAN_POINT ( 'NONE',  ( -127.9234989026977729, -37.41047429158690818, 5.615972769942977116 ) ) ;
#2925 = VECTOR ( 'NONE', #545, 1000.000000000000000 ) ;
#2926 = PRESENTATION_LAYER_ASSIGNMENT (  '', '', ( #1799 ) ) ;
#2927 = ORIENTED_EDGE ( 'NONE', *, *, #2610, .F. ) ;
#2928 =( NAMED_UNIT ( * ) PLANE_ANGLE_UNIT ( ) SI_UNIT ( $, .RADIAN. ) );
#2929 = PRESENTATION_LAYER_ASSIGNMENT (  '', '', ( #2705 ) ) ;
#2930 = EDGE_CURVE ( 'NONE', #2788, #1452, #2858, .T. ) ;
#2931 = COLOUR_RGB ( '',1.000000000000000000, 1.000000000000000000, 1.000000000000000000 ) ;
#2932 = UNCERTAINTY_MEASURE_WITH_UNIT (LENGTH_MEASURE( 1.000000000000000082E-05 ), #5269, 'distance_accuracy_value', 'NONE');
#2933 = APPLICATION_CONTEXT ( 'automotive_design' ) ;
#2934 =( GEOMETRIC_REPRESENTATION_CONTEXT ( 3 ) GLOBAL_UNCERTAINTY_ASSIGNED_CONTEXT ( ( #4257 ) ) GLOBAL_UNIT_ASSIGNED_CONTEXT ( ( #2269, #3423, #5904 ) ) REPRESENTATION_CONTEXT ( 'NONE', 'WORKASPACE' ) );
#2935 = EDGE_CURVE ( 'NONE', #6272, #1452, #2401, .T. ) ;
#2936 = AXIS2_PLACEMENT_3D ( 'NONE', #4824, #1317, #2200 ) ;
#2937 = SURFACE_SIDE_STYLE ('',( #4622 ) ) ;
#2938 = SURFACE_STYLE_USAGE ( .BOTH. , #1354 ) ;
#2939 = PLANE ( 'NONE',  #3802 ) ;
#2940 = ORIENTED_EDGE ( 'NONE', *, *, #2360, .T. ) ;
#2941 = CYLINDRICAL_SURFACE ( 'NONE', #5861, 3.156496523019705513 ) ;
#2942 = VECTOR ( 'NONE', #5988, 1000.000000000000000 ) ;
#2943 = CARTESIAN_POINT ( 'NONE',  ( -127.2911082110619816, -30.30426036572183435, 2.369720038928352590 ) ) ;
#2944 = CARTESIAN_POINT ( 'NONE',  ( -127.9233521597989949, -30.25397777197829541, -4.750000000000070166 ) ) ;
#2945 = PRESENTATION_LAYER_ASSIGNMENT (  '', '', ( #3712 ) ) ;
#2946 = AXIS2_PLACEMENT_3D ( 'NONE', #3220, #438, #4606 ) ;
#2947 = SURFACE_STYLE_USAGE ( .BOTH. , #371 ) ;
#2948 = PRESENTATION_LAYER_ASSIGNMENT (  '', '', ( #3386 ) ) ;
#2949 = AXIS2_PLACEMENT_3D ( 'NONE', #1701, #2188, #4748 ) ;
#2950 = CARTESIAN_POINT ( 'NONE',  ( -127.9233521597990375, -30.83953303261915480, -3.346880229046878430 ) ) ;
#2951 = STYLED_ITEM ( 'NONE', ( #2880 ), #1730 ) ;
#2952 = DIRECTION ( 'NONE',  ( 0.0000000000000000000, 1.000000000000000000, 0.0000000000000000000 ) ) ;
#2953 =( GEOMETRIC_REPRESENTATION_CONTEXT ( 3 ) GLOBAL_UNCERTAINTY_ASSIGNED_CONTEXT ( ( #1486 ) ) GLOBAL_UNIT_ASSIGNED_CONTEXT ( ( #5996, #4056, #2870 ) ) REPRESENTATION_CONTEXT ( 'NONE', 'WORKASPACE' ) );
#2954 = CARTESIAN_POINT ( 'NONE',  ( -127.9233521597989949, -30.95073967747260468, -3.335756337264832450 ) ) ;
#2955 = ORIENTED_EDGE ( 'NONE', *, *, #5577, .F. ) ;
#2956 = CARTESIAN_POINT ( 'NONE',  ( -127.9233521597989949, -34.25397777197829896, 4.749999999999940492 ) ) ;
#2957 = STYLED_ITEM ( 'NONE', ( #352 ), #1955 ) ;
#2958 = AXIS2_PLACEMENT_3D ( 'NONE', #2465, #4547, #555 ) ;
#2959 = ORIENTED_EDGE ( 'NONE', *, *, #3350, .T. ) ;
#2960 = FILL_AREA_STYLE_COLOUR ( '', #1841 ) ;
#2961 = CIRCLE ( 'NONE', #5441, 3.000000000000002665 ) ;
#2962 = COLOUR_RGB ( '',1.000000000000000000, 1.000000000000000000, 1.000000000000000000 ) ;
#2963 = PRESENTATION_STYLE_ASSIGNMENT (( #4987 ) ) ;
#2964 = ORIENTED_EDGE ( 'NONE', *, *, #3388, .T. ) ;
#2965 = DIRECTION ( 'NONE',  ( 1.000000000000000000, 0.0000000000000000000, 0.0000000000000000000 ) ) ;
#2966 = CARTESIAN_POINT ( 'NONE',  ( -126.9552188870530784, -30.37290601714022387, -4.750000000000071054 ) ) ;
#2967 = SURFACE_STYLE_USAGE ( .BOTH. , #321 ) ;
#2968 = CARTESIAN_POINT ( 'NONE',  ( -127.9233521597989949, -30.37397777197829640, -2.101426395795771285 ) ) ;
#2969 = VECTOR ( 'NONE', #33, 1000.000000000000000 ) ;
#2970 =( LENGTH_UNIT ( ) NAMED_UNIT ( * ) SI_UNIT ( .MILLI., .METRE. ) );
#2971 = FACE_OUTER_BOUND ( 'NONE', #5612, .T. ) ;
#2972 = AXIS2_PLACEMENT_3D ( 'NONE', #6527, #4980, #1833 ) ;
#2973 = CARTESIAN_POINT ( 'NONE',  ( -128.5555961326130330, -30.42583624392038288, 2.536981210161495692 ) ) ;
#2974 = EDGE_CURVE ( 'NONE', #6232, #5655, #4792, .T. ) ;
#2975 = ORIENTED_EDGE ( 'NONE', *, *, #2638, .F. ) ;
#2976 = ORIENTED_EDGE ( 'NONE', *, *, #1448, .F. ) ;
#2977 = LINE ( 'NONE', #811, #5001 ) ;
#2978 = MECHANICAL_DESIGN_GEOMETRIC_PRESENTATION_REPRESENTATION (  '', ( #993 ), #6716 ) ;
#2979 =( LENGTH_UNIT ( ) NAMED_UNIT ( * ) SI_UNIT ( .MILLI., .METRE. ) );
#2980 = EDGE_CURVE ( 'NONE', #3510, #4466, #1203, .T. ) ;
#2981 = COLOUR_RGB ( '',0.0000000000000000000, 0.0000000000000000000, 0.0000000000000000000 ) ;
#2982 =( NAMED_UNIT ( * ) SI_UNIT ( $, .STERADIAN. ) SOLID_ANGLE_UNIT ( ) );
#2983 = PRODUCT_DEFINITION_SHAPE ( 'NONE', 'NONE',  #2411 ) ;
#2984 = CARTESIAN_POINT ( 'NONE',  ( -127.6768026842080275, -31.25397777197846949, -5.750000000000068390 ) ) ;
#2985 = EDGE_CURVE ( 'NONE', #30, #2231, #6614, .T. ) ;
#2986 = APPLICATION_PROTOCOL_DEFINITION ( 'draft international standard', 'automotive_design', 1998, #254 ) ;
#2987 = CARTESIAN_POINT ( 'NONE',  ( -127.5379883330287640, -30.27178352759429103, -0.4526245884878621895 ) ) ;
#2988 = CARTESIAN_POINT ( 'NONE',  ( -134.5298283488122024, -30.95073967747208243, -4.063772965423816608 ) ) ;
#2989 = EDGE_LOOP ( 'NONE', ( #4447, #2636, #4937, #2650 ) ) ;
#2990 = SURFACE_STYLE_USAGE ( .BOTH. , #2500 ) ;
#2991 = CARTESIAN_POINT ( 'NONE',  ( -128.4756411395103157, -30.41335195794166779, -0.3597957783911394647 ) ) ;
#2992 = CARTESIAN_POINT ( 'NONE',  ( -128.5555961326129193, -30.30426036957581104, -0.6784922006387790194 ) ) ;
#2993 = VERTEX_POINT ( 'NONE', #6307 ) ;
#2994 =( LENGTH_UNIT ( ) NAMED_UNIT ( * ) SI_UNIT ( .MILLI., .METRE. ) );
#2995 =( NAMED_UNIT ( * ) PLANE_ANGLE_UNIT ( ) SI_UNIT ( $, .RADIAN. ) );
#2996 =( NAMED_UNIT ( * ) SI_UNIT ( $, .STERADIAN. ) SOLID_ANGLE_UNIT ( ) );
#2997 = ORIENTED_EDGE ( 'NONE', *, *, #149, .T. ) ;
#2998 = CARTESIAN_POINT ( 'NONE',  ( -124.0433521597989994, -34.25397777197869686, -4.749999999999089617 ) ) ;
#2999 = UNCERTAINTY_MEASURE_WITH_UNIT (LENGTH_MEASURE( 1.000000000000000082E-05 ), #258, 'distance_accuracy_value', 'NONE');
#3000 = ORIENTED_EDGE ( 'NONE', *, *, #5329, .T. ) ;
#3001 =( NAMED_UNIT ( * ) SI_UNIT ( $, .STERADIAN. ) SOLID_ANGLE_UNIT ( ) );
#3002 = DIRECTION ( 'NONE',  ( 1.000000000000000000, 0.0000000000000000000, 0.0000000000000000000 ) ) ;
#3003 = FILL_AREA_STYLE ('',( #5543 ) ) ;
#3004 = CARTESIAN_POINT ( 'NONE',  ( -127.9233521597989949, -34.25397777197829896, -5.630000000000070060 ) ) ;
#3005 = CARTESIAN_POINT ( 'NONE',  ( -127.9233521597989949, -31.25397777197844817, -5.630000000000070060 ) ) ;
#3006 = FILL_AREA_STYLE ('',( #3553 ) ) ;
#3007 = FACE_OUTER_BOUND ( 'NONE', #3190, .T. ) ;
#3008 =( LENGTH_UNIT ( ) NAMED_UNIT ( * ) SI_UNIT ( .MILLI., .METRE. ) );
#3009 = APPLICATION_CONTEXT ( 'automotive_design' ) ;
#3010 = PRODUCT_CONTEXT ( 'NONE', #6190, 'mechanical' ) ;
#3011 = CARTESIAN_POINT ( 'NONE',  ( -127.4911081869850022, -30.39812959706710771, 0.8985590598002769491 ) ) ;
#3012 = CARTESIAN_POINT ( 'NONE',  ( -127.6046479368164768, -30.38632960938773664, 3.879956107026744760 ) ) ;
#3013 = ORIENTED_EDGE ( 'NONE', *, *, #2679, .F. ) ;
#3014 = EDGE_CURVE ( 'NONE', #3875, #1261, #5012, .T. ) ;
#3015 = CARTESIAN_POINT ( 'NONE',  ( -127.9233521597989949, -30.37397777197829996, -1.901426395795763558 ) ) ;
#3016 = EDGE_CURVE ( 'NONE', #5116, #3821, #5701, .T. ) ;
#3017 = FACE_OUTER_BOUND ( 'NONE', #4434, .T. ) ;
#3018 = UNCERTAINTY_MEASURE_WITH_UNIT (LENGTH_MEASURE( 1.000000000000000082E-05 ), #3650, 'distance_accuracy_value', 'NONE');
#3019 = CARTESIAN_POINT ( 'NONE',  ( -128.3555961326129307, -30.27740070772239633, -1.469182422981890168 ) ) ;
#3020 = CARTESIAN_POINT ( 'NONE',  ( -128.6023481704973790, -31.02127823034886944, -3.335756337264506932 ) ) ;
#3021 = COLOUR_RGB ( '',0.8000000000000000444, 0.1921568627450980227, 0.1921568627450980227 ) ;
#3022 = EDGE_LOOP ( 'NONE', ( #128, #2104, #1932, #5140 ) ) ;
#3023 = SURFACE_STYLE_FILL_AREA ( #5492 ) ;
#3024 = SURFACE_STYLE_USAGE ( .BOTH. , #6022 ) ;
#3025 = PRESENTATION_LAYER_ASSIGNMENT (  '', '', ( #283 ) ) ;
#3026 = DIRECTION ( 'NONE',  ( 1.000000000000000000, -1.619075244245018482E-14, 0.0000000000000000000 ) ) ;
#3027 = EDGE_LOOP ( 'NONE', ( #5562, #2795, #1769, #2444 ) ) ;
#3028 = COLOUR_RGB ( '',1.000000000000000000, 1.000000000000000000, 1.000000000000000000 ) ;
#3029 = FILL_AREA_STYLE ('',( #5997 ) ) ;
#3030 = VECTOR ( 'NONE', #815, 1000.000000000000000 ) ;
#3031 = PRESENTATION_STYLE_ASSIGNMENT (( #389 ) ) ;
#3032 = ORIENTED_EDGE ( 'NONE', *, *, #2305, .F. ) ;
#3033 = AXIS2_PLACEMENT_3D ( 'NONE', #5835, #4759, #3786 ) ;
#3034 = EDGE_CURVE ( 'NONE', #2879, #2432, #6295, .T. ) ;
#3035 = LINE ( 'NONE', #1514, #1597 ) ;
#3036 = ORIENTED_EDGE ( 'NONE', *, *, #4781, .F. ) ;
#3037 = STYLED_ITEM ( 'NONE', ( #4762 ), #5066 ) ;
#3038 = CYLINDRICAL_SURFACE ( 'NONE', #3572, 3.000000000000002665 ) ;
#3039 = FILL_AREA_STYLE_COLOUR ( '', #3627 ) ;
#3040 =( GEOMETRIC_REPRESENTATION_CONTEXT ( 3 ) GLOBAL_UNCERTAINTY_ASSIGNED_CONTEXT ( ( #5585 ) ) GLOBAL_UNIT_ASSIGNED_CONTEXT ( ( #5233, #6352, #4818 ) ) REPRESENTATION_CONTEXT ( 'NONE', 'WORKASPACE' ) );
#3041 = B_SPLINE_CURVE_WITH_KNOTS ( 'NONE', 3,
 ( #4449, #5721, #6623, #994, #4683, #3057 ),
 .UNSPECIFIED., .F., .F.,
 ( 4, 2, 4 ),
 ( 4.770489558936218739E-18, 0.0003378787149092366340, 0.0006757574298184684976 ),
 .UNSPECIFIED. ) ;
#3042 = CARTESIAN_POINT ( 'NONE',  ( -127.2894087991510617, -30.41291718526905186, -2.891511004989604228 ) ) ;
#3043 = CIRCLE ( 'NONE', #1924, 3.999999999999996447 ) ;
#3044 = PRESENTATION_LAYER_ASSIGNMENT (  '', '', ( #5851 ) ) ;
#3045 = STYLED_ITEM ( 'NONE', ( #4476 ), #5606 ) ;
#3046 = SHAPE_DEFINITION_REPRESENTATION ( #3957, #5482 ) ;
#3047 =( LENGTH_UNIT ( ) NAMED_UNIT ( * ) SI_UNIT ( .MILLI., .METRE. ) );
#3048 = SURFACE_STYLE_USAGE ( .BOTH. , #893 ) ;
#3049 = VECTOR ( 'NONE', #4639, 1000.000000000000000 ) ;
#3050 =( GEOMETRIC_REPRESENTATION_CONTEXT ( 3 ) GLOBAL_UNCERTAINTY_ASSIGNED_CONTEXT ( ( #550 ) ) GLOBAL_UNIT_ASSIGNED_CONTEXT ( ( #4724, #6255, #4221 ) ) REPRESENTATION_CONTEXT ( 'NONE', 'WORKASPACE' ) );
#3051 = ORIENTED_EDGE ( 'NONE', *, *, #2403, .F. ) ;
#3052 = SURFACE_STYLE_USAGE ( .BOTH. , #2603 ) ;
#3053 =( GEOMETRIC_REPRESENTATION_CONTEXT ( 3 ) GLOBAL_UNCERTAINTY_ASSIGNED_CONTEXT ( ( #1278 ) ) GLOBAL_UNIT_ASSIGNED_CONTEXT ( ( #109, #3790, #4460 ) ) REPRESENTATION_CONTEXT ( 'NONE', 'WORKASPACE' ) );
#3054 = COLOUR_RGB ( '',0.8000000000000000444, 0.1921568627450980227, 0.1921568627450980227 ) ;
#3055 = CARTESIAN_POINT ( 'NONE',  ( -127.9233521597989949, -30.37397777197869431, -4.749999999999089617 ) ) ;
#3056 = COLOUR_RGB ( '',0.7921568627450980005, 0.8196078431372548767, 0.9333333333333333481 ) ;
#3057 = CARTESIAN_POINT ( 'NONE',  ( -127.9233521597989949, -30.37397777197829640, -1.901426395795773550 ) ) ;
#3058 = FILL_AREA_STYLE_COLOUR ( '', #6525 ) ;
#3059 = ORIENTED_EDGE ( 'NONE', *, *, #236, .T. ) ;
#3060 = DIRECTION ( 'NONE',  ( 1.000000000000000000, 0.0000000000000000000, 0.0000000000000000000 ) ) ;
#3061 = CARTESIAN_POINT ( 'NONE',  ( -128.6901104071523321, -31.19202543891529800, 5.615972769942956688 ) ) ;
#3062 = SHAPE_REPRESENTATION_RELATIONSHIP ( 'NONE' , 'NONE' ,  #672, #4262 ) ;
#3063 = FILL_AREA_STYLE_COLOUR ( '', #2146 ) ;
#3064 = ORIENTED_EDGE ( 'NONE', *, *, #3817, .F. ) ;
#3065 = VECTOR ( 'NONE', #41, 1000.000000000000000 ) ;
#3066 = AXIS2_PLACEMENT_3D ( 'NONE', #5281, #89, #4181 ) ;
#3067 = CARTESIAN_POINT ( 'NONE',  ( -127.9233521597989949, -37.25397777197869686, 5.630000000000906724 ) ) ;
#3068 = EDGE_CURVE ( 'NONE', #4510, #2713, #4235, .T. ) ;
#3069 = CARTESIAN_POINT ( 'NONE',  ( -127.9233521597989949, -32.80397777197919851, -20.74999999999980105 ) ) ;
#3070 = CIRCLE ( 'NONE', #443, 3.880000000000011884 ) ;
#3071 = EDGE_LOOP ( 'NONE', ( #311, #1051, #3310, #4855 ) ) ;
#3072 = SURFACE_SIDE_STYLE ('',( #4161 ) ) ;
#3073 = ORIENTED_EDGE ( 'NONE', *, *, #2894, .T. ) ;
#3074 = SURFACE_SIDE_STYLE ('',( #6157 ) ) ;
#3075 = CARTESIAN_POINT ( 'NONE',  ( -128.5555961326130046, -30.30426036957589631, 0.8985590598002769491 ) ) ;
#3076 = AXIS2_PLACEMENT_3D ( 'NONE', #921, #5076, #2462 ) ;
#3077 = VERTEX_POINT ( 'NONE', #2591 ) ;
#3078 = CARTESIAN_POINT ( 'NONE',  ( -127.0110411200560065, -30.58123742689930680, -5.210290831028578928 ) ) ;
#3079 = COLOUR_RGB ( '',0.8000000000000000444, 0.1921568627450980227, 0.1921568627450980227 ) ;
#3080 =( NAMED_UNIT ( * ) PLANE_ANGLE_UNIT ( ) SI_UNIT ( $, .RADIAN. ) );
#3081 = VERTEX_POINT ( 'NONE', #3180 ) ;
#3082 = CARTESIAN_POINT ( 'NONE',  ( -126.9862819858890219, -30.48883508023764932, 4.749999999999930722 ) ) ;
#3083 =( NAMED_UNIT ( * ) SI_UNIT ( $, .STERADIAN. ) SOLID_ANGLE_UNIT ( ) );
#3084 = FILL_AREA_STYLE_COLOUR ( '', #5760 ) ;
#3085 = UNCERTAINTY_MEASURE_WITH_UNIT (LENGTH_MEASURE( 1.000000000000000082E-05 ), #3292, 'distance_accuracy_value', 'NONE');
#3086 = PRODUCT_DEFINITION_SHAPE ( 'NONE', 'NONE',  #6725 ) ;
#3087 = CARTESIAN_POINT ( 'NONE',  ( -127.9233521597989949, -30.37397777197869431, 4.750000000000910383 ) ) ;
#3088 = CARTESIAN_POINT ( 'NONE',  ( -120.8658632976500940, -31.77203457526871588, -4.508018297699262433 ) ) ;
#3089 = VERTEX_POINT ( 'NONE', #5777 ) ;
#3090 =( NAMED_UNIT ( * ) PLANE_ANGLE_UNIT ( ) SI_UNIT ( $, .RADIAN. ) );
#3091 = CARTESIAN_POINT ( 'NONE',  ( -127.5381452603133425, -30.39231982247675745, -1.695314443152257100 ) ) ;
#3092 = FILL_AREA_STYLE ('',( #5591 ) ) ;
#3093 = EDGE_LOOP ( 'NONE', ( #2474, #5368, #2357, #4849 ) ) ;
#3094 = ADVANCED_FACE ( 'NONE', ( #2632 ), #3688, .F. ) ;
#3095 = CARTESIAN_POINT ( 'NONE',  ( -128.8632819979679596, -30.47789082215463452, -5.273058466596560301 ) ) ;
#3096 = CYLINDRICAL_SURFACE ( 'NONE', #5649, 3.156496523019705513 ) ;
#3097 = APPLICATION_CONTEXT ( 'automotive_design' ) ;
#3099 = ORIENTED_EDGE ( 'NONE', *, *, #5049, .T. ) ;
#3098 = EDGE_CURVE ( 'NONE', #723, #509, #3997, .T. ) ;
#3100 = DIRECTION ( 'NONE',  ( -6.123031769111889989E-17, 0.0000000000000000000, 1.000000000000000000 ) ) ;
#3101 = DIRECTION ( 'NONE',  ( 1.000000000000000000, 0.0000000000000000000, 0.0000000000000000000 ) ) ;
#3102 = CARTESIAN_POINT ( 'NONE',  ( -124.9233521597989949, -32.49661845909798075, 5.630000000000910276 ) ) ;
#3103 = DIRECTION ( 'NONE',  ( 6.123031769111889989E-17, -0.0000000000000000000, -1.000000000000000000 ) ) ;
#3104 = FACE_OUTER_BOUND ( 'NONE', #4691, .T. ) ;
#3105 = ORIENTED_EDGE ( 'NONE', *, *, #4726, .T. ) ;
#3106 = DIRECTION ( 'NONE',  ( 1.000000000000000000, 0.0000000000000000000, 0.0000000000000000000 ) ) ;
#3107 = PRODUCT_CONTEXT ( 'NONE', #1432, 'mechanical' ) ;
#3108 = CARTESIAN_POINT ( 'NONE',  ( -128.5390948124663737, -30.30152420297343596, 2.371295778755226014 ) ) ;
#3109 = CARTESIAN_POINT ( 'NONE',  ( -127.0130772674555288, -30.58883643244613992, -3.147897918319148225 ) ) ;
#3110 = SURFACE_SIDE_STYLE ('',( #4739 ) ) ;
#3111 = EDGE_LOOP ( 'NONE', ( #4814, #5020, #5335, #6288, #4879 ) ) ;
#3112 = CARTESIAN_POINT ( 'NONE',  ( -127.4911081869851159, -36.18255236209569858, 2.536981224672809176 ) ) ;
#3113 = ADVANCED_FACE ( 'NONE', ( #4376 ), #2202, .F. ) ;
#3114 = CARTESIAN_POINT ( 'NONE',  ( -127.4911081869851159, -30.27740070772240344, -1.583430549975355373 ) ) ;
#3115 = FILL_AREA_STYLE_COLOUR ( '', #3952 ) ;
#3116 = ORIENTED_EDGE ( 'NONE', *, *, #2833, .T. ) ;
#3117 = CARTESIAN_POINT ( 'NONE',  ( -128.1821707629476634, -31.09748124895877552, 5.615972769942955800 ) ) ;
#3118 = SURFACE_STYLE_USAGE ( .BOTH. , #1134 ) ;
#3119 =( LENGTH_UNIT ( ) NAMED_UNIT ( * ) SI_UNIT ( .MILLI., .METRE. ) );
#3120 = PRODUCT_RELATED_PRODUCT_CATEGORY ( 'part', '', ( #4009 ) ) ;
#3121 = CARTESIAN_POINT ( 'NONE',  ( -127.5946195256775724, -30.25397777197829541, 4.749999999999928058 ) ) ;
#3122 = EDGE_LOOP ( 'NONE', ( #5684, #5761, #2464, #6337, #4117, #4228 ) ) ;
#3123 =( LENGTH_UNIT ( ) NAMED_UNIT ( * ) SI_UNIT ( .MILLI., .METRE. ) );
#3124 = SURFACE_SIDE_STYLE ('',( #3681 ) ) ;
#3125 = DIRECTION ( 'NONE',  ( 0.0000000000000000000, 1.000000000000000000, 0.0000000000000000000 ) ) ;
#3126 =( NAMED_UNIT ( * ) PLANE_ANGLE_UNIT ( ) SI_UNIT ( $, .RADIAN. ) );
#3127 = EDGE_CURVE ( 'NONE', #3853, #4768, #3794, .T. ) ;
#3128 = SURFACE_STYLE_FILL_AREA ( #4727 ) ;
#3129 = ORIENTED_EDGE ( 'NONE', *, *, #4627, .T. ) ;
#3130 = PRESENTATION_LAYER_ASSIGNMENT (  '', '', ( #1047 ) ) ;
#3131 =( GEOMETRIC_REPRESENTATION_CONTEXT ( 3 ) GLOBAL_UNCERTAINTY_ASSIGNED_CONTEXT ( ( #3561 ) ) GLOBAL_UNIT_ASSIGNED_CONTEXT ( ( #72, #6663, #5202 ) ) REPRESENTATION_CONTEXT ( 'NONE', 'WORKASPACE' ) );
#3132 = PLANE ( 'NONE',  #674 ) ;
#3133 = EDGE_CURVE ( 'NONE', #859, #4065, #4910, .T. ) ;
#3134 = DIRECTION ( 'NONE',  ( 1.000000000000000000, 0.0000000000000000000, 5.588670992193329703E-17 ) ) ;
#3135 = CARTESIAN_POINT ( 'NONE',  ( -128.0376092715883090, -30.37397786202814487, 3.759914582482434930 ) ) ;
#3136 = MECHANICAL_DESIGN_GEOMETRIC_PRESENTATION_REPRESENTATION (  '', ( #60 ), #404 ) ;
#3137 = EDGE_CURVE ( 'NONE', #5899, #4014, #3070, .T. ) ;
#3138 = VERTEX_POINT ( 'NONE', #1281 ) ;
#3139 = SURFACE_STYLE_FILL_AREA ( #2058 ) ;
#3140 = PRESENTATION_LAYER_ASSIGNMENT (  '', '', ( #2250 ) ) ;
#3141 = CIRCLE ( 'NONE', #4873, 3.999999999999996447 ) ;
#3142 = MECHANICAL_DESIGN_GEOMETRIC_PRESENTATION_REPRESENTATION (  '', ( #2707 ), #177 ) ;
#3143 = CARTESIAN_POINT ( 'NONE',  ( -127.9233521597989949, -32.50397777197930083, -5.749999999999809930 ) ) ;
#3144 =( NAMED_UNIT ( * ) SI_UNIT ( $, .STERADIAN. ) SOLID_ANGLE_UNIT ( ) );
#3145 =( GEOMETRIC_REPRESENTATION_CONTEXT ( 3 ) GLOBAL_UNCERTAINTY_ASSIGNED_CONTEXT ( ( #461 ) ) GLOBAL_UNIT_ASSIGNED_CONTEXT ( ( #3851, #3444, #2223 ) ) REPRESENTATION_CONTEXT ( 'NONE', 'WORKASPACE' ) );
#3146 = PRESENTATION_STYLE_ASSIGNMENT (( #3222 ) ) ;
#3147 = ORIENTED_EDGE ( 'NONE', *, *, #913, .T. ) ;
#3148 = COLOUR_RGB ( '',1.000000000000000000, 1.000000000000000000, 1.000000000000000000 ) ;
#3149 = CARTESIAN_POINT ( 'NONE',  ( -126.9605938732540125, -30.39296573873332008, 4.984860513745297261 ) ) ;
#3150 = MECHANICAL_DESIGN_GEOMETRIC_PRESENTATION_REPRESENTATION (  '', ( #3045 ), #2490 ) ;
#3151 = CARTESIAN_POINT ( 'NONE',  ( -127.9233521597989949, -36.18255236209569858, 2.536981224672839819 ) ) ;
#3152 = CARTESIAN_POINT ( 'NONE',  ( -128.3085634251419833, -30.27176770687249174, 3.553798755605602544 ) ) ;
#3153 = UNCERTAINTY_MEASURE_WITH_UNIT (LENGTH_MEASURE( 1.000000000000000082E-05 ), #5382, 'distance_accuracy_value', 'NONE');
#3154 = AXIS2_PLACEMENT_3D ( 'NONE', #547, #6175, #6240 ) ;
#3155 = CARTESIAN_POINT ( 'NONE',  ( -127.2911081869851131, -36.18255236209569858, -0.6784922006387796856 ) ) ;
#3156 = CARTESIAN_POINT ( 'NONE',  ( -128.8335250076211764, -30.58881075765949475, -4.251631808148900404 ) ) ;
#3157 = PRESENTATION_LAYER_ASSIGNMENT (  '', '', ( #1294 ) ) ;
#3158 =( BOUNDED_SURFACE ( )  B_SPLINE_SURFACE ( 3, 3, ( 
 ( #6318, #1663, #2709, #3254 ),
 ( #2135, #3775, #2751, #1694 ),
 ( #4773, #3836, #5854, #3806 ),
 ( #3295, #4811, #4742, #123 ) ),
 .UNSPECIFIED., .F., .F., .T. ) 
 B_SPLINE_SURFACE_WITH_KNOTS ( ( 4, 4 ),
 ( 4, 4 ),
 ( 0.0000000000000000000, 1.000000000000000000 ),
 ( 0.0000000000000000000, 1.000000000000000000 ),
 .UNSPECIFIED. ) 
 GEOMETRIC_REPRESENTATION_ITEM ( )  RATIONAL_B_SPLINE_SURFACE ( (
 ( 1.000000000000000000, 0.3333333333333334259, 0.3333333333333334259, 1.000000000000000000),
 ( 0.8047378541243631611, 0.2682459513747877944, 0.2682459513747877944, 0.8047378541243631611),
 ( 0.8047378541243631611, 0.2682459513747877944, 0.2682459513747877944, 0.8047378541243631611),
 ( 1.000000000000000000, 0.3333333333333334259, 0.3333333333333334259, 1.000000000000000000) ) ) 
 REPRESENTATION_ITEM ( '' )  SURFACE ( )  );
#3159 = VERTEX_POINT ( 'NONE', #5434 ) ;
#3160 = CARTESIAN_POINT ( 'NONE',  ( -128.1494838176467113, -30.37974979221844407, 3.712878618350320181 ) ) ;
#3161 = AXIS2_PLACEMENT_3D ( 'NONE', #4237, #4200, #4283 ) ;
#3162 = CARTESIAN_POINT ( 'NONE',  ( -127.4911081869851159, -30.39812959706720719, -0.5642369296731338801 ) ) ;
#3163 = FILL_AREA_STYLE ('',( #5727 ) ) ;
#3164 = CARTESIAN_POINT ( 'NONE',  ( -127.9233521597989949, -34.25397777197829896, 5.737678509578226560 ) ) ;
#3165 = ORIENTED_EDGE ( 'NONE', *, *, #1661, .T. ) ;
#3166 = MECHANICAL_DESIGN_GEOMETRIC_PRESENTATION_REPRESENTATION (  '', ( #6060 ), #5216 ) ;
#3167 =( NAMED_UNIT ( * ) PLANE_ANGLE_UNIT ( ) SI_UNIT ( $, .RADIAN. ) );
#3168 = COLOUR_RGB ( '',0.8000000000000000444, 0.1921568627450980227, 0.1921568627450980227 ) ;
#3169 = AXIS2_PLACEMENT_3D ( 'NONE', #1252, #2843, #115 ) ;
#3170 =( GEOMETRIC_REPRESENTATION_CONTEXT ( 3 ) GLOBAL_UNCERTAINTY_ASSIGNED_CONTEXT ( ( #4439 ) ) GLOBAL_UNIT_ASSIGNED_CONTEXT ( ( #2006, #5160, #6191 ) ) REPRESENTATION_CONTEXT ( 'NONE', 'WORKASPACE' ) );
#3171 = CARTESIAN_POINT ( 'NONE',  ( -131.9233521597990091, -34.25397777197829896, -2.952881880399360170 ) ) ;
#3172 =( NAMED_UNIT ( * ) PLANE_ANGLE_UNIT ( ) SI_UNIT ( $, .RADIAN. ) );
#3173 = COLOUR_RGB ( '',0.8000000000000000444, 0.1921568627450980227, 0.1921568627450980227 ) ;
#3174 = VERTEX_POINT ( 'NONE', #775 ) ;
#3175 = VECTOR ( 'NONE', #5021, 1000.000000000000000 ) ;
#3176 = CARTESIAN_POINT ( 'NONE',  ( -127.0581598648333710, -30.75708697639758782, -3.551620093710444515 ) ) ;
#3177 = EDGE_CURVE ( 'NONE', #1433, #6487, #2129, .T. ) ;
#3178 = AXIS2_PLACEMENT_3D ( 'NONE', #2882, #2778, #6447 ) ;
#3179 = PRESENTATION_STYLE_ASSIGNMENT (( #2662 ) ) ;
#3180 = CARTESIAN_POINT ( 'NONE',  ( -128.5555961326129193, -30.30426036957581104, -0.6784922006387790194 ) ) ;
#3181 = FILL_AREA_STYLE ('',( #1653 ) ) ;
#3182 = CARTESIAN_POINT ( 'NONE',  ( -127.9233521597989949, -30.37397777197869431, -4.749999999999089617 ) ) ;
#3183 = ORIENTED_EDGE ( 'NONE', *, *, #2985, .F. ) ;
#3184 = LINE ( 'NONE', #5171, #2036 ) ;
#3185 = ITEM_DEFINED_TRANSFORMATION ( 'NONE', 'NONE', #5653,  #1074 ) ;
#3186 = FILL_AREA_STYLE ('',( #1090 ) ) ;
#3187 = CARTESIAN_POINT ( 'NONE',  ( -128.5555961326130330, -30.42583624392038288, 0.8985590598002879403 ) ) ;
#3188 = VECTOR ( 'NONE', #370, 1000.000000000000000 ) ;
#3189 = CARTESIAN_POINT ( 'NONE',  ( -128.5303265832976081, -31.31602235209567198, -5.750000000000039968 ) ) ;
#3190 = EDGE_LOOP ( 'NONE', ( #5797, #1469, #4632, #5921, #6028, #5108 ) ) ;
#3191 = CARTESIAN_POINT ( 'NONE',  ( -128.8914491707721766, -30.37289697182162129, 4.749999999999958256 ) ) ;
#3192 = FACE_OUTER_BOUND ( 'NONE', #5472, .T. ) ;
#3193 = EDGE_CURVE ( 'NONE', #4053, #4863, #2730, .T. ) ;
#3194 = LINE ( 'NONE', #4256, #3829 ) ;
#3195 = MECHANICAL_DESIGN_GEOMETRIC_PRESENTATION_REPRESENTATION (  '', ( #2759 ), #346 ) ;
#3196 = CARTESIAN_POINT ( 'NONE',  ( -128.8068499508569289, -30.68824270764511297, -4.058230050595528660 ) ) ;
#3197 = ORIENTED_EDGE ( 'NONE', *, *, #4627, .F. ) ;
#3198 = STYLED_ITEM ( 'NONE', ( #1393 ), #4542 ) ;
#3199 = DIRECTION ( 'NONE',  ( 0.0000000000000000000, 1.000000000000000000, 0.0000000000000000000 ) ) ;
#3200 = PRESENTATION_STYLE_ASSIGNMENT (( #3778 ) ) ;
#3201 = CARTESIAN_POINT ( 'NONE',  ( -127.2683689981682278, -30.29429821389325639, 5.265241647999089558 ) ) ;
#3202 = ORIENTED_EDGE ( 'NONE', *, *, #3641, .F. ) ;
#3203 = CARTESIAN_POINT ( 'NONE',  ( -128.3555961326129875, -30.39812959706710771, 0.8985590598002769491 ) ) ;
#3204 =( BOUNDED_SURFACE ( )  B_SPLINE_SURFACE ( 3, 3, ( 
 ( #5522, #4419, #5991, #3535 ),
 ( #862, #6460, #4010, #1940 ),
 ( #1839, #4508, #3437, #354 ),
 ( #5559, #1871, #4050, #5586 ) ),
 .UNSPECIFIED., .F., .F., .T. ) 
 B_SPLINE_SURFACE_WITH_KNOTS ( ( 4, 4 ),
 ( 4, 4 ),
 ( 0.0000000000000000000, 1.000000000000000000 ),
 ( 0.0000000000000000000, 1.000000000000000000 ),
 .UNSPECIFIED. ) 
 GEOMETRIC_REPRESENTATION_ITEM ( )  RATIONAL_B_SPLINE_SURFACE ( (
 ( 1.000000000000000000, 0.9949883451683293467, 0.9949883451683293467, 1.000000000000000000),
 ( 0.8449401610995863621, 0.8407056126587389988, 0.8407056126587389988, 0.8449401610995863621),
 ( 0.8449401610995863621, 0.8407056126587389988, 0.8407056126587389988, 0.8449401610995863621),
 ( 1.000000000000000000, 0.9949883451683293467, 0.9949883451683293467, 1.000000000000000000) ) ) 
 REPRESENTATION_ITEM ( '' )  SURFACE ( )  );
#3205 = CARTESIAN_POINT ( 'NONE',  ( -124.9233521597989949, -34.25397777197869686, 5.630000000000904947 ) ) ;
#3206 = SURFACE_STYLE_USAGE ( .BOTH. , #6149 ) ;
#3207 = UNCERTAINTY_MEASURE_WITH_UNIT (LENGTH_MEASURE( 1.000000000000000082E-05 ), #4422, 'distance_accuracy_value', 'NONE');
#3208 = LINE ( 'NONE', #5334, #2165 ) ;
#3209 = CARTESIAN_POINT ( 'NONE',  ( -128.2180320950515124, -30.66819133435148004, -5.750000000000168754 ) ) ;
#3210 = SHAPE_REPRESENTATION_RELATIONSHIP ( 'NONE' , 'NONE' ,  #4169, #4165 ) ;
#3211 = CARTESIAN_POINT ( 'NONE',  ( -127.4911081869855565, -30.27740070772245318, 2.536981224672842483 ) ) ;
#3212 = ORIENTED_EDGE ( 'NONE', *, *, #2914, .F. ) ;
#3213 = CYLINDRICAL_SURFACE ( 'NONE', #2247, 3.156496523019705513 ) ;
#3214 = CARTESIAN_POINT ( 'NONE',  ( -128.0890447628062248, -30.25667623316959620, -0.06275127782701533929 ) ) ;
#3215 = SURFACE_STYLE_USAGE ( .BOTH. , #1623 ) ;
#3216 = CARTESIAN_POINT ( 'NONE',  ( -127.6972205019512359, -30.37974979221850091, 3.712878618350356597 ) ) ;
#3217 = CARTESIAN_POINT ( 'NONE',  ( -127.9233521597989949, -34.25397777197829896, -5.750000000000070166 ) ) ;
#3218 = CARTESIAN_POINT ( 'NONE',  ( -127.9233521597989949, -38.13397777197869232, -4.749999999999089617 ) ) ;
#3219 = ORIENTED_EDGE ( 'NONE', *, *, #2207, .F. ) ;
#3220 = CARTESIAN_POINT ( 'NONE',  ( -127.9233521597989949, -34.25397777197829896, 4.749999999999929834 ) ) ;
#3221 = CARTESIAN_POINT ( 'NONE',  ( -126.9552188870529363, -30.37290601714020966, 0.8985590598002770601 ) ) ;
#3222 = SURFACE_STYLE_USAGE ( .BOTH. , #3110 ) ;
#3223 = EDGE_CURVE ( 'NONE', #2311, #765, #3370, .T. ) ;
#3224 = SURFACE_STYLE_USAGE ( .BOTH. , #1157 ) ;
#3225 = UNCERTAINTY_MEASURE_WITH_UNIT (LENGTH_MEASURE( 1.000000000000000082E-05 ), #1343, 'distance_accuracy_value', 'NONE');
#3226 = SURFACE_STYLE_FILL_AREA ( #652 ) ;
#3227 =( LENGTH_UNIT ( ) NAMED_UNIT ( * ) SI_UNIT ( .MILLI., .METRE. ) );
#3228 = EDGE_CURVE ( 'NONE', #6629, #2920, #689, .T. ) ;
#3229 = ORIENTED_EDGE ( 'NONE', *, *, #140, .F. ) ;
#3230 = CARTESIAN_POINT ( 'NONE',  ( -127.2911081869855536, -30.42583624392056052, -1.469182468486879722 ) ) ;
#3231 = PRESENTATION_STYLE_ASSIGNMENT (( #3118 ) ) ;
#3232 =( NAMED_UNIT ( * ) SI_UNIT ( $, .STERADIAN. ) SOLID_ANGLE_UNIT ( ) );
#3233 = FILL_AREA_STYLE ('',( #4266 ) ) ;
#3234 = ORIENTED_EDGE ( 'NONE', *, *, #2808, .F. ) ;
#3235 = CARTESIAN_POINT ( 'NONE',  ( -134.3383330142679313, -38.13361317828607611, -4.750000000000039968 ) ) ;
#3236 = SURFACE_SIDE_STYLE ('',( #1139 ) ) ;
#3237 = CLOSED_SHELL ( 'NONE', ( #6615, #2212, #2381, #826 ) ) ;
#3238 = PRESENTATION_STYLE_ASSIGNMENT (( #2329 ) ) ;
#3239 = EDGE_CURVE ( 'NONE', #4368, #6126, #4756, .T. ) ;
#3240 = VERTEX_POINT ( 'NONE', #2829 ) ;
#3241 = CARTESIAN_POINT ( 'NONE',  ( -128.5390948124663737, -30.30152420297359939, 2.371295778755188710 ) ) ;
#3242 = SURFACE_STYLE_FILL_AREA ( #5802 ) ;
#3243 = EDGE_CURVE ( 'NONE', #6019, #4863, #6516, .T. ) ;
#3244 = DIRECTION ( 'NONE',  ( 6.123031769112050226E-17, -1.000000000000000000, -8.178582863279794755E-31 ) ) ;
#3245 = PRESENTATION_STYLE_ASSIGNMENT (( #1249 ) ) ;
#3246 = ORIENTED_EDGE ( 'NONE', *, *, #5162, .F. ) ;
#3247 =( GEOMETRIC_REPRESENTATION_CONTEXT ( 3 ) GLOBAL_UNCERTAINTY_ASSIGNED_CONTEXT ( ( #253 ) ) GLOBAL_UNIT_ASSIGNED_CONTEXT ( ( #4877, #2215, #954 ) ) REPRESENTATION_CONTEXT ( 'NONE', 'WORKASPACE' ) );
#3248 = LINE ( 'NONE', #684, #4592 ) ;
#3249 = CARTESIAN_POINT ( 'NONE',  ( -124.9233521597989949, -34.25397777197829896, -5.630000000000040750 ) ) ;
#3250 = STYLED_ITEM ( 'NONE', ( #2199 ), #5077 ) ;
#3251 = DIRECTION ( 'NONE',  ( -6.123031769111889989E-17, 0.0000000000000000000, 1.000000000000000000 ) ) ;
#3252 = CARTESIAN_POINT ( 'NONE',  ( -127.4911081869850875, -30.27740070772239633, -1.469182422981889946 ) ) ;
#3253 =( GEOMETRIC_REPRESENTATION_CONTEXT ( 3 ) GLOBAL_UNCERTAINTY_ASSIGNED_CONTEXT ( ( #3418 ) ) GLOBAL_UNIT_ASSIGNED_CONTEXT ( ( #4520, #5599, #5636 ) ) REPRESENTATION_CONTEXT ( 'NONE', 'WORKASPACE' ) );
#3254 = CARTESIAN_POINT ( 'NONE',  ( -127.9233521597989949, -38.13397777197869232, 4.750000000000910383 ) ) ;
#3255 = CARTESIAN_POINT ( 'NONE',  ( -127.6974845249110899, -30.25956058905208934, 2.151617480792335613 ) ) ;
#3256 = AXIS2_PLACEMENT_3D ( 'NONE', #3164, #1569, #2653 ) ;
#3257 = ADVANCED_FACE ( 'NONE', ( #4400 ), #3876, .F. ) ;
#3258 = MECHANICAL_DESIGN_GEOMETRIC_PRESENTATION_REPRESENTATION (  '', ( #2259 ), #2712 ) ;
#3259 = AXIS2_PLACEMENT_3D ( 'NONE', #3631, #441, #4134 ) ;
#3260 = ORIENTED_EDGE ( 'NONE', *, *, #2728, .F. ) ;
#3261 = FILL_AREA_STYLE_COLOUR ( '', #3021 ) ;
#3262 =( LENGTH_UNIT ( ) NAMED_UNIT ( * ) SI_UNIT ( .MILLI., .METRE. ) );
#3263 = LINE ( 'NONE', #4394, #2942 ) ;
#3264 = ORIENTED_EDGE ( 'NONE', *, *, #6518, .T. ) ;
#3265 = AXIS2_PLACEMENT_3D ( 'NONE', #4750, #6323, #2683 ) ;
#3266 = CARTESIAN_POINT ( 'NONE',  ( -134.9904657191553667, -31.75208724914530833, -4.750000000000039968 ) ) ;
#3267 =( NAMED_UNIT ( * ) PLANE_ANGLE_UNIT ( ) SI_UNIT ( $, .RADIAN. ) );
#3268 = COLOUR_RGB ( '',1.000000000000000000, 1.000000000000000000, 1.000000000000000000 ) ;
#3269 = CARTESIAN_POINT ( 'NONE',  ( -124.7668556367792974, -34.25397777197849791, 5.615972769942939813 ) ) ;
#3270 = VECTOR ( 'NONE', #2530, 1000.000000000000000 ) ;
#3271 = ORIENTED_EDGE ( 'NONE', *, *, #712, .F. ) ;
#3272 =( GEOMETRIC_REPRESENTATION_CONTEXT ( 3 ) GLOBAL_UNCERTAINTY_ASSIGNED_CONTEXT ( ( #3705 ) ) GLOBAL_UNIT_ASSIGNED_CONTEXT ( ( #2267, #681, #2772 ) ) REPRESENTATION_CONTEXT ( 'NONE', 'WORKASPACE' ) );
#3273 = AXIS2_PLACEMENT_3D ( 'NONE', #1767, #3847, #624 ) ;
#3274 =( NAMED_UNIT ( * ) SI_UNIT ( $, .STERADIAN. ) SOLID_ANGLE_UNIT ( ) );
#3275 = ADVANCED_BREP_SHAPE_REPRESENTATION ( '', ( #2420, #1074 ), #2283 ) ;
#3276 = VERTEX_POINT ( 'NONE', #3505 ) ;
#3277 = AXIS2_PLACEMENT_3D ( 'NONE', #6469, #1813, #5970 ) ;
#3278 = ADVANCED_FACE ( 'NONE', ( #3951 ), #867, .T. ) ;
#3279 = FILL_AREA_STYLE_COLOUR ( '', #6473 ) ;
#3280 = CARTESIAN_POINT ( 'NONE',  ( -126.9862819858891214, -30.48883508023761379, -4.508018297699194044 ) ) ;
#3281 = UNCERTAINTY_MEASURE_WITH_UNIT (LENGTH_MEASURE( 1.000000000000000082E-05 ), #1444, 'distance_accuracy_value', 'NONE');
#3282 = CARTESIAN_POINT ( 'NONE',  ( -128.7596025437846379, -30.86435861466955899, -3.544487899232825701 ) ) ;
#3283 = CARTESIAN_POINT ( 'NONE',  ( -127.0023581089927660, -30.54883198844859749, -4.460183712288505298 ) ) ;
#3284 = DIRECTION ( 'NONE',  ( 1.000000000000000000, 0.0000000000000000000, 0.0000000000000000000 ) ) ;
#3285 = STYLED_ITEM ( 'NONE', ( #4188 ), #4262 ) ;
#3286 = EDGE_LOOP ( 'NONE', ( #6560, #5729, #3941, #6054 ) ) ;
#3287 = DIRECTION ( 'NONE',  ( 6.516189447705695615E-17, 1.748127472399137532E-17, -1.000000000000000000 ) ) ;
#3288 =( REPRESENTATION_RELATIONSHIP ('NONE','NONE', #5949, #4169 ) REPRESENTATION_RELATIONSHIP_WITH_TRANSFORMATION ( #1527 )SHAPE_REPRESENTATION_RELATIONSHIP( ) );
#3289 = CIRCLE ( 'NONE', #6401, 3.879999999999994564 ) ;
#3290 = B_SPLINE_CURVE_WITH_KNOTS ( 'NONE', 3,
 ( #3431, #5478, #2987, #5415, #376, #2915, #749, #6577, #2855, #3865 ),
 .UNSPECIFIED., .F., .F.,
 ( 4, 2, 2, 2, 4 ),
 ( 1.170938346284344789E-17, 0.0003378645921876770450, 0.0006757291843753423805, 0.001013593776563007608, 0.001351458368750673052 ),
 .UNSPECIFIED. ) ;
#3291 =( NAMED_UNIT ( * ) PLANE_ANGLE_UNIT ( ) SI_UNIT ( $, .RADIAN. ) );
#3292 =( LENGTH_UNIT ( ) NAMED_UNIT ( * ) SI_UNIT ( .MILLI., .METRE. ) );
#3293 = FACE_OUTER_BOUND ( 'NONE', #880, .T. ) ;
#3294 = UNCERTAINTY_MEASURE_WITH_UNIT (LENGTH_MEASURE( 1.000000000000000082E-05 ), #4719, 'distance_accuracy_value', 'NONE');
#3295 = CARTESIAN_POINT ( 'NONE',  ( -127.9233521597989949, -31.25397777197869686, 5.630000000000910276 ) ) ;
#3296 = CIRCLE ( 'NONE', #4290, 3.879999999999994564 ) ;
#3297 = FILL_AREA_STYLE ('',( #268 ) ) ;
#3298 = ORIENTED_EDGE ( 'NONE', *, *, #4090, .F. ) ;
#3299 = CARTESIAN_POINT ( 'NONE',  ( -128.6322831541420726, -31.33894486560139114, -5.750000000000050626 ) ) ;
#3300 = DIRECTION ( 'NONE',  ( 0.0000000000000000000, 1.000000000000000000, 0.0000000000000000000 ) ) ;
#3301 = CARTESIAN_POINT ( 'NONE',  ( -128.5390897129119310, -30.42301222446414144, 3.493375403610115448 ) ) ;
#3302 = AXIS2_PLACEMENT_3D ( 'NONE', #2660, #5133, #6263 ) ;
#3303 = ORIENTED_EDGE ( 'NONE', *, *, #447, .F. ) ;
#3304 = EDGE_CURVE ( 'NONE', #4559, #4014, #5025, .T. ) ;
#3305 = CARTESIAN_POINT ( 'NONE',  ( -127.9234989026977729, -37.41047429158688686, 5.737678509578246988 ) ) ;
#3306 = DIRECTION ( 'NONE',  ( 1.000000000000000000, 0.0000000000000000000, 0.0000000000000000000 ) ) ;
#3307 = FACE_OUTER_BOUND ( 'NONE', #4209, .T. ) ;
#3308 = PRESENTATION_LAYER_ASSIGNMENT (  '', '', ( #6091 ) ) ;
#3309 = DIRECTION ( 'NONE',  ( -1.224606353822379970E-16, 1.000000000000000000, 1.224606353822379970E-16 ) ) ;
#3310 = ORIENTED_EDGE ( 'NONE', *, *, #5927, .T. ) ;
#3311 = CARTESIAN_POINT ( 'NONE',  ( -121.7144835779543399, -32.07332151002902521, -3.346880229046849120 ) ) ;
#3312 = FILL_AREA_STYLE_COLOUR ( '', #534 ) ;
#3313 = SURFACE_SIDE_STYLE ('',( #1275 ) ) ;
#3314 = ORIENTED_EDGE ( 'NONE', *, *, #3604, .T. ) ;
#3315 = EDGE_CURVE ( 'NONE', #5542, #5889, #2816, .T. ) ;
#3316 = CARTESIAN_POINT ( 'NONE',  ( -127.9233521597990091, -30.73848570686671167, -5.630000000000167759 ) ) ;
#3317 = PRESENTATION_STYLE_ASSIGNMENT (( #2163 ) ) ;
#3318 =( LENGTH_UNIT ( ) NAMED_UNIT ( * ) SI_UNIT ( .MILLI., .METRE. ) );
#3319 = ADVANCED_FACE ( 'NONE', ( #1347 ), #1315, .F. ) ;
#3320 = ORIENTED_EDGE ( 'NONE', *, *, #4706, .F. ) ;
#3321 = DIRECTION ( 'NONE',  ( 6.123031769111889989E-17, 0.0000000000000000000, -1.000000000000000000 ) ) ;
#3322 = FILL_AREA_STYLE_COLOUR ( '', #4602 ) ;
#3323 = FILL_AREA_STYLE_COLOUR ( '', #3707 ) ;
#3324 = EDGE_CURVE ( 'NONE', #5270, #4196, #4648, .T. ) ;
#3325 =( NAMED_UNIT ( * ) SI_UNIT ( $, .STERADIAN. ) SOLID_ANGLE_UNIT ( ) );
#3326 = PRESENTATION_STYLE_ASSIGNMENT (( #1233 ) ) ;
#3327 = CARTESIAN_POINT ( 'NONE',  ( -120.1633521597989898, -30.37397777197869431, -4.749999999999089617 ) ) ;
#3328 = B_SPLINE_CURVE_WITH_KNOTS ( 'NONE', 3,
 ( #5500, #220, #6439, #1321, #5470, #808, #2370, #218, #3282, #677, #4826, #5841, #6364, #2769 ),
 .UNSPECIFIED., .F., .F.,
 ( 4, 2, 2, 2, 2, 2, 4 ),
 ( -0.0009274247517381703455, -0.0006955686958793440896, -0.0004637126400205177253, -5.283028745375895063E-10, 0.0002318555275559469478, 0.0004637115834147685417, 0.0009274236951324199693 ),
 .UNSPECIFIED. ) ;
#3329 = ORIENTED_EDGE ( 'NONE', *, *, #4308, .F. ) ;
#3330 = FILL_AREA_STYLE ('',( #2785 ) ) ;
#3331 = CARTESIAN_POINT ( 'NONE',  ( -128.6322831541420726, -31.33894486560139114, -5.750000000000050626 ) ) ;
#3332 = CARTESIAN_POINT ( 'NONE',  ( -126.9862819858892351, -30.48883508023762090, -2.891511004989605560 ) ) ;
#3333 = ORIENTED_EDGE ( 'NONE', *, *, #4914, .F. ) ;
#3334 = FILL_AREA_STYLE_COLOUR ( '', #4046 ) ;
#3335 = CARTESIAN_POINT ( 'NONE',  ( -128.8914491707721766, -30.37289697182161419, -2.952881880399381931 ) ) ;
#3336 = CARTESIAN_POINT ( 'NONE',  ( -128.6547804742544940, -30.73460632052374564, 5.536804444638612210 ) ) ;
#3337 = SURFACE_STYLE_FILL_AREA ( #5333 ) ;
#3338 = ORIENTED_EDGE ( 'NONE', *, *, #5782, .T. ) ;
#3339 = CARTESIAN_POINT ( 'NONE',  ( -128.3555961326129875, -36.18255236209569858, -1.469182422981889946 ) ) ;
#3340 = CARTESIAN_POINT ( 'NONE',  ( -126.9807725251417736, -30.49021055915423872, -5.265492065111823550 ) ) ;
#3341 = UNCERTAINTY_MEASURE_WITH_UNIT (LENGTH_MEASURE( 1.000000000000000082E-05 ), #3008, 'distance_accuracy_value', 'NONE');
#3342 = PLANE ( 'NONE',  #3382 ) ;
#3343 = DIRECTION ( 'NONE',  ( 1.000000000000000000, 1.224606353822379970E-16, 6.123031769111889989E-17 ) ) ;
#3344 = DIRECTION ( 'NONE',  ( 0.0000000000000000000, 0.0000000000000000000, 1.000000000000000000 ) ) ;
#3345 = SURFACE_STYLE_FILL_AREA ( #143 ) ;
#3346 = SURFACE_SIDE_STYLE ('',( #4999 ) ) ;
#3347 = SURFACE_SIDE_STYLE ('',( #1250 ) ) ;
#3348 = ORIENTED_EDGE ( 'NONE', *, *, #196, .T. ) ;
#3349 = PRODUCT_DEFINITION_FORMATION_WITH_SPECIFIED_SOURCE ( 'ANY', '', #4115, .NOT_KNOWN. ) ;
#3350 = EDGE_CURVE ( 'NONE', #382, #155, #5558, .T. ) ;
#3351 = ADVANCED_FACE ( 'NONE', ( #2033 ), #1362, .T. ) ;
#3352 = DIRECTION ( 'NONE',  ( 1.000000000000000000, 0.0000000000000000000, 0.0000000000000000000 ) ) ;
#3353 = CARTESIAN_POINT ( 'NONE',  ( -128.0069910185778781, -30.25397793945675318, 3.959914331225943496 ) ) ;
#3354 = CARTESIAN_POINT ( 'NONE',  ( -127.9903394579109914, -34.23602857954620760, -0.006160745210948450137 ) ) ;
#3355 = CIRCLE ( 'NONE', #1049, 3.879999999999994564 ) ;
#3356 = DIRECTION ( 'NONE',  ( -6.123031769111889989E-17, -0.0000000000000000000, 1.000000000000000000 ) ) ;
#3357 = PRESENTATION_LAYER_ASSIGNMENT (  '', '', ( #504 ) ) ;
#3358 = ORIENTED_EDGE ( 'NONE', *, *, #6596, .F. ) ;
#3359 = CARTESIAN_POINT ( 'NONE',  ( -128.5555961326129193, -30.42583624392037223, -0.6784922006387790194 ) ) ;
#3360 = FACE_OUTER_BOUND ( 'NONE', #857, .T. ) ;
#3361 = MECHANICAL_DESIGN_GEOMETRIC_PRESENTATION_REPRESENTATION (  '', ( #3037 ), #5190 ) ;
#3362 = VERTEX_POINT ( 'NONE', #4186 ) ;
#3363 = LINE ( 'NONE', #761, #6504 ) ;
#3364 = VECTOR ( 'NONE', #4226, 1000.000000000000000 ) ;
#3365 = CARTESIAN_POINT ( 'NONE',  ( -127.9235726823337984, -38.13397776571152065, -5.265492065111759601 ) ) ;
#3366 = COLOUR_RGB ( '',0.8000000000000000444, 0.1921568627450980227, 0.1921568627450980227 ) ;
#3367 = CARTESIAN_POINT ( 'NONE',  ( -127.4179718640154277, -30.28560055424154385, -0.2897817643943934041 ) ) ;
#3368 = AXIS2_PLACEMENT_3D ( 'NONE', #1267, #5389, #3306 ) ;
#3369 = ORIENTED_EDGE ( 'NONE', *, *, #2742, .F. ) ;
#3370 = LINE ( 'NONE', #135, #5659 ) ;
#3371 = CARTESIAN_POINT ( 'NONE',  ( -121.3331376027261967, -38.25412239521843105, -2.952881880399349956 ) ) ;
#3372 = VECTOR ( 'NONE', #2898, 1000.000000000000000 ) ;
#3373 = PRESENTATION_STYLE_ASSIGNMENT (( #4954 ) ) ;
#3374 = PRESENTATION_LAYER_ASSIGNMENT (  '', '', ( #5530 ) ) ;
#3375 = MECHANICAL_DESIGN_GEOMETRIC_PRESENTATION_REPRESENTATION (  '', ( #1390 ), #5742 ) ;
#3376 =( NAMED_UNIT ( * ) PLANE_ANGLE_UNIT ( ) SI_UNIT ( $, .RADIAN. ) );
#3377 = VECTOR ( 'NONE', #6378, 1000.000000000000000 ) ;
#3378 = CARTESIAN_POINT ( 'NONE',  ( -127.9233521597989949, -30.37397777197829996, 1.904737251858948710 ) ) ;
#3379 = PRESENTATION_LAYER_ASSIGNMENT (  '', '', ( #6494 ) ) ;
#3380 = DIRECTION ( 'NONE',  ( 6.123031769111889989E-17, -1.000000000000000000, -1.224606353822379970E-16 ) ) ;
#3381 = FILL_AREA_STYLE ('',( #6409 ) ) ;
#3382 = AXIS2_PLACEMENT_3D ( 'NONE', #4897, #4309, #2303 ) ;
#3383 = MECHANICAL_DESIGN_GEOMETRIC_PRESENTATION_REPRESENTATION (  '', ( #4363 ), #6156 ) ;
#3384 = ORIENTED_EDGE ( 'NONE', *, *, #2106, .F. ) ;
#3385 = CARTESIAN_POINT ( 'NONE',  ( -127.9233521597989949, -34.25397777197849791, 5.970093049101929950 ) ) ;
#3386 = STYLED_ITEM ( 'NONE', ( #3245 ), #6681 ) ;
#3387 =( GEOMETRIC_REPRESENTATION_CONTEXT ( 3 ) GLOBAL_UNCERTAINTY_ASSIGNED_CONTEXT ( ( #1495 ) ) GLOBAL_UNIT_ASSIGNED_CONTEXT ( ( #6292, #2715, #3232 ) ) REPRESENTATION_CONTEXT ( 'NONE', 'WORKASPACE' ) );
#3388 = EDGE_CURVE ( 'NONE', #5818, #4294, #14, .T. ) ;
#3389 = CARTESIAN_POINT ( 'NONE',  ( -127.2911081869859657, -30.30426036957573999, -1.469182468486879722 ) ) ;
#3390 = MECHANICAL_DESIGN_GEOMETRIC_PRESENTATION_REPRESENTATION (  '', ( #3726 ), #3397 ) ;
#3391 = DIRECTION ( 'NONE',  ( -1.224606353822379970E-16, 0.0000000000000000000, 1.000000000000000000 ) ) ;
#3392 = VECTOR ( 'NONE', #515, 1000.000000000000000 ) ;
#3393 =( LENGTH_UNIT ( ) NAMED_UNIT ( * ) SI_UNIT ( .MILLI., .METRE. ) );
#3394 = SURFACE_STYLE_USAGE ( .BOTH. , #3895 ) ;
#3395 = CARTESIAN_POINT ( 'NONE',  ( -131.8033521597990045, -34.25397777197869686, -4.749999999999089617 ) ) ;
#3396 =( NAMED_UNIT ( * ) SI_UNIT ( $, .STERADIAN. ) SOLID_ANGLE_UNIT ( ) );
#3397 =( GEOMETRIC_REPRESENTATION_CONTEXT ( 3 ) GLOBAL_UNCERTAINTY_ASSIGNED_CONTEXT ( ( #4696 ) ) GLOBAL_UNIT_ASSIGNED_CONTEXT ( ( #6206, #4709, #3144 ) ) REPRESENTATION_CONTEXT ( 'NONE', 'WORKASPACE' ) );
#3398 = DIRECTION ( 'NONE',  ( -0.2588190451022719940, -0.9659258262891349256, 0.0000000000000000000 ) ) ;
#3399 = FILL_AREA_STYLE_COLOUR ( '', #1607 ) ;
#3400 = CARTESIAN_POINT ( 'NONE',  ( -127.2911081869853263, -30.42583624392061736, -1.469182513991859951 ) ) ;
#3401 = CIRCLE ( 'NONE', #2286, 3.879999999999994564 ) ;
#3402 = ORIENTED_EDGE ( 'NONE', *, *, #3315, .T. ) ;
#3403 = DIRECTION ( 'NONE',  ( 1.000000000000000000, -1.073024830501119303E-14, 0.0000000000000000000 ) ) ;
#3404 =( NAMED_UNIT ( * ) PLANE_ANGLE_UNIT ( ) SI_UNIT ( $, .RADIAN. ) );
#3405 = ORIENTED_EDGE ( 'NONE', *, *, #3034, .F. ) ;
#3406 = LINE ( 'NONE', #5361, #5226 ) ;
#3407 = MECHANICAL_DESIGN_GEOMETRIC_PRESENTATION_REPRESENTATION (  '', ( #1526 ), #6178 ) ;
#3408 = CARTESIAN_POINT ( 'NONE',  ( -134.9869672737366955, -31.75909496641074981, 5.195173636599667688 ) ) ;
#3409 =( LENGTH_UNIT ( ) NAMED_UNIT ( * ) SI_UNIT ( .MILLI., .METRE. ) );
#3410 = ORIENTED_EDGE ( 'NONE', *, *, #5127, .F. ) ;
#3411 = CARTESIAN_POINT ( 'NONE',  ( -127.9233521597989949, -30.25397777197829896, 2.104737251858956437 ) ) ;
#3412 = VECTOR ( 'NONE', #1163, 1000.000000000000000 ) ;
#3413 = CARTESIAN_POINT ( 'NONE',  ( -121.3331376027261399, -38.25412239521845237, -4.446647422289467855 ) ) ;
#3414 =( NAMED_UNIT ( * ) PLANE_ANGLE_UNIT ( ) SI_UNIT ( $, .RADIAN. ) );
#3415 =( NAMED_UNIT ( * ) PLANE_ANGLE_UNIT ( ) SI_UNIT ( $, .RADIAN. ) );
#3416 = CIRCLE ( 'NONE', #2647, 0.2999999999999947153 ) ;
#3417 = FILL_AREA_STYLE_COLOUR ( '', #852 ) ;
#3418 = UNCERTAINTY_MEASURE_WITH_UNIT (LENGTH_MEASURE( 1.000000000000000082E-05 ), #4520, 'distance_accuracy_value', 'NONE');
#3419 = B_SPLINE_CURVE_WITH_KNOTS ( 'NONE', 3,
 ( #3446, #4518, #5497, #5968, #2443, #5060 ),
 .UNSPECIFIED., .F., .F.,
 ( 4, 2, 4 ),
 ( 4.832380425390289393E-17, 0.0006094638814958943740, 0.001218927762991740393 ),
 .UNSPECIFIED. ) ;
#3420 = CARTESIAN_POINT ( 'NONE',  ( -127.0797504913697651, -30.83766429159885547, -4.011662151332638260 ) ) ;
#3421 = FILL_AREA_STYLE_COLOUR ( '', #1192 ) ;
#3422 = COLOUR_RGB ( '',0.0000000000000000000, 0.0000000000000000000, 0.0000000000000000000 ) ;
#3423 =( NAMED_UNIT ( * ) PLANE_ANGLE_UNIT ( ) SI_UNIT ( $, .RADIAN. ) );
#3424 = ORIENTED_EDGE ( 'NONE', *, *, #1298, .F. ) ;
#3425 = FACE_OUTER_BOUND ( 'NONE', #4395, .T. ) ;
#3426 =( BOUNDED_SURFACE ( )  B_SPLINE_SURFACE ( 3, 3, ( 
 ( #560, #4269, #4220, #2078, #6252, #6294, #1137 ),
 ( #4723, #1669, #4300, #3781, #5826, #1169, #1543 ),
 ( #1065, #724, #2922, #1266, #5486, #2789, #5990 ),
 ( #3945, #5915, #158, #3305, #4947, #5388, #1342 ) ),
 .UNSPECIFIED., .F., .F., .F. ) 
 B_SPLINE_SURFACE_WITH_KNOTS ( ( 4, 4 ),
 ( 4, 3, 4 ),
 ( 0.0000000000000000000, 1.000000000000000000 ),
 ( 0.0000000000000000000, 0.5000000000000000000, 1.000000000000000000 ),
 .UNSPECIFIED. ) 
 GEOMETRIC_REPRESENTATION_ITEM ( )  RATIONAL_B_SPLINE_SURFACE ( (
 ( 1.000000000000000000, 0.4015333841920973867, 0.4015333841920973867, 1.000000000000000000, 0.4015333841920973867, 0.4015333841920973867, 1.000000000000000000),
 ( 0.8402842454911869652, 0.3374021767753794254, 0.3374021767753794254, 0.8402842454911869652, 0.3374021767753794254, 0.3374021767753794254, 0.8402842454911869652),
 ( 0.8402842454911869652, 0.3374021767753794254, 0.3374021767753794254, 0.8402842454911869652, 0.3374021767753794254, 0.3374021767753794254, 0.8402842454911869652),
 ( 1.000000000000000000, 0.4015333841920973867, 0.4015333841920973867, 1.000000000000000000, 0.4015333841920973867, 0.4015333841920973867, 1.000000000000000000) ) ) 
 REPRESENTATION_ITEM ( '' )  SURFACE ( )  );
#3427 = CARTESIAN_POINT ( 'NONE',  ( -127.5946195256777571, -30.25397777197824567, -4.446647422289490947 ) ) ;
#3428 = CARTESIAN_POINT ( 'NONE',  ( -128.5555961326129193, -30.30426036957588920, -1.469182452004569983 ) ) ;
#3429 = DIRECTION ( 'NONE',  ( 1.000000000000000000, 0.0000000000000000000, 0.0000000000000000000 ) ) ;
#3430 = PRODUCT_DEFINITION_CONTEXT ( 'detailed design', #6066, 'design' ) ;
#3431 = CARTESIAN_POINT ( 'NONE',  ( -127.4911081869850591, -30.27740070772239633, -0.6784922296614747106 ) ) ;
#3432 = ORIENTED_EDGE ( 'NONE', *, *, #6102, .F. ) ;
#3433 = DIRECTION ( 'NONE',  ( 0.0000000000000000000, -1.000000000000000000, 0.0000000000000000000 ) ) ;
#3434 = DIRECTION ( 'NONE',  ( -1.000000000000000000, -6.123031769112050226E-17, 1.335708056348339952E-14 ) ) ;
#3435 = CARTESIAN_POINT ( 'NONE',  ( -127.2911081869855536, -30.42583624392056052, 3.327671447015919881 ) ) ;
#3436 = ORIENTED_EDGE ( 'NONE', *, *, #1078, .T. ) ;
#3437 = CARTESIAN_POINT ( 'NONE',  ( -127.3360438169515447, -30.69547859367565579, 5.536804444638625533 ) ) ;
#3438 = EDGE_CURVE ( 'NONE', #1944, #6502, #342, .T. ) ;
#3439 =( NAMED_UNIT ( * ) PLANE_ANGLE_UNIT ( ) SI_UNIT ( $, .RADIAN. ) );
#3440 = CARTESIAN_POINT ( 'NONE',  ( -128.4866975962189315, -30.29211374568137671, -0.3476382691402418179 ) ) ;
#3441 = ORIENTED_EDGE ( 'NONE', *, *, #4002, .F. ) ;
#3442 = PRESENTATION_STYLE_ASSIGNMENT (( #3471 ) ) ;
#3443 = DIRECTION ( 'NONE',  ( -1.000000000000000000, -1.224606353822379970E-16, -6.123031769111889989E-17 ) ) ;
#3444 =( NAMED_UNIT ( * ) PLANE_ANGLE_UNIT ( ) SI_UNIT ( $, .RADIAN. ) );
#3445 = B_SPLINE_CURVE_WITH_KNOTS ( 'NONE', 3,
 ( #2733, #4676, #3241, #5144, #2061, #2565, #4633, #4095 ),
 .UNSPECIFIED., .F., .F.,
 ( 4, 2, 2, 4 ),
 ( 4.770489558936219510E-18, 0.0002473039788344955948, 0.0004946079576689864192, 0.0009892159153379095210 ),
 .UNSPECIFIED. ) ;
#3446 = CARTESIAN_POINT ( 'NONE',  ( -127.1735752436770639, -31.18782303421880542, 5.615972769942960241 ) ) ;
#3447 = EDGE_CURVE ( 'NONE', #6464, #859, #5794, .T. ) ;
#3448 = DIRECTION ( 'NONE',  ( 1.000000000000000000, 0.0000000000000000000, 0.0000000000000000000 ) ) ;
#3449 = VERTEX_POINT ( 'NONE', #6348 ) ;
#3450 = SURFACE_SIDE_STYLE ('',( #1325 ) ) ;
#3451 = FILL_AREA_STYLE ('',( #5003 ) ) ;
#3452 =( NAMED_UNIT ( * ) PLANE_ANGLE_UNIT ( ) SI_UNIT ( $, .RADIAN. ) );
#3453 = SURFACE_SIDE_STYLE ('',( #6544 ) ) ;
#3454 =( NAMED_UNIT ( * ) PLANE_ANGLE_UNIT ( ) SI_UNIT ( $, .RADIAN. ) );
#3455 = CARTESIAN_POINT ( 'NONE',  ( -127.9233521597990233, -30.25397777197828830, -2.952881880399375270 ) ) ;
#3456 = CARTESIAN_POINT ( 'NONE',  ( -128.7731664518356922, -30.81379880372489666, 5.471866310828917612 ) ) ;
#3457 = CARTESIAN_POINT ( 'NONE',  ( -135.6833521597965841, -30.37397777197989512, -2.891511004989538947 ) ) ;
#3458 = VERTEX_POINT ( 'NONE', #3359 ) ;
#3459 = CARTESIAN_POINT ( 'NONE',  ( -128.4866975962189031, -30.29211374568124171, 3.658525378514478898 ) ) ;
#3460 = FACE_OUTER_BOUND ( 'NONE', #1310, .T. ) ;
#3461 = VERTEX_POINT ( 'NONE', #5285 ) ;
#3462 = AXIS2_PLACEMENT_3D ( 'NONE', #3582, #5642, #1581 ) ;
#3463 =( NAMED_UNIT ( * ) SI_UNIT ( $, .STERADIAN. ) SOLID_ANGLE_UNIT ( ) );
#3464 = PRODUCT ( '6_1', '6_1', '', ( #2596 ) ) ;
#3465 = EDGE_CURVE ( 'NONE', #4196, #5491, #583, .T. ) ;
#3466 = CARTESIAN_POINT ( 'NONE',  ( -128.5555961326129193, -30.42583624392037223, -0.6784922006387790194 ) ) ;
#3467 = CARTESIAN_POINT ( 'NONE',  ( -128.3120695988156683, -30.27247932120561202, -0.1731174286909662741 ) ) ;
#3468 =( BOUNDED_SURFACE ( )  B_SPLINE_SURFACE ( 3, 3, ( 
 ( #2601, #1092, #15, #3771, #4208, #85, #3189 ),
 ( #6237, #4710, #5785, #5683, #502, #5810, #3701 ),
 ( #42, #609, #6280, #2022, #6170, #1127, #5753 ),
 ( #5278, #1532, #4291, #5254, #6315, #1561, #5217 ) ),
 .UNSPECIFIED., .F., .F., .T. ) 
 B_SPLINE_SURFACE_WITH_KNOTS ( ( 4, 4 ),
 ( 4, 3, 4 ),
 ( 0.0000000000000000000, 1.000000000000000000 ),
 ( 0.0000000000000000000, 0.5000000000000000000, 1.000000000000000000 ),
 .UNSPECIFIED. ) 
 GEOMETRIC_REPRESENTATION_ITEM ( )  RATIONAL_B_SPLINE_SURFACE ( (
 ( 1.000000000000000000, 0.4011452096457543970, 0.4011452096457543970, 1.000000000000000000, 0.4011452096457543970, 0.4011452096457543970, 1.000000000000000000),
 ( 0.8047378541243332961, 0.3228167352025801962, 0.3228167352025801962, 0.8047378541243332961, 0.3228167352025801962, 0.3228167352025801962, 0.8047378541243332961),
 ( 0.8047378541243332961, 0.3228167352025801962, 0.3228167352025801962, 0.8047378541243332961, 0.3228167352025801962, 0.3228167352025801962, 0.8047378541243332961),
 ( 1.000000000000000000, 0.4011452096457543970, 0.4011452096457543970, 1.000000000000000000, 0.4011452096457543970, 0.4011452096457543970, 1.000000000000000000) ) ) 
 REPRESENTATION_ITEM ( '' )  SURFACE ( )  );
#3469 = VERTEX_POINT ( 'NONE', #1762 ) ;
#3470 = CARTESIAN_POINT ( 'NONE',  ( 0.0000000000000000000, 0.0000000000000000000, 0.0000000000000000000 ) ) ;
#3471 = SURFACE_STYLE_USAGE ( .BOTH. , #5080 ) ;
#3472 = CARTESIAN_POINT ( 'NONE',  ( -127.9233521597989949, -34.25397777197829896, -5.750000000000039968 ) ) ;
#3473 = SURFACE_STYLE_USAGE ( .BOTH. , #6143 ) ;
#3474 =( GEOMETRIC_REPRESENTATION_CONTEXT ( 3 ) GLOBAL_UNCERTAINTY_ASSIGNED_CONTEXT ( ( #2999 ) ) GLOBAL_UNIT_ASSIGNED_CONTEXT ( ( #258, #4861, #3927 ) ) REPRESENTATION_CONTEXT ( 'NONE', 'WORKASPACE' ) );
#3475 = UNCERTAINTY_MEASURE_WITH_UNIT (LENGTH_MEASURE( 1.000000000000000082E-05 ), #594, 'distance_accuracy_value', 'NONE');
#3476 = MECHANICAL_DESIGN_GEOMETRIC_PRESENTATION_REPRESENTATION (  '', ( #6370 ), #411 ) ;
#3477 = MECHANICAL_DESIGN_GEOMETRIC_PRESENTATION_REPRESENTATION (  '', ( #1710 ), #188 ) ;
#3478 = VERTEX_POINT ( 'NONE', #5321 ) ;
#3479 = EDGE_CURVE ( 'NONE', #450, #4098, #887, .T. ) ;
#3480 = ORIENTED_EDGE ( 'NONE', *, *, #2644, .F. ) ;
#3481 =( NAMED_UNIT ( * ) PLANE_ANGLE_UNIT ( ) SI_UNIT ( $, .RADIAN. ) );
#3482 = CARTESIAN_POINT ( 'NONE',  ( -128.2233521597989920, -32.50397777197930083, -5.749999999999809930 ) ) ;
#3483 = CARTESIAN_POINT ( 'NONE',  ( -127.5946195256777571, -30.25397777197830607, -2.952881880399386372 ) ) ;
#3484 = CARTESIAN_POINT ( 'NONE',  ( -128.0376034782691193, -30.25397785468511813, 3.759914625435470281 ) ) ;
#3485 = AXIS2_PLACEMENT_3D ( 'NONE', #4809, #2780, #3863 ) ;
#3486 = COLOUR_RGB ( '',0.7921568627450980005, 0.8196078431372548767, 0.9333333333333333481 ) ;
#3487 =( LENGTH_UNIT ( ) NAMED_UNIT ( * ) SI_UNIT ( .MILLI., .METRE. ) );
#3488 = PRESENTATION_LAYER_ASSIGNMENT (  '', '', ( #6060 ) ) ;
#3489 = CARTESIAN_POINT ( 'NONE',  ( -128.8603507143014042, -30.48881725629495776, 4.749999999999943157 ) ) ;
#3490 = UNCERTAINTY_MEASURE_WITH_UNIT (LENGTH_MEASURE( 1.000000000000000082E-05 ), #29, 'distance_accuracy_value', 'NONE');
#3491 = PRODUCT_CONTEXT ( 'NONE', #3719, 'mechanical' ) ;
#3492 = CYLINDRICAL_SURFACE ( 'NONE', #73, 0.4322439728138900983 ) ;
#3493 =( GEOMETRIC_REPRESENTATION_CONTEXT ( 3 ) GLOBAL_UNCERTAINTY_ASSIGNED_CONTEXT ( ( #1295 ) ) GLOBAL_UNIT_ASSIGNED_CONTEXT ( ( #1647, #3785, #3274 ) ) REPRESENTATION_CONTEXT ( 'NONE', 'WORKASPACE' ) );
#3494 =( LENGTH_UNIT ( ) NAMED_UNIT ( * ) SI_UNIT ( .MILLI., .METRE. ) );
#3495 = VERTEX_POINT ( 'NONE', #3299 ) ;
#3496 = CARTESIAN_POINT ( 'NONE',  ( -127.4911081869850875, -30.27740070772239633, 2.536981224672810065 ) ) ;
#3497 = COLOUR_RGB ( '',0.0000000000000000000, 0.0000000000000000000, 0.0000000000000000000 ) ;
#3498 = MECHANICAL_DESIGN_GEOMETRIC_PRESENTATION_REPRESENTATION (  '', ( #5332 ), #3938 ) ;
#3499 = CARTESIAN_POINT ( 'NONE',  ( -127.6046479368164484, -30.38632960938765848, 3.879956107026738987 ) ) ;
#3500 = MECHANICAL_DESIGN_GEOMETRIC_PRESENTATION_REPRESENTATION (  '', ( #1952 ), #5105 ) ;
#3501 = FACE_OUTER_BOUND ( 'NONE', #6443, .T. ) ;
#3502 = UNCERTAINTY_MEASURE_WITH_UNIT (LENGTH_MEASURE( 1.000000000000000082E-05 ), #4280, 'distance_accuracy_value', 'NONE');
#3503 = CARTESIAN_POINT ( 'NONE',  ( -128.3120695988156683, -30.27247932120570439, -0.1731174286909721027 ) ) ;
#3504 = ORIENTED_EDGE ( 'NONE', *, *, #1622, .F. ) ;
#3505 = CARTESIAN_POINT ( 'NONE',  ( -128.6728439867117118, -31.18775333446128428, 5.737678509578193697 ) ) ;
#3506 = SURFACE_STYLE_USAGE ( .BOTH. , #966 ) ;
#3507 = EDGE_CURVE ( 'NONE', #6153, #3647, #3296, .T. ) ;
#3508 = CYLINDRICAL_SURFACE ( 'NONE', #6042, 0.6322439728138918857 ) ;
#3509 = PRESENTATION_LAYER_ASSIGNMENT (  '', '', ( #336 ) ) ;
#3510 = VERTEX_POINT ( 'NONE', #3868 ) ;
#3511 = CARTESIAN_POINT ( 'NONE',  ( -127.9233521597989949, -32.50397777197930083, -5.749999999999809930 ) ) ;
#3512 = MECHANICAL_DESIGN_GEOMETRIC_PRESENTATION_REPRESENTATION (  '', ( #2412 ), #6080 ) ;
#3513 =( LENGTH_UNIT ( ) NAMED_UNIT ( * ) SI_UNIT ( .MILLI., .METRE. ) );
#3514 = B_SPLINE_CURVE_WITH_KNOTS ( 'NONE', 3,
 ( #4383, #4808, #1196, #4438, #5850, #6417, #3832, #4835 ),
 .UNSPECIFIED., .F., .F.,
 ( 4, 2, 2, 4 ),
 ( 0.0009892159153378943422, 0.001236523832620352661, 0.001483831749902810764, 0.001978447584467726318 ),
 .UNSPECIFIED. ) ;
#3515 = ORIENTED_EDGE ( 'NONE', *, *, #4227, .T. ) ;
#3516 =( NAMED_UNIT ( * ) PLANE_ANGLE_UNIT ( ) SI_UNIT ( $, .RADIAN. ) );
#3517 = EDGE_CURVE ( 'NONE', #5895, #2552, #2214, .T. ) ;
#3518 = CARTESIAN_POINT ( 'NONE',  ( -128.5390948124663737, -30.30152420297343951, -1.634867868899494203 ) ) ;
#3519 = ORIENTED_EDGE ( 'NONE', *, *, #4336, .F. ) ;
#3520 = PRESENTATION_LAYER_ASSIGNMENT (  '', '', ( #4171 ) ) ;
#3521 = CARTESIAN_POINT ( 'NONE',  ( -135.6833521597990284, -30.37397777197868720, 5.265492065112590048 ) ) ;
#3522 = CARTESIAN_POINT ( 'NONE',  ( -128.2116067924389995, -30.73848570686670456, -5.630000000000165095 ) ) ;
#3523 = EDGE_CURVE ( 'NONE', #1512, #2432, #4295, .T. ) ;
#3524 = CARTESIAN_POINT ( 'NONE',  ( -127.8091066326227718, -30.25397768927357589, 3.759916156159387235 ) ) ;
#3525 = DIRECTION ( 'NONE',  ( 1.000000000000000000, 0.0000000000000000000, 1.355252715606879310E-16 ) ) ;
#3526 = SURFACE_SIDE_STYLE ('',( #818 ) ) ;
#3527 = CLOSED_SHELL ( 'NONE', ( #2503, #6588, #955, #2581, #6386, #4542, #5134, #4389, #6111, #3768 ) ) ;
#3528 = PRODUCT_CONTEXT ( 'NONE', #2393, 'mechanical' ) ;
#3529 = SURFACE_STYLE_FILL_AREA ( #948 ) ;
#3530 = CARTESIAN_POINT ( 'NONE',  ( -128.2542243346360351, -30.38633774436429036, 3.891001158958409700 ) ) ;
#3531 = ORIENTED_EDGE ( 'NONE', *, *, #2166, .F. ) ;
#3532 = EDGE_CURVE ( 'NONE', #5889, #3461, #1262, .T. ) ;
#3533 =( NAMED_UNIT ( * ) SI_UNIT ( $, .STERADIAN. ) SOLID_ANGLE_UNIT ( ) );
#3534 = DIRECTION ( 'NONE',  ( 6.123031769111889989E-17, 0.0000000000000000000, -1.000000000000000000 ) ) ;
#3535 = CARTESIAN_POINT ( 'NONE',  ( -126.9807725251415036, -30.49021055915430267, 4.749999999999929834 ) ) ;
#3536 = CARTESIAN_POINT ( 'NONE',  ( -127.2441755539893933, -31.02131616780190626, -3.335756337264506932 ) ) ;
#3537 = ORIENTED_EDGE ( 'NONE', *, *, #671, .F. ) ;
#3538 = B_SPLINE_CURVE_WITH_KNOTS ( 'NONE', 3,
 ( #2702, #2566, #607, #2639, #3633, #6672, #1631, #2062 ),
 .UNSPECIFIED., .F., .F.,
 ( 4, 2, 2, 4 ),
 ( 6.912824078848549127E-17, 0.0003905807256437995151, 0.0007811614512875299666, 0.001562322902575015047 ),
 .UNSPECIFIED. ) ;
#3539 = PRESENTATION_STYLE_ASSIGNMENT (( #3506 ) ) ;
#3540 = CARTESIAN_POINT ( 'NONE',  ( -127.5924754004385875, -30.38633818785275409, 1.973654564630967778 ) ) ;
#3541 = ORIENTED_EDGE ( 'NONE', *, *, #1418, .T. ) ;
#3542 =( LENGTH_UNIT ( ) NAMED_UNIT ( * ) SI_UNIT ( .MILLI., .METRE. ) );
#3543 =( NAMED_UNIT ( * ) SI_UNIT ( $, .STERADIAN. ) SOLID_ANGLE_UNIT ( ) );
#3544 = UNCERTAINTY_MEASURE_WITH_UNIT (LENGTH_MEASURE( 1.000000000000000082E-05 ), #2428, 'distance_accuracy_value', 'NONE');
#3545 = PLANE ( 'NONE',  #2846 ) ;
#3546 = CARTESIAN_POINT ( 'NONE',  ( -127.0532029101878493, -30.73858736980954731, -4.219907058391883403 ) ) ;
#3547 = ORIENTED_EDGE ( 'NONE', *, *, #3098, .F. ) ;
#3548 = ORIENTED_EDGE ( 'NONE', *, *, #1107, .F. ) ;
#3549 = CARTESIAN_POINT ( 'NONE',  ( -127.2911081869859657, -30.30426036957573643, 2.536981179167820510 ) ) ;
#3550 = PRESENTATION_STYLE_ASSIGNMENT (( #1454 ) ) ;
#3551 = ADVANCED_FACE ( 'NONE', ( #3812 ), #1733, .F. ) ;
#3552 = CARTESIAN_POINT ( 'NONE',  ( -128.1494815872977995, -30.25957648172489201, -1.854392560168102611 ) ) ;
#3553 = FILL_AREA_STYLE_COLOUR ( '', #4475 ) ;
#3554 = PRESENTATION_STYLE_ASSIGNMENT (( #2947 ) ) ;
#3555 = CARTESIAN_POINT ( 'NONE',  ( -127.3361947253367390, -30.70433645779591458, -5.750000000000173195 ) ) ;
#3556 = UNCERTAINTY_MEASURE_WITH_UNIT (LENGTH_MEASURE( 1.000000000000000082E-05 ), #6511, 'distance_accuracy_value', 'NONE');
#3557 = CARTESIAN_POINT ( 'NONE',  ( -131.8033521597990045, -34.25397777197829896, -4.750000000000039968 ) ) ;
#3558 = VERTEX_POINT ( 'NONE', #3230 ) ;
#3559 =( NAMED_UNIT ( * ) SI_UNIT ( $, .STERADIAN. ) SOLID_ANGLE_UNIT ( ) );
#3560 = SURFACE_STYLE_USAGE ( .BOTH. , #6648 ) ;
#3561 = UNCERTAINTY_MEASURE_WITH_UNIT (LENGTH_MEASURE( 1.000000000000000082E-05 ), #72, 'distance_accuracy_value', 'NONE');
#3562 = CARTESIAN_POINT ( 'NONE',  ( -127.9233521597989949, -31.25397777197829541, -4.750000000000070166 ) ) ;
#3563 = CARTESIAN_POINT ( 'NONE',  ( -128.6023481704973790, -31.02127823034886944, -4.063772965424341521 ) ) ;
#3564 = ORIENTED_EDGE ( 'NONE', *, *, #5203, .F. ) ;
#3565 = CARTESIAN_POINT ( 'NONE',  ( -128.2520721662782819, -30.25397777197829541, 5.265241647999063801 ) ) ;
#3566 = CARTESIAN_POINT ( 'NONE',  ( -126.9879076349097460, -30.49490208497729782, -5.253768327331205690 ) ) ;
#3567 = B_SPLINE_CURVE_WITH_KNOTS ( 'NONE', 3,
 ( #6572, #1925, #5981, #4036, #5509, #5605 ),
 .UNSPECIFIED., .F., .F.,
 ( 4, 2, 4 ),
 ( 4.770489558936219510E-18, 0.0003378787149092346283, 0.0006757574298184644860 ),
 .UNSPECIFIED. ) ;
#3568 = DIRECTION ( 'NONE',  ( 0.0000000000000000000, 1.000000000000000000, 0.0000000000000000000 ) ) ;
#3569 = VERTEX_POINT ( 'NONE', #2714 ) ;
#3570 = VECTOR ( 'NONE', #1022, 1000.000000000000000 ) ;
#3571 = CARTESIAN_POINT ( 'NONE',  ( -127.6233521597989977, -32.50397777197930083, -5.749999999999809930 ) ) ;
#3572 = AXIS2_PLACEMENT_3D ( 'NONE', #488, #6304, #4163 ) ;
#3573 = CYLINDRICAL_SURFACE ( 'NONE', #2496, 3.879999999999994564 ) ;
#3574 = PRODUCT ( '5_1', '5_1', '', ( #5068 ) ) ;
#3575 = VERTEX_POINT ( 'NONE', #4778 ) ;
#3576 =( NAMED_UNIT ( * ) SI_UNIT ( $, .STERADIAN. ) SOLID_ANGLE_UNIT ( ) );
#3577 = PRESENTATION_STYLE_ASSIGNMENT (( #6636 ) ) ;
#3578 = STYLED_ITEM ( 'NONE', ( #1899 ), #5308 ) ;
#3579 = CARTESIAN_POINT ( 'NONE',  ( -127.9233521597990233, -30.37397777197869786, 5.265492065112590048 ) ) ;
#3580 = CARTESIAN_POINT ( 'NONE',  ( -128.8414232720418227, -30.55936977690404532, 5.156677572306074708 ) ) ;
#3581 = VECTOR ( 'NONE', #113, 1000.000000000000000 ) ;
#3582 = CARTESIAN_POINT ( 'NONE',  ( -127.9233521598000038, -34.25397777197829896, 0.8985590598002880514 ) ) ;
#3583 = PRESENTATION_LAYER_ASSIGNMENT (  '', '', ( #6484 ) ) ;
#3584 = CARTESIAN_POINT ( 'NONE',  ( -127.3836444642702901, -30.98389074792583742, -4.063772965424313988 ) ) ;
#3585 =( NAMED_UNIT ( * ) PLANE_ANGLE_UNIT ( ) SI_UNIT ( $, .RADIAN. ) );
#3586 = VECTOR ( 'NONE', #4651, 1000.000000000000000 ) ;
#3587 = EDGE_CURVE ( 'NONE', #5155, #5932, #5128, .T. ) ;
#3588 = ORIENTED_EDGE ( 'NONE', *, *, #6478, .T. ) ;
#3589 = AXIS2_PLACEMENT_3D ( 'NONE', #518, #2578, #2150 ) ;
#3590 = APPLICATION_PROTOCOL_DEFINITION ( 'draft international standard', 'automotive_design', 1998, #3801 ) ;
#3591 = CARTESIAN_POINT ( 'NONE',  ( -128.5555961326129193, -30.30426036957588920, -1.469182452004569983 ) ) ;
#3592 = CARTESIAN_POINT ( 'NONE',  ( -127.7576420375162769, -30.37676036168127069, 3.943407493646434947 ) ) ;
#3593 = PRESENTATION_LAYER_ASSIGNMENT (  '', '', ( #6599 ) ) ;
#3594 = COLOUR_RGB ( '',0.7921568627450980005, 0.8196078431372548767, 0.9333333333333333481 ) ;
#3595 = VERTEX_POINT ( 'NONE', #3496 ) ;
#3596 = CARTESIAN_POINT ( 'NONE',  ( -126.9552188870528795, -30.37290601714022031, 4.749999999999960032 ) ) ;
#3597 = EDGE_CURVE ( 'NONE', #6119, #3469, #1318, .T. ) ;
#3598 =( LENGTH_UNIT ( ) NAMED_UNIT ( * ) SI_UNIT ( .MILLI., .METRE. ) );
#3599 =( GEOMETRIC_REPRESENTATION_CONTEXT ( 3 ) GLOBAL_UNCERTAINTY_ASSIGNED_CONTEXT ( ( #2366 ) ) GLOBAL_UNIT_ASSIGNED_CONTEXT ( ( #3959, #6601, #5999 ) ) REPRESENTATION_CONTEXT ( 'NONE', 'WORKASPACE' ) );
#3600 = PRESENTATION_LAYER_ASSIGNMENT (  '', '', ( #5864 ) ) ;
#3601 = FILL_AREA_STYLE_COLOUR ( '', #4764 ) ;
#3602 = SURFACE_SIDE_STYLE ('',( #5523 ) ) ;
#3603 =( GEOMETRIC_REPRESENTATION_CONTEXT ( 3 ) GLOBAL_UNCERTAINTY_ASSIGNED_CONTEXT ( ( #3207 ) ) GLOBAL_UNIT_ASSIGNED_CONTEXT ( ( #4422, #1372, #2433 ) ) REPRESENTATION_CONTEXT ( 'NONE', 'WORKASPACE' ) );
#3604 = EDGE_CURVE ( 'NONE', #3449, #4478, #1893, .T. ) ;
#3605 =( GEOMETRIC_REPRESENTATION_CONTEXT ( 3 ) GLOBAL_UNCERTAINTY_ASSIGNED_CONTEXT ( ( #174 ) ) GLOBAL_UNIT_ASSIGNED_CONTEXT ( ( #6584, #992, #5074 ) ) REPRESENTATION_CONTEXT ( 'NONE', 'WORKASPACE' ) );
#3606 = ORIENTED_EDGE ( 'NONE', *, *, #4962, .F. ) ;
#3607 = DIRECTION ( 'NONE',  ( 1.000000000000000000, 0.0000000000000000000, 0.0000000000000000000 ) ) ;
#3608 = FILL_AREA_STYLE ('',( #2233 ) ) ;
#3609 =( GEOMETRIC_REPRESENTATION_CONTEXT ( 3 ) GLOBAL_UNCERTAINTY_ASSIGNED_CONTEXT ( ( #2884 ) ) GLOBAL_UNIT_ASSIGNED_CONTEXT ( ( #6627, #5626, #1996 ) ) REPRESENTATION_CONTEXT ( 'NONE', 'WORKASPACE' ) );
#3610 = SURFACE_STYLE_FILL_AREA ( #5153 ) ;
#3611 = PRESENTATION_STYLE_ASSIGNMENT (( #1998 ) ) ;
#3612 = ORIENTED_EDGE ( 'NONE', *, *, #1211, .F. ) ;
#3613 =( GEOMETRIC_REPRESENTATION_CONTEXT ( 3 ) GLOBAL_UNCERTAINTY_ASSIGNED_CONTEXT ( ( #4159 ) ) GLOBAL_UNIT_ASSIGNED_CONTEXT ( ( #848, #3454, #5549 ) ) REPRESENTATION_CONTEXT ( 'NONE', 'WORKASPACE' ) );
#3614 =( GEOMETRIC_REPRESENTATION_CONTEXT ( 3 ) GLOBAL_UNCERTAINTY_ASSIGNED_CONTEXT ( ( #4373 ) ) GLOBAL_UNIT_ASSIGNED_CONTEXT ( ( #3773, #5687, #714 ) ) REPRESENTATION_CONTEXT ( 'NONE', 'WORKASPACE' ) );
#3615 = DIRECTION ( 'NONE',  ( -6.123031769111889989E-17, 0.0000000000000000000, 1.000000000000000000 ) ) ;
#3616 = FILL_AREA_STYLE ('',( #1546 ) ) ;
#3617 = UNCERTAINTY_MEASURE_WITH_UNIT (LENGTH_MEASURE( 1.000000000000000082E-05 ), #5563, 'distance_accuracy_value', 'NONE');
#3618 =( LENGTH_UNIT ( ) NAMED_UNIT ( * ) SI_UNIT ( .MILLI., .METRE. ) );
#3619 = AXIS2_PLACEMENT_3D ( 'NONE', #2297, #766, #5896 ) ;
#3620 = PLANE ( 'NONE',  #151 ) ;
#3621 = FACE_OUTER_BOUND ( 'NONE', #3629, .T. ) ;
#3622 = VERTEX_POINT ( 'NONE', #4945 ) ;
#3623 =( LENGTH_UNIT ( ) NAMED_UNIT ( * ) SI_UNIT ( .MILLI., .METRE. ) );
#3624 = FILL_AREA_STYLE_COLOUR ( '', #3894 ) ;
#3625 = DIRECTION ( 'NONE',  ( -1.341831088117449945E-14, -0.0000000000000000000, -1.000000000000000000 ) ) ;
#3626 = CARTESIAN_POINT ( 'NONE',  ( -134.9543362900223542, -30.73848570686701365, -5.629999999999091287 ) ) ;
#3627 = COLOUR_RGB ( '',0.6588235294117646967, 0.6588235294117646967, 0.6588235294117646967 ) ;
#3628 = DIRECTION ( 'NONE',  ( 1.000000000000000000, 0.0000000000000000000, 0.0000000000000000000 ) ) ;
#3629 = EDGE_LOOP ( 'NONE', ( #1954, #3036, #4728, #929, #4267 ) ) ;
#3630 = FILL_AREA_STYLE_COLOUR ( '', #3054 ) ;
#3631 = CARTESIAN_POINT ( 'NONE',  ( -127.9233521597989949, -32.50397777197930083, -5.749999999999809930 ) ) ;
#3632 = MECHANICAL_DESIGN_GEOMETRIC_PRESENTATION_REPRESENTATION (  '', ( #6091 ), #5029 ) ;
#3633 = CARTESIAN_POINT ( 'NONE',  ( -127.0549937367293722, -30.74527082544993206, -5.549573355734737312 ) ) ;
#3634 = CARTESIAN_POINT ( 'NONE',  ( -128.3555961326129307, -30.27740070772239633, -1.469182422981890168 ) ) ;
#3635 = CARTESIAN_POINT ( 'NONE',  ( -128.4866843673927121, -30.41330210578800575, -1.800050312207719605 ) ) ;
#3636 = ORIENTED_EDGE ( 'NONE', *, *, #1124, .F. ) ;
#3637 = UNCERTAINTY_MEASURE_WITH_UNIT (LENGTH_MEASURE( 1.000000000000000082E-05 ), #4940, 'distance_accuracy_value', 'NONE');
#3638 = PRODUCT ( 'User Library-CAP 8X11.5', 'User Library-CAP 8X11.5', '', ( #3107 ) ) ;
#3639 = CARTESIAN_POINT ( 'NONE',  ( -127.8091031230043342, -30.25397777197832738, -1.901426395795762891 ) ) ;
#3640 = SURFACE_STYLE_USAGE ( .BOTH. , #5223 ) ;
#3641 = EDGE_CURVE ( 'NONE', #5387, #4510, #4482, .T. ) ;
#3642 =( BOUNDED_SURFACE ( )  B_SPLINE_SURFACE ( 3, 3, ( 
 ( #1575, #1612, #3725, #5800 ),
 ( #2113, #2657, #3209, #4304 ),
 ( #5268, #1549, #5700, #5159 ),
 ( #521, #6300, #1071, #2688 ) ),
 .UNSPECIFIED., .F., .F., .F. ) 
 B_SPLINE_SURFACE_WITH_KNOTS ( ( 4, 4 ),
 ( 4, 4 ),
 ( 0.0000000000000000000, 1.000000000000000000 ),
 ( 0.0000000000000000000, 1.000000000000000000 ),
 .UNSPECIFIED. ) 
 GEOMETRIC_REPRESENTATION_ITEM ( )  RATIONAL_B_SPLINE_SURFACE ( (
 ( 1.000000000000000000, 0.9949666955933268442, 0.9949666955933268442, 1.000000000000000000),
 ( 0.8047378541243253025, 0.8006873635369445852, 0.8006873635369445852, 0.8047378541243253025),
 ( 0.8047378541243253025, 0.8006873635369445852, 0.8006873635369445852, 0.8047378541243253025),
 ( 1.000000000000000000, 0.9949666955933268442, 0.9949666955933268442, 1.000000000000000000) ) ) 
 REPRESENTATION_ITEM ( '' )  SURFACE ( )  );
#3643 = ORIENTED_EDGE ( 'NONE', *, *, #3756, .F. ) ;
#3644 = CARTESIAN_POINT ( 'NONE',  ( -127.9233521597989807, -30.58858814599016540, 5.657044983151402917 ) ) ;
#3645 = LINE ( 'NONE', #2035, #6030 ) ;
#3646 = PRESENTATION_STYLE_ASSIGNMENT (( #2037 ) ) ;
#3647 = VERTEX_POINT ( 'NONE', #4504 ) ;
#3648 = DIRECTION ( 'NONE',  ( -6.123031769111889989E-17, 0.0000000000000000000, 1.000000000000000000 ) ) ;
#3649 = EDGE_CURVE ( 'NONE', #4533, #3240, #3950, .T. ) ;
#3650 =( LENGTH_UNIT ( ) NAMED_UNIT ( * ) SI_UNIT ( .MILLI., .METRE. ) );
#3651 = DIRECTION ( 'NONE',  ( 0.0000000000000000000, 0.0000000000000000000, 1.000000000000000000 ) ) ;
#3652 = EDGE_CURVE ( 'NONE', #3510, #3276, #6271, .T. ) ;
#3653 = DIRECTION ( 'NONE',  ( -1.224606353822379970E-16, 0.0000000000000000000, 1.000000000000000000 ) ) ;
#3654 = SHAPE_REPRESENTATION_RELATIONSHIP ( 'NONE' , 'NONE' ,  #5756, #242 ) ;
#3655 = SURFACE_STYLE_USAGE ( .BOTH. , #2157 ) ;
#3656 = ORIENTED_EDGE ( 'NONE', *, *, #6596, .T. ) ;
#3657 = CARTESIAN_POINT ( 'NONE',  ( -126.9854020014113161, -30.48555093345619227, -3.042189780209782146 ) ) ;
#3658 = CARTESIAN_POINT ( 'NONE',  ( -127.9233521597989949, -34.25397777197829896, 4.749999999999929834 ) ) ;
#3659 = DIRECTION ( 'NONE',  ( 1.000000000000000000, 0.0000000000000000000, 0.0000000000000000000 ) ) ;
#3660 =( NAMED_UNIT ( * ) SI_UNIT ( $, .STERADIAN. ) SOLID_ANGLE_UNIT ( ) );
#3661 = VERTEX_POINT ( 'NONE', #3975 ) ;
#3662 = PRESENTATION_STYLE_ASSIGNMENT (( #4672 ) ) ;
#3663 = CARTESIAN_POINT ( 'NONE',  ( -128.5555961326128909, -36.18255236209569858, -1.469182452004570427 ) ) ;
#3664 = CARTESIAN_POINT ( 'NONE',  ( -128.5555961287738569, -30.30426036896118092, 2.453349233929558615 ) ) ;
#3665 = CARTESIAN_POINT ( 'NONE',  ( -127.4179718640155414, -30.28560055424142305, 3.716381883260343688 ) ) ;
#3666 = ORIENTED_EDGE ( 'NONE', *, *, #1332, .F. ) ;
#3667 = CARTESIAN_POINT ( 'NONE',  ( -127.1544944160596060, -31.11661241609841966, -5.607146091234146645 ) ) ;
#3668 = LINE ( 'NONE', #5686, #3049 ) ;
#3669 = CARTESIAN_POINT ( 'NONE',  ( -127.8091066326227860, -30.25397768927360787, 3.759916156159414324 ) ) ;
#3670 = LINE ( 'NONE', #3155, #1487 ) ;
#3671 = APPLICATION_CONTEXT ( 'automotive_design' ) ;
#3672 = CARTESIAN_POINT ( 'NONE',  ( -127.5381412900499498, -30.27176765627960364, 2.310852965902139289 ) ) ;
#3673 = ORIENTED_EDGE ( 'NONE', *, *, #3649, .F. ) ;
#3674 = CARTESIAN_POINT ( 'NONE',  ( -128.3555961326128738, -30.39812959706709705, 3.441926717981568906 ) ) ;
#3675 = PRESENTATION_STYLE_ASSIGNMENT (( #3752 ) ) ;
#3676 = MECHANICAL_DESIGN_GEOMETRIC_PRESENTATION_REPRESENTATION (  '', ( #5813 ), #927 ) ;
#3677 = CARTESIAN_POINT ( 'NONE',  ( -127.4064891417180405, -31.12929908263646439, 5.737678509578206132 ) ) ;
#3678 = EDGE_LOOP ( 'NONE', ( #5145, #1903, #1178, #1974 ) ) ;
#3679 = EDGE_CURVE ( 'NONE', #6491, #5655, #2183, .T. ) ;
#3680 =( BOUNDED_SURFACE ( )  B_SPLINE_SURFACE ( 3, 3, ( 
 ( #469, #2984, #372, #6612 ),
 ( #2450, #981, #3555, #5139 ),
 ( #944, #1426, #5579, #4526 ),
 ( #401, #6073, #5100, #4473 ) ),
 .UNSPECIFIED., .F., .F., .T. ) 
 B_SPLINE_SURFACE_WITH_KNOTS ( ( 4, 4 ),
 ( 4, 4 ),
 ( 0.0000000000000000000, 1.000000000000000000 ),
 ( 0.0000000000000000000, 1.000000000000000000 ),
 .UNSPECIFIED. ) 
 GEOMETRIC_REPRESENTATION_ITEM ( )  RATIONAL_B_SPLINE_SURFACE ( (
 ( 1.000000000000000000, 0.9949663113133252468, 0.9949663113133252468, 1.000000000000000000),
 ( 0.8047378541243239702, 0.8006870542922794876, 0.8006870542922794876, 0.8047378541243239702),
 ( 0.8047378541243239702, 0.8006870542922794876, 0.8006870542922794876, 0.8047378541243239702),
 ( 1.000000000000000000, 0.9949663113133252468, 0.9949663113133252468, 1.000000000000000000) ) ) 
 REPRESENTATION_ITEM ( '' )  SURFACE ( )  );
#3681 = SURFACE_STYLE_FILL_AREA ( #5125 ) ;
#3682 = SURFACE_STYLE_USAGE ( .BOTH. , #1005 ) ;
#3683 = UNCERTAINTY_MEASURE_WITH_UNIT (LENGTH_MEASURE( 1.000000000000000082E-05 ), #160, 'distance_accuracy_value', 'NONE');
#3684 = PRESENTATION_STYLE_ASSIGNMENT (( #1576 ) ) ;
#3685 =( NAMED_UNIT ( * ) PLANE_ANGLE_UNIT ( ) SI_UNIT ( $, .RADIAN. ) );
#3686 = EDGE_CURVE ( 'NONE', #2920, #3622, #5148, .T. ) ;
#3687 = STYLED_ITEM ( 'NONE', ( #2839 ), #633 ) ;
#3688 = PLANE ( 'NONE',  #4287 ) ;
#3689 = EDGE_CURVE ( 'NONE', #3362, #5485, #5018, .T. ) ;
#3690 = CARTESIAN_POINT ( 'NONE',  ( -128.5555961326130046, -30.30426036957589986, 3.327671447015950079 ) ) ;
#3691 = FACE_OUTER_BOUND ( 'NONE', #1062, .T. ) ;
#3692 = ORIENTED_EDGE ( 'NONE', *, *, #2638, .T. ) ;
#3693 = CARTESIAN_POINT ( 'NONE',  ( -127.9233521597989949, -34.25397777197829896, -4.598323711144740145 ) ) ;
#3694 = COLOUR_RGB ( '',1.000000000000000000, 1.000000000000000000, 1.000000000000000000 ) ;
#3695 = MECHANICAL_DESIGN_GEOMETRIC_PRESENTATION_REPRESENTATION (  '', ( #427 ), #3387 ) ;
#3696 = PRESENTATION_LAYER_ASSIGNMENT (  '', '', ( #2707 ) ) ;
#3697 = B_SPLINE_CURVE_WITH_KNOTS ( 'NONE', 3,
 ( #4532, #854, #5015, #6129, #347, #3530, #917, #6549, #3592, #3012, #5654, #5070, #4574, #6618 ),
 .UNSPECIFIED., .F., .F.,
 ( 4, 2, 2, 2, 2, 2, 4 ),
 ( 4.770489558936219510E-18, 0.0002473306817266826248, 0.0004946613634533604791, 0.0009893227269067161878, 0.001236653408633434916, 0.001483984090360153645, 0.001978645453813591103 ),
 .UNSPECIFIED. ) ;
#3698 = CARTESIAN_POINT ( 'NONE',  ( -128.5555961326129477, -30.30426036957581104, 2.536981210161495692 ) ) ;
#3699 = CARTESIAN_POINT ( 'NONE',  ( -123.9233521597989949, -34.25397777197829896, 0.8985590598003062590 ) ) ;
#3700 = PRESENTATION_LAYER_ASSIGNMENT (  '', '', ( #1176 ) ) ;
#3701 = CARTESIAN_POINT ( 'NONE',  ( -128.6488457117215489, -30.74235087232234065, -5.750000000000118128 ) ) ;
#3702 = ORIENTED_EDGE ( 'NONE', *, *, #3014, .T. ) ;
#3703 = LINE ( 'NONE', #3112, #5837 ) ;
#3704 = FACE_OUTER_BOUND ( 'NONE', #1143, .T. ) ;
#3705 = UNCERTAINTY_MEASURE_WITH_UNIT (LENGTH_MEASURE( 1.000000000000000082E-05 ), #2267, 'distance_accuracy_value', 'NONE');
#3706 = VECTOR ( 'NONE', #2248, 1000.000000000000000 ) ;
#3707 = COLOUR_RGB ( '',1.000000000000000000, 1.000000000000000000, 1.000000000000000000 ) ;
#3708 = CARTESIAN_POINT ( 'NONE',  ( -128.8914491707723471, -30.37289697182160708, -4.446647422289476737 ) ) ;
#3709 = COLOUR_RGB ( '',1.000000000000000000, 1.000000000000000000, 1.000000000000000000 ) ;
#3710 = ORIENTED_EDGE ( 'NONE', *, *, #883, .T. ) ;
#3711 = CARTESIAN_POINT ( 'NONE',  ( -128.5106148177571583, -30.69547296748987009, 5.536804444638619316 ) ) ;
#3712 = STYLED_ITEM ( 'NONE', ( #1786 ), #2100 ) ;
#3713 = CARTESIAN_POINT ( 'NONE',  ( -124.0433521597989994, -34.25397777197869686, 4.750000000000910383 ) ) ;
#3714 = AXIS2_PLACEMENT_3D ( 'NONE', #6613, #1333, #4528 ) ;
#3715 = DIRECTION ( 'NONE',  ( -6.123031769111889989E-17, -6.123031769111889989E-17, 1.000000000000000000 ) ) ;
#3716 = CARTESIAN_POINT ( 'NONE',  ( -127.9233521597989949, -31.09748124895866894, 5.737678509578207020 ) ) ;
#3717 = VERTEX_POINT ( 'NONE', #1301 ) ;
#3718 = DIRECTION ( 'NONE',  ( 0.0000000000000000000, 1.000000000000000000, 0.0000000000000000000 ) ) ;
#3719 = APPLICATION_CONTEXT ( 'automotive_design' ) ;
#3720 = CARTESIAN_POINT ( 'NONE',  ( -128.8914491707722902, -30.37289697182165327, -5.014138216754062682 ) ) ;
#3721 = COLOUR_RGB ( '',0.6588235294117646967, 0.6588235294117646967, 0.6588235294117646967 ) ;
#3722 = PRESENTATION_LAYER_ASSIGNMENT (  '', '', ( #4370 ) ) ;
#3723 = PLANE ( 'NONE',  #1396 ) ;
#3724 = PRODUCT_DEFINITION ( 'UNKNOWN', '', #1370, #4386 ) ;
#3725 = CARTESIAN_POINT ( 'NONE',  ( -128.1698921646584779, -31.25397777197845528, -5.750000000000071942 ) ) ;
#3726 = STYLED_ITEM ( 'NONE', ( #5174 ), #2672 ) ;
#3727 = EDGE_LOOP ( 'NONE', ( #6567, #5691, #3989, #5780 ) ) ;
#3728 = PRESENTATION_LAYER_ASSIGNMENT (  '', '', ( #6610 ) ) ;
#3729 = CARTESIAN_POINT ( 'NONE',  ( -127.9233521597989949, -32.50397777197930083, -20.74999999999980105 ) ) ;
#3730 = COLOUR_RGB ( '',1.000000000000000000, 1.000000000000000000, 1.000000000000000000 ) ;
#3731 = DIRECTION ( 'NONE',  ( -6.123031769111889989E-17, 5.817644942362439956E-48, 1.000000000000000000 ) ) ;
#3732 = EDGE_CURVE ( 'NONE', #3661, #5270, #6341, .T. ) ;
#3733 = DIRECTION ( 'NONE',  ( 0.0000000000000000000, 1.000000000000000000, 0.0000000000000000000 ) ) ;
#3734 = FACE_BOUND ( 'NONE', #2740, .T. ) ;
#3735 =( NAMED_UNIT ( * ) PLANE_ANGLE_UNIT ( ) SI_UNIT ( $, .RADIAN. ) );
#3736 = ORIENTED_EDGE ( 'NONE', *, *, #5489, .F. ) ;
#3737 =( LENGTH_UNIT ( ) NAMED_UNIT ( * ) SI_UNIT ( .MILLI., .METRE. ) );
#3738 = VECTOR ( 'NONE', #4615, 1000.000000000000000 ) ;
#3739 = EDGE_CURVE ( 'NONE', #5255, #3478, #116, .T. ) ;
#3740 = CARTESIAN_POINT ( 'NONE',  ( -127.2911081869859942, -30.42583624392054276, 0.8985590598002881624 ) ) ;
#3741 = DIRECTION ( 'NONE',  ( 6.123031769111889989E-17, -0.0000000000000000000, -1.000000000000000000 ) ) ;
#3742 = PRESENTATION_LAYER_ASSIGNMENT (  '', '', ( #5979 ) ) ;
#3743 = CARTESIAN_POINT ( 'NONE',  ( -127.1840098816347222, -31.22676563323391363, -5.630000000000091376 ) ) ;
#3744 = DIRECTION ( 'NONE',  ( 0.0000000000000000000, 0.0000000000000000000, -1.000000000000000000 ) ) ;
#3745 = CARTESIAN_POINT ( 'NONE',  ( -128.5555961326129193, -30.42583624392037223, 3.327671447015950079 ) ) ;
#3746 = VECTOR ( 'NONE', #4293, 1000.000000000000000 ) ;
#3747 = SURFACE_STYLE_USAGE ( .BOTH. , #1638 ) ;
#3748 = FACE_OUTER_BOUND ( 'NONE', #6047, .T. ) ;
#3749 = ORIENTED_EDGE ( 'NONE', *, *, #3016, .T. ) ;
#3750 = DIRECTION ( 'NONE',  ( 0.0000000000000000000, 0.0000000000000000000, -1.000000000000000000 ) ) ;
#3751 =( GEOMETRIC_REPRESENTATION_CONTEXT ( 3 ) GLOBAL_UNCERTAINTY_ASSIGNED_CONTEXT ( ( #3637 ) ) GLOBAL_UNIT_ASSIGNED_CONTEXT ( ( #4940, #1254, #2340 ) ) REPRESENTATION_CONTEXT ( 'NONE', 'WORKASPACE' ) );
#3752 = SURFACE_STYLE_USAGE ( .BOTH. , #1685 ) ;
#3753 = CARTESIAN_POINT ( 'NONE',  ( -127.2683689981682136, -30.29429821389325639, 4.749999999999928058 ) ) ;
#3754 = ORIENTED_EDGE ( 'NONE', *, *, #5412, .T. ) ;
#3755 = CARTESIAN_POINT ( 'NONE',  ( -127.9233521597989949, -34.25397777197829896, -4.446647422289490947 ) ) ;
#3756 = EDGE_CURVE ( 'NONE', #4368, #3159, #3248, .T. ) ;
#3757 = FILL_AREA_STYLE ('',( #2002 ) ) ;
#3758 = DIRECTION ( 'NONE',  ( -1.335708056348339952E-14, -0.0000000000000000000, -1.000000000000000000 ) ) ;
#3759 = VERTEX_POINT ( 'NONE', #5849 ) ;
#3760 = SURFACE_STYLE_USAGE ( .BOTH. , #1711 ) ;
#3761 = CARTESIAN_POINT ( 'NONE',  ( -127.9233521597989949, -31.25397777197868976, 4.750000000000910383 ) ) ;
#3762 = CARTESIAN_POINT ( 'NONE',  ( -127.9233521597989949, -31.25397777197869686, 5.630000000000906724 ) ) ;
#3763 =( NAMED_UNIT ( * ) PLANE_ANGLE_UNIT ( ) SI_UNIT ( $, .RADIAN. ) );
#3764 = FACE_BOUND ( 'NONE', #6194, .T. ) ;
#3765 = DIRECTION ( 'NONE',  ( -6.123031769111889989E-17, 0.0000000000000000000, 1.000000000000000000 ) ) ;
#3766 = ORIENTED_EDGE ( 'NONE', *, *, #3811, .T. ) ;
#3767 =( NAMED_UNIT ( * ) PLANE_ANGLE_UNIT ( ) SI_UNIT ( $, .RADIAN. ) );
#3768 = ADVANCED_FACE ( 'NONE', ( #5442 ), #5882, .T. ) ;
#3769 = CARTESIAN_POINT ( 'NONE',  ( -126.4233521597989949, -34.25397777197910187, -5.749999999999089617 ) ) ;
#3770 = CARTESIAN_POINT ( 'NONE',  ( -127.0558287187018038, -30.74838702059489393, -3.553154227342692817 ) ) ;
#3771 = CARTESIAN_POINT ( 'NONE',  ( -127.9235226669135130, -37.25397776713271014, -5.750000000000039968 ) ) ;
#3772 = CARTESIAN_POINT ( 'NONE',  ( -126.9862819858892635, -30.48883508023758537, -4.508018297699240229 ) ) ;
#3773 =( LENGTH_UNIT ( ) NAMED_UNIT ( * ) SI_UNIT ( .MILLI., .METRE. ) );
#3774 = UNCERTAINTY_MEASURE_WITH_UNIT (LENGTH_MEASURE( 1.000000000000000082E-05 ), #3623, 'distance_accuracy_value', 'NONE');
#3775 = CARTESIAN_POINT ( 'NONE',  ( -120.1633521597990040, -30.37397777197868720, 5.265492065112591824 ) ) ;
#3776 = DIRECTION ( 'NONE',  ( -1.224606353822379970E-16, 0.0000000000000000000, 1.000000000000000000 ) ) ;
#3777 = ORIENTED_EDGE ( 'NONE', *, *, #3686, .T. ) ;
#3778 = SURFACE_STYLE_USAGE ( .BOTH. , #2143 ) ;
#3779 = CARTESIAN_POINT ( 'NONE',  ( -128.6322831541420442, -31.33894486560143022, -5.630000000000044302 ) ) ;
#3780 = ORIENTED_EDGE ( 'NONE', *, *, #2985, .T. ) ;
#3781 = CARTESIAN_POINT ( 'NONE',  ( -127.9235381164730256, -38.25397776765581170, 5.265241647999144625 ) ) ;
#3782 = EDGE_LOOP ( 'NONE', ( #2667, #2032 ) ) ;
#3783 = CARTESIAN_POINT ( 'NONE',  ( -128.8544243813903449, -30.51090781238335126, -4.980261615302185696 ) ) ;
#3784 = DIRECTION ( 'NONE',  ( -1.000000000000000000, -6.123031769111889989E-17, -1.224606353822379970E-16 ) ) ;
#3785 =( NAMED_UNIT ( * ) PLANE_ANGLE_UNIT ( ) SI_UNIT ( $, .RADIAN. ) );
#3786 = DIRECTION ( 'NONE',  ( 1.000000000000000000, 0.0000000000000000000, 1.117734198438665941E-16 ) ) ;
#3787 = VERTEX_POINT ( 'NONE', #710 ) ;
#3788 = COLOUR_RGB ( '',0.8000000000000000444, 0.1921568627450980227, 0.1921568627450980227 ) ;
#3789 = FILL_AREA_STYLE ('',( #806 ) ) ;
#3790 =( NAMED_UNIT ( * ) PLANE_ANGLE_UNIT ( ) SI_UNIT ( $, .RADIAN. ) );
#3791 = CARTESIAN_POINT ( 'NONE',  ( -127.9233521597989949, -34.25397777197829896, -4.508018297699232235 ) ) ;
#3792 = DIRECTION ( 'NONE',  ( 0.0000000000000000000, 0.0000000000000000000, -1.000000000000000000 ) ) ;
#3793 =( NAMED_UNIT ( * ) PLANE_ANGLE_UNIT ( ) SI_UNIT ( $, .RADIAN. ) );
#3794 = B_SPLINE_CURVE_WITH_KNOTS ( 'NONE', 3,
 ( #5399, #1811, #4404, #3924, #2836, #1777 ),
 .UNSPECIFIED., .F., .F.,
 ( 4, 2, 4 ),
 ( 0.0006757574298184684976, 0.001013639159170214975, 0.001351520888521961670 ),
 .UNSPECIFIED. ) ;
#3795 = EDGE_LOOP ( 'NONE', ( #771, #5845, #5859, #4087, #3219 ) ) ;
#3796 =( NAMED_UNIT ( * ) PLANE_ANGLE_UNIT ( ) SI_UNIT ( $, .RADIAN. ) );
#3797 = CARTESIAN_POINT ( 'NONE',  ( -127.6046660735396188, -30.26595658843565673, -2.021477869937771121 ) ) ;
#3798 = AXIS2_PLACEMENT_3D ( 'NONE', #3729, #4662, #4231 ) ;
#3799 = DIRECTION ( 'NONE',  ( 1.224606353822379970E-16, -1.000000000000000000, -1.224606353822379970E-16 ) ) ;
#3800 = EDGE_CURVE ( 'NONE', #741, #5491, #4110, .T. ) ;
#3801 = APPLICATION_CONTEXT ( 'automotive_design' ) ;
#3802 = AXIS2_PLACEMENT_3D ( 'NONE', #2308, #1128, #5439 ) ;
#3803 = FILL_AREA_STYLE_COLOUR ( '', #186 ) ;
#3804 = COLOUR_RGB ( '',0.8000000000000000444, 0.1921568627450980227, 0.1921568627450980227 ) ;
#3805 =( LENGTH_UNIT ( ) NAMED_UNIT ( * ) SI_UNIT ( .MILLI., .METRE. ) );
#3806 = CARTESIAN_POINT ( 'NONE',  ( -127.9233521597990233, -37.76946983709037653, 5.630000000000913829 ) ) ;
#3807 = CARTESIAN_POINT ( 'NONE',  ( -120.1633521597989898, -38.13397777197868521, -5.265492065110764841 ) ) ;
#3808 = VECTOR ( 'NONE', #969, 1000.000000000000000 ) ;
#3809 = VECTOR ( 'NONE', #5369, 1000.000000000000000 ) ;
#3811 = EDGE_CURVE ( 'NONE', #5671, #5187, #781, .T. ) ;
#3810 = ORIENTED_EDGE ( 'NONE', *, *, #3223, .T. ) ;
#3812 = FACE_OUTER_BOUND ( 'NONE', #1753, .T. ) ;
#3813 = VECTOR ( 'NONE', #200, 1000.000000000000000 ) ;
#3814 = VECTOR ( 'NONE', #5379, 1000.000000000000000 ) ;
#3815 = STYLED_ITEM ( 'NONE', ( #3824 ), #5901 ) ;
#3816 = CARTESIAN_POINT ( 'NONE',  ( -122.4588692419223150, -32.32014747977999747, -5.630000000000038973 ) ) ;
#3817 = EDGE_CURVE ( 'NONE', #6272, #5914, #6477, .T. ) ;
#3818 = DIRECTION ( 'NONE',  ( -6.123031769111889989E-17, 0.0000000000000000000, 1.000000000000000000 ) ) ;
#3819 = ORIENTED_EDGE ( 'NONE', *, *, #2728, .T. ) ;
#3820 = PRESENTATION_LAYER_ASSIGNMENT (  '', '', ( #4890 ) ) ;
#3821 = VERTEX_POINT ( 'NONE', #1358 ) ;
#3822 = CIRCLE ( 'NONE', #3277, 3.156496523019705513 ) ;
#3823 = STYLED_ITEM ( 'NONE', ( #6444 ), #1657 ) ;
#3824 = PRESENTATION_STYLE_ASSIGNMENT (( #2226 ) ) ;
#3825 = CARTESIAN_POINT ( 'NONE',  ( -128.3555961326128738, -30.27740070772228975, -0.5642445852722596245 ) ) ;
#3826 = CARTESIAN_POINT ( 'NONE',  ( -127.9233521598000038, -34.25397777197829896, 0.8985590598002789475 ) ) ;
#3827 = ORIENTED_EDGE ( 'NONE', *, *, #1171, .F. ) ;
#3828 = VECTOR ( 'NONE', #3741, 1000.000000000000000 ) ;
#3829 = VECTOR ( 'NONE', #1564, 1000.000000000000000 ) ;
#3830 = FILL_AREA_STYLE_COLOUR ( '', #2981 ) ;
#3831 = CARTESIAN_POINT ( 'NONE',  ( -127.9233521597989949, -30.25397777197829896, -2.101426395795781055 ) ) ;
#3832 = CARTESIAN_POINT ( 'NONE',  ( -127.2911082110619532, -30.30426036572198711, 2.369720038928386341 ) ) ;
#3833 = MECHANICAL_DESIGN_GEOMETRIC_PRESENTATION_REPRESENTATION (  '', ( #439 ), #5976 ) ;
#3834 = SURFACE_SIDE_STYLE ('',( #5381 ) ) ;
#3835 = PRODUCT_DEFINITION_CONTEXT ( 'detailed design', #1764, 'design' ) ;
#3836 = CARTESIAN_POINT ( 'NONE',  ( -120.8923680295756640, -30.73848570686701720, 5.630000000000915605 ) ) ;
#3837 =( GEOMETRIC_REPRESENTATION_CONTEXT ( 3 ) GLOBAL_UNCERTAINTY_ASSIGNED_CONTEXT ( ( #2003 ) ) GLOBAL_UNIT_ASSIGNED_CONTEXT ( ( #6182, #1502, #2545 ) ) REPRESENTATION_CONTEXT ( 'NONE', 'WORKASPACE' ) );
#3838 = ORIENTED_EDGE ( 'NONE', *, *, #3447, .T. ) ;
#3839 = CARTESIAN_POINT ( 'NONE',  ( -127.2911081869859942, -36.18255236209569858, -0.6784922006387860138 ) ) ;
#3840 = DIRECTION ( 'NONE',  ( -1.000000000000000000, -6.123031769112050226E-17, 1.335708056348339952E-14 ) ) ;
#3841 = CIRCLE ( 'NONE', #892, 1.000000000000000888 ) ;
#3842 = ORIENTED_EDGE ( 'NONE', *, *, #4090, .T. ) ;
#3843 = PRESENTATION_STYLE_ASSIGNMENT (( #2327 ) ) ;
#3844 = ADVANCED_FACE ( 'NONE', ( #6543 ), #391, .F. ) ;
#3845 =( LENGTH_UNIT ( ) NAMED_UNIT ( * ) SI_UNIT ( .MILLI., .METRE. ) );
#3846 = CARTESIAN_POINT ( 'NONE',  ( -128.7128592890371976, -30.45515183586566721, 4.749999999999940492 ) ) ;
#3847 = DIRECTION ( 'NONE',  ( 6.123031769111889989E-17, -1.000000000000000000, -1.224606353822379970E-16 ) ) ;
#3848 = STYLED_ITEM ( 'NONE', ( #4345 ), #4767 ) ;
#3849 = VERTEX_POINT ( 'NONE', #2944 ) ;
#3850 = CARTESIAN_POINT ( 'NONE',  ( -128.8595999189020631, -30.49161586516845901, -3.035575167344195968 ) ) ;
#3851 =( LENGTH_UNIT ( ) NAMED_UNIT ( * ) SI_UNIT ( .MILLI., .METRE. ) );
#3853 = VERTEX_POINT ( 'NONE', #3931 ) ;
#3852 = EDGE_CURVE ( 'NONE', #894, #1994, #2422, .T. ) ;
#3854 = CARTESIAN_POINT ( 'NONE',  ( -127.9233521597990091, -30.37397777197829640, -5.265492065111823550 ) ) ;
#3855 = FACE_OUTER_BOUND ( 'NONE', #6347, .T. ) ;
#3856 =( BOUNDED_SURFACE ( )  B_SPLINE_SURFACE ( 3, 3, ( 
 ( #1984, #4092, #1330, #5477 ),
 ( #76, #468, #3626, #2089 ),
 ( #2168, #5205, #1120, #4201 ),
 ( #3218, #1083, #5167, #3182 ) ),
 .UNSPECIFIED., .F., .F., .T. ) 
 B_SPLINE_SURFACE_WITH_KNOTS ( ( 4, 4 ),
 ( 4, 4 ),
 ( 0.0000000000000000000, 1.000000000000000000 ),
 ( 0.0000000000000000000, 1.000000000000000000 ),
 .UNSPECIFIED. ) 
 GEOMETRIC_REPRESENTATION_ITEM ( )  RATIONAL_B_SPLINE_SURFACE ( (
 ( 1.000000000000000000, 0.3333333333333334259, 0.3333333333333334259, 1.000000000000000000),
 ( 0.8047378541243649375, 0.2682459513747884050, 0.2682459513747884050, 0.8047378541243649375),
 ( 0.8047378541243649375, 0.2682459513747884050, 0.2682459513747884050, 0.8047378541243649375),
 ( 1.000000000000000000, 0.3333333333333334259, 0.3333333333333334259, 1.000000000000000000) ) ) 
 REPRESENTATION_ITEM ( '' )  SURFACE ( )  );
#3857 = SURFACE_STYLE_FILL_AREA ( #3925 ) ;
#3858 = CARTESIAN_POINT ( 'NONE',  ( -127.9233521597989949, -37.25397777197869686, 4.750000000000910383 ) ) ;
#3859 = VERTEX_POINT ( 'NONE', #814 ) ;
#3860 = SURFACE_SIDE_STYLE ('',( #4286 ) ) ;
#3861 = FILL_AREA_STYLE ('',( #4868 ) ) ;
#3862 = LINE ( 'NONE', #5409, #5634 ) ;
#3863 = DIRECTION ( 'NONE',  ( 1.000000000000000000, 0.0000000000000000000, 5.421010862427517240E-17 ) ) ;
#3864 = CARTESIAN_POINT ( 'NONE',  ( -128.5572462079648801, -30.41291111233792321, -2.891511004989600675 ) ) ;
#3865 = CARTESIAN_POINT ( 'NONE',  ( -128.3555961326129022, -30.27740070772239989, -0.6784922296614719350 ) ) ;
#3866 = CARTESIAN_POINT ( 'NONE',  ( -127.1735752436770639, -31.18782303421875923, 5.737678509578238106 ) ) ;
#3867 = ORIENTED_EDGE ( 'NONE', *, *, #915, .F. ) ;
#3868 = CARTESIAN_POINT ( 'NONE',  ( -128.8914491707721766, -30.37289697182161774, 4.749999999999929834 ) ) ;
#3869 = PRESENTATION_STYLE_ASSIGNMENT (( #6322 ) ) ;
#3870 = LINE ( 'NONE', #2787, #3813 ) ;
#3871 = SURFACE_SIDE_STYLE ('',( #4919 ) ) ;
#3872 = CARTESIAN_POINT ( 'NONE',  ( -120.8559542526782593, -31.75289059406845382, -5.265492065111759601 ) ) ;
#3873 = DIRECTION ( 'NONE',  ( 1.000000000000000000, 0.0000000000000000000, 1.084202172485503448E-16 ) ) ;
#3874 = CARTESIAN_POINT ( 'NONE',  ( -128.8298832844230617, -30.60238537315507656, -2.993317814978522673 ) ) ;
#3875 = VERTEX_POINT ( 'NONE', #4939 ) ;
#3876 = CYLINDRICAL_SURFACE ( 'NONE', #2408, 0.4322439728138900983 ) ;
#3877 = CARTESIAN_POINT ( 'NONE',  ( -128.8612317565364549, -30.48553314903986333, -4.357339713379316137 ) ) ;
#3878 = PRESENTATION_STYLE_ASSIGNMENT (( #4852 ) ) ;
#3879 = SURFACE_SIDE_STYLE ('',( #773 ) ) ;
#3880 = COLOUR_RGB ( '',0.8000000000000000444, 0.1921568627450980227, 0.1921568627450980227 ) ;
#3881 = UNCERTAINTY_MEASURE_WITH_UNIT (LENGTH_MEASURE( 1.000000000000000082E-05 ), #5926, 'distance_accuracy_value', 'NONE');
#3882 =( NAMED_UNIT ( * ) SI_UNIT ( $, .STERADIAN. ) SOLID_ANGLE_UNIT ( ) );
#3883 = CARTESIAN_POINT ( 'NONE',  ( -127.9233521597989949, -34.25397777197829896, 4.749999999999960032 ) ) ;
#3884 =( NAMED_UNIT ( * ) PLANE_ANGLE_UNIT ( ) SI_UNIT ( $, .RADIAN. ) );
#3885 = SURFACE_SIDE_STYLE ('',( #3345 ) ) ;
#3886 = FACE_OUTER_BOUND ( 'NONE', #6541, .T. ) ;
#3887 = PRESENTATION_STYLE_ASSIGNMENT (( #5403 ) ) ;
#3888 = PRESENTATION_LAYER_ASSIGNMENT (  '', '', ( #4529 ) ) ;
#3889 = VERTEX_POINT ( 'NONE', #3482 ) ;
#3890 = CYLINDRICAL_SURFACE ( 'NONE', #3169, 0.6322439728138918857 ) ;
#3891 = PRESENTATION_STYLE_ASSIGNMENT (( #1782 ) ) ;
#3892 = AXIS2_PLACEMENT_3D ( 'NONE', #6050, #4079, #5027 ) ;
#3893 = DIRECTION ( 'NONE',  ( 0.0000000000000000000, 1.000000000000000000, 0.0000000000000000000 ) ) ;
#3894 = COLOUR_RGB ( '',0.8000000000000000444, 0.1921568627450980227, 0.1921568627450980227 ) ;
#3895 = SURFACE_SIDE_STYLE ('',( #2317 ) ) ;
#3896 = SURFACE_SIDE_STYLE ('',( #713 ) ) ;
#3897 = CARTESIAN_POINT ( 'NONE',  ( -128.4630178731449348, -30.98388557773578356, -3.335756337264530469 ) ) ;
#3898 = MECHANICAL_DESIGN_GEOMETRIC_PRESENTATION_REPRESENTATION (  '', ( #53 ), #289 ) ;
#3899 = CARTESIAN_POINT ( 'NONE',  ( -127.9233521597989949, -38.13397777197868521, -5.265492065110767506 ) ) ;
#3900 = PRESENTATION_LAYER_ASSIGNMENT (  '', '', ( #175 ) ) ;
#3901 = ORIENTED_EDGE ( 'NONE', *, *, #3955, .F. ) ;
#3902 = CARTESIAN_POINT ( 'NONE',  ( -128.8647947587237184, -30.47225196810667214, 5.207369999911007241 ) ) ;
#3903 = CARTESIAN_POINT ( 'NONE',  ( -128.3555961326129875, -30.39812959706699758, 0.8985590598002880514 ) ) ;
#3904 = PRESENTATION_LAYER_ASSIGNMENT (  '', '', ( #60 ) ) ;
#3905 = FILL_AREA_STYLE_COLOUR ( '', #6152 ) ;
#3906 = ORIENTED_EDGE ( 'NONE', *, *, #2516, .F. ) ;
#3907 = DIRECTION ( 'NONE',  ( -6.123031769111889989E-17, 0.0000000000000000000, 1.000000000000000000 ) ) ;
#3908 = PRESENTATION_LAYER_ASSIGNMENT (  '', '', ( #5739 ) ) ;
#3909 = CARTESIAN_POINT ( 'NONE',  ( -128.2542243346360351, -30.38633774436429036, -0.1151624886963100863 ) ) ;
#3910 = AXIS2_PLACEMENT_3D ( 'NONE', #179, #2773, #1681 ) ;
#3911 = CARTESIAN_POINT ( 'NONE',  ( -128.0069910185779349, -30.25397793945673186, -0.04624931642875520360 ) ) ;
#3912 = AXIS2_PLACEMENT_3D ( 'NONE', #458, #2041, #25 ) ;
#3913 = DIRECTION ( 'NONE',  ( 1.000000000000000000, 6.938893903907222067E-15, 0.0000000000000000000 ) ) ;
#3914 = DIRECTION ( 'NONE',  ( 0.9658472322132152232, 0.2591121842485830662, 6.746604670361801995E-17 ) ) ;
#3915 = ORIENTED_EDGE ( 'NONE', *, *, #6123, .F. ) ;
#3916 = SURFACE_STYLE_USAGE ( .BOTH. , #3985 ) ;
#3917 = FACE_OUTER_BOUND ( 'NONE', #779, .T. ) ;
#3918 = STYLED_ITEM ( 'NONE', ( #4292 ), #1456 ) ;
#3919 =( LENGTH_UNIT ( ) NAMED_UNIT ( * ) SI_UNIT ( .MILLI., .METRE. ) );
#3920 =( GEOMETRIC_REPRESENTATION_CONTEXT ( 3 ) GLOBAL_UNCERTAINTY_ASSIGNED_CONTEXT ( ( #6176 ) ) GLOBAL_UNIT_ASSIGNED_CONTEXT ( ( #5009, #341, #4525 ) ) REPRESENTATION_CONTEXT ( 'NONE', 'WORKASPACE' ) );
#3921 = ORIENTED_EDGE ( 'NONE', *, *, #1661, .F. ) ;
#3922 = VECTOR ( 'NONE', #234, 1000.000000000000000 ) ;
#3923 = VECTOR ( 'NONE', #1197, 1000.000000000000000 ) ;
#3924 = CARTESIAN_POINT ( 'NONE',  ( -128.3085590592846756, -30.39231982247666863, -1.695314443152190043 ) ) ;
#3925 = FILL_AREA_STYLE ('',( #3421 ) ) ;
#3926 = FILL_AREA_STYLE_COLOUR ( '', #3486 ) ;
#3927 =( NAMED_UNIT ( * ) SI_UNIT ( $, .STERADIAN. ) SOLID_ANGLE_UNIT ( ) );
#3928 = STYLED_ITEM ( 'NONE', ( #6538 ), #2451 ) ;
#3929 = ORIENTED_EDGE ( 'NONE', *, *, #3852, .T. ) ;
#3930 = DIRECTION ( 'NONE',  ( -6.123031769111889989E-17, -6.123031769111889989E-17, 1.000000000000000000 ) ) ;
#3931 = CARTESIAN_POINT ( 'NONE',  ( -127.9233521597989949, -30.37397777197829640, -1.901426395795773550 ) ) ;
#3932 = STYLED_ITEM ( 'NONE', ( #2963 ), #2590 ) ;
#3933 = FILL_AREA_STYLE ('',( #3830 ) ) ;
#3934 = PRESENTATION_STYLE_ASSIGNMENT (( #2810 ) ) ;
#3935 = AXIS2_PLACEMENT_3D ( 'NONE', #923, #6141, #3060 ) ;
#3936 = COLOUR_RGB ( '',0.8000000000000000444, 0.1921568627450980227, 0.1921568627450980227 ) ;
#3937 = ADVANCED_FACE ( 'NONE', ( #3425 ), #5474, .T. ) ;
#3938 =( GEOMETRIC_REPRESENTATION_CONTEXT ( 3 ) GLOBAL_UNCERTAINTY_ASSIGNED_CONTEXT ( ( #1352 ) ) GLOBAL_UNIT_ASSIGNED_CONTEXT ( ( #313, #4396, #1210 ) ) REPRESENTATION_CONTEXT ( 'NONE', 'WORKASPACE' ) );
#3939 = EDGE_CURVE ( 'NONE', #741, #5327, #4664, .T. ) ;
#3940 = FACE_OUTER_BOUND ( 'NONE', #5637, .T. ) ;
#3941 = ORIENTED_EDGE ( 'NONE', *, *, #5858, .F. ) ;
#3942 = CARTESIAN_POINT ( 'NONE',  ( -127.5924921961240130, -30.26596578266410020, 3.891013798483072161 ) ) ;
#3943 = CARTESIAN_POINT ( 'NONE',  ( -127.0869155337562830, -30.86440459382368218, -3.855041194427311524 ) ) ;
#3944 = ORIENTED_EDGE ( 'NONE', *, *, #6174, .F. ) ;
#3945 = CARTESIAN_POINT ( 'NONE',  ( -127.2807770569572625, -31.16357851993293338, 5.737678509578246988 ) ) ;
#3946 = COLOUR_RGB ( '',1.000000000000000000, 1.000000000000000000, 1.000000000000000000 ) ;
#3947 = SURFACE_STYLE_USAGE ( .BOTH. , #6081 ) ;
#3948 = ADVANCED_FACE ( 'NONE', ( #1621 ), #3132, .T. ) ;
#3949 = ORIENTED_EDGE ( 'NONE', *, *, #4730, .T. ) ;
#3950 = B_SPLINE_CURVE_WITH_KNOTS ( 'NONE', 3,
 ( #6488, #238, #1867, #349, #2323, #3942, #1367, #5452, #5483, #5986, #5515, #3459, #4915, #4415 ),
 .UNSPECIFIED., .F., .F.,
 ( 4, 2, 2, 2, 2, 2, 4 ),
 ( 0.0000000000000000000, 0.0002473059557974790503, 0.0004946119115949581006, 0.0009892238231898576543, 0.001236529778987307268, 0.001483835734784756232, 0.001978447646379655461 ),
 .UNSPECIFIED. ) ;
#3951 = FACE_OUTER_BOUND ( 'NONE', #4485, .T. ) ;
#3952 = COLOUR_RGB ( '',0.0000000000000000000, 0.0000000000000000000, 0.0000000000000000000 ) ;
#3953 =( NAMED_UNIT ( * ) PLANE_ANGLE_UNIT ( ) SI_UNIT ( $, .RADIAN. ) );
#3954 = CARTESIAN_POINT ( 'NONE',  ( -127.2911081990250324, -30.42583624193222391, -1.552823476199295172 ) ) ;
#3955 = EDGE_CURVE ( 'NONE', #3089, #6258, #5709, .T. ) ;
#3956 = CARTESIAN_POINT ( 'NONE',  ( -128.3555961326129875, -30.39812959706699758, 0.8985590598002789475 ) ) ;
#3957 = PRODUCT_DEFINITION_SHAPE ( 'NONE', 'NONE',  #5107 ) ;
#3958 = UNCERTAINTY_MEASURE_WITH_UNIT (LENGTH_MEASURE( 1.000000000000000082E-05 ), #4160, 'distance_accuracy_value', 'NONE');
#3959 =( LENGTH_UNIT ( ) NAMED_UNIT ( * ) SI_UNIT ( .MILLI., .METRE. ) );
#3960 = CARTESIAN_POINT ( 'NONE',  ( -127.0869155337562546, -30.86440459382366797, -3.544488108261520498 ) ) ;
#3961 = CYLINDRICAL_SURFACE ( 'NONE', #5000, 0.4322439728138898762 ) ;
#3962 = CARTESIAN_POINT ( 'NONE',  ( -128.5555961287738569, -30.30426036896118092, -1.552814413725160936 ) ) ;
#3963 = CARTESIAN_POINT ( 'NONE',  ( -127.9233521597989949, -34.25397777197869686, -2.891511004989539835 ) ) ;
#3964 = ORIENTED_EDGE ( 'NONE', *, *, #1676, .T. ) ;
#3965 = CARTESIAN_POINT ( 'NONE',  ( -133.9233521597989522, -37.25397777197868976, 5.630000000000910276 ) ) ;
#3966 =( NAMED_UNIT ( * ) SI_UNIT ( $, .STERADIAN. ) SOLID_ANGLE_UNIT ( ) );
#3967 = CARTESIAN_POINT ( 'NONE',  ( -127.6427423064912290, -30.83953303261916190, -3.346880229046897082 ) ) ;
#3968 =( NAMED_UNIT ( * ) PLANE_ANGLE_UNIT ( ) SI_UNIT ( $, .RADIAN. ) );
#3969 =( NAMED_UNIT ( * ) PLANE_ANGLE_UNIT ( ) SI_UNIT ( $, .RADIAN. ) );
#3970 = SURFACE_STYLE_FILL_AREA ( #437 ) ;
#3971 = EDGE_CURVE ( 'NONE', #2197, #1512, #5622, .T. ) ;
#3972 = FACE_OUTER_BOUND ( 'NONE', #5451, .T. ) ;
#3973 = B_SPLINE_CURVE_WITH_KNOTS ( 'NONE', 3,
 ( #6481, #295, #1687, #6007, #3524, #3484, #5643, #4033, #1480, #5506 ),
 .UNSPECIFIED., .F., .F.,
 ( 4, 2, 2, 2, 4 ),
 ( 1.170938346284344789E-17, 0.0003378645921876770450, 0.0006757291843753423805, 0.001013593776563007608, 0.001351458368750673052 ),
 .UNSPECIFIED. ) ;
#3974 = ORIENTED_EDGE ( 'NONE', *, *, #1697, .T. ) ;
#3975 = CARTESIAN_POINT ( 'NONE',  ( -127.9233521597989949, -30.25397777197829896, -2.101426395795781055 ) ) ;
#3976 = DIRECTION ( 'NONE',  ( 6.123031769111889989E-17, 0.0000000000000000000, -1.000000000000000000 ) ) ;
#3977 = ORIENTED_EDGE ( 'NONE', *, *, #5284, .T. ) ;
#3978 = SURFACE_STYLE_FILL_AREA ( #4008 ) ;
#3979 = UNCERTAINTY_MEASURE_WITH_UNIT (LENGTH_MEASURE( 1.000000000000000082E-05 ), #5603, 'distance_accuracy_value', 'NONE');
#3980 = APPLICATION_CONTEXT ( 'automotive_design' ) ;
#3981 = CARTESIAN_POINT ( 'NONE',  ( -127.9233521597989949, -34.25397777197869686, 0.8985590598012580532 ) ) ;
#3982 = CARTESIAN_POINT ( 'NONE',  ( -128.8246826561316141, -30.62177084688596196, -3.212067948763567937 ) ) ;
#3983 = EDGE_CURVE ( 'NONE', #114, #351, #3416, .T. ) ;
#3984 = ORIENTED_EDGE ( 'NONE', *, *, #5782, .F. ) ;
#3985 = SURFACE_SIDE_STYLE ('',( #4055 ) ) ;
#3986 =( NAMED_UNIT ( * ) SI_UNIT ( $, .STERADIAN. ) SOLID_ANGLE_UNIT ( ) );
#3987 =( NAMED_UNIT ( * ) SI_UNIT ( $, .STERADIAN. ) SOLID_ANGLE_UNIT ( ) );
#3988 =( NAMED_UNIT ( * ) PLANE_ANGLE_UNIT ( ) SI_UNIT ( $, .RADIAN. ) );
#3989 = ORIENTED_EDGE ( 'NONE', *, *, #414, .T. ) ;
#3990 =( LENGTH_UNIT ( ) NAMED_UNIT ( * ) SI_UNIT ( .MILLI., .METRE. ) );
#3991 = ORIENTED_EDGE ( 'NONE', *, *, #3686, .F. ) ;
#3992 = CARTESIAN_POINT ( 'NONE',  ( -127.7576660653320317, -30.25667594448760767, 1.921238420895268639 ) ) ;
#3993 = CARTESIAN_POINT ( 'NONE',  ( -128.4976948135228838, -30.77376144117149437, -5.630000000000165095 ) ) ;
#3994 = FILL_AREA_STYLE ('',( #338 ) ) ;
#3995 = COLOUR_RGB ( '',1.000000000000000000, 1.000000000000000000, 1.000000000000000000 ) ;
#3996 =( LENGTH_UNIT ( ) NAMED_UNIT ( * ) SI_UNIT ( .MILLI., .METRE. ) );
#3997 = CIRCLE ( 'NONE', #101, 4.000000000000003553 ) ;
#3998 = CARTESIAN_POINT ( 'NONE',  ( -128.2039512340103897, -30.83953303261916190, -3.346880229046878430 ) ) ;
#3999 = SHAPE_DEFINITION_REPRESENTATION ( #6678, #4169 ) ;
#4000 = CARTESIAN_POINT ( 'NONE',  ( -127.9233521597989949, -34.25397777197869686, -5.629999999999089511 ) ) ;
#4001 = CARTESIAN_POINT ( 'NONE',  ( -135.6833521597989716, -30.37397777197870141, -4.508018297698261456 ) ) ;
#4002 = EDGE_CURVE ( 'NONE', #19, #1615, #1038, .T. ) ;
#4003 = EDGE_LOOP ( 'NONE', ( #456, #4493, #50, #5420 ) ) ;
#4004 =( NAMED_UNIT ( * ) PLANE_ANGLE_UNIT ( ) SI_UNIT ( $, .RADIAN. ) );
#4005 = AXIS2_PLACEMENT_3D ( 'NONE', #6214, #1602, #6685 ) ;
#4006 = CARTESIAN_POINT ( 'NONE',  ( -127.2911081946638774, -30.42583624265232700, 3.494949019496502274 ) ) ;
#4007 = AXIS2_PLACEMENT_3D ( 'NONE', #3004, #335, #4598 ) ;
#4008 = FILL_AREA_STYLE ('',( #4611 ) ) ;
#4009 = PRODUCT ( '2_1', '2_1', '', ( #914 ) ) ;
#4010 = CARTESIAN_POINT ( 'NONE',  ( -127.2894087991508911, -30.41291718526906251, 5.195173636599679234 ) ) ;
#4011 = PRESENTATION_STYLE_ASSIGNMENT (( #355 ) ) ;
#4012 = CARTESIAN_POINT ( 'NONE',  ( -127.2911081908241471, -30.30426036896133724, -0.5948595703592298722 ) ) ;
#4013 = MECHANICAL_DESIGN_GEOMETRIC_PRESENTATION_REPRESENTATION (  '', ( #1799 ), #1277 ) ;
#4014 = VERTEX_POINT ( 'NONE', #1517 ) ;
#4015 = DIRECTION ( 'NONE',  ( 1.000000000000000000, 0.0000000000000000000, 0.0000000000000000000 ) ) ;
#4016 =( LENGTH_UNIT ( ) NAMED_UNIT ( * ) SI_UNIT ( .MILLI., .METRE. ) );
#4017 = CARTESIAN_POINT ( 'NONE',  ( -127.2911081990249755, -30.42583624193204628, 2.453340171455391960 ) ) ;
#4018 = APPLICATION_CONTEXT ( 'automotive_design' ) ;
#4019 = CIRCLE ( 'NONE', #6038, 3.000000000000002665 ) ;
#4020 = EDGE_CURVE ( 'NONE', #2879, #4098, #1536, .T. ) ;
#4021 = CIRCLE ( 'NONE', #1921, 1.000000000000000888 ) ;
#4022 = SURFACE_STYLE_USAGE ( .BOTH. , #4556 ) ;
#4023 = UNCERTAINTY_MEASURE_WITH_UNIT (LENGTH_MEASURE( 1.000000000000000082E-05 ), #4362, 'distance_accuracy_value', 'NONE');
#4024 = CARTESIAN_POINT ( 'NONE',  ( -128.2420516734067348, -30.38632920083937705, 1.984693700102091007 ) ) ;
#4025 = AXIS2_PLACEMENT_3D ( 'NONE', #4456, #213, #2300 ) ;
#4026 = CIRCLE ( 'NONE', #5740, 4.000000000000003553 ) ;
#4027 = VECTOR ( 'NONE', #6168, 1000.000000000000000 ) ;
#4028 = VERTEX_POINT ( 'NONE', #2086 ) ;
#4029 = DIRECTION ( 'NONE',  ( -6.123031769111889989E-17, 0.0000000000000000000, 1.000000000000000000 ) ) ;
#4030 = CARTESIAN_POINT ( 'NONE',  ( -127.9233521597990233, -30.73848570686702075, 5.630000000000913829 ) ) ;
#4031 = CIRCLE ( 'NONE', #4882, 3.880000000000011884 ) ;
#4032 = CARTESIAN_POINT ( 'NONE',  ( -127.3642512071494508, -30.87395101281543575, -3.346880229046897082 ) ) ;
#4033 = CARTESIAN_POINT ( 'NONE',  ( -128.3085634251419833, -30.27176770687259477, 3.553798755605592330 ) ) ;
#4034 = DIRECTION ( 'NONE',  ( 0.2591121842485830107, -0.9658472322132151122, 0.0000000000000000000 ) ) ;
#4035 = MECHANICAL_DESIGN_GEOMETRIC_PRESENTATION_REPRESENTATION (  '', ( #2844 ), #1620 ) ;
#4036 = CARTESIAN_POINT ( 'NONE',  ( -128.1494855006946239, -30.37974990319049695, -1.854388494758201889 ) ) ;
#4037 = UNCERTAINTY_MEASURE_WITH_UNIT (LENGTH_MEASURE( 1.000000000000000082E-05 ), #5338, 'distance_accuracy_value', 'NONE');
#4038 = MECHANICAL_DESIGN_GEOMETRIC_PRESENTATION_REPRESENTATION (  '', ( #423 ), #3053 ) ;
#4039 = APPLICATION_PROTOCOL_DEFINITION ( 'draft international standard', 'automotive_design', 1998, #6190 ) ;
#4040 = CARTESIAN_POINT ( 'NONE',  ( -128.7321080363771841, -30.96684508769138233, 5.680434863379844934 ) ) ;
#4041 = STYLED_ITEM ( 'NONE', ( #1473 ), #242 ) ;
#4042 = CARTESIAN_POINT ( 'NONE',  ( -127.2140898141367273, -31.33902546961986246, -5.630000000000070948 ) ) ;
#4043 = ORIENTED_EDGE ( 'NONE', *, *, #6414, .F. ) ;
#4044 = COLOUR_RGB ( '',1.000000000000000000, 1.000000000000000000, 1.000000000000000000 ) ;
#4045 = SURFACE_SIDE_STYLE ('',( #1835 ) ) ;
#4046 = COLOUR_RGB ( '',1.000000000000000000, 1.000000000000000000, 1.000000000000000000 ) ;
#4047 = CARTESIAN_POINT ( 'NONE',  ( -127.9233521597989949, -34.25397777197829896, 4.749999999999940492 ) ) ;
#4048 = COLOUR_RGB ( '',0.7921568627450980005, 0.8196078431372548767, 0.9333333333333333481 ) ;
#4049 = UNCERTAINTY_MEASURE_WITH_UNIT (LENGTH_MEASURE( 1.000000000000000082E-05 ), #6353, 'distance_accuracy_value', 'NONE');
#4050 = CARTESIAN_POINT ( 'NONE',  ( -127.4076201975110934, -31.12915963108784112, 5.615972769942961129 ) ) ;
#4051 = STYLED_ITEM ( 'NONE', ( #5602 ), #2859 ) ;
#4052 = CARTESIAN_POINT ( 'NONE',  ( -127.9234605387457577, -38.13397777046466075, -2.891511004989561595 ) ) ;
#4053 = VERTEX_POINT ( 'NONE', #1738 ) ;
#4054 = DIRECTION ( 'NONE',  ( 0.0000000000000000000, 0.0000000000000000000, 1.000000000000000000 ) ) ;
#4055 = SURFACE_STYLE_FILL_AREA ( #6536 ) ;
#4056 =( NAMED_UNIT ( * ) PLANE_ANGLE_UNIT ( ) SI_UNIT ( $, .RADIAN. ) );
#4057 = CARTESIAN_POINT ( 'NONE',  ( -127.9233521597989949, -30.37397777197829996, 1.904737251858918734 ) ) ;
#4058 = MECHANICAL_DESIGN_GEOMETRIC_PRESENTATION_REPRESENTATION (  '', ( #660 ), #1313 ) ;
#4059 = ORIENTED_EDGE ( 'NONE', *, *, #5788, .T. ) ;
#4060 = DIRECTION ( 'NONE',  ( 1.224606353822379970E-16, -0.0000000000000000000, -1.000000000000000000 ) ) ;
#4061 = FACE_OUTER_BOUND ( 'NONE', #385, .T. ) ;
#4062 = MECHANICAL_DESIGN_GEOMETRIC_PRESENTATION_REPRESENTATION (  '', ( #5022 ), #2752 ) ;
#4063 = EDGE_LOOP ( 'NONE', ( #2005, #5289, #6094, #2158 ) ) ;
#4064 = CARTESIAN_POINT ( 'NONE',  ( -127.9233521597989949, -30.25397777197829896, -2.101426395795771285 ) ) ;
#4065 = VERTEX_POINT ( 'NONE', #4451 ) ;
#4066 = CIRCLE ( 'NONE', #1110, 3.156496523019698852 ) ;
#4067 = CARTESIAN_POINT ( 'NONE',  ( -127.9233521597989949, -30.37397777197830706, -2.891511004989604672 ) ) ;
#4068 = PRESENTATION_LAYER_ASSIGNMENT (  '', '', ( #3848 ) ) ;
#4069 = CARTESIAN_POINT ( 'NONE',  ( -127.9233521598000038, -34.25397777197829896, 0.8985590598002880514 ) ) ;
#4070 = PRODUCT_DEFINITION_SHAPE ( 'NONE', 'NONE',  #4909 ) ;
#4071 = CARTESIAN_POINT ( 'NONE',  ( -127.2911081990249755, -30.42583624193204983, -1.552823476199306940 ) ) ;
#4072 = APPLICATION_PROTOCOL_DEFINITION ( 'draft international standard', 'automotive_design', 1998, #3719 ) ;
#4073 = CARTESIAN_POINT ( 'NONE',  ( -128.6728439867118254, -31.18775333446104980, 5.737678509578205244 ) ) ;
#4074 = LINE ( 'NONE', #6106, #2425 ) ;
#4075 = ORIENTED_EDGE ( 'NONE', *, *, #5127, .T. ) ;
#4076 =( NAMED_UNIT ( * ) SI_UNIT ( $, .STERADIAN. ) SOLID_ANGLE_UNIT ( ) );
#4077 = EDGE_LOOP ( 'NONE', ( #670, #6637, #280, #4801 ) ) ;
#4078 = DIRECTION ( 'NONE',  ( 0.0000000000000000000, 0.0000000000000000000, 1.000000000000000000 ) ) ;
#4079 = DIRECTION ( 'NONE',  ( -6.123031769111889989E-17, 0.0000000000000000000, 1.000000000000000000 ) ) ;
#4080 = CYLINDRICAL_SURFACE ( 'NONE', #4249, 3.879999999999994564 ) ;
#4081 = VERTEX_POINT ( 'NONE', #4950 ) ;
#4082 = CARTESIAN_POINT ( 'NONE',  ( -128.6665036384268319, -31.21138714334613695, -5.750000000000056843 ) ) ;
#4083 = UNCERTAINTY_MEASURE_WITH_UNIT (LENGTH_MEASURE( 1.000000000000000082E-05 ), #4539, 'distance_accuracy_value', 'NONE');
#4084 = ADVANCED_FACE ( 'NONE', ( #2893 ), #610, .F. ) ;
#4085 = ORIENTED_EDGE ( 'NONE', *, *, #1778, .F. ) ;
#4086 =( LENGTH_UNIT ( ) NAMED_UNIT ( * ) SI_UNIT ( .MILLI., .METRE. ) );
#4087 = ORIENTED_EDGE ( 'NONE', *, *, #3438, .F. ) ;
#4088 = FACE_OUTER_BOUND ( 'NONE', #4, .T. ) ;
#4089 = CARTESIAN_POINT ( 'NONE',  ( -128.7253910057213488, -30.99188298965813715, 5.579333058685041813 ) ) ;
#4090 = EDGE_CURVE ( 'NONE', #5440, #3081, #5870, .T. ) ;
#4091 = CARTESIAN_POINT ( 'NONE',  ( -127.6524801743637028, -30.95073967747230270, -4.063772965424313988 ) ) ;
#4092 = CARTESIAN_POINT ( 'NONE',  ( -133.9233521597989807, -37.25397777197869686, -5.629999999999089511 ) ) ;
#4093 = EDGE_LOOP ( 'NONE', ( #3504, #3780, #1732, #6642 ) ) ;
#4094 = EDGE_CURVE ( 'NONE', #604, #2788, #5778, .T. ) ;
#4095 = CARTESIAN_POINT ( 'NONE',  ( -127.9233521597989949, -30.25397777197829896, 1.904737251858918734 ) ) ;
#4096 = FILL_AREA_STYLE_COLOUR ( '', #3422 ) ;
#4097 = PRODUCT_DEFINITION_FORMATION_WITH_SPECIFIED_SOURCE ( 'ANY', '', #5508, .NOT_KNOWN. ) ;
#4098 = VERTEX_POINT ( 'NONE', #1941 ) ;
#4099 = DIRECTION ( 'NONE',  ( -6.123031769111889989E-17, -7.498303609110707725E-33, 1.000000000000000000 ) ) ;
#4100 = CARTESIAN_POINT ( 'NONE',  ( -127.8397040002521265, -30.37397795263181521, 3.959914282159724408 ) ) ;
#4101 = CARTESIAN_POINT ( 'NONE',  ( -131.8033521597990045, -34.25397777197869686, -4.508018297698258792 ) ) ;
#4102 = UNCERTAINTY_MEASURE_WITH_UNIT (LENGTH_MEASURE( 1.000000000000000082E-05 ), #4733, 'distance_accuracy_value', 'NONE');
#4103 = CARTESIAN_POINT ( 'NONE',  ( -127.2911081869857810, -30.30426036957589986, -0.6784922151501250331 ) ) ;
#4104 = CARTESIAN_POINT ( 'NONE',  ( -128.8914491707721766, -30.37289697182161419, -2.952881880399381931 ) ) ;
#4105 =( BOUNDED_SURFACE ( )  B_SPLINE_SURFACE ( 3, 3, ( 
 ( #673, #1220, #4337, #1179 ),
 ( #3316, #4371, #772, #2766 ),
 ( #3854, #6402, #172, #3340 ),
 ( #634, #4856, #2225, #2332 ) ),
 .UNSPECIFIED., .F., .F., .T. ) 
 B_SPLINE_SURFACE_WITH_KNOTS ( ( 4, 4 ),
 ( 4, 4 ),
 ( 0.0000000000000000000, 1.000000000000000000 ),
 ( 0.0000000000000000000, 1.000000000000000000 ),
 .UNSPECIFIED. ) 
 GEOMETRIC_REPRESENTATION_ITEM ( )  RATIONAL_B_SPLINE_SURFACE ( (
 ( 1.000000000000000000, 0.9949883451683323443, 0.9949883451683323443, 1.000000000000000000),
 ( 0.8047378541243204175, 0.8007047857694724602, 0.8007047857694724602, 0.8047378541243204175),
 ( 0.8047378541243204175, 0.8007047857694724602, 0.8007047857694724602, 0.8047378541243204175),
 ( 1.000000000000000000, 0.9949883451683323443, 0.9949883451683323443, 1.000000000000000000) ) ) 
 REPRESENTATION_ITEM ( '' )  SURFACE ( )  );
#4106 =( GEOMETRIC_REPRESENTATION_CONTEXT ( 3 ) GLOBAL_UNCERTAINTY_ASSIGNED_CONTEXT ( ( #4557 ) ) GLOBAL_UNIT_ASSIGNED_CONTEXT ( ( #2652, #482, #4649 ) ) REPRESENTATION_CONTEXT ( 'NONE', 'WORKASPACE' ) );
#4107 = VERTEX_POINT ( 'NONE', #1439 ) ;
#4108 = CARTESIAN_POINT ( 'NONE',  ( -128.2520721662782819, -30.25397777197828475, 4.749999999999929834 ) ) ;
#4109 =( LENGTH_UNIT ( ) NAMED_UNIT ( * ) SI_UNIT ( .MILLI., .METRE. ) );
#4110 = B_SPLINE_CURVE_WITH_KNOTS ( 'NONE', 3,
 ( #2235, #6312, #5934, #6340, #1150, #2807, #4905, #4866, #6415, #5407, #1686, #743, #227, #5309 ),
 .UNSPECIFIED., .F., .F.,
 ( 4, 2, 2, 2, 2, 2, 4 ),
 ( 0.0000000000000000000, 0.0002473306817266521045, 0.0004946613634533043175, 0.0009893227269066680492, 0.001236653408633390898, 0.001483984090360113747, 0.001978645453813559444 ),
 .UNSPECIFIED. ) ;
#4111 = CARTESIAN_POINT ( 'NONE',  ( -127.2911081869855536, -30.42583624392056052, 2.536981179167820510 ) ) ;
#4112 = ORIENTED_EDGE ( 'NONE', *, *, #6043, .F. ) ;
#4113 = CARTESIAN_POINT ( 'NONE',  ( -128.7628226150297905, -30.85235571751248429, -5.623771072930685122 ) ) ;
#4114 = COLOUR_RGB ( '',1.000000000000000000, 1.000000000000000000, 1.000000000000000000 ) ;
#4115 = PRODUCT ( '3_1', '3_1', '', ( #2492 ) ) ;
#4116 = DIRECTION ( 'NONE',  ( 1.224606353822379970E-16, 0.0000000000000000000, -1.000000000000000000 ) ) ;
#4117 = ORIENTED_EDGE ( 'NONE', *, *, #2974, .T. ) ;
#4118 = CARTESIAN_POINT ( 'NONE',  ( -128.2542165329366526, -30.26596619605760452, -2.032521844850631698 ) ) ;
#4119 = ORIENTED_EDGE ( 'NONE', *, *, #596, .F. ) ;
#4120 = VECTOR ( 'NONE', #1572, 1000.000000000000000 ) ;
#4121 = PRODUCT_RELATED_PRODUCT_CATEGORY ( 'part', '', ( #6531 ) ) ;
#4122 = SURFACE_SIDE_STYLE ('',( #2007 ) ) ;
#4123 = CIRCLE ( 'NONE', #1496, 3.000000000000002665 ) ;
#4124 = DIRECTION ( 'NONE',  ( -0.0000000000000000000, -0.0000000000000000000, -1.000000000000000000 ) ) ;
#4125 = DIRECTION ( 'NONE',  ( 6.123031769111889989E-17, 7.498303609110707725E-33, -1.000000000000000000 ) ) ;
#4126 =( GEOMETRIC_REPRESENTATION_CONTEXT ( 3 ) GLOBAL_UNCERTAINTY_ASSIGNED_CONTEXT ( ( #5047 ) ) GLOBAL_UNIT_ASSIGNED_CONTEXT ( ( #6331, #215, #1747 ) ) REPRESENTATION_CONTEXT ( 'NONE', 'WORKASPACE' ) );
#4127 = CARTESIAN_POINT ( 'NONE',  ( -127.2894087991510617, -30.41291718526904475, -4.508018297699240229 ) ) ;
#4128 = FILL_AREA_STYLE_COLOUR ( '', #960 ) ;
#4129 = AXIS2_PLACEMENT_3D ( 'NONE', #2398, #4579, #919 ) ;
#4130 = VERTEX_POINT ( 'NONE', #1464 ) ;
#4131 =( GEOMETRIC_REPRESENTATION_CONTEXT ( 3 ) GLOBAL_UNCERTAINTY_ASSIGNED_CONTEXT ( ( #3979 ) ) GLOBAL_UNIT_ASSIGNED_CONTEXT ( ( #5603, #6611, #2982 ) ) REPRESENTATION_CONTEXT ( 'NONE', 'WORKASPACE' ) );
#4132 = ADVANCED_FACE ( 'NONE', ( #863 ), #4393, .T. ) ;
#4133 = APPLICATION_PROTOCOL_DEFINITION ( 'draft international standard', 'automotive_design', 1998, #2933 ) ;
#4134 = DIRECTION ( 'NONE',  ( 1.000000000000000000, 0.0000000000000000000, -0.0000000000000000000 ) ) ;
#4135 =( GEOMETRIC_REPRESENTATION_CONTEXT ( 3 ) GLOBAL_UNCERTAINTY_ASSIGNED_CONTEXT ( ( #1748 ) ) GLOBAL_UNIT_ASSIGNED_CONTEXT ( ( #3805, #787, #4320 ) ) REPRESENTATION_CONTEXT ( 'NONE', 'WORKASPACE' ) );
#4136 = LINE ( 'NONE', #3740, #2309 ) ;
#4137 = STYLED_ITEM ( 'NONE', ( #3662 ), #1513 ) ;
#4138 = CARTESIAN_POINT ( 'NONE',  ( -128.2420427737486648, -30.26595696919482137, -0.1261995074229219083 ) ) ;
#4139 = STYLED_ITEM ( 'NONE', ( #5438 ), #6691 ) ;
#4140 =( GEOMETRIC_REPRESENTATION_CONTEXT ( 3 ) GLOBAL_UNCERTAINTY_ASSIGNED_CONTEXT ( ( #4049 ) ) GLOBAL_UNIT_ASSIGNED_CONTEXT ( ( #6353, #2192, #698 ) ) REPRESENTATION_CONTEXT ( 'NONE', 'WORKASPACE' ) );
#4141 = VERTEX_POINT ( 'NONE', #6650 ) ;
#4142 = EDGE_CURVE ( 'NONE', #5261, #6119, #6418, .T. ) ;
#4143 = DIRECTION ( 'NONE',  ( -1.224606353822379970E-16, 0.0000000000000000000, 1.000000000000000000 ) ) ;
#4144 = PRESENTATION_LAYER_ASSIGNMENT (  '', '', ( #81 ) ) ;
#4145 = COLOUR_RGB ( '',0.8000000000000000444, 0.1921568627450980227, 0.1921568627450980227 ) ;
#4146 = CARTESIAN_POINT ( 'NONE',  ( -127.4911081869855565, -30.27740070772245318, 3.327671417993247172 ) ) ;
#4147 = CARTESIAN_POINT ( 'NONE',  ( -128.3555961326128454, -30.27740070772238923, -1.583431537697308489 ) ) ;
#4148 = ORIENTED_EDGE ( 'NONE', *, *, #2056, .T. ) ;
#4149 = PRESENTATION_STYLE_ASSIGNMENT (( #1466 ) ) ;
#4150 = AXIS2_PLACEMENT_3D ( 'NONE', #5623, #964, #6535 ) ;
#4151 = CARTESIAN_POINT ( 'NONE',  ( -127.9233521597989949, -34.25397777197829896, -5.750000000000039968 ) ) ;
#4152 =( NAMED_UNIT ( * ) SI_UNIT ( $, .STERADIAN. ) SOLID_ANGLE_UNIT ( ) );
#4153 = SURFACE_SIDE_STYLE ('',( #4217 ) ) ;
#4154 = ORIENTED_EDGE ( 'NONE', *, *, #2798, .T. ) ;
#4155 = PRESENTATION_LAYER_ASSIGNMENT (  '', '', ( #4051 ) ) ;
#4156 = CIRCLE ( 'NONE', #546, 3.879999999999994564 ) ;
#4157 = FACE_OUTER_BOUND ( 'NONE', #1592, .T. ) ;
#4158 = DIRECTION ( 'NONE',  ( 1.000000000000000000, 0.0000000000000000000, -0.0000000000000000000 ) ) ;
#4159 = UNCERTAINTY_MEASURE_WITH_UNIT (LENGTH_MEASURE( 1.000000000000000082E-05 ), #848, 'distance_accuracy_value', 'NONE');
#4160 =( LENGTH_UNIT ( ) NAMED_UNIT ( * ) SI_UNIT ( .MILLI., .METRE. ) );
#4161 = SURFACE_STYLE_FILL_AREA ( #2045 ) ;
#4162 = ORIENTED_EDGE ( 'NONE', *, *, #1211, .T. ) ;
#4163 = DIRECTION ( 'NONE',  ( 1.000000000000000000, 0.0000000000000000000, 0.0000000000000000000 ) ) ;
#4164 = VECTOR ( 'NONE', #692, 1000.000000000000000 ) ;
#4165 = ADVANCED_BREP_SHAPE_REPRESENTATION ( '', ( #296, #1074 ), #5752 ) ;
#4166 = FILL_AREA_STYLE ('',( #4628 ) ) ;
#4167 = CARTESIAN_POINT ( 'NONE',  ( -128.1492262712279739, -30.37973368358139226, 3.713029451106333756 ) ) ;
#4168 = LINE ( 'NONE', #3690, #331 ) ;
#4169 = SHAPE_REPRESENTATION ( '2_1', ( #1074 ), #5752 ) ;
#4170 = CARTESIAN_POINT ( 'NONE',  ( -127.9233521597989949, -34.25397777197829896, -4.446647422289434104 ) ) ;
#4171 = STYLED_ITEM ( 'NONE', ( #6393 ), #4084 ) ;
#4172 = SURFACE_SIDE_STYLE ('',( #5303 ) ) ;
#4173 = VERTEX_POINT ( 'NONE', #92 ) ;
#4174 =( NAMED_UNIT ( * ) SI_UNIT ( $, .STERADIAN. ) SOLID_ANGLE_UNIT ( ) );
#4175 = CARTESIAN_POINT ( 'NONE',  ( -128.7032719588858356, -31.07433229719358891, 5.719076254244063406 ) ) ;
#4176 = VECTOR ( 'NONE', #5714, 1000.000000000000000 ) ;
#4177 = CARTESIAN_POINT ( 'NONE',  ( -128.0906128996033999, -30.25397777249666831, 1.904737255138748253 ) ) ;
#4178 = FILL_AREA_STYLE_COLOUR ( '', #3366 ) ;
#4179 = EDGE_LOOP ( 'NONE', ( #3032, #4546, #3666, #904 ) ) ;
#4180 = FILL_AREA_STYLE ('',( #990 ) ) ;
#4181 = DIRECTION ( 'NONE',  ( 1.000000000000000000, -1.214306433183763862E-14, 0.0000000000000000000 ) ) ;
#4182 = PRODUCT_DEFINITION_SHAPE ( 'NONE', 'NONE',  #3724 ) ;
#4183 = DIRECTION ( 'NONE',  ( -6.123031769111880128E-17, -6.123031769111889989E-17, 1.000000000000000000 ) ) ;
#4184 = DIRECTION ( 'NONE',  ( 0.0000000000000000000, 1.000000000000000000, 0.0000000000000000000 ) ) ;
#4185 = VERTEX_POINT ( 'NONE', #615 ) ;
#4186 = CARTESIAN_POINT ( 'NONE',  ( -124.9233521597989949, -34.25397777197869686, -5.749999999999089617 ) ) ;
#4187 = CARTESIAN_POINT ( 'NONE',  ( -128.0376092715883090, -30.37397786202814487, -0.2462490651722863966 ) ) ;
#4188 = PRESENTATION_STYLE_ASSIGNMENT (( #4650 ) ) ;
#4189 = CARTESIAN_POINT ( 'NONE',  ( -127.5946195256776008, -30.25397777197829186, 5.265241647999089558 ) ) ;
#4190 = ORIENTED_EDGE ( 'NONE', *, *, #6251, .T. ) ;
#4191 = LINE ( 'NONE', #6218, #4120 ) ;
#4192 = EDGE_CURVE ( 'NONE', #2671, #1586, #4066, .T. ) ;
#4193 = CARTESIAN_POINT ( 'NONE',  ( -127.8091031230043058, -30.25397777197829541, 2.104737251858926239 ) ) ;
#4194 = PRESENTATION_STYLE_ASSIGNMENT (( #4699 ) ) ;
#4195 = SURFACE_STYLE_USAGE ( .BOTH. , #2083 ) ;
#4196 = VERTEX_POINT ( 'NONE', #4776 ) ;
#4197 = SURFACE_SIDE_STYLE ('',( #5705 ) ) ;
#4198 = CARTESIAN_POINT ( 'NONE',  ( -127.9233521597989949, -34.25397777197829896, 0.8985590598003060370 ) ) ;
#4199 = DIRECTION ( 'NONE',  ( 6.123031769111889989E-17, -0.0000000000000000000, -1.000000000000000000 ) ) ;
#4200 = DIRECTION ( 'NONE',  ( -6.123031769111889989E-17, 5.817644942362439956E-48, 1.000000000000000000 ) ) ;
#4201 = CARTESIAN_POINT ( 'NONE',  ( -127.9233521597989949, -30.37397777197869431, -5.265492065110767506 ) ) ;
#4202 = LINE ( 'NONE', #1014, #5847 ) ;
#4203 = ORIENTED_EDGE ( 'NONE', *, *, #5224, .F. ) ;
#4204 = CARTESIAN_POINT ( 'NONE',  ( -127.9233521597989949, -34.25397777197829896, 0.8985590598003060370 ) ) ;
#4205 = ITEM_DEFINED_TRANSFORMATION ( 'NONE', 'NONE', #2958,  #1074 ) ;
#4206 = PRESENTATION_STYLE_ASSIGNMENT (( #40 ) ) ;
#4207 = CARTESIAN_POINT ( 'NONE',  ( -128.8603507143011768, -30.48881725629496131, -4.750000000000050626 ) ) ;
#4208 = CARTESIAN_POINT ( 'NONE',  ( -132.8833889029447732, -37.25369586963883961, -5.750000000000039968 ) ) ;
#4209 = EDGE_LOOP ( 'NONE', ( #5621, #1551, #2959, #1539 ) ) ;
#4210 = CARTESIAN_POINT ( 'NONE',  ( -127.1127886528461772, -30.96096438881854951, 5.700473981456023687 ) ) ;
#4211 = PRODUCT_DEFINITION ( 'UNKNOWN', '', #4097, #1232 ) ;
#4212 =( NAMED_UNIT ( * ) PLANE_ANGLE_UNIT ( ) SI_UNIT ( $, .RADIAN. ) );
#4213 = CARTESIAN_POINT ( 'NONE',  ( -127.4911081869850591, -30.39812959706710060, 3.327671417993230296 ) ) ;
#4214 = ORIENTED_EDGE ( 'NONE', *, *, #2549, .T. ) ;
#4215 = CARTESIAN_POINT ( 'NONE',  ( -128.4390440049016604, -31.12915469057596596, 5.615972769942955800 ) ) ;
#4216 = FACE_OUTER_BOUND ( 'NONE', #138, .T. ) ;
#4217 = SURFACE_STYLE_FILL_AREA ( #3233 ) ;
#4218 = ORIENTED_EDGE ( 'NONE', *, *, #679, .T. ) ;
#4219 = UNCERTAINTY_MEASURE_WITH_UNIT (LENGTH_MEASURE( 1.000000000000000082E-05 ), #221, 'distance_accuracy_value', 'NONE');
#4220 = CARTESIAN_POINT ( 'NONE',  ( -121.3171727989403195, -38.25428489208660920, 4.749999999999955591 ) ) ;
#4221 =( NAMED_UNIT ( * ) SI_UNIT ( $, .STERADIAN. ) SOLID_ANGLE_UNIT ( ) );
#4222 = AXIS2_PLACEMENT_3D ( 'NONE', #4151, #239, #4416 ) ;
#4223 = UNCERTAINTY_MEASURE_WITH_UNIT (LENGTH_MEASURE( 1.000000000000000082E-05 ), #2485, 'distance_accuracy_value', 'NONE');
#4224 = FILL_AREA_STYLE_COLOUR ( '', #5644 ) ;
#4225 = FACE_OUTER_BOUND ( 'NONE', #810, .T. ) ;
#4226 = DIRECTION ( 'NONE',  ( 6.123031769111889989E-17, -1.000000000000000000, -1.224606353822379970E-16 ) ) ;
#4228 = ORIENTED_EDGE ( 'NONE', *, *, #2207, .T. ) ;
#4227 = EDGE_CURVE ( 'NONE', #1272, #2510, #2649, .T. ) ;
#4229 = STYLED_ITEM ( 'NONE', ( #5516 ), #464 ) ;
#4230 = AXIS2_PLACEMENT_3D ( 'NONE', #6065, #1476, #6515 ) ;
#4231 = DIRECTION ( 'NONE',  ( 1.000000000000000000, 0.0000000000000000000, 0.0000000000000000000 ) ) ;
#4232 = DIRECTION ( 'NONE',  ( 1.000000000000000000, 0.0000000000000000000, 6.123031769111889989E-17 ) ) ;
#4233 = LINE ( 'NONE', #466, #6247 ) ;
#4234 = PRESENTATION_LAYER_ASSIGNMENT (  '', '', ( #403 ) ) ;
#4235 = LINE ( 'NONE', #1582, #2969 ) ;
#4236 = AXIS2_PLACEMENT_3D ( 'NONE', #3511, #6057, #1350 ) ;
#4237 = CARTESIAN_POINT ( 'NONE',  ( -127.9233521597989949, -34.25397777197869686, 0.8985590598012580532 ) ) ;
#4238 = CARTESIAN_POINT ( 'NONE',  ( -128.6925112030400840, -31.11444328726641118, -5.630000000000020322 ) ) ;
#4239 = CARTESIAN_POINT ( 'NONE',  ( -127.9233521597989949, -34.25397777197829896, -4.750000000000070166 ) ) ;
#4240 = VERTEX_POINT ( 'NONE', #5722 ) ;
#4241 = CARTESIAN_POINT ( 'NONE',  ( -128.6728439867118254, -31.18775333446104980, 5.737678509578205244 ) ) ;
#4242 =( GEOMETRIC_REPRESENTATION_CONTEXT ( 3 ) GLOBAL_UNCERTAINTY_ASSIGNED_CONTEXT ( ( #6363 ) ) GLOBAL_UNIT_ASSIGNED_CONTEXT ( ( #1880, #4432, #1355 ) ) REPRESENTATION_CONTEXT ( 'NONE', 'WORKASPACE' ) );
#4243 = EDGE_CURVE ( 'NONE', #4354, #351, #1160, .T. ) ;
#4244 = PRESENTATION_LAYER_ASSIGNMENT (  '', '', ( #407 ) ) ;
#4245 = VECTOR ( 'NONE', #1025, 1000.000000000000000 ) ;
#4246 = CONTEXT_DEPENDENT_SHAPE_REPRESENTATION ( #4374, #4540 ) ;
#4247 = DIRECTION ( 'NONE',  ( 1.000000000000000000, 0.0000000000000000000, 0.0000000000000000000 ) ) ;
#4248 = CARTESIAN_POINT ( 'NONE',  ( -127.9233521597989949, -34.25397777197829896, -2.891511004989599787 ) ) ;
#4249 = AXIS2_PLACEMENT_3D ( 'NONE', #2439, #6089, #2468 ) ;
#4250 = CARTESIAN_POINT ( 'NONE',  ( -128.5555961249340271, -30.42583624265214226, -1.636461421105448677 ) ) ;
#4251 = STYLED_ITEM ( 'NONE', ( #1823 ), #6523 ) ;
#4252 = SURFACE_STYLE_FILL_AREA ( #4180 ) ;
#4253 = PRESENTATION_LAYER_ASSIGNMENT (  '', '', ( #3045 ) ) ;
#4254 = EDGE_CURVE ( 'NONE', #38, #5342, #2873, .T. ) ;
#4255 =( NAMED_UNIT ( * ) PLANE_ANGLE_UNIT ( ) SI_UNIT ( $, .RADIAN. ) );
#4256 = CARTESIAN_POINT ( 'NONE',  ( -128.8914491707719776, -30.37289697182157155, 0.8985590598003059259 ) ) ;
#4257 = UNCERTAINTY_MEASURE_WITH_UNIT (LENGTH_MEASURE( 1.000000000000000082E-05 ), #2269, 'distance_accuracy_value', 'NONE');
#4258 = CIRCLE ( 'NONE', #3265, 4.000000000000003553 ) ;
#4259 = PRESENTATION_LAYER_ASSIGNMENT (  '', '', ( #4139 ) ) ;
#4260 = CARTESIAN_POINT ( 'NONE',  ( -128.7883909753746821, -30.75704900647112439, -3.773837053221990701 ) ) ;
#4261 = AXIS2_PLACEMENT_3D ( 'NONE', #252, #5966, #4307 ) ;
#4262 = ADVANCED_BREP_SHAPE_REPRESENTATION ( '', ( #4734, #1074 ), #5008 ) ;
#4263 = VERTEX_POINT ( 'NONE', #2710 ) ;
#4264 = DIRECTION ( 'NONE',  ( 6.123031769111889989E-17, -5.400123095199909910E-49, -1.000000000000000000 ) ) ;
#4265 = CARTESIAN_POINT ( 'NONE',  ( -127.8091011640081973, -30.37397768193087444, -0.2462474485444933747 ) ) ;
#4266 = FILL_AREA_STYLE_COLOUR ( '', #63 ) ;
#4267 = ORIENTED_EDGE ( 'NONE', *, *, #3604, .F. ) ;
#4268 = PRESENTATION_LAYER_ASSIGNMENT (  '', '', ( #427 ) ) ;
#4269 = CARTESIAN_POINT ( 'NONE',  ( -120.6410356098408556, -31.68261072909427156, 4.749999999999955591 ) ) ;
#4270 = CARTESIAN_POINT ( 'NONE',  ( -127.1378999868956470, -30.45431135450407112, -5.265492065111759601 ) ) ;
#4271 = CIRCLE ( 'NONE', #1303, 0.9002166417580760305 ) ;
#4272 = CARTESIAN_POINT ( 'NONE',  ( -128.8044532678503913, -30.69717640427966288, -3.113086643616251870 ) ) ;
#4273 = FACE_OUTER_BOUND ( 'NONE', #6004, .T. ) ;
#4274 =( NAMED_UNIT ( * ) SI_UNIT ( $, .STERADIAN. ) SOLID_ANGLE_UNIT ( ) );
#4275 = FACE_OUTER_BOUND ( 'NONE', #6385, .T. ) ;
#4276 = PRESENTATION_LAYER_ASSIGNMENT (  '', '', ( #2049 ) ) ;
#4277 = ORIENTED_EDGE ( 'NONE', *, *, #2894, .F. ) ;
#4278 = PRESENTATION_LAYER_ASSIGNMENT (  '', '', ( #5332 ) ) ;
#4279 = B_SPLINE_CURVE_WITH_KNOTS ( 'NONE', 3,
 ( #1860, #4071, #2487, #6103, #4570, #1961, #4605, #1459 ),
 .UNSPECIFIED., .F., .F.,
 ( 4, 2, 2, 4 ),
 ( 0.0000000000000000000, 0.0002473286012539386192, 0.0004946572025078772384, 0.0009893144050158145415 ),
 .UNSPECIFIED. ) ;
#4280 =( LENGTH_UNIT ( ) NAMED_UNIT ( * ) SI_UNIT ( .MILLI., .METRE. ) );
#4281 = SURFACE_STYLE_FILL_AREA ( #5398 ) ;
#4282 = CARTESIAN_POINT ( 'NONE',  ( -127.9233521597989949, -34.25397777197829896, -2.952881880399359726 ) ) ;
#4283 = DIRECTION ( 'NONE',  ( 1.000000000000000000, 0.0000000000000000000, 5.588670992193329703E-17 ) ) ;
#4284 = FILL_AREA_STYLE ('',( #2055 ) ) ;
#4285 = ORIENTED_EDGE ( 'NONE', *, *, #5712, .F. ) ;
#4286 = SURFACE_STYLE_FILL_AREA ( #2775 ) ;
#4287 = AXIS2_PLACEMENT_3D ( 'NONE', #1679, #4340, #2266 ) ;
#4288 =( NAMED_UNIT ( * ) PLANE_ANGLE_UNIT ( ) SI_UNIT ( $, .RADIAN. ) );
#4289 = CARTESIAN_POINT ( 'NONE',  ( -128.4756500272721382, -30.29216060115409093, 2.218299962457196628 ) ) ;
#4290 = AXIS2_PLACEMENT_3D ( 'NONE', #5912, #6321, #5358 ) ;
#4291 = CARTESIAN_POINT ( 'NONE',  ( -121.3104245212429788, -38.25435362884287116, -4.750000000000039968 ) ) ;
#4292 = PRESENTATION_STYLE_ASSIGNMENT (( #4869 ) ) ;
#4293 = DIRECTION ( 'NONE',  ( 2.802927004925552236E-14, -7.510420274124135843E-15, 1.000000000000000000 ) ) ;
#4294 = VERTEX_POINT ( 'NONE', #4213 ) ;
#4295 = LINE ( 'NONE', #655, #4164 ) ;
#4296 = AXIS2_PLACEMENT_3D ( 'NONE', #1529, #13, #473 ) ;
#4297 = CARTESIAN_POINT ( 'NONE',  ( -128.7678191489649464, -30.83373101066634092, -5.641369710444896768 ) ) ;
#4298 = CARTESIAN_POINT ( 'NONE',  ( -127.9233521597989949, -34.25397777197869686, -5.749999999999089617 ) ) ;
#4299 = ORIENTED_EDGE ( 'NONE', *, *, #3597, .F. ) ;
#4300 = CARTESIAN_POINT ( 'NONE',  ( -121.3171727989403479, -38.25428489208660920, 5.265241647999144625 ) ) ;
#4301 = SURFACE_SIDE_STYLE ('',( #102 ) ) ;
#4302 =( NAMED_UNIT ( * ) PLANE_ANGLE_UNIT ( ) SI_UNIT ( $, .RADIAN. ) );
#4303 = CARTESIAN_POINT ( 'NONE',  ( -127.3600078437460184, -30.29211353625900927, -1.800038967300383819 ) ) ;
#4304 = CARTESIAN_POINT ( 'NONE',  ( -127.9233521597990233, -30.66819133435148004, -5.750000000000168754 ) ) ;
#4305 = DIRECTION ( 'NONE',  ( 1.000000000000000000, 0.0000000000000000000, 0.0000000000000000000 ) ) ;
#4306 = ORIENTED_EDGE ( 'NONE', *, *, #4833, .T. ) ;
#4307 = DIRECTION ( 'NONE',  ( 1.341831088117449945E-14, 0.0000000000000000000, 1.000000000000000000 ) ) ;
#4308 = EDGE_CURVE ( 'NONE', #3759, #6258, #5816, .T. ) ;
#4309 = DIRECTION ( 'NONE',  ( 0.0000000000000000000, 0.0000000000000000000, 1.000000000000000000 ) ) ;
#4310 = DIRECTION ( 'NONE',  ( 0.0000000000000000000, 1.000000000000000000, 0.0000000000000000000 ) ) ;
#4311 = SURFACE_SIDE_STYLE ('',( #6200 ) ) ;
#4312 = ORIENTED_EDGE ( 'NONE', *, *, #6135, .F. ) ;
#4313 = DIRECTION ( 'NONE',  ( 1.224606353822379970E-16, -0.0000000000000000000, -1.000000000000000000 ) ) ;
#4314 = B_SPLINE_CURVE_WITH_KNOTS ( 'NONE', 3,
 ( #2254, #162, #3874, #4272, #626, #5872, #4819, #1768, #2220, #2827, #1214, #1646, #4330, #2762 ),
 .UNSPECIFIED., .F., .F.,
 ( 4, 2, 2, 2, 2, 2, 4 ),
 ( -0.0009274247517381340247, -0.0006955686958793228392, -0.0004637126400205117079, -5.283028799586003688E-10, 0.0002318555275559357805, 0.0004637115834147517365, 0.0009274236951323741075 ),
 .UNSPECIFIED. ) ;
#4315 = CONTEXT_DEPENDENT_SHAPE_REPRESENTATION ( #1306, #1972 ) ;
#4316 = CARTESIAN_POINT ( 'NONE',  ( -127.2911082110619105, -30.30426036572181658, -1.636443608726347421 ) ) ;
#4317 = EDGE_CURVE ( 'NONE', #514, #741, #2677, .T. ) ;
#4318 = DIRECTION ( 'NONE',  ( 6.123031769111889989E-17, 7.498303609110707725E-33, -1.000000000000000000 ) ) ;
#4319 = EDGE_CURVE ( 'NONE', #3461, #1272, #4900, .T. ) ;
#4320 =( NAMED_UNIT ( * ) SI_UNIT ( $, .STERADIAN. ) SOLID_ANGLE_UNIT ( ) );
#4321 = DIRECTION ( 'NONE',  ( 1.000000000000000000, 0.0000000000000000000, 0.0000000000000000000 ) ) ;
#4322 = ORIENTED_EDGE ( 'NONE', *, *, #6518, .F. ) ;
#4323 = CARTESIAN_POINT ( 'NONE',  ( -128.3555961326129875, -30.27740070772239989, -1.469182422981880176 ) ) ;
#4324 = DIRECTION ( 'NONE',  ( -6.123031769111889989E-17, -0.0000000000000000000, 1.000000000000000000 ) ) ;
#4325 = CARTESIAN_POINT ( 'NONE',  ( -127.2911081869853263, -30.30426036957597091, -1.469182513991859729 ) ) ;
#4326 = CARTESIAN_POINT ( 'NONE',  ( -127.0778516971679863, -30.83057789516445624, -4.005873073122222294 ) ) ;
#4327 = ORIENTED_EDGE ( 'NONE', *, *, #1133, .F. ) ;
#4328 = CARTESIAN_POINT ( 'NONE',  ( -121.5088123503996513, -38.13434235313697940, -4.750000000000039968 ) ) ;
#4329 = FILL_AREA_STYLE ('',( #1269 ) ) ;
#4330 = CARTESIAN_POINT ( 'NONE',  ( -128.8281619246983212, -30.60880178514492300, -4.412349303964118619 ) ) ;
#4331 = EDGE_LOOP ( 'NONE', ( #99, #2057, #5218, #5911 ) ) ;
#4332 =( REPRESENTATION_RELATIONSHIP ('NONE','NONE', #5949, #6675 ) REPRESENTATION_RELATIONSHIP_WITH_TRANSFORMATION ( #3185 )SHAPE_REPRESENTATION_RELATIONSHIP( ) );
#4333 = CARTESIAN_POINT ( 'NONE',  ( -134.5137422768941917, -38.25383314681186420, -2.952881880399351289 ) ) ;
#4334 = CARTESIAN_POINT ( 'NONE',  ( -127.9233521597989949, -34.25397777197829896, -4.446647422289434104 ) ) ;
#4335 = VERTEX_POINT ( 'NONE', #1596 ) ;
#4336 = EDGE_CURVE ( 'NONE', #5889, #765, #758, .T. ) ;
#4337 = CARTESIAN_POINT ( 'NONE',  ( -127.4331897675454854, -31.28408556575995547, -5.630000000000070948 ) ) ;
#4338 = SURFACE_SIDE_STYLE ('',( #2797 ) ) ;
#4339 = CARTESIAN_POINT ( 'NONE',  ( -127.4911081869851159, -30.27740070772250291, -0.5642426323335536509 ) ) ;
#4340 = DIRECTION ( 'NONE',  ( 1.000000000000000000, 1.224606353822379970E-16, 6.123031769111889989E-17 ) ) ;
#4341 = PLANE ( 'NONE',  #6372 ) ;
#4342 = EDGE_LOOP ( 'NONE', ( #3643, #4918, #317, #3147 ) ) ;
#4343 = DIRECTION ( 'NONE',  ( -6.123031769111889989E-17, 0.0000000000000000000, 1.000000000000000000 ) ) ;
#4344 = CARTESIAN_POINT ( 'NONE',  ( -127.2911081869859942, -36.18255236209569858, 3.327671447015919881 ) ) ;
#4345 = PRESENTATION_STYLE_ASSIGNMENT (( #4436 ) ) ;
#4346 = CARTESIAN_POINT ( 'NONE',  ( -127.2911081869853263, -30.30426036957597091, 2.536981133662860266 ) ) ;
#4347 = COLOUR_RGB ( '',1.000000000000000000, 1.000000000000000000, 1.000000000000000000 ) ;
#4348 = SURFACE_STYLE_USAGE ( .BOTH. , #2851 ) ;
#4349 = CARTESIAN_POINT ( 'NONE',  ( -128.2414948134953931, -30.37397777197829640, -4.508018297699238452 ) ) ;
#4350 = CARTESIAN_POINT ( 'NONE',  ( -127.9233521597989949, -31.25397777197868976, -5.629999999999089511 ) ) ;
#4351 = ORIENTED_EDGE ( 'NONE', *, *, #2403, .T. ) ;
#4352 = CARTESIAN_POINT ( 'NONE',  ( -127.2911081869851131, -36.18255236209569858, 2.536981133662859378 ) ) ;
#4353 = CARTESIAN_POINT ( 'NONE',  ( -128.2233521597989920, -36.00397777197930083, -5.749999999999809930 ) ) ;
#4354 = VERTEX_POINT ( 'NONE', #2031 ) ;
#4355 = STYLED_ITEM ( 'NONE', ( #5147 ), #1391 ) ;
#4356 =( NAMED_UNIT ( * ) SI_UNIT ( $, .STERADIAN. ) SOLID_ANGLE_UNIT ( ) );
#4357 = AXIS2_PLACEMENT_3D ( 'NONE', #6448, #3799, #687 ) ;
#4358 =( GEOMETRIC_REPRESENTATION_CONTEXT ( 3 ) GLOBAL_UNCERTAINTY_ASSIGNED_CONTEXT ( ( #614 ) ) GLOBAL_UNIT_ASSIGNED_CONTEXT ( ( #2515, #325, #3543 ) ) REPRESENTATION_CONTEXT ( 'NONE', 'WORKASPACE' ) );
#4359 =( NAMED_UNIT ( * ) PLANE_ANGLE_UNIT ( ) SI_UNIT ( $, .RADIAN. ) );
#4360 = FILL_AREA_STYLE ('',( #315 ) ) ;
#4361 = FILL_AREA_STYLE_COLOUR ( '', #1611 ) ;
#4362 =( LENGTH_UNIT ( ) NAMED_UNIT ( * ) SI_UNIT ( .MILLI., .METRE. ) );
#4363 = STYLED_ITEM ( 'NONE', ( #4708 ), #1545 ) ;
#4364 = ORIENTED_EDGE ( 'NONE', *, *, #5124, .F. ) ;
#4365 = CARTESIAN_POINT ( 'NONE',  ( -127.5379923950731609, -30.39233618854688856, 2.311109895530752745 ) ) ;
#4366 = CARTESIAN_POINT ( 'NONE',  ( -133.5489828762090383, -37.66829905767775699, -4.052649073641991784 ) ) ;
#4367 = LINE ( 'NONE', #3339, #3372 ) ;
#4368 = VERTEX_POINT ( 'NONE', #1639 ) ;
#4369 = COLOUR_RGB ( '',0.6588235294117646967, 0.6588235294117646967, 0.6588235294117646967 ) ;
#4370 = STYLED_ITEM ( 'NONE', ( #4561 ), #1740 ) ;
#4371 = CARTESIAN_POINT ( 'NONE',  ( -127.6350749335698112, -30.73848570686671167, -5.630000000000167759 ) ) ;
#4372 = CARTESIAN_POINT ( 'NONE',  ( -127.4911081869851159, -36.18255236209569858, 3.327671417993228964 ) ) ;
#4373 = UNCERTAINTY_MEASURE_WITH_UNIT (LENGTH_MEASURE( 1.000000000000000082E-05 ), #3773, 'distance_accuracy_value', 'NONE');
#4374 =( REPRESENTATION_RELATIONSHIP ('NONE','NONE', #5949, #5239 ) REPRESENTATION_RELATIONSHIP_WITH_TRANSFORMATION ( #2564 )SHAPE_REPRESENTATION_RELATIONSHIP( ) );
#4375 =( NAMED_UNIT ( * ) PLANE_ANGLE_UNIT ( ) SI_UNIT ( $, .RADIAN. ) );
#4376 = FACE_OUTER_BOUND ( 'NONE', #23, .T. ) ;
#4377 = CARTESIAN_POINT ( 'NONE',  ( -127.9233521597989949, -34.25397777197829896, 4.749999999999960032 ) ) ;
#4378 = PRESENTATION_STYLE_ASSIGNMENT (( #4705 ) ) ;
#4379 = ORIENTED_EDGE ( 'NONE', *, *, #2245, .F. ) ;
#4380 = SURFACE_STYLE_USAGE ( .BOTH. , #6338 ) ;
#4381 = AXIS2_PLACEMENT_3D ( 'NONE', #1289, #5443, #782 ) ;
#4382 = STYLED_ITEM ( 'NONE', ( #2708 ), #2072 ) ;
#4383 = CARTESIAN_POINT ( 'NONE',  ( -127.9233521597989949, -30.25397777197829896, 1.904737251858948710 ) ) ;
#4384 = PRESENTATION_LAYER_ASSIGNMENT (  '', '', ( #552 ) ) ;
#4385 = CARTESIAN_POINT ( 'NONE',  ( -127.9233521597989949, -31.09748124895878973, 5.615972769942930043 ) ) ;
#4386 = PRODUCT_DEFINITION_CONTEXT ( 'detailed design', #3980, 'design' ) ;
#4387 = CYLINDRICAL_SURFACE ( 'NONE', #6265, 4.000000000000003553 ) ;
#4388 = SURFACE_STYLE_USAGE ( .BOTH. , #6485 ) ;
#4389 = ADVANCED_FACE ( 'NONE', ( #3748 ), #1987, .T. ) ;
#4390 = ORIENTED_EDGE ( 'NONE', *, *, #868, .T. ) ;
#4391 = CARTESIAN_POINT ( 'NONE',  ( -127.9233521597989949, -34.25397777197869686, -4.508018297698258792 ) ) ;
#4392 = CARTESIAN_POINT ( 'NONE',  ( -128.7007239272332981, -31.08383014974101854, -5.750000000000010658 ) ) ;
#4393 =( BOUNDED_SURFACE ( )  B_SPLINE_SURFACE ( 3, 3, ( 
 ( #4509, #5024, #5587, #4052, #5560, #5660, #6017 ),
 ( #3536, #1900, #995, #6045, #6680, #6082, #3020 ),
 ( #4584, #415, #6110, #6624, #901, #1973, #3563 ),
 ( #5619, #3088, #961, #5150, #449, #1498, #2541 ) ),
 .UNSPECIFIED., .F., .F., .T. ) 
 B_SPLINE_SURFACE_WITH_KNOTS ( ( 4, 4 ),
 ( 4, 3, 4 ),
 ( 0.0000000000000000000, 1.000000000000000000 ),
 ( 0.0000000000000000000, 0.5000000000000000000, 1.000000000000000000 ),
 .UNSPECIFIED. ) 
 GEOMETRIC_REPRESENTATION_ITEM ( )  RATIONAL_B_SPLINE_SURFACE ( (
 ( 1.000000000000000000, 0.4022295634548561094, 0.4022295634548561094, 1.000000000000000000, 0.4022295634548561094, 0.4022295634548561094, 1.000000000000000000),
 ( 0.7401421113121429141, 0.2977070383276387844, 0.2977070383276387844, 0.7401421113121429141, 0.2977070383276387844, 0.2977070383276387844, 0.7401421113121429141),
 ( 0.7401421113121429141, 0.2977070383276387844, 0.2977070383276387844, 0.7401421113121429141, 0.2977070383276387844, 0.2977070383276387844, 0.7401421113121429141),
 ( 1.000000000000000000, 0.4022295634548561094, 0.4022295634548561094, 1.000000000000000000, 0.4022295634548561094, 0.4022295634548561094, 1.000000000000000000) ) ) 
 REPRESENTATION_ITEM ( '' )  SURFACE ( )  );
#4394 = CARTESIAN_POINT ( 'NONE',  ( -128.3555961326128738, -36.18255236209569858, -0.6784922296614727122 ) ) ;
#4395 = EDGE_LOOP ( 'NONE', ( #4822, #2190, #1027, #970 ) ) ;
#4396 =( NAMED_UNIT ( * ) PLANE_ANGLE_UNIT ( ) SI_UNIT ( $, .RADIAN. ) );
#4397 = AXIS2_PLACEMENT_3D ( 'NONE', #1336, #2285, #4321 ) ;
#4398 = PRESENTATION_STYLE_ASSIGNMENT (( #5919 ) ) ;
#4399 = VERTEX_POINT ( 'NONE', #4872 ) ;
#4400 = FACE_OUTER_BOUND ( 'NONE', #695, .T. ) ;
#4401 = CARTESIAN_POINT ( 'NONE',  ( -127.0982861301386322, -30.33999437309923763, -4.446647422289468743 ) ) ;
#4402 = FILL_AREA_STYLE_COLOUR ( '', #301 ) ;
#4403 = DIRECTION ( 'NONE',  ( 1.000000000000000000, 5.053195275411809860E-16, 6.123031769111889989E-17 ) ) ;
#4404 = CARTESIAN_POINT ( 'NONE',  ( -128.1492245567534667, -30.37973357024623056, -1.854541614194110455 ) ) ;
#4405 = CARTESIAN_POINT ( 'NONE',  ( -127.9233521597989949, -36.18255236209569858, 3.327671417993229852 ) ) ;
#4406 = DIRECTION ( 'NONE',  ( 0.0000000000000000000, 0.0000000000000000000, 1.000000000000000000 ) ) ;
#4407 = ORIENTED_EDGE ( 'NONE', *, *, #3127, .T. ) ;
#4408 = DIRECTION ( 'NONE',  ( 6.123031769111889989E-17, -1.000000000000000000, -1.224606353822379970E-16 ) ) ;
#4409 = CARTESIAN_POINT ( 'NONE',  ( -127.7576660653320886, -30.25667594448760411, -2.084925226759431816 ) ) ;
#4410 = FILL_AREA_STYLE ('',( #5380 ) ) ;
#4411 = FACE_OUTER_BOUND ( 'NONE', #2326, .T. ) ;
#4412 = DIRECTION ( 'NONE',  ( -6.123031769111889989E-17, 0.0000000000000000000, 1.000000000000000000 ) ) ;
#4413 = DIRECTION ( 'NONE',  ( 6.123031769111889989E-17, -1.000000000000000000, -1.224606353822379970E-16 ) ) ;
#4414 = VERTEX_POINT ( 'NONE', #3866 ) ;
#4415 = CARTESIAN_POINT ( 'NONE',  ( -128.5555961326129193, -30.30426036957581104, 3.327671447015950079 ) ) ;
#4416 = DIRECTION ( 'NONE',  ( 0.0000000000000000000, 1.000000000000000000, 0.0000000000000000000 ) ) ;
#4417 = DIRECTION ( 'NONE',  ( -6.123031769111889989E-17, 0.0000000000000000000, 1.000000000000000000 ) ) ;
#4418 = ORIENTED_EDGE ( 'NONE', *, *, #3971, .T. ) ;
#4419 = CARTESIAN_POINT ( 'NONE',  ( -127.6051845698704312, -30.37397777197829996, 4.749999999999930722 ) ) ;
#4420 = CARTESIAN_POINT ( 'NONE',  ( -134.9869672737366670, -31.75909496641075336, 4.749999999999941380 ) ) ;
#4421 = CARTESIAN_POINT ( 'NONE',  ( -127.9233521597989949, -36.18255236209569858, -1.469182422981880176 ) ) ;
#4422 =( LENGTH_UNIT ( ) NAMED_UNIT ( * ) SI_UNIT ( .MILLI., .METRE. ) );
#4423 = CARTESIAN_POINT ( 'NONE',  ( -128.8658597716512020, -30.49019252284405468, 5.195173636599673905 ) ) ;
#4424 = CARTESIAN_POINT ( 'NONE',  ( -127.9234270897983663, -37.66842251051527768, -4.052649073641992672 ) ) ;
#4425 = SHAPE_REPRESENTATION_RELATIONSHIP ( 'NONE' , 'NONE' ,  #6675, #5123 ) ;
#4426 =( NAMED_UNIT ( * ) SI_UNIT ( $, .STERADIAN. ) SOLID_ANGLE_UNIT ( ) );
#4427 = ORIENTED_EDGE ( 'NONE', *, *, #5908, .F. ) ;
#4428 = EDGE_CURVE ( 'NONE', #4466, #3859, #3841, .T. ) ;
#4429 = CYLINDRICAL_SURFACE ( 'NONE', #4236, 0.2999999999999947153 ) ;
#4430 = UNCERTAINTY_MEASURE_WITH_UNIT (LENGTH_MEASURE( 1.000000000000000082E-05 ), #2568, 'distance_accuracy_value', 'NONE');
#4431 = FILL_AREA_STYLE_COLOUR ( '', #3168 ) ;
#4432 =( NAMED_UNIT ( * ) PLANE_ANGLE_UNIT ( ) SI_UNIT ( $, .RADIAN. ) );
#4433 = SURFACE_STYLE_FILL_AREA ( #6336 ) ;
#4434 = EDGE_LOOP ( 'NONE', ( #3692, #2594, #2477, #3977 ) ) ;
#4435 = DIRECTION ( 'NONE',  ( 1.000000000000000000, 0.0000000000000000000, 0.0000000000000000000 ) ) ;
#4436 = SURFACE_STYLE_USAGE ( .BOTH. , #1722 ) ;
#4437 = DIRECTION ( 'NONE',  ( 2.802927004925552236E-14, -7.510420274124135843E-15, 1.000000000000000000 ) ) ;
#4438 = CARTESIAN_POINT ( 'NONE',  ( -127.6046660735395477, -30.26595658843573133, 1.984685777716956645 ) ) ;
#4439 = UNCERTAINTY_MEASURE_WITH_UNIT (LENGTH_MEASURE( 1.000000000000000082E-05 ), #2006, 'distance_accuracy_value', 'NONE');
#4440 = CARTESIAN_POINT ( 'NONE',  ( -128.6322831541419589, -31.33894486560144443, -5.750000000000039968 ) ) ;
#4441 = CARTESIAN_POINT ( 'NONE',  ( -121.9233521597989949, -37.25397777197869686, -5.629999999999089511 ) ) ;
#4442 =( GEOMETRIC_REPRESENTATION_CONTEXT ( 3 ) GLOBAL_UNCERTAINTY_ASSIGNED_CONTEXT ( ( #2517 ) ) GLOBAL_UNIT_ASSIGNED_CONTEXT ( ( #168, #2830, #4426 ) ) REPRESENTATION_CONTEXT ( 'NONE', 'WORKASPACE' ) );
#4443 = ORIENTED_EDGE ( 'NONE', *, *, #3137, .F. ) ;
#4444 = DIRECTION ( 'NONE',  ( 6.123031769111889989E-17, -5.400123095199909910E-49, -1.000000000000000000 ) ) ;
#4445 = DIRECTION ( 'NONE',  ( 0.0000000000000000000, 0.0000000000000000000, -1.000000000000000000 ) ) ;
#4446 = DIRECTION ( 'NONE',  ( 1.335708056348339952E-14, 0.0000000000000000000, 1.000000000000000000 ) ) ;
#4447 = ORIENTED_EDGE ( 'NONE', *, *, #2813, .F. ) ;
#4448 = FACE_OUTER_BOUND ( 'NONE', #1986, .T. ) ;
#4449 = CARTESIAN_POINT ( 'NONE',  ( -127.4911081869850875, -30.39812959706710060, -1.469182422981890168 ) ) ;
#4450 = COLOUR_RGB ( '',0.8000000000000000444, 0.1921568627450980227, 0.1921568627450980227 ) ;
#4451 = CARTESIAN_POINT ( 'NONE',  ( -127.9233521597989949, -30.37397777197829996, 1.904737251858948710 ) ) ;
#4452 = AXIS2_PLACEMENT_3D ( 'NONE', #1729, #5355, #690 ) ;
#4453 = VERTEX_POINT ( 'NONE', #195 ) ;
#4454 = CARTESIAN_POINT ( 'NONE',  ( -133.5489828762090099, -37.66829905767772857, -3.346880229046850896 ) ) ;
#4455 = AXIS2_PLACEMENT_3D ( 'NONE', #2348, #3840, #4446 ) ;
#4456 = CARTESIAN_POINT ( 'NONE',  ( -127.9233521597989949, -34.25397777197869686, -4.749999999999089617 ) ) ;
#4457 = PRESENTATION_LAYER_ASSIGNMENT (  '', '', ( #4564 ) ) ;
#4458 = PRESENTATION_LAYER_ASSIGNMENT (  '', '', ( #1825 ) ) ;
#4459 = PRESENTATION_LAYER_ASSIGNMENT (  '', '', ( #1297 ) ) ;
#4460 =( NAMED_UNIT ( * ) SI_UNIT ( $, .STERADIAN. ) SOLID_ANGLE_UNIT ( ) );
#4461 = CIRCLE ( 'NONE', #5857, 3.156496523019695299 ) ;
#4462 = SURFACE_STYLE_USAGE ( .BOTH. , #5879 ) ;
#4463 = FILL_AREA_STYLE ('',( #809 ) ) ;
#4464 = DIRECTION ( 'NONE',  ( 0.0000000000000000000, -1.000000000000000000, -6.123031769111889989E-17 ) ) ;
#4465 =( GEOMETRIC_REPRESENTATION_CONTEXT ( 3 ) GLOBAL_UNCERTAINTY_ASSIGNED_CONTEXT ( ( #5570 ) ) GLOBAL_UNIT_ASSIGNED_CONTEXT ( ( #2172, #3796, #1754 ) ) REPRESENTATION_CONTEXT ( 'NONE', 'WORKASPACE' ) );
#4466 = VERTEX_POINT ( 'NONE', #2783 ) ;
#4467 =( LENGTH_UNIT ( ) NAMED_UNIT ( * ) SI_UNIT ( .MILLI., .METRE. ) );
#4468 = DIRECTION ( 'NONE',  ( 6.123031769111889989E-17, -1.000000000000000000, -1.224606353822379970E-16 ) ) ;
#4469 =( NAMED_UNIT ( * ) SI_UNIT ( $, .STERADIAN. ) SOLID_ANGLE_UNIT ( ) );
#4470 = CIRCLE ( 'NONE', #3066, 4.000000000000003553 ) ;
#4471 = SURFACE_STYLE_FILL_AREA ( #1457 ) ;
#4472 = COLOUR_RGB ( '',0.7921568627450980005, 0.8196078431372548767, 0.9333333333333333481 ) ;
#4473 = CARTESIAN_POINT ( 'NONE',  ( -126.9495273080390660, -30.37433021606619121, -4.750000000000070166 ) ) ;
#4474 = DIRECTION ( 'NONE',  ( 0.0000000000000000000, 0.0000000000000000000, -1.000000000000000000 ) ) ;
#4475 = COLOUR_RGB ( '',1.000000000000000000, 1.000000000000000000, 1.000000000000000000 ) ;
#4476 = PRESENTATION_STYLE_ASSIGNMENT (( #267 ) ) ;
#4477 =( NAMED_UNIT ( * ) SI_UNIT ( $, .STERADIAN. ) SOLID_ANGLE_UNIT ( ) );
#4478 = VERTEX_POINT ( 'NONE', #3400 ) ;
#4479 = CARTESIAN_POINT ( 'NONE',  ( -127.9233521597989949, -30.37397777197829640, 2.104737251858926683 ) ) ;
#4480 = DIRECTION ( 'NONE',  ( -6.123031769111889989E-17, -6.123031769111889989E-17, 1.000000000000000000 ) ) ;
#4481 = EDGE_LOOP ( 'NONE', ( #2976, #6212, #1761, #2345, #4503 ) ) ;
#4482 = CIRCLE ( 'NONE', #6185, 3.880000000000011884 ) ;
#4483 = CARTESIAN_POINT ( 'NONE',  ( -122.1767004424312830, -32.22484998941067857, 5.615972769942975340 ) ) ;
#4484 = FILL_AREA_STYLE_COLOUR ( '', #3497 ) ;
#4485 = EDGE_LOOP ( 'NONE', ( #842, #1891, #3541, #2842 ) ) ;
#4486 = CARTESIAN_POINT ( 'NONE',  ( -128.0376002313774961, -30.25397777197827409, 2.104737251858956437 ) ) ;
#4487 = VECTOR ( 'NONE', #235, 1000.000000000000000 ) ;
#4488 = DIRECTION ( 'NONE',  ( 6.123031769111889989E-17, 0.0000000000000000000, -1.000000000000000000 ) ) ;
#4489 = MECHANICAL_DESIGN_GEOMETRIC_PRESENTATION_REPRESENTATION (  '', ( #112 ), #1000 ) ;
#4490 = SURFACE_STYLE_FILL_AREA ( #6118 ) ;
#4491 = UNCERTAINTY_MEASURE_WITH_UNIT (LENGTH_MEASURE( 1.000000000000000082E-05 ), #1785, 'distance_accuracy_value', 'NONE');
#4492 = B_SPLINE_CURVE_WITH_KNOTS ( 'NONE', 3,
 ( #5114, #3639, #2569, #6243, #6679, #551 ),
 .UNSPECIFIED., .F., .F.,
 ( 4, 2, 4 ),
 ( 1.490777987167568597E-19, 0.0003378632789175720769, 0.0006757265578351439369 ),
 .UNSPECIFIED. ) ;
#4493 = ORIENTED_EDGE ( 'NONE', *, *, #2245, .T. ) ;
#4494 = SURFACE_STYLE_USAGE ( .BOTH. , #367 ) ;
#4495 = EDGE_CURVE ( 'NONE', #6019, #3717, #783, .T. ) ;
#4496 = CARTESIAN_POINT ( 'NONE',  ( -127.9233521597989949, -38.13397777197869232, 4.750000000000910383 ) ) ;
#4497 = CARTESIAN_POINT ( 'NONE',  ( -128.2414948134953931, -30.37397777197828574, -4.750000000000068390 ) ) ;
#4498 = DIRECTION ( 'NONE',  ( -6.123031769111889989E-17, 0.0000000000000000000, 1.000000000000000000 ) ) ;
#4499 =( NAMED_UNIT ( * ) PLANE_ANGLE_UNIT ( ) SI_UNIT ( $, .RADIAN. ) );
#4500 = EDGE_CURVE ( 'NONE', #6126, #4478, #5944, .T. ) ;
#4501 = FACE_OUTER_BOUND ( 'NONE', #1382, .T. ) ;
#4502 = FACE_OUTER_BOUND ( 'NONE', #3795, .T. ) ;
#4503 = ORIENTED_EDGE ( 'NONE', *, *, #2288, .T. ) ;
#4504 = CARTESIAN_POINT ( 'NONE',  ( -127.9233521597989949, -38.13397777197869232, -4.749999999999089617 ) ) ;
#4505 = EDGE_CURVE ( 'NONE', #1072, #3717, #6309, .T. ) ;
#4506 = ORIENTED_EDGE ( 'NONE', *, *, #5124, .T. ) ;
#4507 = UNCERTAINTY_MEASURE_WITH_UNIT (LENGTH_MEASURE( 1.000000000000000082E-05 ), #6374, 'distance_accuracy_value', 'NONE');
#4508 = CARTESIAN_POINT ( 'NONE',  ( -127.6285900539262173, -30.65940369533162979, 5.536804444638625533 ) ) ;
#4509 = CARTESIAN_POINT ( 'NONE',  ( -127.1255879190304512, -30.45687727078648876, -2.891511004989561595 ) ) ;
#4510 = VERTEX_POINT ( 'NONE', #1695 ) ;
#4511 = DIRECTION ( 'NONE',  ( 0.0000000000000000000, 0.0000000000000000000, 1.000000000000000000 ) ) ;
#4512 = CARTESIAN_POINT ( 'NONE',  ( -128.1494815872977995, -30.25957648172488135, 2.151771087486614942 ) ) ;
#4513 = CARTESIAN_POINT ( 'NONE',  ( -127.4911081869851159, -36.18255236209569858, -1.469182422981890612 ) ) ;
#4514 =( LENGTH_UNIT ( ) NAMED_UNIT ( * ) SI_UNIT ( .MILLI., .METRE. ) );
#4515 = CARTESIAN_POINT ( 'NONE',  ( -128.8914491707723471, -30.37289697182159998, -0.006160745210948450137 ) ) ;
#4516 = ADVANCED_FACE ( 'NONE', ( #2916 ), #751, .T. ) ;
#4517 = CYLINDRICAL_SURFACE ( 'NONE', #2379, 0.6322439728138899984 ) ;
#4518 = CARTESIAN_POINT ( 'NONE',  ( -127.1210878538587536, -30.99193742865987389, 5.579332863355310757 ) ) ;
#4519 = ORIENTED_EDGE ( 'NONE', *, *, #6547, .T. ) ;
#4520 =( LENGTH_UNIT ( ) NAMED_UNIT ( * ) SI_UNIT ( .MILLI., .METRE. ) );
#4521 = ORIENTED_EDGE ( 'NONE', *, *, #4254, .T. ) ;
#4522 = CARTESIAN_POINT ( 'NONE',  ( -127.9233521597989949, -37.25397777197868976, 5.630000000000910276 ) ) ;
#4523 =( LENGTH_UNIT ( ) NAMED_UNIT ( * ) SI_UNIT ( .MILLI., .METRE. ) );
#4524 =( NAMED_UNIT ( * ) SI_UNIT ( $, .STERADIAN. ) SOLID_ANGLE_UNIT ( ) );
#4525 =( NAMED_UNIT ( * ) SI_UNIT ( $, .STERADIAN. ) SOLID_ANGLE_UNIT ( ) );
#4526 = CARTESIAN_POINT ( 'NONE',  ( -126.9495273080390660, -30.37433021606618411, -5.335786437627056067 ) ) ;
#4527 = PRODUCT_DEFINITION_FORMATION_WITH_SPECIFIED_SOURCE ( 'ANY', '', #1056, .NOT_KNOWN. ) ;
#4528 = DIRECTION ( 'NONE',  ( 0.0000000000000000000, -1.000000000000000000, 0.0000000000000000000 ) ) ;
#4529 = STYLED_ITEM ( 'NONE', ( #2257 ), #86 ) ;
#4530 = APPLICATION_PROTOCOL_DEFINITION ( 'draft international standard', 'automotive_design', 1998, #6066 ) ;
#4531 = SURFACE_STYLE_FILL_AREA ( #2885 ) ;
#4532 = CARTESIAN_POINT ( 'NONE',  ( -128.5555961326129193, -30.42583624392037223, 3.327671447015950079 ) ) ;
#4534 = EDGE_CURVE ( 'NONE', #5671, #1341, #820, .T. ) ;
#4533 = VERTEX_POINT ( 'NONE', #5479 ) ;
#4535 =( BOUNDED_SURFACE ( )  B_SPLINE_SURFACE ( 3, 3, ( 
 ( #4496, #2525, #2908, #6122 ),
 ( #1384, #369, #3521, #3579 ),
 ( #938, #5063, #395, #4030 ),
 ( #4522, #3965, #1917, #1882 ) ),
 .UNSPECIFIED., .F., .F., .T. ) 
 B_SPLINE_SURFACE_WITH_KNOTS ( ( 4, 4 ),
 ( 4, 4 ),
 ( 0.0000000000000000000, 1.000000000000000000 ),
 ( 0.0000000000000000000, 1.000000000000000000 ),
 .UNSPECIFIED. ) 
 GEOMETRIC_REPRESENTATION_ITEM ( )  RATIONAL_B_SPLINE_SURFACE ( (
 ( 1.000000000000000000, 0.3333333333333334259, 0.3333333333333334259, 1.000000000000000000),
 ( 0.8047378541243631611, 0.2682459513747877944, 0.2682459513747877944, 0.8047378541243631611),
 ( 0.8047378541243631611, 0.2682459513747877944, 0.2682459513747877944, 0.8047378541243631611),
 ( 1.000000000000000000, 0.3333333333333334259, 0.3333333333333334259, 1.000000000000000000) ) ) 
 REPRESENTATION_ITEM ( '' )  SURFACE ( )  );
#4536 = CARTESIAN_POINT ( 'NONE',  ( -127.9233521597989949, -34.25397777197829896, 5.737678509578197250 ) ) ;
#4537 = MECHANICAL_DESIGN_GEOMETRIC_PRESENTATION_REPRESENTATION (  '', ( #282 ), #1690 ) ;
#4538 =( GEOMETRIC_REPRESENTATION_CONTEXT ( 3 ) GLOBAL_UNCERTAINTY_ASSIGNED_CONTEXT ( ( #45 ) ) GLOBAL_UNIT_ASSIGNED_CONTEXT ( ( #2421, #3481, #1357 ) ) REPRESENTATION_CONTEXT ( 'NONE', 'WORKASPACE' ) );
#4539 =( LENGTH_UNIT ( ) NAMED_UNIT ( * ) SI_UNIT ( .MILLI., .METRE. ) );
#4540 = PRODUCT_DEFINITION_SHAPE ( 'NONE', 'NONE',  #6721 ) ;
#4541 =( NAMED_UNIT ( * ) SI_UNIT ( $, .STERADIAN. ) SOLID_ANGLE_UNIT ( ) );
#4542 = ADVANCED_FACE ( 'NONE', ( #4502 ), #1737, .F. ) ;
#4543 =( LENGTH_UNIT ( ) NAMED_UNIT ( * ) SI_UNIT ( .MILLI., .METRE. ) );
#4544 = VECTOR ( 'NONE', #4480, 1000.000000000000000 ) ;
#4545 = SURFACE_STYLE_USAGE ( .BOTH. , #6496 ) ;
#4546 = ORIENTED_EDGE ( 'NONE', *, *, #2293, .T. ) ;
#4547 = DIRECTION ( 'NONE',  ( 0.0000000000000000000, 0.0000000000000000000, 1.000000000000000000 ) ) ;
#4548 =( NAMED_UNIT ( * ) SI_UNIT ( $, .STERADIAN. ) SOLID_ANGLE_UNIT ( ) );
#4549 = CARTESIAN_POINT ( 'NONE',  ( -127.9233521597989949, -34.25397777197829896, -4.750000000000070166 ) ) ;
#4550 =( NAMED_UNIT ( * ) SI_UNIT ( $, .STERADIAN. ) SOLID_ANGLE_UNIT ( ) );
#4551 = FACE_OUTER_BOUND ( 'NONE', #4342, .T. ) ;
#4552 = VERTEX_POINT ( 'NONE', #4042 ) ;
#4553 =( GEOMETRIC_REPRESENTATION_CONTEXT ( 3 ) GLOBAL_UNCERTAINTY_ASSIGNED_CONTEXT ( ( #2932 ) ) GLOBAL_UNIT_ASSIGNED_CONTEXT ( ( #5269, #3685, #1113 ) ) REPRESENTATION_CONTEXT ( 'NONE', 'WORKASPACE' ) );
#4554 = MECHANICAL_DESIGN_GEOMETRIC_PRESENTATION_REPRESENTATION (  '', ( #184 ), #6689 ) ;
#4555 = PRESENTATION_LAYER_ASSIGNMENT (  '', '', ( #5738 ) ) ;
#4556 = SURFACE_SIDE_STYLE ('',( #2472 ) ) ;
#4557 = UNCERTAINTY_MEASURE_WITH_UNIT (LENGTH_MEASURE( 1.000000000000000082E-05 ), #2652, 'distance_accuracy_value', 'NONE');
#4558 = CIRCLE ( 'NONE', #5629, 4.000000000000003553 ) ;
#4559 = VERTEX_POINT ( 'NONE', #2455 ) ;
#4560 = ORIENTED_EDGE ( 'NONE', *, *, #6001, .T. ) ;
#4561 = PRESENTATION_STYLE_ASSIGNMENT (( #4494 ) ) ;
#4562 = MECHANICAL_DESIGN_GEOMETRIC_PRESENTATION_REPRESENTATION (  '', ( #4355 ), #2152 ) ;
#4563 = CARTESIAN_POINT ( 'NONE',  ( -127.9233521597989949, -30.25397777197829896, 1.904737251858918734 ) ) ;
#4564 = STYLED_ITEM ( 'NONE', ( #3554 ), #6588 ) ;
#4565 = FILL_AREA_STYLE ('',( #6517 ) ) ;
#4566 = PRESENTATION_STYLE_ASSIGNMENT (( #6031 ) ) ;
#4567 =( GEOMETRIC_REPRESENTATION_CONTEXT ( 3 ) GLOBAL_UNCERTAINTY_ASSIGNED_CONTEXT ( ( #5033 ) ) GLOBAL_UNIT_ASSIGNED_CONTEXT ( ( #6510, #3884, #4829 ) ) REPRESENTATION_CONTEXT ( 'NONE', 'WORKASPACE' ) );
#4568 =( GEOMETRIC_REPRESENTATION_CONTEXT ( 3 ) GLOBAL_UNCERTAINTY_ASSIGNED_CONTEXT ( ( #1417 ) ) GLOBAL_UNIT_ASSIGNED_CONTEXT ( ( #3737, #39, #4174 ) ) REPRESENTATION_CONTEXT ( 'NONE', 'WORKASPACE' ) );
#4569 = CIRCLE ( 'NONE', #4889, 3.999999999999996447 ) ;
#4570 = CARTESIAN_POINT ( 'NONE',  ( -127.4179771348017738, -30.40658580731522065, -1.857897619402662848 ) ) ;
#4571 = CARTESIAN_POINT ( 'NONE',  ( -124.9233521597989949, -34.25397777197829896, -5.750000000000039968 ) ) ;
#4572 = APPLICATION_PROTOCOL_DEFINITION ( 'draft international standard', 'automotive_design', 1998, #3671 ) ;
#4573 = MECHANICAL_DESIGN_GEOMETRIC_PRESENTATION_REPRESENTATION (  '', ( #4041 ), #3170 ) ;
#4574 = CARTESIAN_POINT ( 'NONE',  ( -127.2911081946638774, -30.42583624265249753, 3.494949019496533360 ) ) ;
#4575 = VERTEX_POINT ( 'NONE', #2535 ) ;
#4576 = FILL_AREA_STYLE ('',( #6489 ) ) ;
#4577 = PRESENTATION_LAYER_ASSIGNMENT (  '', '', ( #2744 ) ) ;
#4578 = B_SPLINE_CURVE_WITH_KNOTS ( 'NONE', 3,
 ( #6524, #1363, #3456, #5512, #853, #2430 ),
 .UNSPECIFIED., .F., .F.,
 ( 4, 2, 4 ),
 ( 4.801926403614490158E-17, 0.0006094658817759925074, 0.001218931763551936876 ),
 .UNSPECIFIED. ) ;
#4579 = DIRECTION ( 'NONE',  ( -6.123031769111889989E-17, 5.817644942362439956E-48, 1.000000000000000000 ) ) ;
#4580 = UNCERTAINTY_MEASURE_WITH_UNIT (LENGTH_MEASURE( 1.000000000000000082E-05 ), #1815, 'distance_accuracy_value', 'NONE');
#4581 = EDGE_CURVE ( 'NONE', #2040, #800, #3697, .T. ) ;
#4582 = DIRECTION ( 'NONE',  ( 1.000000000000000000, 6.123031769111889989E-17, 6.123031769111889989E-17 ) ) ;
#4583 = AXIS2_PLACEMENT_3D ( 'NONE', #4282, #5706, #1013 ) ;
#4584 = CARTESIAN_POINT ( 'NONE',  ( -127.2441755539893933, -31.02131616780189560, -4.063772965424341521 ) ) ;
#4585 =( BOUNDED_SURFACE ( )  B_SPLINE_SURFACE ( 3, 3, ( 
 ( #1063, #3121, #3753, #2144 ),
 ( #5186, #4189, #3201, #22 ),
 ( #1604, #4780, #587, #513 ),
 ( #3716, #5796, #3677, #6215 ) ),
 .UNSPECIFIED., .F., .F., .T. ) 
 B_SPLINE_SURFACE_WITH_KNOTS ( ( 4, 4 ),
 ( 4, 4 ),
 ( 0.0000000000000000000, 1.000000000000000000 ),
 ( 0.0000000000000000000, 1.000000000000000000 ),
 .UNSPECIFIED. ) 
 GEOMETRIC_REPRESENTATION_ITEM ( )  RATIONAL_B_SPLINE_SURFACE ( (
 ( 1.000000000000000000, 0.9949663113133228043, 0.9949663113133228043, 1.000000000000000000),
 ( 0.8402842454912013981, 0.8360545161910792888, 0.8360545161910792888, 0.8402842454912013981),
 ( 0.8402842454912013981, 0.8360545161910792888, 0.8360545161910792888, 0.8402842454912013981),
 ( 1.000000000000000000, 0.9949663113133228043, 0.9949663113133228043, 1.000000000000000000) ) ) 
 REPRESENTATION_ITEM ( '' )  SURFACE ( )  );
#4586 = ORIENTED_EDGE ( 'NONE', *, *, #5156, .T. ) ;
#4587 = CARTESIAN_POINT ( 'NONE',  ( -127.8090974575390106, -30.37397777197832482, -1.901426395795763336 ) ) ;
#4588 = PRESENTATION_LAYER_ASSIGNMENT (  '', '', ( #1526 ) ) ;
#4589 = VERTEX_POINT ( 'NONE', #1966 ) ;
#4590 = EDGE_CURVE ( 'NONE', #2447, #3853, #4074, .T. ) ;
#4591 =( NAMED_UNIT ( * ) SI_UNIT ( $, .STERADIAN. ) SOLID_ANGLE_UNIT ( ) );
#4592 = VECTOR ( 'NONE', #1755, 1000.000000000000000 ) ;
#4593 =( NAMED_UNIT ( * ) SI_UNIT ( $, .STERADIAN. ) SOLID_ANGLE_UNIT ( ) );
#4594 = ORIENTED_EDGE ( 'NONE', *, *, #2106, .T. ) ;
#4595 = SURFACE_STYLE_FILL_AREA ( #6223 ) ;
#4596 = DIRECTION ( 'NONE',  ( -6.123031769111889989E-17, 0.0000000000000000000, 1.000000000000000000 ) ) ;
#4597 = EDGE_LOOP ( 'NONE', ( #4327, #2692, #2584, #3105 ) ) ;
#4598 = DIRECTION ( 'NONE',  ( -9.251858538543455005E-15, 1.000000000000000000, 0.0000000000000000000 ) ) ;
#4599 = CARTESIAN_POINT ( 'NONE',  ( -128.5555961326130046, -36.18255236209569858, -0.6784922006387860138 ) ) ;
#4600 = CARTESIAN_POINT ( 'NONE',  ( -128.3555961326128454, -30.27740070772229330, -1.583431537697297831 ) ) ;
#4601 = CARTESIAN_POINT ( 'NONE',  ( -127.9233521597989949, -30.95073967747230270, -4.063772965424313099 ) ) ;
#4602 = COLOUR_RGB ( '',0.8000000000000000444, 0.1921568627450980227, 0.1921568627450980227 ) ;
#4603 =( NAMED_UNIT ( * ) SI_UNIT ( $, .STERADIAN. ) SOLID_ANGLE_UNIT ( ) );
#4604 = PRODUCT_DEFINITION_SHAPE ( 'NONE', 'NONE',  #4211 ) ;
#4605 = CARTESIAN_POINT ( 'NONE',  ( -127.7560736358927045, -30.37397777144380129, -2.101426399075929208 ) ) ;
#4606 = DIRECTION ( 'NONE',  ( 0.0000000000000000000, 1.000000000000000000, 0.0000000000000000000 ) ) ;
#4607 = APPLICATION_PROTOCOL_DEFINITION ( 'draft international standard', 'automotive_design', 1998, #3009 ) ;
#4608 =( NAMED_UNIT ( * ) SI_UNIT ( $, .STERADIAN. ) SOLID_ANGLE_UNIT ( ) );
#4609 = EDGE_LOOP ( 'NONE', ( #642, #5002, #1286, #1719 ) ) ;
#4610 = DIRECTION ( 'NONE',  ( -6.123031769111889989E-17, 0.0000000000000000000, 1.000000000000000000 ) ) ;
#4611 = FILL_AREA_STYLE_COLOUR ( '', #5657 ) ;
#4612 =( NAMED_UNIT ( * ) PLANE_ANGLE_UNIT ( ) SI_UNIT ( $, .RADIAN. ) );
#4613 = ORIENTED_EDGE ( 'NONE', *, *, #4505, .F. ) ;
#4614 = SHAPE_REPRESENTATION_RELATIONSHIP ( 'NONE' , 'NONE' ,  #5482, #3275 ) ;
#4615 = DIRECTION ( 'NONE',  ( -6.123031769111889989E-17, 0.0000000000000000000, 1.000000000000000000 ) ) ;
#4616 = SURFACE_SIDE_STYLE ('',( #6052 ) ) ;
#4617 = ORIENTED_EDGE ( 'NONE', *, *, #3955, .T. ) ;
#4618 = B_SPLINE_CURVE_WITH_KNOTS ( 'NONE', 3,
 ( #574, #542, #2746, #1091, #5310, #2599, #5809, #5682, #3770, #5751, #6711, #3109, #4771, #5214 ),
 .UNSPECIFIED., .F., .F.,
 ( 4, 2, 2, 2, 2, 2, 4 ),
 ( -0.0008762502413036962843, -0.0006571877231434188928, -0.0004381252049831416097, -1.686625915970837997E-10, 0.0002190623494976839513, 0.0004381248676579596081, 0.0008762499039785107049 ),
 .UNSPECIFIED. ) ;
#4619 = FILL_AREA_STYLE_COLOUR ( '', #3804 ) ;
#4620 =( LENGTH_UNIT ( ) NAMED_UNIT ( * ) SI_UNIT ( .MILLI., .METRE. ) );
#4621 = UNCERTAINTY_MEASURE_WITH_UNIT (LENGTH_MEASURE( 1.000000000000000082E-05 ), #832, 'distance_accuracy_value', 'NONE');
#4622 = SURFACE_STYLE_FILL_AREA ( #4996 ) ;
#4623 = EDGE_CURVE ( 'NONE', #4107, #2414, #949, .T. ) ;
#4624 = VERTEX_POINT ( 'NONE', #5212 ) ;
#4625 = FILL_AREA_STYLE_COLOUR ( '', #6254 ) ;
#4626 = DIRECTION ( 'NONE',  ( 6.123031769111889989E-17, -0.0000000000000000000, -1.000000000000000000 ) ) ;
#4627 = EDGE_CURVE ( 'NONE', #4130, #3759, #3538, .T. ) ;
#4628 = FILL_AREA_STYLE_COLOUR ( '', #4862 ) ;
#4629 = CARTESIAN_POINT ( 'NONE',  ( -127.4911081869850022, -30.27740070772239989, 3.327671417993229852 ) ) ;
#4630 = CARTESIAN_POINT ( 'NONE',  ( -124.9233521597989949, -34.25397777197829896, -5.750000000000039968 ) ) ;
#4631 =( NAMED_UNIT ( * ) SI_UNIT ( $, .STERADIAN. ) SOLID_ANGLE_UNIT ( ) );
#4632 = ORIENTED_EDGE ( 'NONE', *, *, #3507, .F. ) ;
#4633 = CARTESIAN_POINT ( 'NONE',  ( -128.0906128996033999, -30.25397777249671094, 1.904737255138718499 ) ) ;
#4634 =( NAMED_UNIT ( * ) SI_UNIT ( $, .STERADIAN. ) SOLID_ANGLE_UNIT ( ) );
#4635 = PRODUCT_DEFINITION_FORMATION_WITH_SPECIFIED_SOURCE ( 'ANY', '', #3464, .NOT_KNOWN. ) ;
#4636 = CARTESIAN_POINT ( 'NONE',  ( -128.0890554950262299, -30.37676005117630140, -2.084920430956770598 ) ) ;
#4637 = ORIENTED_EDGE ( 'NONE', *, *, #189, .T. ) ;
#4638 = CARTESIAN_POINT ( 'NONE',  ( -127.9233521597989949, -32.50397777197930083, -20.74999999999980105 ) ) ;
#4639 = DIRECTION ( 'NONE',  ( -6.123031769111889989E-17, 0.0000000000000000000, 1.000000000000000000 ) ) ;
#4640 = LINE ( 'NONE', #6316, #4693 ) ;
#4641 = UNCERTAINTY_MEASURE_WITH_UNIT (LENGTH_MEASURE( 1.000000000000000082E-05 ), #5631, 'distance_accuracy_value', 'NONE');
#4642 = PLANE ( 'NONE',  #5300 ) ;
#4643 = CARTESIAN_POINT ( 'NONE',  ( -128.8358000659159472, -30.58033042022013959, -3.150895635741974399 ) ) ;
#4644 = EDGE_CURVE ( 'NONE', #800, #859, #4136, .T. ) ;
#4645 = B_SPLINE_CURVE_WITH_KNOTS ( 'NONE', 3,
 ( #4715, #6136, #5075, #2607, #3114, #448 ),
 .UNSPECIFIED., .F., .F.,
 ( 4, 2, 4 ),
 ( 0.0006757263299639359230, 0.001013592349357299825, 0.001351458368750663511 ),
 .UNSPECIFIED. ) ;
#4646 = CIRCLE ( 'NONE', #5924, 3.879999999999994564 ) ;
#4647 = EDGE_LOOP ( 'NONE', ( #6411, #1505, #6590, #1869 ) ) ;
#4648 = LINE ( 'NONE', #1975, #3738 ) ;
#4649 =( NAMED_UNIT ( * ) SI_UNIT ( $, .STERADIAN. ) SOLID_ANGLE_UNIT ( ) );
#4650 = SURFACE_STYLE_USAGE ( .BOTH. , #926 ) ;
#4651 = DIRECTION ( 'NONE',  ( -6.516189447705695615E-17, -1.748127472399137532E-17, 1.000000000000000000 ) ) ;
#4652 = ORIENTED_EDGE ( 'NONE', *, *, #2833, .F. ) ;
#4653 = MECHANICAL_DESIGN_GEOMETRIC_PRESENTATION_REPRESENTATION (  '', ( #4229 ), #49 ) ;
#4654 = SURFACE_SIDE_STYLE ('',( #1004 ) ) ;
#4655 = CIRCLE ( 'NONE', #5935, 0.2999999999999947153 ) ;
#4656 = FACE_OUTER_BOUND ( 'NONE', #1440, .T. ) ;
#4657 = SURFACE_SIDE_STYLE ('',( #2580 ) ) ;
#4658 = SURFACE_STYLE_FILL_AREA ( #2582 ) ;
#4659 = CIRCLE ( 'NONE', #1170, 4.000000000000003553 ) ;
#4660 = SURFACE_STYLE_USAGE ( .BOTH. , #3072 ) ;
#4661 = ORIENTED_EDGE ( 'NONE', *, *, #2313, .F. ) ;
#4662 = DIRECTION ( 'NONE',  ( 0.0000000000000000000, 0.0000000000000000000, 1.000000000000000000 ) ) ;
#4663 =( REPRESENTATION_RELATIONSHIP ('NONE','NONE', #5949, #5272 ) REPRESENTATION_RELATIONSHIP_WITH_TRANSFORMATION ( #1048 )SHAPE_REPRESENTATION_RELATIONSHIP( ) );
#4664 = LINE ( 'NONE', #4599, #1221 ) ;
#4665 = EDGE_CURVE ( 'NONE', #4098, #1433, #6528, .T. ) ;
#4666 = MECHANICAL_DESIGN_GEOMETRIC_PRESENTATION_REPRESENTATION (  '', ( #6257 ), #2602 ) ;
#4667 = DIRECTION ( 'NONE',  ( 1.000000000000000000, 0.0000000000000000000, 0.0000000000000000000 ) ) ;
#4668 =( NAMED_UNIT ( * ) SI_UNIT ( $, .STERADIAN. ) SOLID_ANGLE_UNIT ( ) );
#4669 = DIRECTION ( 'NONE',  ( 0.0000000000000000000, 1.000000000000000000, 0.0000000000000000000 ) ) ;
#4670 = STYLED_ITEM ( 'NONE', ( #1304 ), #1219 ) ;
#4671 = ORIENTED_EDGE ( 'NONE', *, *, #4956, .F. ) ;
#4672 = SURFACE_STYLE_USAGE ( .BOTH. , #5711 ) ;
#4673 = PRESENTATION_LAYER_ASSIGNMENT (  '', '', ( #4251 ) ) ;
#4674 = MECHANICAL_DESIGN_GEOMETRIC_PRESENTATION_REPRESENTATION (  '', ( #1294 ), #4992 ) ;
#4675 = PRODUCT_CONTEXT ( 'NONE', #3671, 'mechanical' ) ;
#4676 = CARTESIAN_POINT ( 'NONE',  ( -128.5555961287738569, -30.30426036896134434, 2.453349233929537299 ) ) ;
#4677 = CARTESIAN_POINT ( 'NONE',  ( -127.9233521597989949, -34.25397777197849791, 5.615972769942939813 ) ) ;
#4678 = MECHANICAL_DESIGN_GEOMETRIC_PRESENTATION_REPRESENTATION (  '', ( #4139 ), #6600 ) ;
#4679 = CYLINDRICAL_SURFACE ( 'NONE', #1290, 0.6322439728138918857 ) ;
#4680 = PRESENTATION_LAYER_ASSIGNMENT (  '', '', ( #423 ) ) ;
#4681 = EDGE_CURVE ( 'NONE', #3089, #723, #5808, .T. ) ;
#4682 =( GEOMETRIC_REPRESENTATION_CONTEXT ( 3 ) GLOBAL_UNCERTAINTY_ASSIGNED_CONTEXT ( ( #3490 ) ) GLOBAL_UNIT_ASSIGNED_CONTEXT ( ( #29, #3172, #5194 ) ) REPRESENTATION_CONTEXT ( 'NONE', 'WORKASPACE' ) );
#4683 = CARTESIAN_POINT ( 'NONE',  ( -127.8090984768727481, -30.37397777197829640, -1.901426395795773550 ) ) ;
#4684 = CARTESIAN_POINT ( 'NONE',  ( -127.4911081869855565, -30.27740070772245318, 2.536981224672842483 ) ) ;
#4685 = PRESENTATION_LAYER_ASSIGNMENT (  '', '', ( #204 ) ) ;
#4686 = STYLED_ITEM ( 'NONE', ( #5290 ), #1821 ) ;
#4687 = ORIENTED_EDGE ( 'NONE', *, *, #2930, .T. ) ;
#4688 = CARTESIAN_POINT ( 'NONE',  ( -128.1827530491736979, -31.09748124895860499, 5.737678509578197250 ) ) ;
#4689 = CARTESIAN_POINT ( 'NONE',  ( -128.3555961326128738, -30.39812959706698337, -0.5642389937800167399 ) ) ;
#4690 = DIRECTION ( 'NONE',  ( 6.123031769111889989E-17, -1.000000000000000000, -1.224606353822379970E-16 ) ) ;
#4691 = EDGE_LOOP ( 'NONE', ( #973, #6202, #1800, #5241, #1300, #6620 ) ) ;
#4692 = LINE ( 'NONE', #3203, #6283 ) ;
#4693 = VECTOR ( 'NONE', #549, 1000.000000000000000 ) ;
#4694 = DIRECTION ( 'NONE',  ( 1.000000000000000000, 0.0000000000000000000, 0.0000000000000000000 ) ) ;
#4695 = SURFACE_STYLE_FILL_AREA ( #3757 ) ;
#4696 = UNCERTAINTY_MEASURE_WITH_UNIT (LENGTH_MEASURE( 1.000000000000000082E-05 ), #6206, 'distance_accuracy_value', 'NONE');
#4697 = CARTESIAN_POINT ( 'NONE',  ( -120.1633521598014056, -30.37397777197989512, -2.891511004989538058 ) ) ;
#4698 = PRESENTATION_LAYER_ASSIGNMENT (  '', '', ( #660 ) ) ;
#4699 = SURFACE_STYLE_USAGE ( .BOTH. , #4960 ) ;
#4700 = PRESENTATION_STYLE_ASSIGNMENT (( #1614 ) ) ;
#4701 = DIRECTION ( 'NONE',  ( 0.0000000000000000000, 1.000000000000000000, 0.0000000000000000000 ) ) ;
#4702 = CARTESIAN_POINT ( 'NONE',  ( -127.9233521597989949, -34.25397777197869686, -4.749999999999089617 ) ) ;
#4703 = DIRECTION ( 'NONE',  ( 6.123031769111889989E-17, -4.320098476159929751E-48, -1.000000000000000000 ) ) ;
#4704 = CARTESIAN_POINT ( 'NONE',  ( -127.4911081869859970, -36.18255236209569858, -1.469182422981880176 ) ) ;
#4705 = SURFACE_STYLE_USAGE ( .BOTH. , #4172 ) ;
#4706 = EDGE_CURVE ( 'NONE', #1218, #5255, #541, .T. ) ;
#4707 = EDGE_LOOP ( 'NONE', ( #4148, #4984, #4521, #4594, #2654 ) ) ;
#4708 = PRESENTATION_STYLE_ASSIGNMENT (( #2637 ) ) ;
#4709 =( NAMED_UNIT ( * ) PLANE_ANGLE_UNIT ( ) SI_UNIT ( $, .RADIAN. ) );
#4710 = CARTESIAN_POINT ( 'NONE',  ( -121.3918625812768681, -31.94254362716606366, -5.750000000000119016 ) ) ;
#4711 = CARTESIAN_POINT ( 'NONE',  ( -127.0570048152406315, -30.75277627263324831, 5.579325690172123764 ) ) ;
#4712 = CARTESIAN_POINT ( 'NONE',  ( -127.9233521597989949, -34.25397777197869686, -2.891511004988629452 ) ) ;
#4713 = UNCERTAINTY_MEASURE_WITH_UNIT (LENGTH_MEASURE( 1.000000000000000082E-05 ), #3262, 'distance_accuracy_value', 'NONE');
#4714 = PRODUCT_DEFINITION_SHAPE ( 'NONE', 'NONE',  #6723 ) ;
#4715 = CARTESIAN_POINT ( 'NONE',  ( -127.9233521597989949, -30.25397777197829896, -1.901426395795773550 ) ) ;
#4716 = PRESENTATION_STYLE_ASSIGNMENT (( #3640 ) ) ;
#4717 = ADVANCED_FACE ( 'NONE', ( #5252 ), #2175, .F. ) ;
#4718 = ORIENTED_EDGE ( 'NONE', *, *, #1565, .T. ) ;
#4719 =( LENGTH_UNIT ( ) NAMED_UNIT ( * ) SI_UNIT ( .MILLI., .METRE. ) );
#4720 = CARTESIAN_POINT ( 'NONE',  ( -127.6974780483700584, -30.37973368358145265, 3.713029451106315992 ) ) ;
#4721 = CARTESIAN_POINT ( 'NONE',  ( -127.9233521597989949, -31.25397777197868976, -4.749999999999089617 ) ) ;
#4722 = ORIENTED_EDGE ( 'NONE', *, *, #2423, .F. ) ;
#4723 = CARTESIAN_POINT ( 'NONE',  ( -127.1090631553213086, -30.33773806823354846, 5.265241647999144625 ) ) ;
#4724 =( LENGTH_UNIT ( ) NAMED_UNIT ( * ) SI_UNIT ( .MILLI., .METRE. ) );
#4725 =( NAMED_UNIT ( * ) PLANE_ANGLE_UNIT ( ) SI_UNIT ( $, .RADIAN. ) );
#4726 = EDGE_CURVE ( 'NONE', #4028, #3889, #6419, .T. ) ;
#4727 = FILL_AREA_STYLE ('',( #1033 ) ) ;
#4728 = ORIENTED_EDGE ( 'NONE', *, *, #6392, .F. ) ;
#4729 = DIRECTION ( 'NONE',  ( -6.123031769111889989E-17, 0.0000000000000000000, 1.000000000000000000 ) ) ;
#4730 = EDGE_CURVE ( 'NONE', #2917, #1251, #5937, .T. ) ;
#4731 = CARTESIAN_POINT ( 'NONE',  ( -128.3555961326128738, -30.39812959706698337, 3.441924653874703921 ) ) ;
#4732 = PRESENTATION_STYLE_ASSIGNMENT (( #6125 ) ) ;
#4733 =( LENGTH_UNIT ( ) NAMED_UNIT ( * ) SI_UNIT ( .MILLI., .METRE. ) );
#4734 = MANIFOLD_SOLID_BREP ( '9', #4848 ) ;
#4735 = ORIENTED_EDGE ( 'NONE', *, *, #4254, .F. ) ;
#4736 = DIRECTION ( 'NONE',  ( 1.000000000000000000, 0.0000000000000000000, 0.0000000000000000000 ) ) ;
#4737 = CARTESIAN_POINT ( 'NONE',  ( -128.4287344361837029, -30.28560081842545415, 2.148273468129815456 ) ) ;
#4738 = SURFACE_STYLE_FILL_AREA ( #2669 ) ;
#4739 = SURFACE_STYLE_FILL_AREA ( #5715 ) ;
#4740 = DIRECTION ( 'NONE',  ( 1.224606353822379970E-16, -1.000000000000000000, -1.224606353822379970E-16 ) ) ;
#4741 = FILL_AREA_STYLE ('',( #2673 ) ) ;
#4742 = CARTESIAN_POINT ( 'NONE',  ( -121.9233521597990091, -37.25397777197868976, 5.630000000000910276 ) ) ;
#4743 = CARTESIAN_POINT ( 'NONE',  ( -127.9233521597989949, -30.37397777197829996, 2.104737251858956437 ) ) ;
#4744 = EDGE_CURVE ( 'NONE', #94, #3174, #2075, .T. ) ;
#4745 = ORIENTED_EDGE ( 'NONE', *, *, #1676, .F. ) ;
#4746 = DIRECTION ( 'NONE',  ( 1.224606353822379970E-16, -1.000000000000000000, -1.224606353822379970E-16 ) ) ;
#4747 = FILL_AREA_STYLE ('',( #584 ) ) ;
#4748 = DIRECTION ( 'NONE',  ( 0.0000000000000000000, 0.0000000000000000000, -1.000000000000000000 ) ) ;
#4749 = MECHANICAL_DESIGN_GEOMETRIC_PRESENTATION_REPRESENTATION (  '', ( #5396 ), #5505 ) ;
#4750 = CARTESIAN_POINT ( 'NONE',  ( -127.9233521597989949, -34.25397777197829896, -2.952881880399359726 ) ) ;
#4751 = ORIENTED_EDGE ( 'NONE', *, *, #6217, .T. ) ;
#4752 = CARTESIAN_POINT ( 'NONE',  ( -127.9235226669135415, -37.25397776713276699, -5.630000000000039861 ) ) ;
#4753 = DIRECTION ( 'NONE',  ( -2.802927004925552236E-14, 7.510420274124135843E-15, -1.000000000000000000 ) ) ;
#4754 = UNCERTAINTY_MEASURE_WITH_UNIT (LENGTH_MEASURE( 1.000000000000000082E-05 ), #6365, 'distance_accuracy_value', 'NONE');
#4755 = COLOUR_RGB ( '',0.6588235294117646967, 0.6588235294117646967, 0.6588235294117646967 ) ;
#4756 = B_SPLINE_CURVE_WITH_KNOTS ( 'NONE', 3,
 ( #211, #5336, #5426, #6327, #5832, #4303, #729, #2222 ),
 .UNSPECIFIED., .F., .F.,
 ( 4, 2, 2, 4 ),
 ( 0.0009892159153378943422, 0.001236523832620352661, 0.001483831749902810981, 0.001978447584467726318 ),
 .UNSPECIFIED. ) ;
#4757 = FILL_AREA_STYLE_COLOUR ( '', #3788 ) ;
#4758 =( NAMED_UNIT ( * ) SI_UNIT ( $, .STERADIAN. ) SOLID_ANGLE_UNIT ( ) );
#4759 = DIRECTION ( 'NONE',  ( -1.224606353822379970E-16, 0.0000000000000000000, 1.000000000000000000 ) ) ;
#4760 = ORIENTED_EDGE ( 'NONE', *, *, #4317, .T. ) ;
#4761 = AXIS2_PLACEMENT_3D ( 'NONE', #362, #5594, #5494 ) ;
#4762 = PRESENTATION_STYLE_ASSIGNMENT (( #5271 ) ) ;
#4763 = SURFACE_SIDE_STYLE ('',( #1116 ) ) ;
#4764 = COLOUR_RGB ( '',0.6588235294117646967, 0.6588235294117646967, 0.6588235294117646967 ) ;
#4765 = DIRECTION ( 'NONE',  ( -6.123031769111889989E-17, -0.0000000000000000000, 1.000000000000000000 ) ) ;
#4766 = LINE ( 'NONE', #5206, #5083 ) ;
#4767 = MANIFOLD_SOLID_BREP ( '1', #3527 ) ;
#4768 = VERTEX_POINT ( 'NONE', #685 ) ;
#4769 = STYLED_ITEM ( 'NONE', ( #3611 ), #1003 ) ;
#4770 = AXIS2_PLACEMENT_3D ( 'NONE', #36, #571, #3628 ) ;
#4771 = CARTESIAN_POINT ( 'NONE',  ( -126.9870320039635772, -30.49163418579591323, -3.035575351665362742 ) ) ;
#4772 = DIRECTION ( 'NONE',  ( 0.0000000000000000000, 0.0000000000000000000, -1.000000000000000000 ) ) ;
#4773 = CARTESIAN_POINT ( 'NONE',  ( -127.9233521597990233, -30.73848570686702075, 5.630000000000913829 ) ) ;
#4774 = B_SPLINE_CURVE_WITH_KNOTS ( 'NONE', 3,
 ( #3332, #5419, #2758, #2862, #5891, #1702, #2325, #240, #3943, #4326, #694, #5913, #4878, #1836 ),
 .UNSPECIFIED., .F., .F.,
 ( 4, 2, 2, 2, 2, 2, 4 ),
 ( 1.012438182763291014E-17, 0.0002318557490568357320, 0.0004637114981136613266, 0.0009274229962273163649, 0.001159278745284143992, 0.001391134494340971620, 0.001854845992454626441 ),
 .UNSPECIFIED. ) ;
#4775 = STYLED_ITEM ( 'NONE', ( #6565 ), #1866 ) ;
#4776 = CARTESIAN_POINT ( 'NONE',  ( -127.2911081869855252, -30.30426036957581104, -0.6784922006387860138 ) ) ;
#4777 = VERTEX_POINT ( 'NONE', #3249 ) ;
#4778 = CARTESIAN_POINT ( 'NONE',  ( -127.4911081869853291, -30.39812959706715390, -0.6784922296614710469 ) ) ;
#4779 = CARTESIAN_POINT ( 'NONE',  ( -127.6972205019512359, -30.37974979221850802, -0.2932850293043640644 ) ) ;
#4780 = CARTESIAN_POINT ( 'NONE',  ( -127.6221188630909467, -30.58858814599020448, 5.657044983151434892 ) ) ;
#4781 = EDGE_CURVE ( 'NONE', #1994, #3458, #5883, .T. ) ;
#4782 = DIRECTION ( 'NONE',  ( -6.123031769111889989E-17, -6.123031769111889989E-17, 1.000000000000000000 ) ) ;
#4783 = FILL_AREA_STYLE_COLOUR ( '', #6366 ) ;
#4784 = MECHANICAL_DESIGN_GEOMETRIC_PRESENTATION_REPRESENTATION (  '', ( #2951 ), #316 ) ;
#4785 = PRESENTATION_STYLE_ASSIGNMENT (( #4847 ) ) ;
#4786 = AXIS2_PLACEMENT_3D ( 'NONE', #1408, #1875, #2544 ) ;
#4787 = MANIFOLD_SOLID_BREP ( '5', #356 ) ;
#4788 = PRESENTATION_STYLE_ASSIGNMENT (( #593 ) ) ;
#4789 = ORIENTED_EDGE ( 'NONE', *, *, #5341, .F. ) ;
#4790 =( NAMED_UNIT ( * ) SI_UNIT ( $, .STERADIAN. ) SOLID_ANGLE_UNIT ( ) );
#4791 = SURFACE_STYLE_USAGE ( .BOTH. , #1 ) ;
#4792 = CIRCLE ( 'NONE', #329, 3.879999999999994564 ) ;
#4793 = ORIENTED_EDGE ( 'NONE', *, *, #6267, .F. ) ;
#4794 = EDGE_CURVE ( 'NONE', #450, #4053, #1228, .T. ) ;
#4795 = CARTESIAN_POINT ( 'NONE',  ( -128.8691704075830273, -30.45594162611303446, 5.219607272322238423 ) ) ;
#4796 = COLOUR_RGB ( '',1.000000000000000000, 1.000000000000000000, 1.000000000000000000 ) ;
#4797 =( BOUNDED_SURFACE ( )  B_SPLINE_SURFACE ( 3, 3, ( 
 ( #1138, #3816, #59, #4752, #131, #762, #2722 ),
 ( #2149, #1212, #5330, #5291, #6429, #5362, #1765 ),
 ( #4270, #3872, #2191, #3365, #2219, #2823, #5827 ),
 ( #661, #1670, #4328, #2761, #3235, #3266, #5867 ) ),
 .UNSPECIFIED., .F., .F., .T. ) 
 B_SPLINE_SURFACE_WITH_KNOTS ( ( 4, 4 ),
 ( 4, 3, 4 ),
 ( 0.0000000000000000000, 1.000000000000000000 ),
 ( 0.0000000000000000000, 0.5000000000000000000, 1.000000000000000000 ),
 .UNSPECIFIED. ) 
 GEOMETRIC_REPRESENTATION_ITEM ( )  RATIONAL_B_SPLINE_SURFACE ( (
 ( 1.000000000000000000, 0.4011452096457532313, 0.4011452096457532313, 1.000000000000000000, 0.4011452096457532313, 0.4011452096457532313, 1.000000000000000000),
 ( 0.8047378541243397354, 0.3228167352025818615, 0.3228167352025818615, 0.8047378541243397354, 0.3228167352025818615, 0.3228167352025818615, 0.8047378541243397354),
 ( 0.8047378541243397354, 0.3228167352025818615, 0.3228167352025818615, 0.8047378541243397354, 0.3228167352025818615, 0.3228167352025818615, 0.8047378541243397354),
 ( 1.000000000000000000, 0.4011452096457532313, 0.4011452096457532313, 1.000000000000000000, 0.4011452096457532313, 0.4011452096457532313, 1.000000000000000000) ) ) 
 REPRESENTATION_ITEM ( '' )  SURFACE ( )  );
#4798 = DIRECTION ( 'NONE',  ( 1.000000000000000000, 1.734723475976805517E-15, 0.0000000000000000000 ) ) ;
#4799 = EDGE_CURVE ( 'NONE', #2338, #6216, #5830, .T. ) ;
#4800 = CARTESIAN_POINT ( 'NONE',  ( -127.9233521597989949, -36.18255236209569858, -1.901426395795764224 ) ) ;
#4801 = ORIENTED_EDGE ( 'NONE', *, *, #3177, .T. ) ;
#4802 = CARTESIAN_POINT ( 'NONE',  ( -128.5555961326129193, -30.30426036957588920, 2.536981195650130250 ) ) ;
#4803 = AXIS2_PLACEMENT_3D ( 'NONE', #791, #753, #3433 ) ;
#4804 = DIRECTION ( 'NONE',  ( 1.000000000000000000, 0.0000000000000000000, 0.0000000000000000000 ) ) ;
#4805 = SURFACE_STYLE_FILL_AREA ( #3933 ) ;
#4806 = DIRECTION ( 'NONE',  ( -1.224606353822379970E-16, 0.0000000000000000000, 1.000000000000000000 ) ) ;
#4807 = VECTOR ( 'NONE', #1664, 1000.000000000000000 ) ;
#4808 = CARTESIAN_POINT ( 'NONE',  ( -127.8397204766349944, -30.25397777171911784, 1.904737250219023181 ) ) ;
#4809 = CARTESIAN_POINT ( 'NONE',  ( -127.9233521597989949, -34.25397777197829896, 0.8985590598003060370 ) ) ;
#4810 = FILL_AREA_STYLE_COLOUR ( '', #3268 ) ;
#4811 = CARTESIAN_POINT ( 'NONE',  ( -121.9233521597990091, -31.25397777197870042, 5.630000000000910276 ) ) ;
#4812 = CARTESIAN_POINT ( 'NONE',  ( -128.5555961326130046, -30.42583624392050012, -0.6784922006387860138 ) ) ;
#4813 = EDGE_CURVE ( 'NONE', #5895, #358, #5, .T. ) ;
#4814 = ORIENTED_EDGE ( 'NONE', *, *, #5817, .T. ) ;
#4815 = B_SPLINE_CURVE_WITH_KNOTS ( 'NONE', 3,
 ( #1108, #4082, #2686, #4113, #590, #3095, #3720, #6148 ),
 .UNSPECIFIED., .F., .F.,
 ( 4, 2, 2, 4 ),
 ( 3.508261114975577120E-17, 0.0003905822152057477487, 0.0007811644304114604776, 0.001562328860822878454 ),
 .UNSPECIFIED. ) ;
#4816 = CARTESIAN_POINT ( 'NONE',  ( -127.9233521597989949, -30.25397777197829896, 1.904737251858948710 ) ) ;
#4817 =( NAMED_UNIT ( * ) PLANE_ANGLE_UNIT ( ) SI_UNIT ( $, .RADIAN. ) );
#4818 =( NAMED_UNIT ( * ) SI_UNIT ( $, .STERADIAN. ) SOLID_ANGLE_UNIT ( ) );
#4819 = CARTESIAN_POINT ( 'NONE',  ( -128.7572913339214153, -30.87297370799666041, -3.542968230721011302 ) ) ;
#4820 = SURFACE_SIDE_STYLE ('',( #6357 ) ) ;
#4821 =( NAMED_UNIT ( * ) PLANE_ANGLE_UNIT ( ) SI_UNIT ( $, .RADIAN. ) );
#4822 = ORIENTED_EDGE ( 'NONE', *, *, #368, .T. ) ;
#4823 = DIRECTION ( 'NONE',  ( -6.123031769111889989E-17, -6.123031769111889989E-17, 1.000000000000000000 ) ) ;
#4824 = CARTESIAN_POINT ( 'NONE',  ( -127.9233521597989949, -36.18255236209569858, 2.536981224672810065 ) ) ;
#4825 = UNCERTAINTY_MEASURE_WITH_UNIT (LENGTH_MEASURE( 1.000000000000000082E-05 ), #2994, 'distance_accuracy_value', 'NONE');
#4826 = CARTESIAN_POINT ( 'NONE',  ( -128.7755652966251034, -30.80485704899011523, -3.319122756229033744 ) ) ;
#4827 = ADVANCED_FACE ( 'NONE', ( #5977 ), #6435, .F. ) ;
#4828 =( NAMED_UNIT ( * ) PLANE_ANGLE_UNIT ( ) SI_UNIT ( $, .RADIAN. ) );
#4829 =( NAMED_UNIT ( * ) SI_UNIT ( $, .STERADIAN. ) SOLID_ANGLE_UNIT ( ) );
#4830 = FACE_BOUND ( 'NONE', #2077, .T. ) ;
#4831 = LINE ( 'NONE', #641, #1708 ) ;
#4832 = ORIENTED_EDGE ( 'NONE', *, *, #3971, .F. ) ;
#4833 = EDGE_CURVE ( 'NONE', #989, #5116, #2721, .T. ) ;
#4834 = DIRECTION ( 'NONE',  ( 1.224606353822379970E-16, -1.000000000000000000, -0.0000000000000000000 ) ) ;
#4835 = CARTESIAN_POINT ( 'NONE',  ( -127.2911081869853263, -30.30426036957597091, 2.536981133662860266 ) ) ;
#4836 = CARTESIAN_POINT ( 'NONE',  ( -128.3555961326129875, -36.18255236209569858, 2.536981224672810065 ) ) ;
#4837 = CARTESIAN_POINT ( 'NONE',  ( -128.1942029157725358, -30.95073967747231336, -3.335756337264530469 ) ) ;
#4838 = UNCERTAINTY_MEASURE_WITH_UNIT (LENGTH_MEASURE( 1.000000000000000082E-05 ), #2574, 'distance_accuracy_value', 'NONE');
#4839 = SURFACE_STYLE_FILL_AREA ( #5887 ) ;
#4840 = CARTESIAN_POINT ( 'NONE',  ( -127.9233521597989949, -31.25397777197829541, -4.750000000000070166 ) ) ;
#4841 = ORIENTED_EDGE ( 'NONE', *, *, #4336, .T. ) ;
#4842 = SURFACE_STYLE_FILL_AREA ( #656 ) ;
#4843 = CARTESIAN_POINT ( 'NONE',  ( -127.0733524652431754, -30.81378653302705928, 5.471821128159026770 ) ) ;
#4844 = VERTEX_POINT ( 'NONE', #6640 ) ;
#4845 =( LENGTH_UNIT ( ) NAMED_UNIT ( * ) SI_UNIT ( .MILLI., .METRE. ) );
#4846 = FACE_OUTER_BOUND ( 'NONE', #4707, .T. ) ;
#4847 = SURFACE_STYLE_USAGE ( .BOTH. , #5391 ) ;
#4848 = CLOSED_SHELL ( 'NONE', ( #2672, #251, #5606, #3113, #6434, #5142, #464 ) ) ;
#4849 = ORIENTED_EDGE ( 'NONE', *, *, #1492, .T. ) ;
#4850 = CARTESIAN_POINT ( 'NONE',  ( -127.4911081869850875, -30.39812959706710060, 2.536981224672810065 ) ) ;
#4851 = CARTESIAN_POINT ( 'NONE',  ( -128.8335250076212333, -30.58881075765952318, -3.147897494539940944 ) ) ;
#4852 = SURFACE_STYLE_USAGE ( .BOTH. , #668 ) ;
#4853 = B_SPLINE_CURVE_WITH_KNOTS ( 'NONE', 3,
 ( #6589, #4012, #5561, #799, #1405, #6046, #245, #2404, #1901, #4138, #3503, #3440, #1798, #5461 ),
 .UNSPECIFIED., .F., .F.,
 ( 4, 2, 2, 2, 2, 2, 4 ),
 ( 7.023362591512764319E-17, 0.0002473059557975189489, 0.0004946119115949674247, 0.0009892238231899229232, 0.001236529778987359744, 0.001483835734784796564, 0.001978447646379670206 ),
 .UNSPECIFIED. ) ;
#4854 = DIRECTION ( 'NONE',  ( 6.123031769111889989E-17, -1.000000000000000000, -1.224606353822379970E-16 ) ) ;
#4855 = ORIENTED_EDGE ( 'NONE', *, *, #3193, .T. ) ;
#4856 = CARTESIAN_POINT ( 'NONE',  ( -127.6051845698705307, -30.37397777197829640, -4.750000000000070166 ) ) ;
#4857 = PRESENTATION_STYLE_ASSIGNMENT (( #5344 ) ) ;
#4858 = CARTESIAN_POINT ( 'NONE',  ( -128.1492214183714111, -30.25956069315330765, -0.2931295825422030599 ) ) ;
#4859 = DIRECTION ( 'NONE',  ( 0.0000000000000000000, 1.000000000000000000, 0.0000000000000000000 ) ) ;
#4860 = DIRECTION ( 'NONE',  ( -1.000000000000000000, 0.0000000000000000000, -1.117734198439009835E-16 ) ) ;
#4861 =( NAMED_UNIT ( * ) PLANE_ANGLE_UNIT ( ) SI_UNIT ( $, .RADIAN. ) );
#4862 = COLOUR_RGB ( '',0.8000000000000000444, 0.1921568627450980227, 0.1921568627450980227 ) ;
#4863 = VERTEX_POINT ( 'NONE', #5164 ) ;
#4864 = LINE ( 'NONE', #2272, #5324 ) ;
#4865 = AXIS2_PLACEMENT_3D ( 'NONE', #2096, #4610, #6132 ) ;
#4866 = CARTESIAN_POINT ( 'NONE',  ( -127.8397040002521265, -30.37397795263181521, -0.04624936549497594973 ) ) ;
#4867 = PRESENTATION_LAYER_ASSIGNMENT (  '', '', ( #53 ) ) ;
#4868 = FILL_AREA_STYLE_COLOUR ( '', #3730 ) ;
#4869 = SURFACE_STYLE_USAGE ( .BOTH. , #3896 ) ;
#4870 = COLOUR_RGB ( '',0.0000000000000000000, 0.0000000000000000000, 0.0000000000000000000 ) ;
#4871 = EDGE_CURVE ( 'NONE', #5793, #2713, #6130, .T. ) ;
#4872 = CARTESIAN_POINT ( 'NONE',  ( -128.3555961326129307, -30.27740070772239633, 2.536981224672810065 ) ) ;
#4873 = AXIS2_PLACEMENT_3D ( 'NONE', #2635, #6269, #4669 ) ;
#4874 = MECHANICAL_DESIGN_GEOMETRIC_PRESENTATION_REPRESENTATION (  '', ( #6484 ), #4126 ) ;
#4875 = EDGE_LOOP ( 'NONE', ( #691, #3264, #3838, #2116 ) ) ;
#4876 = ADVANCED_FACE ( 'NONE', ( #528 ), #2588, .F. ) ;
#4877 =( LENGTH_UNIT ( ) NAMED_UNIT ( * ) SI_UNIT ( .MILLI., .METRE. ) );
#4878 = CARTESIAN_POINT ( 'NONE',  ( -127.0184342431637532, -30.60882893796385318, -4.412349093946538403 ) ) ;
#4879 = ORIENTED_EDGE ( 'NONE', *, *, #4002, .T. ) ;
#4880 =( GEOMETRIC_REPRESENTATION_CONTEXT ( 3 ) GLOBAL_UNCERTAINTY_ASSIGNED_CONTEXT ( ( #932 ) ) GLOBAL_UNIT_ASSIGNED_CONTEXT ( ( #5386, #3404, #658 ) ) REPRESENTATION_CONTEXT ( 'NONE', 'WORKASPACE' ) );
#4881 = AXIS2_PLACEMENT_3D ( 'NONE', #4069, #6008, #3525 ) ;
#4882 = AXIS2_PLACEMENT_3D ( 'NONE', #6656, #5767, #3125 ) ;
#4883 = FILL_AREA_STYLE ('',( #4783 ) ) ;
#4884 = CARTESIAN_POINT ( 'NONE',  ( -127.2911081908242039, -30.30426036896150777, -0.5948595703592202133 ) ) ;
#4885 = CARTESIAN_POINT ( 'NONE',  ( -127.9233521597989949, -30.37397777197870141, -4.508018297698257015 ) ) ;
#4886 = COLOUR_RGB ( '',1.000000000000000000, 1.000000000000000000, 1.000000000000000000 ) ;
#4887 = ORIENTED_EDGE ( 'NONE', *, *, #281, .T. ) ;
#4888 = CARTESIAN_POINT ( 'NONE',  ( -127.4911081869851159, -30.39812959706709705, 2.422726434356257119 ) ) ;
#4889 = AXIS2_PLACEMENT_3D ( 'NONE', #4170, #1556, #9 ) ;
#4890 = STYLED_ITEM ( 'NONE', ( #5363 ), #6056 ) ;
#4891 = CARTESIAN_POINT ( 'NONE',  ( -134.1321250266479410, -32.07304900485253540, -3.346880229046849564 ) ) ;
#4892 = CARTESIAN_POINT ( 'NONE',  ( -128.5555961326129477, -30.30426036957581104, -1.469182437493224747 ) ) ;
#4893 =( GEOMETRIC_REPRESENTATION_CONTEXT ( 3 ) GLOBAL_UNCERTAINTY_ASSIGNED_CONTEXT ( ( #1877 ) ) GLOBAL_UNIT_ASSIGNED_CONTEXT ( ( #2700, #3767, #2232 ) ) REPRESENTATION_CONTEXT ( 'NONE', 'WORKASPACE' ) );
#4894 = FILL_AREA_STYLE ('',( #4930 ) ) ;
#4895 = PRESENTATION_LAYER_ASSIGNMENT (  '', '', ( #5221 ) ) ;
#4896 = UNCERTAINTY_MEASURE_WITH_UNIT (LENGTH_MEASURE( 1.000000000000000082E-05 ), #2121, 'distance_accuracy_value', 'NONE');
#4897 = CARTESIAN_POINT ( 'NONE',  ( -127.9233521597989949, -36.30397777197919851, -24.74999999999980105 ) ) ;
#4898 = CARTESIAN_POINT ( 'NONE',  ( -127.5924754004386159, -30.38633818785283935, 1.973654564630989539 ) ) ;
#4899 = CARTESIAN_POINT ( 'NONE',  ( -127.9233521597989949, -34.25397777197869686, -5.629999999999089511 ) ) ;
#4900 = B_SPLINE_CURVE_WITH_KNOTS ( 'NONE', 3,
 ( #4743, #2753, #1026, #6244, #653, #6319 ),
 .UNSPECIFIED., .F., .F.,
 ( 4, 2, 4 ),
 ( 0.0006757574298184731596, 0.001013639159170167271, 0.001351520888521861273 ),
 .UNSPECIFIED. ) ;
#4901 = LINE ( 'NONE', #223, #6483 ) ;
#4902 = ORIENTED_EDGE ( 'NONE', *, *, #5834, .F. ) ;
#4903 = CARTESIAN_POINT ( 'NONE',  ( -127.9233521597989949, -36.18255236209569858, 1.904737251858948044 ) ) ;
#4904 = STYLED_ITEM ( 'NONE', ( #4566 ), #2886 ) ;
#4905 = CARTESIAN_POINT ( 'NONE',  ( -128.0906233389215458, -30.37397741069840507, -0.04624603971926436602 ) ) ;
#4906 = CARTESIAN_POINT ( 'NONE',  ( -128.5555961326130330, -30.42583624392038288, 0.8985590598002788365 ) ) ;
#4907 = FACE_BOUND ( 'NONE', #1474, .T. ) ;
#4908 = PLANE ( 'NONE',  #1713 ) ;
#4909 = PRODUCT_DEFINITION ( 'UNKNOWN', '', #4635, #5910 ) ;
#4910 = B_SPLINE_CURVE_WITH_KNOTS ( 'NONE', 3,
 ( #6438, #2304, #5969, #6333, #142, #4898, #219, #1320 ),
 .UNSPECIFIED., .F., .F.,
 ( 4, 2, 2, 4 ),
 ( 3.816391647148975608E-17, 0.0002473286012539987924, 0.0004946572025079594209, 0.0009893144050158223478 ),
 .UNSPECIFIED. ) ;
#4911 = LINE ( 'NONE', #302, #185 ) ;
#4912 = CARTESIAN_POINT ( 'NONE',  ( -120.1633521597989898, -30.37397777197869075, -5.265492065110764841 ) ) ;
#4914 = EDGE_CURVE ( 'NONE', #3647, #5905, #3355, .T. ) ;
#4913 = ORIENTED_EDGE ( 'NONE', *, *, #4956, .T. ) ;
#4915 = CARTESIAN_POINT ( 'NONE',  ( -128.5555961249349366, -30.30426036834668935, 3.494931215147537351 ) ) ;
#4916 = CARTESIAN_POINT ( 'NONE',  ( -126.9862819858890219, -30.48883508023764932, 4.749999999999930722 ) ) ;
#4917 =( GEOMETRIC_REPRESENTATION_CONTEXT ( 3 ) GLOBAL_UNCERTAINTY_ASSIGNED_CONTEXT ( ( #3683 ) ) GLOBAL_UNIT_ASSIGNED_CONTEXT ( ( #160, #3439, #4923 ) ) REPRESENTATION_CONTEXT ( 'NONE', 'WORKASPACE' ) );
#4918 = ORIENTED_EDGE ( 'NONE', *, *, #3239, .T. ) ;
#4919 = SURFACE_STYLE_FILL_AREA ( #5456 ) ;
#4920 = APPLICATION_CONTEXT ( 'automotive_design' ) ;
#4921 = CARTESIAN_POINT ( 'NONE',  ( -128.4287251390384483, -30.40658552570597806, -0.2897742328968702097 ) ) ;
#4922 = EDGE_CURVE ( 'NONE', #6126, #5440, #4233, .T. ) ;
#4923 =( NAMED_UNIT ( * ) SI_UNIT ( $, .STERADIAN. ) SOLID_ANGLE_UNIT ( ) );
#4924 = CARTESIAN_POINT ( 'NONE',  ( -127.9233521597989949, -34.25397777197829896, -2.952881880399359726 ) ) ;
#4925 = PRESENTATION_STYLE_ASSIGNMENT (( #4545 ) ) ;
#4927 = ADVANCED_FACE ( 'NONE', ( #6264, #6702 ), #2010, .F. ) ;
#4926 = ORIENTED_EDGE ( 'NONE', *, *, #1571, .T. ) ;
#4928 = CARTESIAN_POINT ( 'NONE',  ( -128.7515551867743113, -30.89435534183104792, -5.534405522844646264 ) ) ;
#4929 = CARTESIAN_POINT ( 'NONE',  ( -135.1968895467467746, -31.69903378124892868, -2.952881880399350401 ) ) ;
#4930 = FILL_AREA_STYLE_COLOUR ( '', #2356 ) ;
#4931 = PRESENTATION_STYLE_ASSIGNMENT (( #5433 ) ) ;
#4932 =( NAMED_UNIT ( * ) SI_UNIT ( $, .STERADIAN. ) SOLID_ANGLE_UNIT ( ) );
#4933 =( NAMED_UNIT ( * ) SI_UNIT ( $, .STERADIAN. ) SOLID_ANGLE_UNIT ( ) );
#4934 =( LENGTH_UNIT ( ) NAMED_UNIT ( * ) SI_UNIT ( .MILLI., .METRE. ) );
#4935 = PRESENTATION_STYLE_ASSIGNMENT (( #2877 ) ) ;
#4936 = FACE_OUTER_BOUND ( 'NONE', #5593, .T. ) ;
#4937 = ORIENTED_EDGE ( 'NONE', *, *, #5256, .F. ) ;
#4938 = EDGE_CURVE ( 'NONE', #5491, #3558, #5135, .T. ) ;
#4939 = CARTESIAN_POINT ( 'NONE',  ( -127.9233521597989949, -31.25397777197845528, -5.750000000000070166 ) ) ;
#4940 =( LENGTH_UNIT ( ) NAMED_UNIT ( * ) SI_UNIT ( .MILLI., .METRE. ) );
#4941 = CARTESIAN_POINT ( 'NONE',  ( -128.4866975962189031, -30.29211374568138027, 3.658525378514460691 ) ) ;
#4942 = CARTESIAN_POINT ( 'NONE',  ( -127.9233521597989949, -36.18255236209569858, -0.6784922296614720461 ) ) ;
#4943 = DIRECTION ( 'NONE',  ( 0.0000000000000000000, 1.000000000000000000, 0.0000000000000000000 ) ) ;
#4944 = ORIENTED_EDGE ( 'NONE', *, *, #3350, .F. ) ;
#4945 = CARTESIAN_POINT ( 'NONE',  ( -128.3555961326129875, -30.39812959706710771, 2.536981224672810509 ) ) ;
#4946 = ORIENTED_EDGE ( 'NONE', *, *, #996, .T. ) ;
#4947 = CARTESIAN_POINT ( 'NONE',  ( -133.1367411913450098, -37.41023193228735266, 5.737678509578246988 ) ) ;
#4948 = EDGE_CURVE ( 'NONE', #3081, #3458, #1519, .T. ) ;
#4949 = CARTESIAN_POINT ( 'NONE',  ( -127.2911081869857810, -30.42583624392054276, -0.6784922151501251442 ) ) ;
#4950 = CARTESIAN_POINT ( 'NONE',  ( -124.7668556367793116, -34.25397777197849791, 5.737678509578226560 ) ) ;
#4951 = ORIENTED_EDGE ( 'NONE', *, *, #2720, .T. ) ;
#4952 = SURFACE_STYLE_FILL_AREA ( #2897 ) ;
#4953 = SURFACE_STYLE_FILL_AREA ( #768 ) ;
#4954 = SURFACE_STYLE_USAGE ( .BOTH. , #3313 ) ;
#4955 = ORIENTED_EDGE ( 'NONE', *, *, #841, .F. ) ;
#4956 = EDGE_CURVE ( 'NONE', #6216, #4335, #163, .T. ) ;
#4957 = DIRECTION ( 'NONE',  ( -6.123031769111889989E-17, 0.0000000000000000000, 1.000000000000000000 ) ) ;
#4958 = UNCERTAINTY_MEASURE_WITH_UNIT (LENGTH_MEASURE( 1.000000000000000082E-05 ), #4109, 'distance_accuracy_value', 'NONE');
#4959 = SURFACE_STYLE_FILL_AREA ( #2367 ) ;
#4960 = SURFACE_SIDE_STYLE ('',( #1913 ) ) ;
#4961 =( NAMED_UNIT ( * ) SI_UNIT ( $, .STERADIAN. ) SOLID_ANGLE_UNIT ( ) );
#4962 = EDGE_CURVE ( 'NONE', #4552, #6019, #1909, .T. ) ;
#4963 = ORIENTED_EDGE ( 'NONE', *, *, #1697, .F. ) ;
#4964 = SURFACE_STYLE_FILL_AREA ( #3003 ) ;
#4965 = PRESENTATION_STYLE_ASSIGNMENT (( #1956 ) ) ;
#4966 =( NAMED_UNIT ( * ) PLANE_ANGLE_UNIT ( ) SI_UNIT ( $, .RADIAN. ) );
#4967 = CARTESIAN_POINT ( 'NONE',  ( -127.9233521597989807, -30.83953303261913703, -4.052649073642027311 ) ) ;
#4968 = AXIS2_PLACEMENT_3D ( 'NONE', #4721, #5693, #3199 ) ;
#4969 = CARTESIAN_POINT ( 'NONE',  ( -127.9233521597989949, -34.25397777197829896, -4.750000000000039968 ) ) ;
#4970 = STYLED_ITEM ( 'NONE', ( #3179 ), #4876 ) ;
#4971 = ORIENTED_EDGE ( 'NONE', *, *, #5284, .F. ) ;
#4972 =( NAMED_UNIT ( * ) PLANE_ANGLE_UNIT ( ) SI_UNIT ( $, .RADIAN. ) );
#4973 =( GEOMETRIC_REPRESENTATION_CONTEXT ( 3 ) GLOBAL_UNCERTAINTY_ASSIGNED_CONTEXT ( ( #4430 ) ) GLOBAL_UNIT_ASSIGNED_CONTEXT ( ( #2568, #1634, #6172 ) ) REPRESENTATION_CONTEXT ( 'NONE', 'WORKASPACE' ) );
#4974 = PRODUCT_DEFINITION_CONTEXT ( 'detailed design', #605, 'design' ) ;
#4975 = PRESENTATION_LAYER_ASSIGNMENT (  '', '', ( #3250 ) ) ;
#4976 = LINE ( 'NONE', #5045, #1812 ) ;
#4977 = CARTESIAN_POINT ( 'NONE',  ( -127.9233521597989949, -37.55721586648478194, -3.335756337264832450 ) ) ;
#4978 = AXIS2_PLACEMENT_3D ( 'NONE', #3858, #2336, #5972 ) ;
#4979 = EDGE_LOOP ( 'NONE', ( #6687, #2805, #5745, #5384 ) ) ;
#4980 = DIRECTION ( 'NONE',  ( 6.123031769111889989E-17, -5.400123095199909910E-49, -1.000000000000000000 ) ) ;
#4981 = SURFACE_SIDE_STYLE ('',( #1339 ) ) ;
#4982 = PRESENTATION_LAYER_ASSIGNMENT (  '', '', ( #6139 ) ) ;
#4983 = B_SPLINE_CURVE_WITH_KNOTS ( 'NONE', 3,
 ( #4563, #2377, #3992, #844, #881, #1453, #2943, #3549 ),
 .UNSPECIFIED., .F., .F.,
 ( 4, 2, 2, 4 ),
 ( 0.0009892159153379095210, 0.001236523832620370659, 0.001483831749902831797, 0.001978447584467753640 ),
 .UNSPECIFIED. ) ;
#4984 = ORIENTED_EDGE ( 'NONE', *, *, #1448, .T. ) ;
#4985 = CARTESIAN_POINT ( 'NONE',  ( -127.3076097856048534, -30.30152415564320734, -0.5128054330778395453 ) ) ;
#4986 = COLOUR_RGB ( '',0.8000000000000000444, 0.1921568627450980227, 0.1921568627450980227 ) ;
#4987 = SURFACE_STYLE_USAGE ( .BOTH. , #829 ) ;
#4988 = ORIENTED_EDGE ( 'NONE', *, *, #374, .T. ) ;
#4989 = CARTESIAN_POINT ( 'NONE',  ( -127.2911081869859942, -36.18255236209569858, 2.536981133662860266 ) ) ;
#4990 = MECHANICAL_DESIGN_GEOMETRIC_PRESENTATION_REPRESENTATION (  '', ( #2376 ), #6375 ) ;
#4991 = ADVANCED_FACE ( 'NONE', ( #4088 ), #4535, .T. ) ;
#4992 =( GEOMETRIC_REPRESENTATION_CONTEXT ( 3 ) GLOBAL_UNCERTAINTY_ASSIGNED_CONTEXT ( ( #4641 ) ) GLOBAL_UNIT_ASSIGNED_CONTEXT ( ( #5631, #5495, #3987 ) ) REPRESENTATION_CONTEXT ( 'NONE', 'WORKASPACE' ) );
#4993 =( NAMED_UNIT ( * ) SI_UNIT ( $, .STERADIAN. ) SOLID_ANGLE_UNIT ( ) );
#4994 = AXIS2_PLACEMENT_3D ( 'NONE', #3354, #1257, #3398 ) ;
#4995 = COLOUR_RGB ( '',1.000000000000000000, 1.000000000000000000, 1.000000000000000000 ) ;
#4996 = FILL_AREA_STYLE ('',( #463 ) ) ;
#4997 =( NAMED_UNIT ( * ) PLANE_ANGLE_UNIT ( ) SI_UNIT ( $, .RADIAN. ) );
#4998 = EDGE_CURVE ( 'NONE', #1086, #514, #2890, .T. ) ;
#4999 = SURFACE_STYLE_FILL_AREA ( #287 ) ;
#5000 = AXIS2_PLACEMENT_3D ( 'NONE', #1283, #3380, #5436 ) ;
#5001 = VECTOR ( 'NONE', #5036, 1000.000000000000000 ) ;
#5002 = ORIENTED_EDGE ( 'NONE', *, *, #4534, .T. ) ;
#5003 = FILL_AREA_STYLE_COLOUR ( '', #4755 ) ;
#5004 = SURFACE_SIDE_STYLE ('',( #1424 ) ) ;
#5005 = EDGE_CURVE ( 'NONE', #5985, #1218, #4983, .T. ) ;
#5006 = COLOUR_RGB ( '',0.8000000000000000444, 0.1921568627450980227, 0.1921568627450980227 ) ;
#5007 = DIRECTION ( 'NONE',  ( -6.123031769111889989E-17, 0.0000000000000000000, 1.000000000000000000 ) ) ;
#5008 =( GEOMETRIC_REPRESENTATION_CONTEXT ( 3 ) GLOBAL_UNCERTAINTY_ASSIGNED_CONTEXT ( ( #1759 ) ) GLOBAL_UNIT_ASSIGNED_CONTEXT ( ( #1976, #968, #1443 ) ) REPRESENTATION_CONTEXT ( 'NONE', 'WORKASPACE' ) );
#5009 =( LENGTH_UNIT ( ) NAMED_UNIT ( * ) SI_UNIT ( .MILLI., .METRE. ) );
#5010 =( REPRESENTATION_RELATIONSHIP ('NONE','NONE', #5949, #672 ) REPRESENTATION_RELATIONSHIP_WITH_TRANSFORMATION ( #6234 )SHAPE_REPRESENTATION_RELATIONSHIP( ) );
#5011 = CARTESIAN_POINT ( 'NONE',  ( -128.7545888175872619, -30.94225941183860229, -3.346880229046878430 ) ) ;
#5012 = CIRCLE ( 'NONE', #1633, 2.999999999999843237 ) ;
#5013 = STYLED_ITEM ( 'NONE', ( #1716 ), #2212 ) ;
#5014 = LINE ( 'NONE', #4440, #3922 ) ;
#5015 = CARTESIAN_POINT ( 'NONE',  ( -128.5390897129119878, -30.42301222446398157, 3.493375403610146090 ) ) ;
#5016 = ORIENTED_EDGE ( 'NONE', *, *, #2008, .F. ) ;
#5017 =( BOUNDED_SURFACE ( )  B_SPLINE_SURFACE ( 3, 3, ( 
 ( #4067, #941, #3042, #5097 ),
 ( #436, #6124, #2528, #6519 ),
 ( #4601, #4091, #3584, #2383 ),
 ( #5803, #5674, #4127, #2087 ) ),
 .UNSPECIFIED., .F., .F., .F. ) 
 B_SPLINE_SURFACE_WITH_KNOTS ( ( 4, 4 ),
 ( 4, 4 ),
 ( 0.0000000000000000000, 1.000000000000000000 ),
 ( 0.0000000000000000000, 1.000000000000000000 ),
 .UNSPECIFIED. ) 
 GEOMETRIC_REPRESENTATION_ITEM ( )  RATIONAL_B_SPLINE_SURFACE ( (
 ( 1.000000000000000000, 0.9949883451683319002, 0.9949883451683319002, 1.000000000000000000),
 ( 0.7401421113121703366, 0.7364327745238916645, 0.7364327745238916645, 0.7401421113121703366),
 ( 0.7401421113121703366, 0.7364327745238916645, 0.7364327745238916645, 0.7401421113121703366),
 ( 1.000000000000000000, 0.9949883451683319002, 0.9949883451683319002, 1.000000000000000000) ) ) 
 REPRESENTATION_ITEM ( '' )  SURFACE ( )  );
#5018 = LINE ( 'NONE', #1791, #1850 ) ;
#5019 = SURFACE_STYLE_USAGE ( .BOTH. , #4045 ) ;
#5020 = ORIENTED_EDGE ( 'NONE', *, *, #5005, .T. ) ;
#5021 = DIRECTION ( 'NONE',  ( -1.224606353822379970E-16, -0.0000000000000000000, 1.000000000000000000 ) ) ;
#5022 = STYLED_ITEM ( 'NONE', ( #2845 ), #3768 ) ;
#5023 = FACE_OUTER_BOUND ( 'NONE', #4979, .T. ) ;
#5024 = CARTESIAN_POINT ( 'NONE',  ( -120.8658632976501508, -31.77203457526874786, -2.891511004989561151 ) ) ;
#5025 = LINE ( 'NONE', #1844, #1423 ) ;
#5026 = VECTOR ( 'NONE', #4626, 1000.000000000000000 ) ;
#5027 = DIRECTION ( 'NONE',  ( 1.000000000000000000, 0.0000000000000000000, 0.0000000000000000000 ) ) ;
#5028 = FACE_OUTER_BOUND ( 'NONE', #4331, .T. ) ;
#5029 =( GEOMETRIC_REPRESENTATION_CONTEXT ( 3 ) GLOBAL_UNCERTAINTY_ASSIGNED_CONTEXT ( ( #4507 ) ) GLOBAL_UNIT_ASSIGNED_CONTEXT ( ( #6374, #119, #2809 ) ) REPRESENTATION_CONTEXT ( 'NONE', 'WORKASPACE' ) );
#5030 = DIRECTION ( 'NONE',  ( 1.000000000000000000, 0.0000000000000000000, 0.0000000000000000000 ) ) ;
#5031 = PRODUCT_DEFINITION ( 'UNKNOWN', '', #4527, #6574 ) ;
#5032 = PRODUCT_DEFINITION_SHAPE ( 'NONE', 'NONE',  #5031 ) ;
#5033 = UNCERTAINTY_MEASURE_WITH_UNIT (LENGTH_MEASURE( 1.000000000000000082E-05 ), #6510, 'distance_accuracy_value', 'NONE');
#5034 = ORIENTED_EDGE ( 'NONE', *, *, #836, .T. ) ;
#5035 = ORIENTED_EDGE ( 'NONE', *, *, #813, .F. ) ;
#5036 = DIRECTION ( 'NONE',  ( -2.802927004925552236E-14, 7.510420274124135843E-15, -1.000000000000000000 ) ) ;
#5037 = FACE_OUTER_BOUND ( 'NONE', #2989, .T. ) ;
#5038 = CARTESIAN_POINT ( 'NONE',  ( -128.5572462079648801, -30.41291111233792677, -5.265492065111820885 ) ) ;
#5039 = ADVANCED_FACE ( 'NONE', ( #5037 ), #3038, .F. ) ;
#5040 = PRESENTATION_STYLE_ASSIGNMENT (( #1481 ) ) ;
#5041 = CARTESIAN_POINT ( 'NONE',  ( -128.2039512340103045, -30.83953303261913703, -4.052649073642015765 ) ) ;
#5042 = EDGE_CURVE ( 'NONE', #3661, #1086, #1115, .T. ) ;
#5043 = APPLICATION_PROTOCOL_DEFINITION ( 'draft international standard', 'automotive_design', 1998, #3097 ) ;
#5044 = ADVANCED_FACE ( 'NONE', ( #2085 ), #2557, .T. ) ;
#5045 = CARTESIAN_POINT ( 'NONE',  ( -131.8033521597990045, -34.25397777197829896, -4.598323711144740145 ) ) ;
#5046 = ORIENTED_EDGE ( 'NONE', *, *, #5987, .T. ) ;
#5047 = UNCERTAINTY_MEASURE_WITH_UNIT (LENGTH_MEASURE( 1.000000000000000082E-05 ), #6331, 'distance_accuracy_value', 'NONE');
#5048 = CARTESIAN_POINT ( 'NONE',  ( -127.8397040002520697, -30.37397795263183653, -0.04624936549498338129 ) ) ;
#5049 = EDGE_CURVE ( 'NONE', #1683, #6647, #171, .T. ) ;
#5050 = CARTESIAN_POINT ( 'NONE',  ( -128.4866975962189315, -30.29211374568123816, -0.3476382691402439273 ) ) ;
#5051 = B_SPLINE_CURVE_WITH_KNOTS ( 'NONE', 3,
 ( #3019, #4147, #1497, #1463, #2648, #1537 ),
 .UNSPECIFIED., .F., .F.,
 ( 4, 2, 4 ),
 ( 9.107298248878237246E-18, 0.0003378631649819725151, 0.0006757263299639359230 ),
 .UNSPECIFIED. ) ;
#5052 = SURFACE_STYLE_FILL_AREA ( #5490 ) ;
#5053 = ORIENTED_EDGE ( 'NONE', *, *, #3597, .T. ) ;
#5054 = DIRECTION ( 'NONE',  ( 0.0000000000000000000, 0.0000000000000000000, 1.000000000000000000 ) ) ;
#5055 =( NAMED_UNIT ( * ) PLANE_ANGLE_UNIT ( ) SI_UNIT ( $, .RADIAN. ) );
#5056 = SURFACE_STYLE_FILL_AREA ( #925 ) ;
#5057 = FACE_OUTER_BOUND ( 'NONE', #6713, .T. ) ;
#5058 = ORIENTED_EDGE ( 'NONE', *, *, #3098, .T. ) ;
#5059 = CARTESIAN_POINT ( 'NONE',  ( -124.0433521597989994, -34.25397777197869686, -4.598323711143789794 ) ) ;
#5060 = CARTESIAN_POINT ( 'NONE',  ( -126.9862819858890219, -30.48883508023764932, 4.749999999999960032 ) ) ;
#5061 = EDGE_LOOP ( 'NONE', ( #4364, #4379 ) ) ;
#5062 =( NAMED_UNIT ( * ) SI_UNIT ( $, .STERADIAN. ) SOLID_ANGLE_UNIT ( ) );
#5063 = CARTESIAN_POINT ( 'NONE',  ( -134.9543362900223826, -37.76946983709037653, 5.630000000000915605 ) ) ;
#5064 =( NAMED_UNIT ( * ) PLANE_ANGLE_UNIT ( ) SI_UNIT ( $, .RADIAN. ) );
#5065 = SURFACE_SIDE_STYLE ('',( #6570 ) ) ;
#5066 = ADVANCED_FACE ( 'NONE', ( #5774 ), #3213, .F. ) ;
#5067 = VECTOR ( 'NONE', #557, 1000.000000000000000 ) ;
#5068 = PRODUCT_CONTEXT ( 'NONE', #5866, 'mechanical' ) ;
#5069 = SURFACE_STYLE_USAGE ( .BOTH. , #1558 ) ;
#5070 = CARTESIAN_POINT ( 'NONE',  ( -127.3600188062502809, -30.41330232791643340, 3.658536645017886446 ) ) ;
#5071 = ORIENTED_EDGE ( 'NONE', *, *, #1892, .F. ) ;
#5072 = MECHANICAL_DESIGN_GEOMETRIC_PRESENTATION_REPRESENTATION (  '', ( #504 ), #4973 ) ;
#5073 = MECHANICAL_DESIGN_GEOMETRIC_PRESENTATION_REPRESENTATION (  '', ( #5404 ), #1475 ) ;
#5074 =( NAMED_UNIT ( * ) SI_UNIT ( $, .STERADIAN. ) SOLID_ANGLE_UNIT ( ) );
#5075 = CARTESIAN_POINT ( 'NONE',  ( -127.6974845249110047, -30.25956058905202894, -1.854546166862382828 ) ) ;
#5076 = DIRECTION ( 'NONE',  ( -6.123031769111889989E-17, -0.0000000000000000000, 1.000000000000000000 ) ) ;
#5077 = ADVANCED_FACE ( 'NONE', ( #1245 ), #4105, .F. ) ;
#5078 = EDGE_LOOP ( 'NONE', ( #4671, #654, #2729, #3906 ) ) ;
#5079 = CARTESIAN_POINT ( 'NONE',  ( 0.0000000000000000000, 0.0000000000000000000, 0.0000000000000000000 ) ) ;
#5080 = SURFACE_SIDE_STYLE ('',( #3023 ) ) ;
#5081 =( NAMED_UNIT ( * ) PLANE_ANGLE_UNIT ( ) SI_UNIT ( $, .RADIAN. ) );
#5082 = ORIENTED_EDGE ( 'NONE', *, *, #4317, .F. ) ;
#5083 = VECTOR ( 'NONE', #535, 1000.000000000000000 ) ;
#5084 = VECTOR ( 'NONE', #6391, 1000.000000000000000 ) ;
#5085 =( NAMED_UNIT ( * ) PLANE_ANGLE_UNIT ( ) SI_UNIT ( $, .RADIAN. ) );
#5086 =( NAMED_UNIT ( * ) SI_UNIT ( $, .STERADIAN. ) SOLID_ANGLE_UNIT ( ) );
#5087 = CIRCLE ( 'NONE', #5940, 3.879999999999994564 ) ;
#5088 = CARTESIAN_POINT ( 'NONE',  ( -127.0892241057101586, -30.87302030164857314, -3.856560826137596099 ) ) ;
#5089 = AXIS2_PLACEMENT_3D ( 'NONE', #4000, #3356, #2952 ) ;
#5090 = ORIENTED_EDGE ( 'NONE', *, *, #4833, .F. ) ;
#5091 = FACE_OUTER_BOUND ( 'NONE', #1105, .T. ) ;
#5092 = ORIENTED_EDGE ( 'NONE', *, *, #3939, .F. ) ;
#5093 = B_SPLINE_CURVE_WITH_KNOTS ( 'NONE', 3,
 ( #4111, #4017, #455, #419, #928, #3540, #2509, #4057 ),
 .UNSPECIFIED., .F., .F.,
 ( 4, 2, 2, 4 ),
 ( 0.0000000000000000000, 0.0002473286012539389444, 0.0004946572025078778889, 0.0009893144050158151920 ),
 .UNSPECIFIED. ) ;
#5094 = FILL_AREA_STYLE_COLOUR ( '', #1590 ) ;
#5095 = CARTESIAN_POINT ( 'NONE',  ( -127.0558287187018607, -30.74838702059483353, -3.846375075346550432 ) ) ;
#5096 = CARTESIAN_POINT ( 'NONE',  ( -127.9233521597989949, -30.25397777197830607, -2.952881880399387260 ) ) ;
#5097 = CARTESIAN_POINT ( 'NONE',  ( -126.9807725251417594, -30.49021055915424938, -2.891511004989604672 ) ) ;
#5098 =( GEOMETRIC_REPRESENTATION_CONTEXT ( 3 ) GLOBAL_UNCERTAINTY_ASSIGNED_CONTEXT ( ( #2302 ) ) GLOBAL_UNIT_ASSIGNED_CONTEXT ( ( #6408, #5902, #4933 ) ) REPRESENTATION_CONTEXT ( 'NONE', 'WORKASPACE' ) );
#5099 = FACE_OUTER_BOUND ( 'NONE', #224, .T. ) ;
#5100 = CARTESIAN_POINT ( 'NONE',  ( -127.2683689981683841, -30.29429821389323152, -4.750000000000070166 ) ) ;
#5101 =( NAMED_UNIT ( * ) SI_UNIT ( $, .STERADIAN. ) SOLID_ANGLE_UNIT ( ) );
#5102 = MECHANICAL_DESIGN_GEOMETRIC_PRESENTATION_REPRESENTATION (  '', ( #5868 ), #323 ) ;
#5103 = ITEM_DEFINED_TRANSFORMATION ( 'NONE', 'NONE', #4150,  #1074 ) ;
#5104 = PLANE ( 'NONE',  #3259 ) ;
#5105 =( GEOMETRIC_REPRESENTATION_CONTEXT ( 3 ) GLOBAL_UNCERTAINTY_ASSIGNED_CONTEXT ( ( #6643 ) ) GLOBAL_UNIT_ASSIGNED_CONTEXT ( ( #4016, #3090, #1374 ) ) REPRESENTATION_CONTEXT ( 'NONE', 'WORKASPACE' ) );
#5106 = CARTESIAN_POINT ( 'NONE',  ( -127.4911081869850022, -30.39812959706710771, 0.8985590598002769491 ) ) ;
#5107 = PRODUCT_DEFINITION ( 'UNKNOWN', '', #1784, #6380 ) ;
#5108 = ORIENTED_EDGE ( 'NONE', *, *, #2239, .T. ) ;
#5109 = AXIS2_PLACEMENT_3D ( 'NONE', #2560, #492, #2052 ) ;
#5110 = CARTESIAN_POINT ( 'NONE',  ( -126.9862819858892919, -30.48883508023758537, -4.750000000000070166 ) ) ;
#5111 = MECHANICAL_DESIGN_GEOMETRIC_PRESENTATION_REPRESENTATION (  '', ( #2744 ), #5971 ) ;
#5112 = CARTESIAN_POINT ( 'NONE',  ( -128.3555961326129875, -30.27740070772239989, 2.536981224672839819 ) ) ;
#5113 = UNCERTAINTY_MEASURE_WITH_UNIT (LENGTH_MEASURE( 1.000000000000000082E-05 ), #474, 'distance_accuracy_value', 'NONE');
#5114 = CARTESIAN_POINT ( 'NONE',  ( -127.9233521597989949, -30.25397777197829896, -1.901426395795763558 ) ) ;
#5115 = ADVANCED_FACE ( 'NONE', ( #5925 ), #4429, .T. ) ;
#5116 = VERTEX_POINT ( 'NONE', #324 ) ;
#5117 = DIRECTION ( 'NONE',  ( 1.000000000000000000, 0.0000000000000000000, 0.0000000000000000000 ) ) ;
#5118 = CARTESIAN_POINT ( 'NONE',  ( -127.4911081869851159, -30.39812959706720719, -1.583436168525893972 ) ) ;
#5119 = DIRECTION ( 'NONE',  ( -6.123031769111889989E-17, -0.0000000000000000000, 1.000000000000000000 ) ) ;
#5120 = CARTESIAN_POINT ( 'NONE',  ( -127.3710619032150078, -30.41335214577644663, -1.787876488731457547 ) ) ;
#5121 = VECTOR ( 'NONE', #1700, 1000.000000000000000 ) ;
#5122 = ORIENTED_EDGE ( 'NONE', *, *, #69, .T. ) ;
#5123 = ADVANCED_BREP_SHAPE_REPRESENTATION ( '', ( #340, #1074 ), #319 ) ;
#5124 = EDGE_CURVE ( 'NONE', #2194, #4354, #4655, .T. ) ;
#5125 = FILL_AREA_STYLE ('',( #5630 ) ) ;
#5126 = CARTESIAN_POINT ( 'NONE',  ( -127.9233521597989949, -30.25397777197829896, 1.904737251858918734 ) ) ;
#5127 = EDGE_CURVE ( 'NONE', #1242, #2699, #2364, .T. ) ;
#5128 = CIRCLE ( 'NONE', #5350, 3.879999999999994564 ) ;
#5129 = CARTESIAN_POINT ( 'NONE',  ( -127.9233521597989949, -30.37397777197988802, -2.891511004989538502 ) ) ;
#5130 = FACE_OUTER_BOUND ( 'NONE', #1161, .T. ) ;
#5131 = CARTESIAN_POINT ( 'NONE',  ( -126.9552188870528795, -30.37290601714022031, 4.749999999999960032 ) ) ;
#5132 = ORIENTED_EDGE ( 'NONE', *, *, #5366, .F. ) ;
#5133 = DIRECTION ( 'NONE',  ( 1.000000000000000000, 6.123031769111889989E-17, 1.224606353822379970E-16 ) ) ;
#5134 = ADVANCED_FACE ( 'NONE', ( #837 ), #871, .T. ) ;
#5135 = LINE ( 'NONE', #5741, #838 ) ;
#5136 = FILL_AREA_STYLE_COLOUR ( '', #3936 ) ;
#5137 =( GEOMETRIC_REPRESENTATION_CONTEXT ( 3 ) GLOBAL_UNCERTAINTY_ASSIGNED_CONTEXT ( ( #6694 ) ) GLOBAL_UNIT_ASSIGNED_CONTEXT ( ( #3494, #405, #4477 ) ) REPRESENTATION_CONTEXT ( 'NONE', 'WORKASPACE' ) );
#5138 = DIRECTION ( 'NONE',  ( 0.0000000000000000000, 0.0000000000000000000, 1.000000000000000000 ) ) ;
#5139 = CARTESIAN_POINT ( 'NONE',  ( -127.0503701732828290, -30.77608087478788690, -5.750000000000172307 ) ) ;
#5140 = ORIENTED_EDGE ( 'NONE', *, *, #6135, .T. ) ;
#5141 =( NAMED_UNIT ( * ) SI_UNIT ( $, .STERADIAN. ) SOLID_ANGLE_UNIT ( ) );
#5142 = ADVANCED_FACE ( 'NONE', ( #5028 ), #6561, .F. ) ;
#5143 = PRODUCT_CONTEXT ( 'NONE', #4018, 'mechanical' ) ;
#5144 = CARTESIAN_POINT ( 'NONE',  ( -128.4756500272721382, -30.29216060115422948, 2.218299962457160213 ) ) ;
#5145 = ORIENTED_EDGE ( 'NONE', *, *, #3532, .F. ) ;
#5146 = CARTESIAN_POINT ( 'NONE',  ( -126.9552188870527232, -30.37290601714024874, 4.868895576245189538 ) ) ;
#5147 = PRESENTATION_STYLE_ASSIGNMENT (( #2179 ) ) ;
#5148 = B_SPLINE_CURVE_WITH_KNOTS ( 'NONE', 3,
 ( #4479, #2861, #822, #5950, #6455, #2918 ),
 .UNSPECIFIED., .F., .F.,
 ( 4, 2, 4 ),
 ( 0.0006757574298184687144, 0.001013639159170215192, 0.001351520888521961670 ),
 .UNSPECIFIED. ) ;
#5149 = CARTESIAN_POINT ( 'NONE',  ( -128.5555961326130046, -36.18255236209569858, 3.327671447015950079 ) ) ;
#5150 = CARTESIAN_POINT ( 'NONE',  ( -127.9234605387457577, -38.13397777046469628, -4.508018297699262433 ) ) ;
#5151 = ORIENTED_EDGE ( 'NONE', *, *, #1773, .T. ) ;
#5152 = CARTESIAN_POINT ( 'NONE',  ( -128.5783103509718330, -30.29429513185731437, 4.749999999999929834 ) ) ;
#5153 = FILL_AREA_STYLE ('',( #1568 ) ) ;
#5154 =( NAMED_UNIT ( * ) SI_UNIT ( $, .STERADIAN. ) SOLID_ANGLE_UNIT ( ) );
#5155 = VERTEX_POINT ( 'NONE', #5666 ) ;
#5156 = EDGE_CURVE ( 'NONE', #1261, #4173, #4815, .T. ) ;
#5157 = SURFACE_STYLE_FILL_AREA ( #3616 ) ;
#5158 = UNCERTAINTY_MEASURE_WITH_UNIT (LENGTH_MEASURE( 1.000000000000000082E-05 ), #3227, 'distance_accuracy_value', 'NONE');
#5159 = CARTESIAN_POINT ( 'NONE',  ( -127.9233521597990091, -30.25397777197829541, -5.335786437627052514 ) ) ;
#5160 =( NAMED_UNIT ( * ) PLANE_ANGLE_UNIT ( ) SI_UNIT ( $, .RADIAN. ) );
#5161 = ORIENTED_EDGE ( 'NONE', *, *, #4243, .T. ) ;
#5162 = EDGE_CURVE ( 'NONE', #1683, #4028, #2619, .T. ) ;
#5163 = CARTESIAN_POINT ( 'NONE',  ( -127.0466615855161905, -30.71417481378609793, -3.988487390417595702 ) ) ;
#5164 = CARTESIAN_POINT ( 'NONE',  ( -128.6322831541421579, -31.33894486560136272, -5.630000000000070060 ) ) ;
#5165 = DIRECTION ( 'NONE',  ( -6.123031769111889989E-17, -0.0000000000000000000, 1.000000000000000000 ) ) ;
#5166 = EDGE_CURVE ( 'NONE', #3821, #989, #2777, .T. ) ;
#5167 = CARTESIAN_POINT ( 'NONE',  ( -135.6833521597989716, -30.37397777197869431, -4.749999999999091393 ) ) ;
#5168 = B_SPLINE_CURVE_WITH_KNOTS ( 'NONE', 3,
 ( #4146, #1636, #5259, #613, #3669, #5220, #1055, #3152, #6284, #578 ),
 .UNSPECIFIED., .F., .F.,
 ( 4, 2, 2, 2, 4 ),
 ( -0.0006757208490586494396, -0.0003378589973351859709, 2.854388277497878212E-09, 0.0003378647061117409124, 0.0006757265578352044354 ),
 .UNSPECIFIED. ) ;
#5169 = CARTESIAN_POINT ( 'NONE',  ( -127.9233521597989949, -34.25397777197829896, -4.598323711144770343 ) ) ;
#5170 = ORIENTED_EDGE ( 'NONE', *, *, #3532, .T. ) ;
#5171 = CARTESIAN_POINT ( 'NONE',  ( -128.5555961326130046, -36.18255236209569858, 3.327671447015919881 ) ) ;
#5172 = SHAPE_DEFINITION_REPRESENTATION ( #4604, #1774 ) ;
#5173 = CARTESIAN_POINT ( 'NONE',  ( -127.2140898141368410, -31.33902546961972391, -5.630000000000039861 ) ) ;
#5174 = PRESENTATION_STYLE_ASSIGNMENT (( #1591 ) ) ;
#5175 = PRODUCT_DEFINITION_FORMATION_WITH_SPECIFIED_SOURCE ( 'ANY', '', #4009, .NOT_KNOWN. ) ;
#5176 =( NAMED_UNIT ( * ) PLANE_ANGLE_UNIT ( ) SI_UNIT ( $, .RADIAN. ) );
#5177 = ORIENTED_EDGE ( 'NONE', *, *, #2914, .T. ) ;
#5178 = DIRECTION ( 'NONE',  ( 1.000000000000000000, 0.0000000000000000000, 0.0000000000000000000 ) ) ;
#5179 = SURFACE_SIDE_STYLE ('',( #5258 ) ) ;
#5180 = DIRECTION ( 'NONE',  ( 1.000000000000000000, 0.0000000000000000000, 1.117734198438665941E-16 ) ) ;
#5181 = LINE ( 'NONE', #5222, #1172 ) ;
#5182 = CARTESIAN_POINT ( 'NONE',  ( -126.9552188870529363, -30.37290601714030913, -0.006160745210920031030 ) ) ;
#5183 = MECHANICAL_DESIGN_GEOMETRIC_PRESENTATION_REPRESENTATION (  '', ( #936 ), #285 ) ;
#5184 = ORIENTED_EDGE ( 'NONE', *, *, #6123, .T. ) ;
#5185 =( GEOMETRIC_REPRESENTATION_CONTEXT ( 3 ) GLOBAL_UNCERTAINTY_ASSIGNED_CONTEXT ( ( #1437 ) ) GLOBAL_UNIT_ASSIGNED_CONTEXT ( ( #4523, #5064, #4469 ) ) REPRESENTATION_CONTEXT ( 'NONE', 'WORKASPACE' ) );
#5186 = CARTESIAN_POINT ( 'NONE',  ( -127.9233521597989949, -30.25397777197829541, 5.265241647999090446 ) ) ;
#5187 = VERTEX_POINT ( 'NONE', #2079 ) ;
#5188 = DIRECTION ( 'NONE',  ( 0.0000000000000000000, 1.000000000000000000, 0.0000000000000000000 ) ) ;
#5189 = AXIS2_PLACEMENT_3D ( 'NONE', #4638, #1593, #5178 ) ;
#5190 =( GEOMETRIC_REPRESENTATION_CONTEXT ( 3 ) GLOBAL_UNCERTAINTY_ASSIGNED_CONTEXT ( ( #3774 ) ) GLOBAL_UNIT_ASSIGNED_CONTEXT ( ( #3623, #5296, #1775 ) ) REPRESENTATION_CONTEXT ( 'NONE', 'WORKASPACE' ) );
#5191 = FACE_OUTER_BOUND ( 'NONE', #1490, .T. ) ;
#5192 = ADVANCED_FACE ( 'NONE', ( #2001 ), #1507, .F. ) ;
#5193 = COLOUR_RGB ( '',0.6588235294117646967, 0.6588235294117646967, 0.6588235294117646967 ) ;
#5194 =( NAMED_UNIT ( * ) SI_UNIT ( $, .STERADIAN. ) SOLID_ANGLE_UNIT ( ) );
#5195 = CARTESIAN_POINT ( 'NONE',  ( -126.9774721801047690, -30.45595643744628234, 5.219605984042749114 ) ) ;
#5196 = ORIENTED_EDGE ( 'NONE', *, *, #1332, .T. ) ;
#5197 = AXIS2_PLACEMENT_3D ( 'NONE', #2550, #154, #561 ) ;
#5198 =( NAMED_UNIT ( * ) SI_UNIT ( $, .STERADIAN. ) SOLID_ANGLE_UNIT ( ) );
#5199 =( GEOMETRIC_REPRESENTATION_CONTEXT ( 3 ) GLOBAL_UNCERTAINTY_ASSIGNED_CONTEXT ( ( #2227 ) ) GLOBAL_UNIT_ASSIGNED_CONTEXT ( ( #2407, #1376, #2996 ) ) REPRESENTATION_CONTEXT ( 'NONE', 'WORKASPACE' ) );
#5200 = CARTESIAN_POINT ( 'NONE',  ( -127.9233521597989949, -29.75142814401738889, -3.699764651344419786 ) ) ;
#5201 = AXIS2_PLACEMENT_3D ( 'NONE', #6367, #2310, #1717 ) ;
#5202 =( NAMED_UNIT ( * ) SI_UNIT ( $, .STERADIAN. ) SOLID_ANGLE_UNIT ( ) );
#5203 = EDGE_CURVE ( 'NONE', #3787, #5671, #5517, .T. ) ;
#5204 = CARTESIAN_POINT ( 'NONE',  ( -128.5555961326129477, -30.30426036957581104, 2.536981210161495692 ) ) ;
#5205 = CARTESIAN_POINT ( 'NONE',  ( -135.6833521597989716, -38.13397777197868521, -5.265492065110767506 ) ) ;
#5206 = CARTESIAN_POINT ( 'NONE',  ( -127.2911081869859942, -36.18255236209569858, -1.469182513991869943 ) ) ;
#5207 = CIRCLE ( 'NONE', #5528, 4.000000000000003553 ) ;
#5208 = ORIENTED_EDGE ( 'NONE', *, *, #1810, .T. ) ;
#5209 = VECTOR ( 'NONE', #4753, 1000.000000000000000 ) ;
#5210 = EDGE_CURVE ( 'NONE', #4240, #250, #4191, .T. ) ;
#5211 = CIRCLE ( 'NONE', #1934, 2.999999999999843237 ) ;
#5212 = CARTESIAN_POINT ( 'NONE',  ( -130.9233521597990091, -34.25397777197869686, -5.629999999999089511 ) ) ;
#5213 = AXIS2_PLACEMENT_3D ( 'NONE', #1826, #2389, #4474 ) ;
#5214 = CARTESIAN_POINT ( 'NONE',  ( -126.9552188870533627, -30.37290601714081006, -2.952881880399847780 ) ) ;
#5215 = PRESENTATION_LAYER_ASSIGNMENT (  '', '', ( #643 ) ) ;
#5216 =( GEOMETRIC_REPRESENTATION_CONTEXT ( 3 ) GLOBAL_UNCERTAINTY_ASSIGNED_CONTEXT ( ( #957 ) ) GLOBAL_UNIT_ASSIGNED_CONTEXT ( ( #3487, #912, #888 ) ) REPRESENTATION_CONTEXT ( 'NONE', 'WORKASPACE' ) );
#5217 = CARTESIAN_POINT ( 'NONE',  ( -128.7326513911305028, -30.33670387880127350, -4.750000000000039968 ) ) ;
#5218 = ORIENTED_EDGE ( 'NONE', *, *, #147, .F. ) ;
#5219 = MECHANICAL_DESIGN_GEOMETRIC_PRESENTATION_REPRESENTATION (  '', ( #1404 ), #3599 ) ;
#5220 = CARTESIAN_POINT ( 'NONE',  ( -128.0376034782691193, -30.25397785468508971, 3.759914625435484048 ) ) ;
#5221 = STYLED_ITEM ( 'NONE', ( #2195 ), #5123 ) ;
#5222 = CARTESIAN_POINT ( 'NONE',  ( -128.3555961326128738, -36.18255236209569858, 3.327671417993248948 ) ) ;
#5223 = SURFACE_SIDE_STYLE ('',( #5792 ) ) ;
#5224 = EDGE_CURVE ( 'NONE', #4559, #5793, #6259, .T. ) ;
#5225 =( GEOMETRIC_REPRESENTATION_CONTEXT ( 3 ) GLOBAL_UNCERTAINTY_ASSIGNED_CONTEXT ( ( #2442 ) ) GLOBAL_UNIT_ASSIGNED_CONTEXT ( ( #3618, #519, #4593 ) ) REPRESENTATION_CONTEXT ( 'NONE', 'WORKASPACE' ) );
#5226 = VECTOR ( 'NONE', #696, 1000.000000000000000 ) ;
#5227 = EDGE_LOOP ( 'NONE', ( #5405, #6651, #1009, #6654, #4285, #6529, #6310, #2754 ) ) ;
#5228 = CARTESIAN_POINT ( 'NONE',  ( -128.0376031555898066, -30.37397768193084246, 3.759916199110209245 ) ) ;
#5229 = CARTESIAN_POINT ( 'NONE',  ( -127.1457267166185545, -31.08389091631893564, -5.750000000000118128 ) ) ;
#5230 = CARTESIAN_POINT ( 'NONE',  ( -127.9233521597989949, -34.25397777197869686, -2.891511004989539391 ) ) ;
#5231 = VERTEX_POINT ( 'NONE', #2577 ) ;
#5232 = DIRECTION ( 'NONE',  ( 1.224606353822379970E-16, -1.000000000000000000, -1.224606353822379970E-16 ) ) ;
#5233 =( LENGTH_UNIT ( ) NAMED_UNIT ( * ) SI_UNIT ( .MILLI., .METRE. ) );
#5234 = DIRECTION ( 'NONE',  ( 1.000000000000000000, 0.0000000000000000000, 5.588670992193329703E-17 ) ) ;
#5235 = UNCERTAINTY_MEASURE_WITH_UNIT (LENGTH_MEASURE( 1.000000000000000082E-05 ), #2979, 'distance_accuracy_value', 'NONE');
#5236 = SURFACE_STYLE_USAGE ( .BOTH. , #1007 ) ;
#5237 =( NAMED_UNIT ( * ) SI_UNIT ( $, .STERADIAN. ) SOLID_ANGLE_UNIT ( ) );
#5238 =( LENGTH_UNIT ( ) NAMED_UNIT ( * ) SI_UNIT ( .MILLI., .METRE. ) );
#5239 = SHAPE_REPRESENTATION ( '5_1', ( #1074 ), #2621 ) ;
#5240 = CARTESIAN_POINT ( 'NONE',  ( -126.9552188870527942, -30.37290601714024163, 4.987792419487417916 ) ) ;
#5241 = ORIENTED_EDGE ( 'NONE', *, *, #6349, .T. ) ;
#5242 = STYLED_ITEM ( 'NONE', ( #4149 ), #3351 ) ;
#5243 = CARTESIAN_POINT ( 'NONE',  ( -126.9870320039636056, -30.49163418579598783, -4.363953951023397337 ) ) ;
#5244 = FILL_AREA_STYLE ('',( #2663 ) ) ;
#5245 =( NAMED_UNIT ( * ) SI_UNIT ( $, .STERADIAN. ) SOLID_ANGLE_UNIT ( ) );
#5246 = CARTESIAN_POINT ( 'NONE',  ( -128.8603507143014326, -30.48881725629501105, -4.866220747487343345 ) ) ;
#5247 = CYLINDRICAL_SURFACE ( 'NONE', #4770, 3.000000000000002665 ) ;
#5248 = ORIENTED_EDGE ( 'NONE', *, *, #2618, .F. ) ;
#5249 = CARTESIAN_POINT ( 'NONE',  ( -127.9233521597989949, -34.25397777197869686, -5.749999999999089617 ) ) ;
#5250 = ADVANCED_FACE ( 'NONE', ( #4157 ), #4797, .F. ) ;
#5251 = ITEM_DEFINED_TRANSFORMATION ( 'NONE', 'NONE', #872,  #1074 ) ;
#5252 = FACE_OUTER_BOUND ( 'NONE', #421, .T. ) ;
#5253 = DIRECTION ( 'NONE',  ( 1.000000000000000000, 5.053195275411809860E-16, 6.123031769111889989E-17 ) ) ;
#5254 = CARTESIAN_POINT ( 'NONE',  ( -127.9235795026183382, -38.25397776551769624, -4.750000000000039968 ) ) ;
#5255 = VERTEX_POINT ( 'NONE', #5799 ) ;
#5256 = EDGE_CURVE ( 'NONE', #4777, #728, #2595, .T. ) ;
#5257 = LINE ( 'NONE', #5685, #3570 ) ;
#5258 = SURFACE_STYLE_FILL_AREA ( #4741 ) ;
#5259 = CARTESIAN_POINT ( 'NONE',  ( -127.5379883330287925, -30.27178352759438695, 3.553539059166900049 ) ) ;
#5260 = CARTESIAN_POINT ( 'NONE',  ( -128.7883909753747957, -30.75704900647075490, -3.551619847584579492 ) ) ;
#5261 = VERTEX_POINT ( 'NONE', #3335 ) ;
#5262 = CARTESIAN_POINT ( 'NONE',  ( -128.8971405456016441, -30.37432106297994139, 5.265241647999064689 ) ) ;
#5263 = CYLINDRICAL_SURFACE ( 'NONE', #4005, 3.879999999999994564 ) ;
#5264 =( NAMED_UNIT ( * ) SI_UNIT ( $, .STERADIAN. ) SOLID_ANGLE_UNIT ( ) );
#5265 = ORIENTED_EDGE ( 'NONE', *, *, #616, .T. ) ;
#5266 = SURFACE_STYLE_USAGE ( .BOTH. , #3124 ) ;
#5267 = CARTESIAN_POINT ( 'NONE',  ( -127.4911081869853291, -30.39812959706715390, 3.327671417993249836 ) ) ;
#5268 = CARTESIAN_POINT ( 'NONE',  ( -128.8971405456016441, -30.37432106297993784, -5.335786437627052514 ) ) ;
#5269 =( LENGTH_UNIT ( ) NAMED_UNIT ( * ) SI_UNIT ( .MILLI., .METRE. ) );
#5270 = VERTEX_POINT ( 'NONE', #697 ) ;
#5271 = SURFACE_STYLE_USAGE ( .BOTH. , #4122 ) ;
#5272 = SHAPE_REPRESENTATION ( '7_1', ( #1074 ), #425 ) ;
#5273 = SURFACE_STYLE_USAGE ( .BOTH. , #1118 ) ;
#5274 = CARTESIAN_POINT ( 'NONE',  ( -127.9233521597989949, -34.25397777197829896, 4.749999999999960032 ) ) ;
#5275 = CARTESIAN_POINT ( 'NONE',  ( -124.0433521597989994, -34.25397777197869686, -4.508018297698258792 ) ) ;
#5276 = EDGE_LOOP ( 'NONE', ( #6165, #3358, #3537, #3547, #5600, #2255, #5196, #2084 ) ) ;
#5277 = FILL_AREA_STYLE_COLOUR ( '', #1857 ) ;
#5278 = CARTESIAN_POINT ( 'NONE',  ( -127.1136076516512219, -30.33679589829352707, -4.750000000000039968 ) ) ;
#5279 = EDGE_CURVE ( 'NONE', #5831, #5542, #203, .T. ) ;
#5280 =( NAMED_UNIT ( * ) PLANE_ANGLE_UNIT ( ) SI_UNIT ( $, .RADIAN. ) );
#5281 = CARTESIAN_POINT ( 'NONE',  ( -127.9233521597989949, -34.25397777197829896, 4.749999999999929834 ) ) ;
#5282 = CARTESIAN_POINT ( 'NONE',  ( -127.9233521597989949, -34.25397777197829896, 5.737678509578226560 ) ) ;
#5284 = EDGE_CURVE ( 'NONE', #2917, #1366, #2790, .T. ) ;
#5283 = ORIENTED_EDGE ( 'NONE', *, *, #2850, .F. ) ;
#5285 = CARTESIAN_POINT ( 'NONE',  ( -127.9233521597989949, -30.37397777197829996, 2.104737251858956437 ) ) ;
#5286 = CARTESIAN_POINT ( 'NONE',  ( -128.3555961326129307, -30.39812959706699047, -0.6784922296614711579 ) ) ;
#5287 = CARTESIAN_POINT ( 'NONE',  ( -127.9233521597989949, -34.25397777197849791, 5.615972769942939813 ) ) ;
#5288 = DIRECTION ( 'NONE',  ( -6.123031769111889989E-17, 0.0000000000000000000, 1.000000000000000000 ) ) ;
#5289 = ORIENTED_EDGE ( 'NONE', *, *, #3939, .T. ) ;
#5290 = PRESENTATION_STYLE_ASSIGNMENT (( #1606 ) ) ;
#5291 = CARTESIAN_POINT ( 'NONE',  ( -127.9235519652683877, -37.76946983141188952, -5.630000000000095817 ) ) ;
#5292 = ADVANCED_FACE ( 'NONE', ( #4846 ), #5423, .T. ) ;
#5293 =( LENGTH_UNIT ( ) NAMED_UNIT ( * ) SI_UNIT ( .MILLI., .METRE. ) );
#5294 = CARTESIAN_POINT ( 'NONE',  ( -127.9233521597989949, -34.25397777197829896, -4.598323711144770343 ) ) ;
#5295 = EDGE_LOOP ( 'NONE', ( #1445, #3271, #3384, #4351, #3749, #1781 ) ) ;
#5296 =( NAMED_UNIT ( * ) PLANE_ANGLE_UNIT ( ) SI_UNIT ( $, .RADIAN. ) );
#5297 = LINE ( 'NONE', #2533, #5307 ) ;
#5298 = CARTESIAN_POINT ( 'NONE',  ( -128.8603507143013474, -30.48881725629495776, -2.891511004989592237 ) ) ;
#5299 = SURFACE_STYLE_FILL_AREA ( #6406 ) ;
#5300 = AXIS2_PLACEMENT_3D ( 'NONE', #478, #4183, #2070 ) ;
#5301 = DIRECTION ( 'NONE',  ( 1.224606353822379970E-16, -1.000000000000000000, -1.224606353822379970E-16 ) ) ;
#5302 = SURFACE_STYLE_USAGE ( .BOTH. , #640 ) ;
#5303 = SURFACE_STYLE_FILL_AREA ( #4284 ) ;
#5304 = ORIENTED_EDGE ( 'NONE', *, *, #4922, .T. ) ;
#5305 = PRESENTATION_STYLE_ASSIGNMENT (( #4380 ) ) ;
#5306 =( GEOMETRIC_REPRESENTATION_CONTEXT ( 3 ) GLOBAL_UNCERTAINTY_ASSIGNED_CONTEXT ( ( #1678 ) ) GLOBAL_UNIT_ASSIGNED_CONTEXT ( ( #2076, #2189, #5154 ) ) REPRESENTATION_CONTEXT ( 'NONE', 'WORKASPACE' ) );
#5307 = VECTOR ( 'NONE', #5713, 1000.000000000000000 ) ;
#5308 = ADVANCED_FACE ( 'NONE', ( #5023 ), #3204, .F. ) ;
#5309 = CARTESIAN_POINT ( 'NONE',  ( -127.2911081869855536, -30.42583624392056052, -0.6784922006387860138 ) ) ;
#5310 = CARTESIAN_POINT ( 'NONE',  ( -127.0219095443013941, -30.62179893838140998, -4.187460951665924469 ) ) ;
#5311 = AXIS2_PLACEMENT_3D ( 'NONE', #1434, #3534, #2919 ) ;
#5312 = LINE ( 'NONE', #2279, #3814 ) ;
#5313 = AXIS2_PLACEMENT_3D ( 'NONE', #5274, #3103, #3659 ) ;
#5314 = STYLED_ITEM ( 'NONE', ( #1849 ), #5936 ) ;
#5315 = PRESENTATION_STYLE_ASSIGNMENT (( #1096 ) ) ;
#5316 = UNCERTAINTY_MEASURE_WITH_UNIT (LENGTH_MEASURE( 1.000000000000000082E-05 ), #2872, 'distance_accuracy_value', 'NONE');
#5317 = AXIS2_PLACEMENT_3D ( 'NONE', #3693, #5746, #1087 ) ;
#5318 = COLOUR_RGB ( '',1.000000000000000000, 1.000000000000000000, 1.000000000000000000 ) ;
#5319 = CARTESIAN_POINT ( 'NONE',  ( -128.8595999189020063, -30.49161586516844125, -4.363954135344637386 ) ) ;
#5320 = EDGE_LOOP ( 'NONE', ( #581, #1699, #5248, #4085 ) ) ;
#5321 = CARTESIAN_POINT ( 'NONE',  ( -127.2911081869855536, -30.42583624392056052, 3.327671447015919881 ) ) ;
#5322 = STYLED_ITEM ( 'NONE', ( #1511 ), #2463 ) ;
#5323 = FILL_AREA_STYLE_COLOUR ( '', #6360 ) ;
#5324 = VECTOR ( 'NONE', #3287, 1000.000000000000000 ) ;
#5325 = SURFACE_STYLE_FILL_AREA ( #5821 ) ;
#5326 = FILL_AREA_STYLE ('',( #3905 ) ) ;
#5327 = VERTEX_POINT ( 'NONE', #1307 ) ;
#5328 = LINE ( 'NONE', #2685, #3392 ) ;
#5329 = EDGE_CURVE ( 'NONE', #3458, #3449, #5607, .T. ) ;
#5330 = CARTESIAN_POINT ( 'NONE',  ( -122.1114284996737354, -37.76980016754622227, -5.630000000000094040 ) ) ;
#5331 = COLOUR_RGB ( '',1.000000000000000000, 1.000000000000000000, 1.000000000000000000 ) ;
#5332 = STYLED_ITEM ( 'NONE', ( #2891 ), #1868 ) ;
#5333 = FILL_AREA_STYLE ('',( #4361 ) ) ;
#5334 = CARTESIAN_POINT ( 'NONE',  ( -128.5555961326128909, -36.18255236209569858, 2.536981195650129361 ) ) ;
#5335 = ORIENTED_EDGE ( 'NONE', *, *, #4706, .T. ) ;
#5336 = CARTESIAN_POINT ( 'NONE',  ( -127.8397204766349944, -30.25397777171911073, -2.101426397435696813 ) ) ;
#5337 = CARTESIAN_POINT ( 'NONE',  ( -120.6497026433507784, -31.69935301930642169, -2.952881880399350401 ) ) ;
#5338 =( LENGTH_UNIT ( ) NAMED_UNIT ( * ) SI_UNIT ( .MILLI., .METRE. ) );
#5339 = CYLINDRICAL_SURFACE ( 'NONE', #1806, 3.879999999999994564 ) ;
#5340 =( GEOMETRIC_REPRESENTATION_CONTEXT ( 3 ) GLOBAL_UNCERTAINTY_ASSIGNED_CONTEXT ( ( #4223 ) ) GLOBAL_UNIT_ASSIGNED_CONTEXT ( ( #2485, #3968, #4524 ) ) REPRESENTATION_CONTEXT ( 'NONE', 'WORKASPACE' ) );
#5342 = VERTEX_POINT ( 'NONE', #3087 ) ;
#5341 = EDGE_CURVE ( 'NONE', #2414, #3853, #3041, .T. ) ;
#5343 =( NAMED_UNIT ( * ) PLANE_ANGLE_UNIT ( ) SI_UNIT ( $, .RADIAN. ) );
#5344 = SURFACE_STYLE_USAGE ( .BOTH. , #4338 ) ;
#5345 = CARTESIAN_POINT ( 'NONE',  ( -128.3555961326129307, -30.27740070772239633, 2.536981224672810065 ) ) ;
#5346 = CARTESIAN_POINT ( 'NONE',  ( -127.0167148200466158, -30.60241196353137383, -4.406211276935342092 ) ) ;
#5347 =( LENGTH_UNIT ( ) NAMED_UNIT ( * ) SI_UNIT ( .MILLI., .METRE. ) );
#5348 = ORIENTED_EDGE ( 'NONE', *, *, #6192, .F. ) ;
#5349 = FILL_AREA_STYLE ('',( #6412 ) ) ;
#5350 = AXIS2_PLACEMENT_3D ( 'NONE', #2956, #2346, #3403 ) ;
#5351 = SURFACE_STYLE_FILL_AREA ( #1191 ) ;
#5352 = CARTESIAN_POINT ( 'NONE',  ( -128.4756500272721951, -30.29216060115424369, -1.787863685197540464 ) ) ;
#5353 = SURFACE_STYLE_USAGE ( .BOTH. , #784 ) ;
#5354 = DIRECTION ( 'NONE',  ( -1.224606353822379970E-16, 1.000000000000000000, 0.0000000000000000000 ) ) ;
#5355 = DIRECTION ( 'NONE',  ( -6.123031769111889989E-17, -6.123031769111889989E-17, 1.000000000000000000 ) ) ;
#5356 = SURFACE_STYLE_FILL_AREA ( #3297 ) ;
#5357 = ORIENTED_EDGE ( 'NONE', *, *, #5735, .T. ) ;
#5358 = DIRECTION ( 'NONE',  ( 1.000000000000000000, 0.0000000000000000000, 0.0000000000000000000 ) ) ;
#5359 = CARTESIAN_POINT ( 'NONE',  ( -126.9862819858889935, -30.48883508023761379, 4.956079084294884751 ) ) ;
#5360 = ORIENTED_EDGE ( 'NONE', *, *, #6062, .F. ) ;
#5361 = CARTESIAN_POINT ( 'NONE',  ( -128.6728439867118254, -31.18775333446104625, -0.006160745210934240150 ) ) ;
#5362 = CARTESIAN_POINT ( 'NONE',  ( -134.3265433044278723, -31.98712821507179171, -5.630000000000094040 ) ) ;
#5363 = PRESENTATION_STYLE_ASSIGNMENT (( #6394 ) ) ;
#5364 = FILL_AREA_STYLE ('',( #2295 ) ) ;
#5365 = CARTESIAN_POINT ( 'NONE',  ( -134.1321250266479694, -32.07304900485252119, -4.052649073641991784 ) ) ;
#5366 = EDGE_CURVE ( 'NONE', #2684, #2447, #5051, .T. ) ;
#5367 = CARTESIAN_POINT ( 'NONE',  ( -127.9233521597989949, -30.37397777197829996, 1.904737251858918734 ) ) ;
#5368 = ORIENTED_EDGE ( 'NONE', *, *, #4813, .F. ) ;
#5369 = DIRECTION ( 'NONE',  ( -1.224606353822379970E-16, 1.000000000000000000, 1.224606353822379970E-16 ) ) ;
#5370 = UNCERTAINTY_MEASURE_WITH_UNIT (LENGTH_MEASURE( 1.000000000000000082E-05 ), #1879, 'distance_accuracy_value', 'NONE');
#5371 = SURFACE_STYLE_USAGE ( .BOTH. , #1749 ) ;
#5372 = CARTESIAN_POINT ( 'NONE',  ( -127.9233521597989949, -36.00397777197930083, -24.74999999999980105 ) ) ;
#5373 = CYLINDRICAL_SURFACE ( 'NONE', #1619, 4.000000000000003553 ) ;
#5374 = CARTESIAN_POINT ( 'NONE',  ( -127.2140898141365994, -31.33902546961991220, -0.006160745210948450137 ) ) ;
#5375 = ORIENTED_EDGE ( 'NONE', *, *, #299, .T. ) ;
#5376 = LINE ( 'NONE', #2741, #5650 ) ;
#5377 = CARTESIAN_POINT ( 'NONE',  ( -127.8397204766349944, -30.25397777171910363, -2.101426397435707027 ) ) ;
#5378 = EDGE_CURVE ( 'NONE', #3875, #3849, #4021, .T. ) ;
#5379 = DIRECTION ( 'NONE',  ( -6.123031769111889989E-17, 0.0000000000000000000, 1.000000000000000000 ) ) ;
#5380 = FILL_AREA_STYLE_COLOUR ( '', #70 ) ;
#5381 = SURFACE_STYLE_FILL_AREA ( #2282 ) ;
#5382 =( LENGTH_UNIT ( ) NAMED_UNIT ( * ) SI_UNIT ( .MILLI., .METRE. ) );
#5383 =( NAMED_UNIT ( * ) SI_UNIT ( $, .STERADIAN. ) SOLID_ANGLE_UNIT ( ) );
#5384 = ORIENTED_EDGE ( 'NONE', *, *, #2935, .T. ) ;
#5385 = CARTESIAN_POINT ( 'NONE',  ( -127.9233521597989949, -36.18255236209569858, 2.104737251858955993 ) ) ;
#5386 =( LENGTH_UNIT ( ) NAMED_UNIT ( * ) SI_UNIT ( .MILLI., .METRE. ) );
#5387 = VERTEX_POINT ( 'NONE', #5618 ) ;
#5388 = CARTESIAN_POINT ( 'NONE',  ( -133.6698151874002463, -32.22431568406197755, 5.737678509578246988 ) ) ;
#5389 = DIRECTION ( 'NONE',  ( 6.123031769111889989E-17, -0.0000000000000000000, -1.000000000000000000 ) ) ;
#5390 = CARTESIAN_POINT ( 'NONE',  ( -121.5153581797660536, -38.13427567848336253, 5.195173636599667688 ) ) ;
#5391 = SURFACE_SIDE_STYLE ('',( #3337 ) ) ;
#5392 = FILL_AREA_STYLE ('',( #2151 ) ) ;
#5393 = EDGE_LOOP ( 'NONE', ( #487, #4946, #5053, #1064, #3974, #6186 ) ) ;
#5394 = CARTESIAN_POINT ( 'NONE',  ( -122.2978713033876943, -37.66854596335279837, -4.052649073641991784 ) ) ;
#5395 = DIRECTION ( 'NONE',  ( 0.0000000000000000000, 0.0000000000000000000, -1.000000000000000000 ) ) ;
#5396 = STYLED_ITEM ( 'NONE', ( #3539 ), #111 ) ;
#5397 = SURFACE_STYLE_FILL_AREA ( #1746 ) ;
#5398 = FILL_AREA_STYLE ('',( #5877 ) ) ;
#5399 = CARTESIAN_POINT ( 'NONE',  ( -127.9233521597989949, -30.37397777197829640, -1.901426395795773550 ) ) ;
#5400 = CARTESIAN_POINT ( 'NONE',  ( -127.9233521597989949, -34.25397777197869686, 4.750000000000910383 ) ) ;
#5401 =( NAMED_UNIT ( * ) PLANE_ANGLE_UNIT ( ) SI_UNIT ( $, .RADIAN. ) );
#5402 = CARTESIAN_POINT ( 'NONE',  ( -128.3555961326129307, -30.39812959706699047, 3.327671417993250280 ) ) ;
#5403 = SURFACE_STYLE_USAGE ( .BOTH. , #3347 ) ;
#5404 = STYLED_ITEM ( 'NONE', ( #566 ), #5039 ) ;
#5405 = ORIENTED_EDGE ( 'NONE', *, *, #2429, .T. ) ;
#5406 = SURFACE_STYLE_USAGE ( .BOTH. , #3860 ) ;
#5407 = CARTESIAN_POINT ( 'NONE',  ( -127.6046479368164484, -30.38632960938765493, -0.1262075406279627443 ) ) ;
#5408 = EDGE_CURVE ( 'NONE', #2447, #6498, #4645, .T. ) ;
#5409 = CARTESIAN_POINT ( 'NONE',  ( -128.5555961326128909, -36.18255236209569858, 3.327671447015949191 ) ) ;
#5410 = STYLED_ITEM ( 'NONE', ( #3577 ), #747 ) ;
#5411 = CIRCLE ( 'NONE', #2483, 0.2999999999999947153 ) ;
#5412 = EDGE_CURVE ( 'NONE', #358, #2095, #4492, .T. ) ;
#5413 = MECHANICAL_DESIGN_GEOMETRIC_PRESENTATION_REPRESENTATION (  '', ( #2826 ), #408 ) ;
#5414 = FILL_AREA_STYLE_COLOUR ( '', #2962 ) ;
#5415 = CARTESIAN_POINT ( 'NONE',  ( -127.6972243261185440, -30.25957637980160086, -0.2932810237661525044 ) ) ;
#5416 = VECTOR ( 'NONE', #5493, 1000.000000000000000 ) ;
#5417 = ORIENTED_EDGE ( 'NONE', *, *, #3732, .T. ) ;
#5418 = CARTESIAN_POINT ( 'NONE',  ( -128.8914491707721766, -30.37289697182161774, 4.749999999999929834 ) ) ;
#5419 = CARTESIAN_POINT ( 'NONE',  ( -127.0023581089927376, -30.54883198844861170, -2.939345590400314290 ) ) ;
#5420 = ORIENTED_EDGE ( 'NONE', *, *, #3983, .T. ) ;
#5421 = AXIS2_PLACEMENT_3D ( 'NONE', #4836, #1231, #5354 ) ;
#5422 = CARTESIAN_POINT ( 'NONE',  ( -127.4911081869850591, -30.27740070772239633, -0.6784922296614747106 ) ) ;
#5423 = CYLINDRICAL_SURFACE ( 'NONE', #739, 3.879999999999994564 ) ;
#5424 = CARTESIAN_POINT ( 'NONE',  ( -120.8595051063395971, -31.75975174038079274, 4.749999999999941380 ) ) ;
#5425 = MECHANICAL_DESIGN_GEOMETRIC_PRESENTATION_REPRESENTATION (  '', ( #6599 ), #1935 ) ;
#5426 = CARTESIAN_POINT ( 'NONE',  ( -127.7576660653320602, -30.25667594448764319, -2.084925226759421601 ) ) ;
#5427 = CIRCLE ( 'NONE', #2386, 3.879999999998800853 ) ;
#5428 = AXIS2_PLACEMENT_3D ( 'NONE', #4298, #298, #657 ) ;
#5429 = CARTESIAN_POINT ( 'NONE',  ( -128.7482464039113950, -30.33995816471639273, -4.446647422289466967 ) ) ;
#5430 = ORIENTED_EDGE ( 'NONE', *, *, #1571, .F. ) ;
#5431 = ADVANCED_FACE ( 'NONE', ( #1566 ), #4642, .F. ) ;
#5432 = UNCERTAINTY_MEASURE_WITH_UNIT (LENGTH_MEASURE( 1.000000000000000082E-05 ), #2457, 'distance_accuracy_value', 'NONE');
#5433 = SURFACE_STYLE_USAGE ( .BOTH. , #638 ) ;
#5434 = CARTESIAN_POINT ( 'NONE',  ( -127.9233521597989949, -30.37397777197829640, -2.101426395795771285 ) ) ;
#5435 =( GEOMETRIC_REPRESENTATION_CONTEXT ( 3 ) GLOBAL_UNCERTAINTY_ASSIGNED_CONTEXT ( ( #6562 ) ) GLOBAL_UNIT_ASSIGNED_CONTEXT ( ( #6189, #5699, #5086 ) ) REPRESENTATION_CONTEXT ( 'NONE', 'WORKASPACE' ) );
#5436 = DIRECTION ( 'NONE',  ( 0.0000000000000000000, 0.0000000000000000000, -1.000000000000000000 ) ) ;
#5437 = PRESENTATION_LAYER_ASSIGNMENT (  '', '', ( #4686 ) ) ;
#5438 = PRESENTATION_STYLE_ASSIGNMENT (( #5302 ) ) ;
#5439 = DIRECTION ( 'NONE',  ( -1.224606353822379970E-16, 1.000000000000000000, 0.0000000000000000000 ) ) ;
#5440 = VERTEX_POINT ( 'NONE', #4103 ) ;
#5441 = AXIS2_PLACEMENT_3D ( 'NONE', #2848, #228, #3893 ) ;
#5442 = FACE_OUTER_BOUND ( 'NONE', #5806, .T. ) ;
#5443 = DIRECTION ( 'NONE',  ( 6.123031769111889989E-17, 0.0000000000000000000, -1.000000000000000000 ) ) ;
#5444 = FACE_OUTER_BOUND ( 'NONE', #1703, .T. ) ;
#5445 = EDGE_CURVE ( 'NONE', #4399, #1567, #6177, .T. ) ;
#5446 = SURFACE_STYLE_FILL_AREA ( #2318 ) ;
#5447 = SURFACE_STYLE_FILL_AREA ( #2854 ) ;
#5448 = UNCERTAINTY_MEASURE_WITH_UNIT (LENGTH_MEASURE( 1.000000000000000082E-05 ), #5529, 'distance_accuracy_value', 'NONE');
#5449 =( NAMED_UNIT ( * ) PLANE_ANGLE_UNIT ( ) SI_UNIT ( $, .RADIAN. ) );
#5450 = CARTESIAN_POINT ( 'NONE',  ( -127.9233521597989949, -30.73848570686701720, -5.629999999999090399 ) ) ;
#5451 = EDGE_LOOP ( 'NONE', ( #3436, #1605, #3656, #6556 ) ) ;
#5452 = CARTESIAN_POINT ( 'NONE',  ( -128.0069910185778781, -30.25397793945673186, 3.959914331225966144 ) ) ;
#5453 = CARTESIAN_POINT ( 'NONE',  ( -127.9233521597989949, -34.25397777197829896, -2.891511004989610001 ) ) ;
#5454 = CARTESIAN_POINT ( 'NONE',  ( -127.0051821461391199, -30.55937143856217020, 5.156628589379317340 ) ) ;
#5455 = ORIENTED_EDGE ( 'NONE', *, *, #3649, .T. ) ;
#5456 = FILL_AREA_STYLE ('',( #6459 ) ) ;
#5457 = CARTESIAN_POINT ( 'NONE',  ( -128.5555961287734021, -30.42583624328624481, -0.5948505348653790881 ) ) ;
#5458 = CARTESIAN_POINT ( 'NONE',  ( -127.2911081869857810, -30.30426036957589986, -0.6784922151501250331 ) ) ;
#5459 = B_SPLINE_CURVE_WITH_KNOTS ( 'NONE', 3,
 ( #5744, #1044, #2014, #1085, #2090, #5779 ),
 .UNSPECIFIED., .F., .F.,
 ( 4, 2, 4 ),
 ( 4.770489558936219510E-18, 0.0003378787149092389651, 0.0006757574298184731596 ),
 .UNSPECIFIED. ) ;
#5460 = PRESENTATION_LAYER_ASSIGNMENT (  '', '', ( #459 ) ) ;
#5461 = CARTESIAN_POINT ( 'NONE',  ( -128.5555961326130046, -30.30426036957589631, -0.6784922151501288079 ) ) ;
#5462 = ORIENTED_EDGE ( 'NONE', *, *, #6377, .F. ) ;
#5463 = CARTESIAN_POINT ( 'NONE',  ( -128.6274911128832912, -30.91292685753736791, -3.346880229046849564 ) ) ;
#5464 = CARTESIAN_POINT ( 'NONE',  ( -127.9233521597989949, -36.18255236209569858, 2.536981224672839819 ) ) ;
#5465 = ORIENTED_EDGE ( 'NONE', *, *, #1773, .F. ) ;
#5466 = CARTESIAN_POINT ( 'NONE',  ( -127.9233521597989949, -36.00397777197930083, -24.74999999999980105 ) ) ;
#5467 = FACE_OUTER_BOUND ( 'NONE', #5078, .T. ) ;
#5468 = CARTESIAN_POINT ( 'NONE',  ( -128.0069928422200007, -30.37397777224553863, 1.904737253499051208 ) ) ;
#5469 = CARTESIAN_POINT ( 'NONE',  ( -126.9862819858892351, -30.48883508023763511, -2.891511004989635758 ) ) ;
#5470 = CARTESIAN_POINT ( 'NONE',  ( -128.7933536427015611, -30.73855053826611083, -4.219907481157287421 ) ) ;
#5471 = CARTESIAN_POINT ( 'NONE',  ( -128.5555961326129477, -30.30426036957581104, -1.469182437493224747 ) ) ;
#5472 = EDGE_LOOP ( 'NONE', ( #3984, #5151, #1644, #6698 ) ) ;
#5473 = SURFACE_STYLE_USAGE ( .BOTH. , #3450 ) ;
#5474 = PLANE ( 'NONE',  #3302 ) ;
#5475 =( LENGTH_UNIT ( ) NAMED_UNIT ( * ) SI_UNIT ( .MILLI., .METRE. ) );
#5476 = CARTESIAN_POINT ( 'NONE',  ( -128.5390948124663737, -30.30152420297359939, -1.634867868899512633 ) ) ;
#5477 = CARTESIAN_POINT ( 'NONE',  ( -127.9233521597989949, -31.25397777197868976, -5.629999999999089511 ) ) ;
#5478 = CARTESIAN_POINT ( 'NONE',  ( -127.4911081869851159, -30.27740070772239633, -0.5642426323335497651 ) ) ;
#5479 = CARTESIAN_POINT ( 'NONE',  ( -127.2911081869855536, -30.30426036957597091, 3.327671432504600624 ) ) ;
#5480 = EDGE_CURVE ( 'NONE', #2244, #632, #5181, .T. ) ;
#5481 = ORIENTED_EDGE ( 'NONE', *, *, #3800, .T. ) ;
#5482 = SHAPE_REPRESENTATION ( '10_1', ( #1074 ), #2283 ) ;
#5483 = CARTESIAN_POINT ( 'NONE',  ( -128.0890447628062532, -30.25667623316960331, 3.943412369827707042 ) ) ;
#5484 = CYLINDRICAL_SURFACE ( 'NONE', #4865, 4.000000000000003553 ) ;
#5485 = VERTEX_POINT ( 'NONE', #1595 ) ;
#5486 = CARTESIAN_POINT ( 'NONE',  ( -133.9772482858079172, -37.91908596132979170, 5.657044983151504169 ) ) ;
#5487 = FILL_AREA_STYLE_COLOUR ( '', #2931 ) ;
#5488 = CARTESIAN_POINT ( 'NONE',  ( -121.9867518907437471, -37.84882784012000911, 5.536804444638613987 ) ) ;
#5489 = EDGE_CURVE ( 'NONE', #3449, #5440, #3670, .T. ) ;
#5490 = FILL_AREA_STYLE ('',( #1270 ) ) ;
#5491 = VERTEX_POINT ( 'NONE', #1201 ) ;
#5492 = FILL_AREA_STYLE ('',( #1375 ) ) ;
#5493 = DIRECTION ( 'NONE',  ( -6.123031769111889989E-17, -6.123031769111889989E-17, 1.000000000000000000 ) ) ;
#5494 = DIRECTION ( 'NONE',  ( 1.000000000000000000, 0.0000000000000000000, 0.0000000000000000000 ) ) ;
#5495 =( NAMED_UNIT ( * ) PLANE_ANGLE_UNIT ( ) SI_UNIT ( $, .RADIAN. ) );
#5496 = UNCERTAINTY_MEASURE_WITH_UNIT (LENGTH_MEASURE( 1.000000000000000082E-05 ), #1666, 'distance_accuracy_value', 'NONE');
#5497 = CARTESIAN_POINT ( 'NONE',  ( -127.0733667159199314, -30.81383971727671067, 5.471865208484913978 ) ) ;
#5498 = PRODUCT_DEFINITION_FORMATION_WITH_SPECIFIED_SOURCE ( 'ANY', '', #1438, .NOT_KNOWN. ) ;
#5499 = B_SPLINE_CURVE_WITH_KNOTS ( 'NONE', 3,
 ( #6664, #6266, #6228, #3216, #1555, #3135, #4167, #1041, #4731, #1079 ),
 .UNSPECIFIED., .F., .F.,
 ( 4, 2, 2, 2, 4 ),
 ( 3.773023560249555430E-17, 0.0003378802221305175768, 0.0006757604442609974234, 0.001013640666391477270, 0.001351520888521957117 ),
 .UNSPECIFIED. ) ;
#5500 = CARTESIAN_POINT ( 'NONE',  ( -128.8603507143011768, -30.48881725629493644, -4.508018297699239341 ) ) ;
#5501 = ORIENTED_EDGE ( 'NONE', *, *, #5571, .F. ) ;
#5502 = SURFACE_STYLE_FILL_AREA ( #3451 ) ;
#5503 = ADVANCED_FACE ( 'NONE', ( #2182 ), #3158, .T. ) ;
#5504 = CARTESIAN_POINT ( 'NONE',  ( -128.0376002313774961, -30.25397777197827409, -1.901426395795763780 ) ) ;
#5505 =( GEOMETRIC_REPRESENTATION_CONTEXT ( 3 ) GLOBAL_UNCERTAINTY_ASSIGNED_CONTEXT ( ( #4825 ) ) GLOBAL_UNIT_ASSIGNED_CONTEXT ( ( #2994, #2928, #1905 ) ) REPRESENTATION_CONTEXT ( 'NONE', 'WORKASPACE' ) );
#5506 = CARTESIAN_POINT ( 'NONE',  ( -128.3555961326129022, -30.27740070772239989, 3.327671417993229852 ) ) ;
#5507 = MECHANICAL_DESIGN_GEOMETRIC_PRESENTATION_REPRESENTATION (  '', ( #283 ), #2471 ) ;
#5508 = PRODUCT ( '8_1', '8_1', '', ( #3528 ) ) ;
#5509 = CARTESIAN_POINT ( 'NONE',  ( -128.0376058427252417, -30.37397777197827153, -1.901426395795764002 ) ) ;
#5510 = VECTOR ( 'NONE', #4143, 1000.000000000000000 ) ;
#5511 = EDGE_CURVE ( 'NONE', #1981, #5261, #4558, .T. ) ;
#5512 = CARTESIAN_POINT ( 'NONE',  ( -128.8414232720418795, -30.55936977690401690, 5.156677572306024970 ) ) ;
#5513 = CARTESIAN_POINT ( 'NONE',  ( -127.9233521597989949, -30.95073967747207178, -4.063772965423816608 ) ) ;
#5514 = EDGE_LOOP ( 'NONE', ( #3099, #308, #2249, #3246 ) ) ;
#5515 = CARTESIAN_POINT ( 'NONE',  ( -128.3120695988156399, -30.27247932120560847, 3.833046218963755525 ) ) ;
#5516 = PRESENTATION_STYLE_ASSIGNMENT (( #5019 ) ) ;
#5517 = CIRCLE ( 'NONE', #5620, 4.000000000000003553 ) ;
#5518 = ORIENTED_EDGE ( 'NONE', *, *, #4227, .F. ) ;
#5519 = PLANE ( 'NONE',  #1309 ) ;
#5520 = UNCERTAINTY_MEASURE_WITH_UNIT (LENGTH_MEASURE( 1.000000000000000082E-05 ), #2796, 'distance_accuracy_value', 'NONE');
#5521 = AXIS2_PLACEMENT_3D ( 'NONE', #1804, #279, #1216 ) ;
#5522 = CARTESIAN_POINT ( 'NONE',  ( -127.9233521597989949, -30.37397777197829640, 4.749999999999929834 ) ) ;
#5523 = SURFACE_STYLE_FILL_AREA ( #381 ) ;
#5524 = PRESENTATION_LAYER_ASSIGNMENT (  '', '', ( #2026 ) ) ;
#5525 = ORIENTED_EDGE ( 'NONE', *, *, #3239, .F. ) ;
#5526 =( NAMED_UNIT ( * ) PLANE_ANGLE_UNIT ( ) SI_UNIT ( $, .RADIAN. ) );
#5527 = DIRECTION ( 'NONE',  ( 1.224606353822379970E-16, -1.000000000000000000, -1.224606353822379970E-16 ) ) ;
#5528 = AXIS2_PLACEMENT_3D ( 'NONE', #6425, #4417, #2291 ) ;
#5529 =( LENGTH_UNIT ( ) NAMED_UNIT ( * ) SI_UNIT ( .MILLI., .METRE. ) );
#5530 = STYLED_ITEM ( 'NONE', ( #943 ), #6553 ) ;
#5531 = PRESENTATION_LAYER_ASSIGNMENT (  '', '', ( #5314 ) ) ;
#5532 = EDGE_CURVE ( 'NONE', #1452, #2197, #2261, .T. ) ;
#5533 = DIRECTION ( 'NONE',  ( -6.123031769111889989E-17, 5.817644942362439956E-48, 1.000000000000000000 ) ) ;
#5534 = MECHANICAL_DESIGN_GEOMETRIC_PRESENTATION_REPRESENTATION (  '', ( #3386 ), #2501 ) ;
#5535 = SURFACE_SIDE_STYLE ('',( #4959 ) ) ;
#5536 = COLOUR_RGB ( '',1.000000000000000000, 1.000000000000000000, 1.000000000000000000 ) ;
#5537 = ADVANCED_FACE ( 'NONE', ( #2782 ), #4387, .T. ) ;
#5538 = ORIENTED_EDGE ( 'NONE', *, *, #1485, .F. ) ;
#5539 = CARTESIAN_POINT ( 'NONE',  ( -128.5555961326129477, -30.42583624392051433, -0.6784922151501288079 ) ) ;
#5540 = CIRCLE ( 'NONE', #5860, 0.2999999999999947153 ) ;
#5541 =( GEOMETRIC_REPRESENTATION_CONTEXT ( 3 ) GLOBAL_UNCERTAINTY_ASSIGNED_CONTEXT ( ( #874 ) ) GLOBAL_UNIT_ASSIGNED_CONTEXT ( ( #3123, #4817, #622 ) ) REPRESENTATION_CONTEXT ( 'NONE', 'WORKASPACE' ) );
#5542 = VERTEX_POINT ( 'NONE', #1392 ) ;
#5543 = FILL_AREA_STYLE_COLOUR ( '', #6160 ) ;
#5544 = CARTESIAN_POINT ( 'NONE',  ( -128.5555961326129193, -30.42583624392051433, -1.469182452004569539 ) ) ;
#5545 = FILL_AREA_STYLE_COLOUR ( '', #226 ) ;
#5546 = MECHANICAL_DESIGN_GEOMETRIC_PRESENTATION_REPRESENTATION (  '', ( #649 ), #975 ) ;
#5547 = DIRECTION ( 'NONE',  ( 1.000000000000000000, 0.0000000000000000000, 1.117734198438665941E-16 ) ) ;
#5548 = MECHANICAL_DESIGN_GEOMETRIC_PRESENTATION_REPRESENTATION (  '', ( #6610 ), #2626 ) ;
#5549 =( NAMED_UNIT ( * ) SI_UNIT ( $, .STERADIAN. ) SOLID_ANGLE_UNIT ( ) );
#5550 = CARTESIAN_POINT ( 'NONE',  ( -127.9233521597989949, -30.25397777197824922, -4.446647422289488283 ) ) ;
#5551 = APPLICATION_PROTOCOL_DEFINITION ( 'draft international standard', 'automotive_design', 1998, #4018 ) ;
#5552 = DIRECTION ( 'NONE',  ( 1.224606353822379970E-16, -1.000000000000000000, -1.224606353822379970E-16 ) ) ;
#5553 = CARTESIAN_POINT ( 'NONE',  ( -127.9233521597989949, -38.13397777197749861, -2.891511004989538502 ) ) ;
#5554 =( GEOMETRIC_REPRESENTATION_CONTEXT ( 3 ) GLOBAL_UNCERTAINTY_ASSIGNED_CONTEXT ( ( #4621 ) ) GLOBAL_UNIT_ASSIGNED_CONTEXT ( ( #832, #5526, #417 ) ) REPRESENTATION_CONTEXT ( 'NONE', 'WORKASPACE' ) );
#5555 = ORIENTED_EDGE ( 'NONE', *, *, #1651, .T. ) ;
#5556 = CARTESIAN_POINT ( 'NONE',  ( -127.9233521597989949, -34.25397777197829896, -4.508018297699232235 ) ) ;
#5557 = CARTESIAN_POINT ( 'NONE',  ( -127.4911081869859970, -36.18255236209569858, -0.6784922296614720461 ) ) ;
#5558 = B_SPLINE_CURVE_WITH_KNOTS ( 'NONE', 3,
 ( #5762, #4587, #1028, #3091, #5118, #6246 ),
 .UNSPECIFIED., .F., .F.,
 ( 4, 2, 4 ),
 ( 0.0006757574298184644860, 0.001013639159170156645, 0.001351520888521848696 ),
 .UNSPECIFIED. ) ;
#5559 = CARTESIAN_POINT ( 'NONE',  ( -127.9233521597989949, -31.09748124895878263, 5.615972769942959353 ) ) ;
#5560 = CARTESIAN_POINT ( 'NONE',  ( -134.3198494449275699, -38.13379910193554423, -2.891511004989561595 ) ) ;
#5561 = CARTESIAN_POINT ( 'NONE',  ( -127.3076097856048534, -30.30152415564304746, -0.5128054330777793712 ) ) ;
#5562 = ORIENTED_EDGE ( 'NONE', *, *, #1854, .F. ) ;
#5563 =( LENGTH_UNIT ( ) NAMED_UNIT ( * ) SI_UNIT ( .MILLI., .METRE. ) );
#5564 = MECHANICAL_DESIGN_GEOMETRIC_PRESENTATION_REPRESENTATION (  '', ( #1104 ), #5884 ) ;
#5565 = DIRECTION ( 'NONE',  ( 1.224606353822379970E-16, -1.000000000000000000, 0.0000000000000000000 ) ) ;
#5566 =( NAMED_UNIT ( * ) PLANE_ANGLE_UNIT ( ) SI_UNIT ( $, .RADIAN. ) );
#5567 = ORIENTED_EDGE ( 'NONE', *, *, #3388, .F. ) ;
#5568 = DIRECTION ( 'NONE',  ( 0.0000000000000000000, 0.0000000000000000000, 1.000000000000000000 ) ) ;
#5569 = PRESENTATION_LAYER_ASSIGNMENT (  '', '', ( #112 ) ) ;
#5570 = UNCERTAINTY_MEASURE_WITH_UNIT (LENGTH_MEASURE( 1.000000000000000082E-05 ), #2172, 'distance_accuracy_value', 'NONE');
#5571 = EDGE_CURVE ( 'NONE', #4263, #5485, #2604, .T. ) ;
#5572 = ORIENTED_EDGE ( 'NONE', *, *, #5688, .T. ) ;
#5573 = VERTEX_POINT ( 'NONE', #1787 ) ;
#5574 = CARTESIAN_POINT ( 'NONE',  ( -127.9233521597989949, -34.25397777197829896, -4.598323711144740145 ) ) ;
#5575 = CARTESIAN_POINT ( 'NONE',  ( -128.6520951586537649, -31.34383453811175713, -5.630000000000070060 ) ) ;
#5576 = CARTESIAN_POINT ( 'NONE',  ( -127.3642512071494366, -30.87395101281540377, -4.052649073642025535 ) ) ;
#5577 = EDGE_CURVE ( 'NONE', #1072, #1433, #1299, .T. ) ;
#5578 = DIRECTION ( 'NONE',  ( 1.000000000000000000, 0.0000000000000000000, 0.0000000000000000000 ) ) ;
#5579 = CARTESIAN_POINT ( 'NONE',  ( -127.2683689981683557, -30.29429821389323862, -5.335786437627055179 ) ) ;
#5580 = SURFACE_STYLE_USAGE ( .BOTH. , #3526 ) ;
#5581 = SHAPE_DEFINITION_REPRESENTATION ( #4182, #2491 ) ;
#5582 = CARTESIAN_POINT ( 'NONE',  ( -127.9233521597989949, -38.13397777197869232, -4.508018297698259680 ) ) ;
#5583 = ORIENTED_EDGE ( 'NONE', *, *, #2824, .F. ) ;
#5584 = DIRECTION ( 'NONE',  ( 1.000000000000000000, 0.0000000000000000000, 0.0000000000000000000 ) ) ;
#5585 = UNCERTAINTY_MEASURE_WITH_UNIT (LENGTH_MEASURE( 1.000000000000000082E-05 ), #5233, 'distance_accuracy_value', 'NONE');
#5586 = CARTESIAN_POINT ( 'NONE',  ( -127.1565353197305939, -31.19204011199536453, 5.615972769942959353 ) ) ;
#5587 = CARTESIAN_POINT ( 'NONE',  ( -121.5270716325639597, -38.13415643899378438, -2.891511004989561151 ) ) ;
#5588 = ORIENTED_EDGE ( 'NONE', *, *, #742, .F. ) ;
#5589 = CARTESIAN_POINT ( 'NONE',  ( -128.5572462079648517, -30.41291111233793032, 4.749999999999928058 ) ) ;
#5590 = FILL_AREA_STYLE ('',( #1442 ) ) ;
#5591 = FILL_AREA_STYLE_COLOUR ( '', #4048 ) ;
#5592 = CARTESIAN_POINT ( 'NONE',  ( -127.5924754004386159, -30.38633818785283935, -2.032509083023729790 ) ) ;
#5593 = EDGE_LOOP ( 'NONE', ( #3519, #5170, #55, #104 ) ) ;
#5594 = DIRECTION ( 'NONE',  ( -6.123031769111889989E-17, 5.817644942362439956E-48, 1.000000000000000000 ) ) ;
#5595 = DIRECTION ( 'NONE',  ( -6.123031769111889989E-17, 0.0000000000000000000, 1.000000000000000000 ) ) ;
#5596 = CARTESIAN_POINT ( 'NONE',  ( -127.2911081869859942, -36.18255236209569858, -1.469182513991859951 ) ) ;
#5597 = ORIENTED_EDGE ( 'NONE', *, *, #69, .F. ) ;
#5598 = SURFACE_STYLE_FILL_AREA ( #840 ) ;
#5599 =( NAMED_UNIT ( * ) PLANE_ANGLE_UNIT ( ) SI_UNIT ( $, .RADIAN. ) );
#5600 = ORIENTED_EDGE ( 'NONE', *, *, #625, .T. ) ;
#5601 = PRODUCT_DEFINITION_FORMATION_WITH_SPECIFIED_SOURCE ( 'ANY', '', #1547, .NOT_KNOWN. ) ;
#5602 = PRESENTATION_STYLE_ASSIGNMENT (( #399 ) ) ;
#5603 =( LENGTH_UNIT ( ) NAMED_UNIT ( * ) SI_UNIT ( .MILLI., .METRE. ) );
#5604 = CYLINDRICAL_SURFACE ( 'NONE', #953, 4.000000000000003553 ) ;
#5605 = CARTESIAN_POINT ( 'NONE',  ( -127.9233521597989949, -30.37397777197829996, -1.901426395795763558 ) ) ;
#5606 = ADVANCED_FACE ( 'NONE', ( #3940 ), #3492, .T. ) ;
#5607 = B_SPLINE_CURVE_WITH_KNOTS ( 'NONE', 3,
 ( #3466, #5457, #900, #2991, #4921, #3909, #276, #5048, #380, #1795, #2461, #796, #2892, #4949 ),
 .UNSPECIFIED., .F., .F.,
 ( 4, 2, 2, 2, 2, 2, 4 ),
 ( 4.770489558936219510E-18, 0.0002473306817266835464, 0.0004946613634533623223, 0.0009893227269067207414, 0.001236653408633440771, 0.001483984090360160801, 0.001978645453813601511 ),
 .UNSPECIFIED. ) ;
#5608 = APPLICATION_PROTOCOL_DEFINITION ( 'draft international standard', 'automotive_design', 1998, #5939 ) ;
#5609 = CARTESIAN_POINT ( 'NONE',  ( -128.8914491707722902, -30.37289697182166748, 4.987793218898363357 ) ) ;
#5610 = DIRECTION ( 'NONE',  ( 1.224606353822379970E-16, -1.000000000000000000, -1.224606353822379970E-16 ) ) ;
#5611 = PRESENTATION_LAYER_ASSIGNMENT (  '', '', ( #5726 ) ) ;
#5612 = EDGE_LOOP ( 'NONE', ( #6534, #3842, #2296, #3000 ) ) ;
#5613 = EDGE_CURVE ( 'NONE', #5793, #5387, #4976, .T. ) ;
#5614 = DIRECTION ( 'NONE',  ( 1.224606353822379970E-16, -1.000000000000000000, -1.224606353822379970E-16 ) ) ;
#5615 = STYLED_ITEM ( 'NONE', ( #2396 ), #457 ) ;
#5616 = AXIS2_PLACEMENT_3D ( 'NONE', #2659, #4729, #31 ) ;
#5617 = CYLINDRICAL_SURFACE ( 'NONE', #1950, 3.879999999999994564 ) ;
#5618 = CARTESIAN_POINT ( 'NONE',  ( -131.8033521597990330, -34.25397777197829896, -4.508018297699232235 ) ) ;
#5619 = CARTESIAN_POINT ( 'NONE',  ( -127.1255879190304512, -30.45687727078645679, -4.508018297699262433 ) ) ;
#5620 = AXIS2_PLACEMENT_3D ( 'NONE', #5732, #3615, #4694 ) ;
#5621 = ORIENTED_EDGE ( 'NONE', *, *, #5412, .F. ) ;
#5622 = B_SPLINE_CURVE_WITH_KNOTS ( 'NONE', 3,
 ( #2527, #4089, #1553, #3580, #6638, #5641 ),
 .UNSPECIFIED., .F., .F.,
 ( 4, 2, 4 ),
 ( 4.091337135425211519E-17, 0.0006094658817760788098, 0.001218931763552116854 ),
 .UNSPECIFIED. ) ;
#5623 = CARTESIAN_POINT ( 'NONE',  ( 0.0000000000000000000, 0.0000000000000000000, 0.0000000000000000000 ) ) ;
#5624 = CARTESIAN_POINT ( 'NONE',  ( -127.9233521597990233, -30.25397777197829186, 5.265241647999064689 ) ) ;
#5625 = CARTESIAN_POINT ( 'NONE',  ( -127.0787077852060207, -30.83377285921803690, -5.641368536459299143 ) ) ;
#5626 =( NAMED_UNIT ( * ) PLANE_ANGLE_UNIT ( ) SI_UNIT ( $, .RADIAN. ) );
#5627 = DIRECTION ( 'NONE',  ( 6.123031769111889989E-17, -0.0000000000000000000, -1.000000000000000000 ) ) ;
#5628 = ORIENTED_EDGE ( 'NONE', *, *, #4094, .T. ) ;
#5629 = AXIS2_PLACEMENT_3D ( 'NONE', #5814, #2242, #2210 ) ;
#5630 = FILL_AREA_STYLE_COLOUR ( '', #1387 ) ;
#5631 =( LENGTH_UNIT ( ) NAMED_UNIT ( * ) SI_UNIT ( .MILLI., .METRE. ) );
#5632 = UNCERTAINTY_MEASURE_WITH_UNIT (LENGTH_MEASURE( 1.000000000000000082E-05 ), #6025, 'distance_accuracy_value', 'NONE');
#5633 = CARTESIAN_POINT ( 'NONE',  ( -127.9233521597989949, -34.25397777197849791, 5.970093049101929950 ) ) ;
#5634 = VECTOR ( 'NONE', #2238, 1000.000000000000000 ) ;
#5635 = ORIENTED_EDGE ( 'NONE', *, *, #5532, .T. ) ;
#5636 =( NAMED_UNIT ( * ) SI_UNIT ( $, .STERADIAN. ) SOLID_ANGLE_UNIT ( ) );
#5637 = EDGE_LOOP ( 'NONE', ( #241, #5572, #4162, #5184 ) ) ;
#5638 =( NAMED_UNIT ( * ) SI_UNIT ( $, .STERADIAN. ) SOLID_ANGLE_UNIT ( ) );
#5639 = COLOUR_RGB ( '',0.8000000000000000444, 0.1921568627450980227, 0.1921568627450980227 ) ;
#5640 = MECHANICAL_DESIGN_GEOMETRIC_PRESENTATION_REPRESENTATION (  '', ( #3815 ), #1499 ) ;
#5641 = CARTESIAN_POINT ( 'NONE',  ( -128.8603507143013474, -30.48881725629500039, 4.749999999999929834 ) ) ;
#5642 = DIRECTION ( 'NONE',  ( -1.224606353822379970E-16, 0.0000000000000000000, 1.000000000000000000 ) ) ;
#5643 = CARTESIAN_POINT ( 'NONE',  ( -128.1492214183714111, -30.25956069315335739, 3.713034065112510884 ) ) ;
#5644 = COLOUR_RGB ( '',0.8000000000000000444, 0.1921568627450980227, 0.1921568627450980227 ) ;
#5645 = COLOUR_RGB ( '',0.8000000000000000444, 0.1921568627450980227, 0.1921568627450980227 ) ;
#5646 = PRESENTATION_LAYER_ASSIGNMENT (  '', '', ( #6605 ) ) ;
#5647 = ORIENTED_EDGE ( 'NONE', *, *, #1588, .T. ) ;
#5648 = UNCERTAINTY_MEASURE_WITH_UNIT (LENGTH_MEASURE( 1.000000000000000082E-05 ), #3919, 'distance_accuracy_value', 'NONE');
#5649 = AXIS2_PLACEMENT_3D ( 'NONE', #5633, #6222, #2081 ) ;
#5650 = VECTOR ( 'NONE', #4313, 1000.000000000000000 ) ;
#5651 = APPLICATION_PROTOCOL_DEFINITION ( 'draft international standard', 'automotive_design', 1998, #3980 ) ;
#5652 = CARTESIAN_POINT ( 'NONE',  ( -127.1544944160596060, -31.11661241609835216, -5.607146091234095131 ) ) ;
#5653 = AXIS2_PLACEMENT_3D ( 'NONE', #1995, #1501, #3607 ) ;
#5654 = CARTESIAN_POINT ( 'NONE',  ( -127.5346263470848669, -30.39305491261043457, 3.833038254873224471 ) ) ;
#5655 = VERTEX_POINT ( 'NONE', #2343 ) ;
#5656 = CARTESIAN_POINT ( 'NONE',  ( -127.9233521597989949, -36.18255236209569858, 2.536981224672839819 ) ) ;
#5657 = COLOUR_RGB ( '',0.8000000000000000444, 0.1921568627450980227, 0.1921568627450980227 ) ;
#5658 = UNCERTAINTY_MEASURE_WITH_UNIT (LENGTH_MEASURE( 1.000000000000000082E-05 ), #3845, 'distance_accuracy_value', 'NONE');
#5659 = VECTOR ( 'NONE', #3758, 1000.000000000000000 ) ;
#5660 = CARTESIAN_POINT ( 'NONE',  ( -134.9807023560948949, -31.77164030944616258, -2.891511004989561595 ) ) ;
#5662 = EDGE_CURVE ( 'NONE', #1122, #3495, #5014, .T. ) ;
#5661 = ORIENTED_EDGE ( 'NONE', *, *, #2974, .F. ) ;
#5663 = LINE ( 'NONE', #2103, #1907 ) ;
#5664 = VECTOR ( 'NONE', #4834, 1000.000000000000000 ) ;
#5665 = ORIENTED_EDGE ( 'NONE', *, *, #2166, .T. ) ;
#5666 = CARTESIAN_POINT ( 'NONE',  ( -126.9862819858890219, -30.48883508023764932, 4.749999999999960032 ) ) ;
#5667 = CARTESIAN_POINT ( 'NONE',  ( -130.9233521597990091, -34.25397777197829896, -5.750000000000039968 ) ) ;
#5668 = CARTESIAN_POINT ( 'NONE',  ( -127.9233521597989949, -30.95073967747260468, -3.335756337264831117 ) ) ;
#5669 = SURFACE_STYLE_USAGE ( .BOTH. , #2937 ) ;
#5670 = FACE_BOUND ( 'NONE', #322, .T. ) ;
#5671 = VERTEX_POINT ( 'NONE', #1258 ) ;
#5672 = VECTOR ( 'NONE', #1989, 1000.000000000000000 ) ;
#5673 = CARTESIAN_POINT ( 'NONE',  ( -128.5555961326128909, -36.18255236209569858, -0.6784922006387796856 ) ) ;
#5674 = CARTESIAN_POINT ( 'NONE',  ( -127.6051845698705023, -30.37397777197830706, -4.508018297699240229 ) ) ;
#5675 =( LENGTH_UNIT ( ) NAMED_UNIT ( * ) SI_UNIT ( .MILLI., .METRE. ) );
#5676 = PRODUCT_DEFINITION_SHAPE ( 'NONE', 'NONE',  #6718 ) ;
#5677 = DIRECTION ( 'NONE',  ( 6.123031769111889989E-17, 0.0000000000000000000, -1.000000000000000000 ) ) ;
#5678 = EDGE_LOOP ( 'NONE', ( #475, #4059, #3165, #718, #5773, #536, #6396, #1790, #333, #4617, #3329, #3197 ) ) ;
#5679 = SHAPE_DEFINITION_REPRESENTATION ( #460, #672 ) ;
#5680 = DIRECTION ( 'NONE',  ( 0.0000000000000000000, 1.000000000000000000, 0.0000000000000000000 ) ) ;
#5681 = SURFACE_SIDE_STYLE ('',( #2021 ) ) ;
#5682 = CARTESIAN_POINT ( 'NONE',  ( -127.0581598648333141, -30.75708697639757361, -3.625692372527472784 ) ) ;
#5683 = CARTESIAN_POINT ( 'NONE',  ( -127.9235559604985895, -37.83976420381355155, -5.750000000000118128 ) ) ;
#5684 = ORIENTED_EDGE ( 'NONE', *, *, #2027, .F. ) ;
#5685 = CARTESIAN_POINT ( 'NONE',  ( -127.4911081869851159, -36.18255236209569858, 3.327671417993248948 ) ) ;
#5686 = CARTESIAN_POINT ( 'NONE',  ( -127.2140898141369831, -31.33902546961964930, -5.750000000000039968 ) ) ;
#5687 =( NAMED_UNIT ( * ) PLANE_ANGLE_UNIT ( ) SI_UNIT ( $, .RADIAN. ) );
#5688 = EDGE_CURVE ( 'NONE', #1852, #4185, #3290, .T. ) ;
#5689 =( LENGTH_UNIT ( ) NAMED_UNIT ( * ) SI_UNIT ( .MILLI., .METRE. ) );
#5690 = CARTESIAN_POINT ( 'NONE',  ( -128.7999023874783120, -30.71413992617741329, -3.988487791908877700 ) ) ;
#5691 = ORIENTED_EDGE ( 'NONE', *, *, #4428, .T. ) ;
#5692 = CARTESIAN_POINT ( 'NONE',  ( -127.9233521597989807, -30.65940369533164045, 5.536804444638620204 ) ) ;
#5693 = DIRECTION ( 'NONE',  ( 1.000000000000000000, 5.053195275411809860E-16, 6.123031769111889989E-17 ) ) ;
#5694 = SHAPE_REPRESENTATION_RELATIONSHIP ( 'NONE' , 'NONE' ,  #1774, #2352 ) ;
#5695 = EDGE_LOOP ( 'NONE', ( #11, #1805, #4407, #3710 ) ) ;
#5696 = SURFACE_STYLE_FILL_AREA ( #2717 ) ;
#5697 = EDGE_CURVE ( 'NONE', #348, #3787, #4911, .T. ) ;
#5698 = UNCERTAINTY_MEASURE_WITH_UNIT (LENGTH_MEASURE( 1.000000000000000082E-05 ), #6235, 'distance_accuracy_value', 'NONE');
#5699 =( NAMED_UNIT ( * ) PLANE_ANGLE_UNIT ( ) SI_UNIT ( $, .RADIAN. ) );
#5700 = CARTESIAN_POINT ( 'NONE',  ( -128.2520721662782819, -30.25397777197829186, -5.335786437627053402 ) ) ;
#5701 =( BOUNDED_CURVE ( )  B_SPLINE_CURVE ( 3, ( #3762, #529, #3102, #2120 ),
 .UNSPECIFIED., .F., .T. ) 
 B_SPLINE_CURVE_WITH_KNOTS ( ( 4, 4 ),
 ( 0.0000000000000000000, 1.000000000000000000 ),
 .UNSPECIFIED. ) 
 CURVE ( )  GEOMETRIC_REPRESENTATION_ITEM ( )  RATIONAL_B_SPLINE_CURVE ( ( 1.000000000000000000, 0.8047378541243649375, 0.8047378541243649375, 1.000000000000000000 ) ) 
 REPRESENTATION_ITEM ( '' )  );
#5702 = FACE_OUTER_BOUND ( 'NONE', #6245, .T. ) ;
#5703 = ORIENTED_EDGE ( 'NONE', *, *, #4871, .T. ) ;
#5704 =( NAMED_UNIT ( * ) PLANE_ANGLE_UNIT ( ) SI_UNIT ( $, .RADIAN. ) );
#5705 = SURFACE_STYLE_FILL_AREA ( #465 ) ;
#5706 = DIRECTION ( 'NONE',  ( -6.123031769111889989E-17, 0.0000000000000000000, 1.000000000000000000 ) ) ;
#5707 = CARTESIAN_POINT ( 'NONE',  ( -131.8033521597990045, -34.25397777197829896, 4.749999999999940492 ) ) ;
#5708 = SURFACE_SIDE_STYLE ('',( #2696 ) ) ;
#5709 = B_SPLINE_CURVE_WITH_KNOTS ( 'NONE', 3,
 ( #6701, #567, #3657, #1477, #6197, #489, #3176, #2118, #5095, #5163, #6662, #2587, #5243, #32 ),
 .UNSPECIFIED., .F., .F.,
 ( 4, 2, 2, 2, 2, 2, 4 ),
 ( -0.0008762502413037068011, -0.0006571877231433387702, -0.0004381252049829707936, -1.686622247030686306E-10, 0.0002190623494981478814, 0.0004381248676585191648, 0.0008762499039792465529 ),
 .UNSPECIFIED. ) ;
#5710 = ORIENTED_EDGE ( 'NONE', *, *, #1613, .F. ) ;
#5711 = SURFACE_SIDE_STYLE ('',( #6233 ) ) ;
#5712 = EDGE_CURVE ( 'NONE', #94, #1482, #4578, .T. ) ;
#5713 = DIRECTION ( 'NONE',  ( 6.516189447705695615E-17, 1.748127472399137532E-17, -1.000000000000000000 ) ) ;
#5714 = DIRECTION ( 'NONE',  ( -6.123031769111889989E-17, 0.0000000000000000000, 1.000000000000000000 ) ) ;
#5715 = FILL_AREA_STYLE ('',( #4178 ) ) ;
#5716 = ORIENTED_EDGE ( 'NONE', *, *, #1689, .F. ) ;
#5717 = LINE ( 'NONE', #1052, #5510 ) ;
#5718 = ADVANCED_FACE ( 'NONE', ( #4501 ), #5104, .T. ) ;
#5719 = AXIS2_PLACEMENT_3D ( 'NONE', #1348, #3443, #5565 ) ;
#5720 = UNCERTAINTY_MEASURE_WITH_UNIT (LENGTH_MEASURE( 1.000000000000000082E-05 ), #1478, 'distance_accuracy_value', 'NONE');
#5721 = CARTESIAN_POINT ( 'NONE',  ( -127.4911081869851159, -30.39812959706709705, -1.583437213298442225 ) ) ;
#5722 = CARTESIAN_POINT ( 'NONE',  ( -124.0433521597989994, -34.25397777197869686, -2.891511004988629008 ) ) ;
#5723 = EDGE_LOOP ( 'NONE', ( #701, #831, #1640, #4312, #5357, #2091 ) ) ;
#5724 =( NAMED_UNIT ( * ) SI_UNIT ( $, .STERADIAN. ) SOLID_ANGLE_UNIT ( ) );
#5725 = CARTESIAN_POINT ( 'NONE',  ( -128.3087114767207026, -30.39233613108298826, 3.553543750848666694 ) ) ;
#5726 = STYLED_ITEM ( 'NONE', ( #4965 ), #4991 ) ;
#5727 = FILL_AREA_STYLE_COLOUR ( '', #4472 ) ;
#5728 = CARTESIAN_POINT ( 'NONE',  ( -127.9233521597989949, -34.25397777197869686, -5.749999999999089617 ) ) ;
#5729 = ORIENTED_EDGE ( 'NONE', *, *, #2798, .F. ) ;
#5730 = CARTESIAN_POINT ( 'NONE',  ( -128.3555961326128738, -36.18255236209569858, 3.327671417993228964 ) ) ;
#5731 = COLOUR_RGB ( '',1.000000000000000000, 1.000000000000000000, 1.000000000000000000 ) ;
#5732 = CARTESIAN_POINT ( 'NONE',  ( -127.9233521597989949, -34.25397777197829896, -4.750000000000039968 ) ) ;
#5733 = PRODUCT_DEFINITION_SHAPE ( 'NONE', 'NONE',  #1401 ) ;
#5734 = CIRCLE ( 'NONE', #5933, 3.879999999999994564 ) ;
#5735 = EDGE_CURVE ( 'NONE', #3276, #2197, #5297, .T. ) ;
#5736 = FILL_AREA_STYLE_COLOUR ( '', #4347 ) ;
#5737 = ORIENTED_EDGE ( 'NONE', *, *, #1124, .T. ) ;
#5738 = STYLED_ITEM ( 'NONE', ( #6188 ), #5192 ) ;
#5739 = STYLED_ITEM ( 'NONE', ( #6249 ), #1011 ) ;
#5740 = AXIS2_PLACEMENT_3D ( 'NONE', #4239, #5677, #2562 ) ;
#5741 = CARTESIAN_POINT ( 'NONE',  ( -127.2911081869859942, -30.42583624392059960, -1.469182513991869943 ) ) ;
#5742 =( GEOMETRIC_REPRESENTATION_CONTEXT ( 3 ) GLOBAL_UNCERTAINTY_ASSIGNED_CONTEXT ( ( #2675 ) ) GLOBAL_UNIT_ASSIGNED_CONTEXT ( ( #3047, #2597, #4608 ) ) REPRESENTATION_CONTEXT ( 'NONE', 'WORKASPACE' ) );
#5743 = DIRECTION ( 'NONE',  ( 0.0000000000000000000, 1.000000000000000000, 0.0000000000000000000 ) ) ;
#5744 = CARTESIAN_POINT ( 'NONE',  ( -128.3555961326129022, -30.39812959706699047, 2.536981224672850033 ) ) ;
#5745 = ORIENTED_EDGE ( 'NONE', *, *, #1171, .T. ) ;
#5746 = DIRECTION ( 'NONE',  ( -6.123031769111889989E-17, 0.0000000000000000000, 1.000000000000000000 ) ) ;
#5747 = STYLED_ITEM ( 'NONE', ( #484 ), #6012 ) ;
#5748 = AXIS2_PLACEMENT_3D ( 'NONE', #6268, #5301, #3792 ) ;
#5749 = DIRECTION ( 'NONE',  ( 1.224606353822379970E-16, -0.0000000000000000000, -1.000000000000000000 ) ) ;
#5750 = PRESENTATION_LAYER_ASSIGNMENT (  '', '', ( #4137 ) ) ;
#5751 = CARTESIAN_POINT ( 'NONE',  ( -127.0466615855161621, -30.71417481378626491, -3.411041912271696841 ) ) ;
#5752 =( GEOMETRIC_REPRESENTATION_CONTEXT ( 3 ) GLOBAL_UNCERTAINTY_ASSIGNED_CONTEXT ( ( #3556 ) ) GLOBAL_UNIT_ASSIGNED_CONTEXT ( ( #6511, #2904, #1450 ) ) REPRESENTATION_CONTEXT ( 'NONE', 'WORKASPACE' ) );
#5753 = CARTESIAN_POINT ( 'NONE',  ( -128.7326513911304744, -30.33670387880127350, -5.335786437627007217 ) ) ;
#5754 = VERTEX_POINT ( 'NONE', #3591 ) ;
#5755 = CARTESIAN_POINT ( 'NONE',  ( -127.1735752436770639, -31.18782303421875923, 5.737678509578238106 ) ) ;
#5756 = SHAPE_REPRESENTATION ( '3_1', ( #1074 ), #1409 ) ;
#5757 =( NAMED_UNIT ( * ) SI_UNIT ( $, .STERADIAN. ) SOLID_ANGLE_UNIT ( ) );
#5758 = CARTESIAN_POINT ( 'NONE',  ( -128.7907247849939267, -30.74834967198163582, -3.846375297475875144 ) ) ;
#5759 = VECTOR ( 'NONE', #3251, 1000.000000000000000 ) ;
#5760 = COLOUR_RGB ( '',0.8000000000000000444, 0.1921568627450980227, 0.1921568627450980227 ) ;
#5761 = ORIENTED_EDGE ( 'NONE', *, *, #3507, .T. ) ;
#5762 = CARTESIAN_POINT ( 'NONE',  ( -127.9233521597989949, -30.37397777197829996, -1.901426395795763558 ) ) ;
#5763 = CYLINDRICAL_SURFACE ( 'NONE', #2949, 0.4322439728138840476 ) ;
#5764 = EDGE_LOOP ( 'NONE', ( #752, #2643, #1793, #2213, #708, #6667 ) ) ;
#5765 = AXIS2_PLACEMENT_3D ( 'NONE', #1147, #2012, #467 ) ;
#5766 = CARTESIAN_POINT ( 'NONE',  ( -126.1659928469182859, -37.25397777197868976, 5.630000000000910276 ) ) ;
#5767 = DIRECTION ( 'NONE',  ( 6.123031769111889989E-17, -5.400123095199909910E-49, -1.000000000000000000 ) ) ;
#5768 = UNCERTAINTY_MEASURE_WITH_UNIT (LENGTH_MEASURE( 1.000000000000000082E-05 ), #6, 'distance_accuracy_value', 'NONE');
#5769 = CARTESIAN_POINT ( 'NONE',  ( -121.3168759707868247, -30.95073967747260824, -3.335756337264831117 ) ) ;
#5770 = MECHANICAL_DESIGN_GEOMETRIC_PRESENTATION_REPRESENTATION (  '', ( #552 ), #1957 ) ;
#5771 = PRESENTATION_STYLE_ASSIGNMENT (( #4791 ) ) ;
#5772 = PRESENTATION_STYLE_ASSIGNMENT (( #3655 ) ) ;
#5773 = ORIENTED_EDGE ( 'NONE', *, *, #5987, .F. ) ;
#5774 = FACE_OUTER_BOUND ( 'NONE', #5723, .T. ) ;
#5775 = VECTOR ( 'NONE', #2681, 1000.000000000000000 ) ;
#5776 = CARTESIAN_POINT ( 'NONE',  ( -127.5924921961240130, -30.26596578266410731, -0.1151498491716490408 ) ) ;
#5777 = CARTESIAN_POINT ( 'NONE',  ( -126.9552188870532490, -30.37290601714083849, -2.952881880399823800 ) ) ;
#5778 = CIRCLE ( 'NONE', #3076, 3.880000000000001670 ) ;
#5779 = CARTESIAN_POINT ( 'NONE',  ( -127.9233521597989949, -30.37397777197829996, 2.104737251858956437 ) ) ;
#5780 = ORIENTED_EDGE ( 'NONE', *, *, #813, .T. ) ;
#5781 = CARTESIAN_POINT ( 'NONE',  ( -127.9233521597989949, -36.18255236209569858, 1.904737251858918068 ) ) ;
#5782 = EDGE_CURVE ( 'NONE', #3622, #4399, #6645, .T. ) ;
#5783 = AXIS2_PLACEMENT_3D ( 'NONE', #2321, #4413, #2344 ) ;
#5784 = CYLINDRICAL_SURFACE ( 'NONE', #2743, 0.4322439728138840476 ) ;
#5785 = CARTESIAN_POINT ( 'NONE',  ( -121.9952155999635579, -37.84010114521703372, -5.750000000000119016 ) ) ;
#5786 = CARTESIAN_POINT ( 'NONE',  ( -127.0110411200560065, -30.58123742689932101, -5.210290831028648206 ) ) ;
#5787 = PRESENTATION_STYLE_ASSIGNMENT (( #991 ) ) ;
#5788 = EDGE_CURVE ( 'NONE', #1706, #6079, #2631, .T. ) ;
#5789 = FACE_OUTER_BOUND ( 'NONE', #4647, .T. ) ;
#5790 = UNCERTAINTY_MEASURE_WITH_UNIT (LENGTH_MEASURE( 1.000000000000000082E-05 ), #3990, 'distance_accuracy_value', 'NONE');
#5791 = FILL_AREA_STYLE_COLOUR ( '', #2363 ) ;
#5792 = SURFACE_STYLE_FILL_AREA ( #6179 ) ;
#5793 = VERTEX_POINT ( 'NONE', #3557 ) ;
#5794 = LINE ( 'NONE', #4352, #2529 ) ;
#5795 = CARTESIAN_POINT ( 'NONE',  ( -127.4911081869859970, -30.39812959706710771, -1.469182422981879510 ) ) ;
#5796 = CARTESIAN_POINT ( 'NONE',  ( -127.6639413056471994, -31.09748124895867250, 5.737678509578206132 ) ) ;
#5797 = ORIENTED_EDGE ( 'NONE', *, *, #5823, .T. ) ;
#5798 = FACE_OUTER_BOUND ( 'NONE', #5276, .T. ) ;
#5799 = CARTESIAN_POINT ( 'NONE',  ( -127.2911081869855252, -30.30426036957581104, 3.327671447015919881 ) ) ;
#5800 = CARTESIAN_POINT ( 'NONE',  ( -127.9233521597990233, -31.25397777197845528, -5.750000000000070166 ) ) ;
#5801 = EDGE_LOOP ( 'NONE', ( #6144, #6011, #5283, #5177, #2349 ) ) ;
#5802 = FILL_AREA_STYLE ('',( #2874 ) ) ;
#5803 = CARTESIAN_POINT ( 'NONE',  ( -127.9233521597989949, -30.37397777197829996, -4.508018297699240229 ) ) ;
#5804 = SURFACE_STYLE_USAGE ( .BOTH. , #4311 ) ;
#5805 = CARTESIAN_POINT ( 'NONE',  ( -131.8033521597990045, -34.25397777197829896, -2.891511004989600231 ) ) ;
#5806 = EDGE_LOOP ( 'NONE', ( #6120, #5430 ) ) ;
#5807 = FILL_AREA_STYLE_COLOUR ( '', #757 ) ;
#5808 = LINE ( 'NONE', #82, #4176 ) ;
#5809 = CARTESIAN_POINT ( 'NONE',  ( -127.0581598648333710, -30.75708697639758071, -3.847909208978312900 ) ) ;
#5810 = CARTESIAN_POINT ( 'NONE',  ( -134.4545789521465338, -31.94180119847272437, -5.750000000000119016 ) ) ;
#5811 = EDGE_CURVE ( 'NONE', #4294, #6629, #916, .T. ) ;
#5812 = FACE_OUTER_BOUND ( 'NONE', #4093, .T. ) ;
#5813 = STYLED_ITEM ( 'NONE', ( #330 ), #16 ) ;
#5814 = CARTESIAN_POINT ( 'NONE',  ( -127.9233521597989949, -34.25397777197829896, -2.952881880399390369 ) ) ;
#5815 = APPLICATION_CONTEXT ( 'automotive_design' ) ;
#5816 = LINE ( 'NONE', #5182, #3746 ) ;
#5817 = EDGE_CURVE ( 'NONE', #1615, #5985, #3445, .T. ) ;
#5818 = VERTEX_POINT ( 'NONE', #2493 ) ;
#5819 = CARTESIAN_POINT ( 'NONE',  ( -127.9233521597989949, -36.18255236209569858, 2.536981224672810065 ) ) ;
#5820 = FILL_AREA_STYLE ('',( #3261 ) ) ;
#5821 = FILL_AREA_STYLE ('',( #1642 ) ) ;
#5822 = MECHANICAL_DESIGN_GEOMETRIC_PRESENTATION_REPRESENTATION (  '', ( #5920 ), #721 ) ;
#5823 = EDGE_CURVE ( 'NONE', #4624, #4263, #2832, .T. ) ;
#5824 = LINE ( 'NONE', #1167, #3586 ) ;
#5825 = ORIENTED_EDGE ( 'NONE', *, *, #4922, .F. ) ;
#5826 = CARTESIAN_POINT ( 'NONE',  ( -134.5299034340057176, -38.25367064322500710, 5.265241647999144625 ) ) ;
#5827 = CARTESIAN_POINT ( 'NONE',  ( -128.7083724141905066, -30.45422209559658810, -5.265492065111759601 ) ) ;
#5828 = COLOUR_RGB ( '',0.6588235294117646967, 0.6588235294117646967, 0.6588235294117646967 ) ;
#5829 = SURFACE_STYLE_FILL_AREA ( #5392 ) ;
#5830 = CIRCLE ( 'NONE', #1693, 3.879999999999994564 ) ;
#5831 = VERTEX_POINT ( 'NONE', #6128 ) ;
#5832 = CARTESIAN_POINT ( 'NONE',  ( -127.5346383813248394, -30.27247895135823086, -1.974560150163142902 ) ) ;
#5833 =( NAMED_UNIT ( * ) PLANE_ANGLE_UNIT ( ) SI_UNIT ( $, .RADIAN. ) );
#5834 = EDGE_CURVE ( 'NONE', #1586, #621, #2542, .T. ) ;
#5835 = CARTESIAN_POINT ( 'NONE',  ( -127.9233521598000038, -34.25397777197829896, 0.8985590598002789475 ) ) ;
#5836 = ORIENTED_EDGE ( 'NONE', *, *, #4799, .F. ) ;
#5837 = VECTOR ( 'NONE', #4740, 1000.000000000000000 ) ;
#5838 = PRESENTATION_LAYER_ASSIGNMENT (  '', '', ( #1165 ) ) ;
#5839 =( NAMED_UNIT ( * ) SI_UNIT ( $, .STERADIAN. ) SOLID_ANGLE_UNIT ( ) );
#5840 = UNCERTAINTY_MEASURE_WITH_UNIT (LENGTH_MEASURE( 1.000000000000000082E-05 ), #4467, 'distance_accuracy_value', 'NONE');
#5841 = CARTESIAN_POINT ( 'NONE',  ( -128.8021050588667435, -30.70592941276550647, -3.110805148049237800 ) ) ;
#5842 = DIRECTION ( 'NONE',  ( -1.224606353822379970E-16, 1.000000000000000000, 0.0000000000000000000 ) ) ;
#5843 = CARTESIAN_POINT ( 'NONE',  ( -127.9233521597989949, -34.25397777197869686, -4.749999999999089617 ) ) ;
#5844 = SURFACE_SIDE_STYLE ('',( #4433 ) ) ;
#5845 = ORIENTED_EDGE ( 'NONE', *, *, #6708, .F. ) ;
#5846 = CARTESIAN_POINT ( 'NONE',  ( -131.9233521597990091, -34.25397777197829896, 0.8985590598003058149 ) ) ;
#5847 = VECTOR ( 'NONE', #1654, 1000.000000000000000 ) ;
#5848 = PRESENTATION_LAYER_ASSIGNMENT (  '', '', ( #1390 ) ) ;
#5849 = CARTESIAN_POINT ( 'NONE',  ( -126.9552188870530784, -30.37290601714022387, -4.750000000000048850 ) ) ;
#5850 = CARTESIAN_POINT ( 'NONE',  ( -127.5346383813247826, -30.27247895135822731, 2.031603497491577759 ) ) ;
#5851 = STYLED_ITEM ( 'NONE', ( #2811 ), #6434 ) ;
#5852 = LINE ( 'NONE', #266, #3377 ) ;
#5853 = PRESENTATION_LAYER_ASSIGNMENT (  '', '', ( #1073 ) ) ;
#5854 = CARTESIAN_POINT ( 'NONE',  ( -120.8923680295756640, -37.76946983709037653, 5.630000000000915605 ) ) ;
#5855 = VECTOR ( 'NONE', #2054, 1000.000000000000000 ) ;
#5856 = CARTESIAN_POINT ( 'NONE',  ( -127.9233521597989949, -37.25397777197869686, -5.629999999999089511 ) ) ;
#5857 = AXIS2_PLACEMENT_3D ( 'NONE', #6350, #5862, #1293 ) ;
#5858 = EDGE_CURVE ( 'NONE', #514, #5754, #6204, .T. ) ;
#5859 = ORIENTED_EDGE ( 'NONE', *, *, #2644, .T. ) ;
#5860 = AXIS2_PLACEMENT_3D ( 'NONE', #5372, #3344, #2334 ) ;
#5861 = AXIS2_PLACEMENT_3D ( 'NONE', #3385, #3930, #4435 ) ;
#5862 = DIRECTION ( 'NONE',  ( 6.123031769111889989E-17, 0.0000000000000000000, -1.000000000000000000 ) ) ;
#5863 = CARTESIAN_POINT ( 'NONE',  ( -128.6322831541421579, -31.33894486560140891, -5.750000000000071054 ) ) ;
#5864 = STYLED_ITEM ( 'NONE', ( #3684 ), #731 ) ;
#5865 = FILL_AREA_STYLE ('',( #3334 ) ) ;
#5866 = APPLICATION_CONTEXT ( 'automotive_design' ) ;
#5867 = CARTESIAN_POINT ( 'NONE',  ( -128.7083724141905350, -30.45422209559657389, -4.750000000000039968 ) ) ;
#5868 = STYLED_ITEM ( 'NONE', ( #4925 ), #2581 ) ;
#5869 = FILL_AREA_STYLE_COLOUR ( '', #1190 ) ;
#5870 = B_SPLINE_CURVE_WITH_KNOTS ( 'NONE', 3,
 ( #5458, #4884, #4985, #205, #3367, #5776, #6461, #3911, #3214, #798, #3467, #5050, #2570, #2992 ),
 .UNSPECIFIED., .F., .F.,
 ( 4, 2, 2, 2, 2, 2, 4 ),
 ( 0.0000000000000000000, 0.0002473059557974598057, 0.0004946119115949196114, 0.0009892238231897804591, 0.001236529778987251974, 0.001483835734784723272, 0.001978447646379666303 ),
 .UNSPECIFIED. ) ;
#5871 = AXIS2_PLACEMENT_3D ( 'NONE', #3470, #1945, #6020 ) ;
#5872 = CARTESIAN_POINT ( 'NONE',  ( -128.7667757850132944, -30.83762017623301688, -3.387866697424262608 ) ) ;
#5873 = LINE ( 'NONE', #2331, #5416 ) ;
#5874 = ORIENTED_EDGE ( 'NONE', *, *, #2900, .T. ) ;
#5875 = PRESENTATION_LAYER_ASSIGNMENT (  '', '', ( #5013 ) ) ;
#5876 = ADVANCED_FACE ( 'NONE', ( #6403 ), #2902, .T. ) ;
#5877 = FILL_AREA_STYLE_COLOUR ( '', #4369 ) ;
#5878 = PRESENTATION_STYLE_ASSIGNMENT (( #5371 ) ) ;
#5879 = SURFACE_SIDE_STYLE ('',( #3857 ) ) ;
#5880 = ORIENTED_EDGE ( 'NONE', *, *, #3739, .F. ) ;
#5881 = FACE_OUTER_BOUND ( 'NONE', #5678, .T. ) ;
#5882 = PLANE ( 'NONE',  #6520 ) ;
#5883 = LINE ( 'NONE', #4906, #788 ) ;
#5884 =( GEOMETRIC_REPRESENTATION_CONTEXT ( 3 ) GLOBAL_UNCERTAINTY_ASSIGNED_CONTEXT ( ( #5235 ) ) GLOBAL_UNIT_ASSIGNED_CONTEXT ( ( #2979, #4966, #432 ) ) REPRESENTATION_CONTEXT ( 'NONE', 'WORKASPACE' ) );
#5885 = FACE_OUTER_BOUND ( 'NONE', #1709, .T. ) ;
#5886 = CARTESIAN_POINT ( 'NONE',  ( -127.9233521597990375, -30.95073967747230981, -3.335756337264530025 ) ) ;
#5887 = FILL_AREA_STYLE ('',( #47 ) ) ;
#5888 = CARTESIAN_POINT ( 'NONE',  ( -127.9233521597989949, -30.37397777197869431, -5.265492065110767506 ) ) ;
#5889 = VERTEX_POINT ( 'NONE', #675 ) ;
#5890 = DIRECTION ( 'NONE',  ( 0.0000000000000000000, 1.000000000000000000, 0.0000000000000000000 ) ) ;
#5891 = CARTESIAN_POINT ( 'NONE',  ( -127.0532029101878209, -30.73858736980954376, -3.179622244296925526 ) ) ;
#5892 = ORIENTED_EDGE ( 'NONE', *, *, #4590, .F. ) ;
#5893 = EDGE_CURVE ( 'NONE', #4294, #1744, #735, .T. ) ;
#5894 = CARTESIAN_POINT ( 'NONE',  ( -121.3791455876952483, -31.94323544350467614, 5.536804444638613987 ) ) ;
#5895 = VERTEX_POINT ( 'NONE', #1222 ) ;
#5896 = DIRECTION ( 'NONE',  ( 0.0000000000000000000, 1.000000000000000000, 0.0000000000000000000 ) ) ;
#5897 = PLANE ( 'NONE',  #5719 ) ;
#5898 = CARTESIAN_POINT ( 'NONE',  ( -128.4866843673927406, -30.41330210578816207, 2.206113335446987289 ) ) ;
#5899 = VERTEX_POINT ( 'NONE', #3280 ) ;
#5900 = ADVANCED_FACE ( 'NONE', ( #3855 ), #1181, .F. ) ;
#5901 = ADVANCED_FACE ( 'NONE', ( #5467 ), #1677, .F. ) ;
#5902 =( NAMED_UNIT ( * ) PLANE_ANGLE_UNIT ( ) SI_UNIT ( $, .RADIAN. ) );
#5903 = DIRECTION ( 'NONE',  ( 6.123031769111889989E-17, -0.0000000000000000000, -1.000000000000000000 ) ) ;
#5904 =( NAMED_UNIT ( * ) SI_UNIT ( $, .STERADIAN. ) SOLID_ANGLE_UNIT ( ) );
#5905 = VERTEX_POINT ( 'NONE', #2998 ) ;
#5906 = CARTESIAN_POINT ( 'NONE',  ( -128.2542165329366526, -30.26596619605768268, -2.032521844850639248 ) ) ;
#5907 = FILL_AREA_STYLE_COLOUR ( '', #1395 ) ;
#5908 = EDGE_CURVE ( 'NONE', #5905, #6232, #906, .T. ) ;
#5909 = CARTESIAN_POINT ( 'NONE',  ( -127.9233521597989949, -30.37397777197829996, -4.508018297699238452 ) ) ;
#5910 = PRODUCT_DEFINITION_CONTEXT ( 'detailed design', #2933, 'design' ) ;
#5911 = ORIENTED_EDGE ( 'NONE', *, *, #6343, .F. ) ;
#5912 = CARTESIAN_POINT ( 'NONE',  ( -127.9233521597989949, -34.25397777197869686, -4.749999999999089617 ) ) ;
#5913 = CARTESIAN_POINT ( 'NONE',  ( -127.0444614626044455, -30.70596384329663309, -4.288723744062760801 ) ) ;
#5914 = VERTEX_POINT ( 'NONE', #363 ) ;
#5915 = CARTESIAN_POINT ( 'NONE',  ( -122.1767004424312972, -32.22484998941069279, 5.737678509578246988 ) ) ;
#5916 = CARTESIAN_POINT ( 'NONE',  ( -128.3555961326128738, -36.18255236209569858, 2.536981224672849144 ) ) ;
#5917 = SURFACE_STYLE_USAGE ( .BOTH. , #4763 ) ;
#5918 =( LENGTH_UNIT ( ) NAMED_UNIT ( * ) SI_UNIT ( .MILLI., .METRE. ) );
#5919 = SURFACE_STYLE_USAGE ( .BOTH. , #699 ) ;
#5920 = STYLED_ITEM ( 'NONE', ( #2155 ), #66 ) ;
#5921 = ORIENTED_EDGE ( 'NONE', *, *, #902, .F. ) ;
#5922 = CARTESIAN_POINT ( 'NONE',  ( -128.8246826561315856, -30.62177084688594064, -4.187461353925272967 ) ) ;
#5923 = SURFACE_SIDE_STYLE ('',( #2726 ) ) ;
#5924 = AXIS2_PLACEMENT_3D ( 'NONE', #5453, #2246, #2324 ) ;
#5925 = FACE_OUTER_BOUND ( 'NONE', #4597, .T. ) ;
#5926 =( LENGTH_UNIT ( ) NAMED_UNIT ( * ) SI_UNIT ( .MILLI., .METRE. ) );
#5927 = EDGE_CURVE ( 'NONE', #3717, #4053, #6055, .T. ) ;
#5928 = DIRECTION ( 'NONE',  ( 6.123031769111889989E-17, -5.400123095199909910E-49, -1.000000000000000000 ) ) ;
#5929 = FACE_OUTER_BOUND ( 'NONE', #2140, .T. ) ;
#5930 = PRESENTATION_LAYER_ASSIGNMENT (  '', '', ( #4229 ) ) ;
#5931 = PRESENTATION_LAYER_ASSIGNMENT (  '', '', ( #1794 ) ) ;
#5932 = VERTEX_POINT ( 'NONE', #873 ) ;
#5933 = AXIS2_PLACEMENT_3D ( 'NONE', #6027, #6154, #3002 ) ;
#5934 = CARTESIAN_POINT ( 'NONE',  ( -128.5390897129119310, -30.42301222446413789, -0.5127882440445886703 ) ) ;
#5935 = AXIS2_PLACEMENT_3D ( 'NONE', #5466, #5568, #6597 ) ;
#5936 = ADVANCED_FACE ( 'NONE', ( #2971 ), #4517, .T. ) ;
#5937 = B_SPLINE_CURVE_WITH_KNOTS ( 'NONE', 3,
 ( #3698, #3664, #3108, #4289, #4737, #6314, #4177, #2598 ),
 .UNSPECIFIED., .F., .F.,
 ( 4, 2, 2, 4 ),
 ( 0.0000000000000000000, 0.0002473039788344882223, 0.0004946079576689764445, 0.0009892159153378943422 ),
 .UNSPECIFIED. ) ;
#5938 = CARTESIAN_POINT ( 'NONE',  ( -127.9233521597989949, -30.37397777197988802, -2.891511004989539391 ) ) ;
#5939 = APPLICATION_CONTEXT ( 'automotive_design' ) ;
#5940 = AXIS2_PLACEMENT_3D ( 'NONE', #1468, #6559, #3568 ) ;
#5941 = STYLED_ITEM ( 'NONE', ( #4378 ), #6306 ) ;
#5942 = CYLINDRICAL_SURFACE ( 'NONE', #5748, 0.4322439728138838255 ) ;
#5943 = ADVANCED_FACE ( 'NONE', ( #4061 ), #3573, .F. ) ;
#5944 = LINE ( 'NONE', #2243, #4487 ) ;
#5945 = AXIS2_PLACEMENT_3D ( 'NONE', #6593, #5627, #3026 ) ;
#5946 = MECHANICAL_DESIGN_GEOMETRIC_PRESENTATION_REPRESENTATION (  '', ( #4251 ), #4131 ) ;
#5947 =( GEOMETRIC_REPRESENTATION_CONTEXT ( 3 ) GLOBAL_UNCERTAINTY_ASSIGNED_CONTEXT ( ( #3153 ) ) GLOBAL_UNIT_ASSIGNED_CONTEXT ( ( #5382, #2284, #5757 ) ) REPRESENTATION_CONTEXT ( 'NONE', 'WORKASPACE' ) );
#5948 = ORIENTED_EDGE ( 'NONE', *, *, #3324, .T. ) ;
#5949 = SHAPE_REPRESENTATION ( 'User Library-CAP 8X11.5', ( #6395, #4150, #2169, #3935, #977, #4786, #5653, #5871, #872, #2738, #2958 ), #2627 ) ;
#5950 = CARTESIAN_POINT ( 'NONE',  ( -128.3085590592846756, -30.39231982247666863, 2.310849204502510190 ) ) ;
#5951 = DIRECTION ( 'NONE',  ( 1.224606353822379970E-16, -0.0000000000000000000, -1.000000000000000000 ) ) ;
#5952 = SURFACE_STYLE_USAGE ( .BOTH. , #1264 ) ;
#5953 = ORIENTED_EDGE ( 'NONE', *, *, #1035, .F. ) ;
#5954 =( GEOMETRIC_REPRESENTATION_CONTEXT ( 3 ) GLOBAL_UNCERTAINTY_ASSIGNED_CONTEXT ( ( #4491 ) ) GLOBAL_UNIT_ASSIGNED_CONTEXT ( ( #1785, #190, #3325 ) ) REPRESENTATION_CONTEXT ( 'NONE', 'WORKASPACE' ) );
#5955 =( GEOMETRIC_REPRESENTATION_CONTEXT ( 3 ) GLOBAL_UNCERTAINTY_ASSIGNED_CONTEXT ( ( #6041 ) ) GLOBAL_UNIT_ASSIGNED_CONTEXT ( ( #4620, #2108, #1608 ) ) REPRESENTATION_CONTEXT ( 'NONE', 'WORKASPACE' ) );
#5956 =( NAMED_UNIT ( * ) SI_UNIT ( $, .STERADIAN. ) SOLID_ANGLE_UNIT ( ) );
#5957 = CARTESIAN_POINT ( 'NONE',  ( -121.5153581797660536, -38.13427567848336253, 4.749999999999941380 ) ) ;
#5958 = DIRECTION ( 'NONE',  ( -0.2591121842485830107, 0.9658472322132151122, 0.0000000000000000000 ) ) ;
#5959 = EDGE_LOOP ( 'NONE', ( #3402, #4841, #1516, #201, #5071 ) ) ;
#5960 = FILL_AREA_STYLE_COLOUR ( '', #6404 ) ;
#5961 = CARTESIAN_POINT ( 'NONE',  ( -120.6497026433507074, -31.69935301930639682, -4.446647422289468743 ) ) ;
#5962 = CARTESIAN_POINT ( 'NONE',  ( -128.5555961326129193, -30.42583624392051433, 2.536981195650130250 ) ) ;
#5963 = ORIENTED_EDGE ( 'NONE', *, *, #5817, .F. ) ;
#5964 = PRESENTATION_LAYER_ASSIGNMENT (  '', '', ( #2951 ) ) ;
#5965 = SURFACE_SIDE_STYLE ('',( #386 ) ) ;
#5966 = DIRECTION ( 'NONE',  ( -1.000000000000000000, -1.224606353822390077E-16, 1.341831088117449945E-14 ) ) ;
#5967 = UNCERTAINTY_MEASURE_WITH_UNIT (LENGTH_MEASURE( 1.000000000000000082E-05 ), #350, 'distance_accuracy_value', 'NONE');
#5968 = CARTESIAN_POINT ( 'NONE',  ( -127.0051877822720741, -30.55939247289691707, 5.156676451419644813 ) ) ;
#5969 = CARTESIAN_POINT ( 'NONE',  ( -127.3076143298446112, -30.42301227318834478, 2.371278599996460734 ) ) ;
#5970 = DIRECTION ( 'NONE',  ( 1.000000000000000000, 0.0000000000000000000, 0.0000000000000000000 ) ) ;
#5971 =( GEOMETRIC_REPRESENTATION_CONTEXT ( 3 ) GLOBAL_UNCERTAINTY_ASSIGNED_CONTEXT ( ( #5632 ) ) GLOBAL_UNIT_ASSIGNED_CONTEXT ( ( #6025, #44, #1662 ) ) REPRESENTATION_CONTEXT ( 'NONE', 'WORKASPACE' ) );
#5972 = DIRECTION ( 'NONE',  ( 0.0000000000000000000, -1.000000000000000000, 0.0000000000000000000 ) ) ;
#5973 = VERTEX_POINT ( 'NONE', #5667 ) ;
#5974 = FILL_AREA_STYLE ('',( #6475 ) ) ;
#5975 = ADVANCED_FACE ( 'NONE', ( #6297 ), #3723, .F. ) ;
#5976 =( GEOMETRIC_REPRESENTATION_CONTEXT ( 3 ) GLOBAL_UNCERTAINTY_ASSIGNED_CONTEXT ( ( #2080 ) ) GLOBAL_UNIT_ASSIGNED_CONTEXT ( ( #3318, #4828, #2770 ) ) REPRESENTATION_CONTEXT ( 'NONE', 'WORKASPACE' ) );
#5977 = FACE_OUTER_BOUND ( 'NONE', #5320, .T. ) ;
#5978 = B_SPLINE_CURVE_WITH_KNOTS ( 'NONE', 3,
 ( #1847, #3954, #6433, #5120, #1906, #5592, #869, #2968 ),
 .UNSPECIFIED., .F., .F.,
 ( 4, 2, 2, 4 ),
 ( 3.859759734048395785E-17, 0.0002473286012539994429, 0.0004946572025079602882, 0.0009893144050158221309 ),
 .UNSPECIFIED. ) ;
#5979 = STYLED_ITEM ( 'NONE', ( #2186 ), #3551 ) ;
#5980 = FILL_AREA_STYLE_COLOUR ( '', #5536 ) ;
#5981 = CARTESIAN_POINT ( 'NONE',  ( -128.3087119245248573, -30.39233618854678554, -1.695053752123937940 ) ) ;
#5982 = UNCERTAINTY_MEASURE_WITH_UNIT (LENGTH_MEASURE( 1.000000000000000082E-05 ), #4086, 'distance_accuracy_value', 'NONE');
#5983 = DIRECTION ( 'NONE',  ( 2.802927004925552236E-14, -7.510420274124135843E-15, 1.000000000000000000 ) ) ;
#5984 = DIRECTION ( 'NONE',  ( 0.0000000000000000000, 1.000000000000000000, 0.0000000000000000000 ) ) ;
#5985 = VERTEX_POINT ( 'NONE', #5126 ) ;
#5986 = CARTESIAN_POINT ( 'NONE',  ( -128.2420427737486932, -30.26595696919473966, 3.879964140231814795 ) ) ;
#5987 = EDGE_CURVE ( 'NONE', #5155, #1915, #1032, .T. ) ;
#5988 = DIRECTION ( 'NONE',  ( 1.224606353822379970E-16, -1.000000000000000000, -1.224606353822379970E-16 ) ) ;
#5989 = ORIENTED_EDGE ( 'NONE', *, *, #2808, .T. ) ;
#5990 = CARTESIAN_POINT ( 'NONE',  ( -128.6691901085498557, -30.66527231394694297, 5.657044983151505058 ) ) ;
#5991 = CARTESIAN_POINT ( 'NONE',  ( -127.2894087991508627, -30.41291718526906962, 4.749999999999930722 ) ) ;
#5992 = CARTESIAN_POINT ( 'NONE',  ( -127.9235325377728003, -38.13397776778548831, 4.749999999999940492 ) ) ;
#5993 = CYLINDRICAL_SURFACE ( 'NONE', #2511, 3.000000000000002665 ) ;
#5994 = EDGE_LOOP ( 'NONE', ( #6368, #6063, #1665, #2828 ) ) ;
#5995 = DIRECTION ( 'NONE',  ( 1.850371707708592551E-14, 1.000000000000000000, 0.0000000000000000000 ) ) ;
#5996 =( LENGTH_UNIT ( ) NAMED_UNIT ( * ) SI_UNIT ( .MILLI., .METRE. ) );
#5997 = FILL_AREA_STYLE_COLOUR ( '', #4114 ) ;
#5998 = DIRECTION ( 'NONE',  ( 0.0000000000000000000, 0.0000000000000000000, -1.000000000000000000 ) ) ;
#5999 =( NAMED_UNIT ( * ) SI_UNIT ( $, .STERADIAN. ) SOLID_ANGLE_UNIT ( ) );
#6000 = CARTESIAN_POINT ( 'NONE',  ( -127.4911081869855565, -30.27740070772245318, 3.327671417993247172 ) ) ;
#6001 = EDGE_CURVE ( 'NONE', #4014, #5387, #4031, .T. ) ;
#6002 = FACE_OUTER_BOUND ( 'NONE', #1413, .T. ) ;
#6003 = SHAPE_REPRESENTATION ( '1_1', ( #1074 ), #3272 ) ;
#6004 = EDGE_LOOP ( 'NONE', ( #683, #3702, #4586, #1397 ) ) ;
#6005 = CARTESIAN_POINT ( 'NONE',  ( -128.8658597716512304, -30.49019252284403336, -5.265492065111820885 ) ) ;
#6006 = CARTESIAN_POINT ( 'NONE',  ( -127.2683689981684552, -30.29429821389318178, -4.446647422289490947 ) ) ;
#6007 = CARTESIAN_POINT ( 'NONE',  ( -127.6972243261185440, -30.25957637980160086, 3.712882623888549727 ) ) ;
#6008 = DIRECTION ( 'NONE',  ( -1.224606353822379970E-16, 0.0000000000000000000, 1.000000000000000000 ) ) ;
#6009 = FACE_OUTER_BOUND ( 'NONE', #5393, .T. ) ;
#6010 = CARTESIAN_POINT ( 'NONE',  ( -128.4824317973865959, -30.87394838195510260, -3.346880229046878430 ) ) ;
#6012 = ADVANCED_FACE ( 'NONE', ( #5191 ), #591, .F. ) ;
#6011 = ORIENTED_EDGE ( 'NONE', *, *, #5445, .T. ) ;
#6013 = CARTESIAN_POINT ( 'NONE',  ( -127.2911081869859942, -30.42583624392054276, 0.8985590598002790585 ) ) ;
#6014 =( NAMED_UNIT ( * ) PLANE_ANGLE_UNIT ( ) SI_UNIT ( $, .RADIAN. ) );
#6015 = ORIENTED_EDGE ( 'NONE', *, *, #3983, .F. ) ;
#6016 = ADVANCED_FACE ( 'NONE', ( #4656 ), #6693, .T. ) ;
#6017 = CARTESIAN_POINT ( 'NONE',  ( -128.7209042726458676, -30.45683270926426189, -2.891511004989561595 ) ) ;
#6018 = DIRECTION ( 'NONE',  ( 1.000000000000000000, 0.0000000000000000000, 0.0000000000000000000 ) ) ;
#6019 = VERTEX_POINT ( 'NONE', #662 ) ;
#6020 = DIRECTION ( 'NONE',  ( 1.000000000000000000, 0.0000000000000000000, 0.0000000000000000000 ) ) ;
#6021 = DIRECTION ( 'NONE',  ( 0.0000000000000000000, 0.0000000000000000000, -1.000000000000000000 ) ) ;
#6022 = SURFACE_SIDE_STYLE ('',( #320 ) ) ;
#6023 = SURFACE_STYLE_FILL_AREA ( #6115 ) ;
#6024 =( LENGTH_UNIT ( ) NAMED_UNIT ( * ) SI_UNIT ( .MILLI., .METRE. ) );
#6025 =( LENGTH_UNIT ( ) NAMED_UNIT ( * ) SI_UNIT ( .MILLI., .METRE. ) );
#6026 = ORIENTED_EDGE ( 'NONE', *, *, #2288, .F. ) ;
#6027 = CARTESIAN_POINT ( 'NONE',  ( -127.9233521597989949, -34.25397777197869686, 4.750000000000910383 ) ) ;
#6028 = ORIENTED_EDGE ( 'NONE', *, *, #284, .F. ) ;
#6029 = CYLINDRICAL_SURFACE ( 'NONE', #1830, 4.000000000000003553 ) ;
#6030 = VECTOR ( 'NONE', #6291, 1000.000000000000000 ) ;
#6031 = SURFACE_STYLE_USAGE ( .BOTH. , #5065 ) ;
#6032 = VECTOR ( 'NONE', #4099, 1000.000000000000000 ) ;
#6033 = MECHANICAL_DESIGN_GEOMETRIC_PRESENTATION_REPRESENTATION (  '', ( #3250 ), #6575 ) ;
#6034 = CONTEXT_DEPENDENT_SHAPE_REPRESENTATION ( #2112, #1911 ) ;
#6035 = FILL_AREA_STYLE ('',( #4096 ) ) ;
#6036 = ORIENTED_EDGE ( 'NONE', *, *, #3228, .F. ) ;
#6037 = DIRECTION ( 'NONE',  ( 0.0000000000000000000, 1.000000000000000000, 0.0000000000000000000 ) ) ;
#6038 = AXIS2_PLACEMENT_3D ( 'NONE', #132, #6462, #3913 ) ;
#6039 = FACE_OUTER_BOUND ( 'NONE', #495, .T. ) ;
#6040 = LINE ( 'NONE', #5112, #3175 ) ;
#6041 = UNCERTAINTY_MEASURE_WITH_UNIT (LENGTH_MEASURE( 1.000000000000000082E-05 ), #4620, 'distance_accuracy_value', 'NONE');
#6042 = AXIS2_PLACEMENT_3D ( 'NONE', #6184, #4690, #1103 ) ;
#6043 = EDGE_CURVE ( 'NONE', #2231, #3089, #6279, .T. ) ;
#6044 = DIRECTION ( 'NONE',  ( 1.000000000000000000, 0.0000000000000000000, 5.588670992193329703E-17 ) ) ;
#6045 = CARTESIAN_POINT ( 'NONE',  ( -127.9234444282179624, -37.55721586519561583, -3.335756337264506932 ) ) ;
#6046 = CARTESIAN_POINT ( 'NONE',  ( -127.5924921961241125, -30.26596578266403625, -0.1151498491716319295 ) ) ;
#6047 = EDGE_LOOP ( 'NONE', ( #5538, #6320, #6458, #2125, #3531, #3333 ) ) ;
#6048 = CARTESIAN_POINT ( 'NONE',  ( 0.0000000000000000000, 0.0000000000000000000, 0.0000000000000000000 ) ) ;
#6049 = CARTESIAN_POINT ( 'NONE',  ( -128.3555961326129307, -30.27740070772234660, 2.536981224672845148 ) ) ;
#6050 = CARTESIAN_POINT ( 'NONE',  ( -127.9233521597989949, -34.25397777197829896, -5.750000000000039968 ) ) ;
#6051 = B_SPLINE_CURVE_WITH_KNOTS ( 'NONE', 3,
 ( #1535, #3743, #3667, #2132, #1493, #5786, #2537, #5110 ),
 .UNSPECIFIED., .F., .F.,
 ( 4, 2, 2, 4 ),
 ( 1.411962612463446054E-17, 0.0003437119929786947828, 0.0006874239859573754710, 0.001374847971914736847 ),
 .UNSPECIFIED. ) ;
#6052 = SURFACE_STYLE_FILL_AREA ( #2547 ) ;
#6053 = MECHANICAL_DESIGN_GEOMETRIC_PRESENTATION_REPRESENTATION (  '', ( #5851 ), #71 ) ;
#6054 = ORIENTED_EDGE ( 'NONE', *, *, #4998, .F. ) ;
#6055 = CIRCLE ( 'NONE', #6275, 3.879999999999994564 ) ;
#6056 = ADVANCED_FACE ( 'NONE', ( #3307 ), #2294, .F. ) ;
#6057 = DIRECTION ( 'NONE',  ( 0.0000000000000000000, 0.0000000000000000000, 1.000000000000000000 ) ) ;
#6058 = MECHANICAL_DESIGN_GEOMETRIC_PRESENTATION_REPRESENTATION (  '', ( #4382 ), #3614 ) ;
#6059 = CARTESIAN_POINT ( 'NONE',  ( -128.0890554950262299, -30.37676005117630140, 1.921243216697949618 ) ) ;
#6060 = STYLED_ITEM ( 'NONE', ( #5040 ), #6164 ) ;
#6061 = FILL_AREA_STYLE_COLOUR ( '', #3594 ) ;
#6062 = EDGE_CURVE ( 'NONE', #728, #1122, #4019, .T. ) ;
#6063 = ORIENTED_EDGE ( 'NONE', *, *, #4744, .F. ) ;
#6064 = PRESENTATION_STYLE_ASSIGNMENT (( #5473 ) ) ;
#6065 = CARTESIAN_POINT ( 'NONE',  ( -127.9233521597989949, -34.25397777197829896, -2.891511004989599787 ) ) ;
#6066 = APPLICATION_CONTEXT ( 'automotive_design' ) ;
#6067 = CARTESIAN_POINT ( 'NONE',  ( -127.9233521597989949, -30.37397777197828930, -4.750000000000070166 ) ) ;
#6068 = MECHANICAL_DESIGN_GEOMETRIC_PRESENTATION_REPRESENTATION (  '', ( #3932 ), #3603 ) ;
#6069 = CARTESIAN_POINT ( 'NONE',  ( -127.0920843742619013, -30.94226722501537097, -3.346880229046897082 ) ) ;
#6070 = AXIS2_PLACEMENT_3D ( 'NONE', #920, #6621, #1436 ) ;
#6071 = STYLED_ITEM ( 'NONE', ( #3646 ), #2352 ) ;
#6072 = CYLINDRICAL_SURFACE ( 'NONE', #4881, 4.000000000000003553 ) ;
#6073 = CARTESIAN_POINT ( 'NONE',  ( -127.5946195256776718, -30.25397777197829541, -4.750000000000070166 ) ) ;
#6074 = FACE_OUTER_BOUND ( 'NONE', #4063, .T. ) ;
#6075 =( GEOMETRIC_REPRESENTATION_CONTEXT ( 3 ) GLOBAL_UNCERTAINTY_ASSIGNED_CONTEXT ( ( #592 ) ) GLOBAL_UNIT_ASSIGNED_CONTEXT ( ( #3393, #3291, #2911 ) ) REPRESENTATION_CONTEXT ( 'NONE', 'WORKASPACE' ) );
#6076 = SHAPE_DEFINITION_REPRESENTATION ( #353, #5756 ) ;
#6077 = CARTESIAN_POINT ( 'NONE',  ( -128.8914491707721766, -30.37289697182162129, 4.749999999999958256 ) ) ;
#6078 = AXIS2_PLACEMENT_3D ( 'NONE', #2875, #3343, #5842 ) ;
#6079 = VERTEX_POINT ( 'NONE', #2253 ) ;
#6080 =( GEOMETRIC_REPRESENTATION_CONTEXT ( 3 ) GLOBAL_UNCERTAINTY_ASSIGNED_CONTEXT ( ( #6221 ) ) GLOBAL_UNIT_ASSIGNED_CONTEXT ( ( #1855, #3452, #3966 ) ) REPRESENTATION_CONTEXT ( 'NONE', 'WORKASPACE' ) );
#6081 = SURFACE_SIDE_STYLE ('',( #6532 ) ) ;
#6082 = CARTESIAN_POINT ( 'NONE',  ( -133.9316274213128395, -32.14063971278883258, -3.335756337264506932 ) ) ;
#6083 = ORIENTED_EDGE ( 'NONE', *, *, #4581, .T. ) ;
#6084 = DIRECTION ( 'NONE',  ( 1.000000000000000000, 0.0000000000000000000, 0.0000000000000000000 ) ) ;
#6085 = DIRECTION ( 'NONE',  ( 1.224606353822379970E-16, 0.0000000000000000000, -1.000000000000000000 ) ) ;
#6086 = PRESENTATION_LAYER_ASSIGNMENT (  '', '', ( #2759 ) ) ;
#6087 = FACE_OUTER_BOUND ( 'NONE', #428, .T. ) ;
#6088 = PRODUCT_RELATED_PRODUCT_CATEGORY ( 'part', '', ( #3638 ) ) ;
#6089 = DIRECTION ( 'NONE',  ( -6.123031769111889989E-17, 5.817644942362439956E-48, 1.000000000000000000 ) ) ;
#6090 = ORIENTED_EDGE ( 'NONE', *, *, #709, .T. ) ;
#6091 = STYLED_ITEM ( 'NONE', ( #711 ), #4734 ) ;
#6092 = PRESENTATION_STYLE_ASSIGNMENT (( #1470 ) ) ;
#6093 = UNCERTAINTY_MEASURE_WITH_UNIT (LENGTH_MEASURE( 1.000000000000000082E-05 ), #3598, 'distance_accuracy_value', 'NONE');
#6094 = ORIENTED_EDGE ( 'NONE', *, *, #2556, .F. ) ;
#6095 = ADVANCED_FACE ( 'NONE', ( #1704 ), #5763, .F. ) ;
#6096 = ORIENTED_EDGE ( 'NONE', *, *, #4813, .T. ) ;
#6097 = CARTESIAN_POINT ( 'NONE',  ( -128.3120741720186970, -30.39305451653015666, -1.974552299551407097 ) ) ;
#6098 = CARTESIAN_POINT ( 'NONE',  ( -128.5572462079648517, -30.41291111233791256, -4.750000000000068390 ) ) ;
#6099 = EDGE_CURVE ( 'NONE', #5973, #728, #1824, .T. ) ;
#6100 = CARTESIAN_POINT ( 'NONE',  ( -128.3087164106790681, -30.27178358036696082, -1.695049113566480914 ) ) ;
#6101 = SURFACE_STYLE_FILL_AREA ( #2486 ) ;
#6102 = EDGE_CURVE ( 'NONE', #2543, #5573, #1060, .T. ) ;
#6103 = CARTESIAN_POINT ( 'NONE',  ( -127.3710619032150078, -30.41335214577630097, -1.787876488731453328 ) ) ;
#6104 =( NAMED_UNIT ( * ) PLANE_ANGLE_UNIT ( ) SI_UNIT ( $, .RADIAN. ) );
#6105 = SHAPE_DEFINITION_REPRESENTATION ( #2983, #6003 ) ;
#6106 = CARTESIAN_POINT ( 'NONE',  ( -127.9233521597989949, -36.18255236209569858, -1.901426395795773994 ) ) ;
#6107 = ORIENTED_EDGE ( 'NONE', *, *, #1565, .F. ) ;
#6108 = CARTESIAN_POINT ( 'NONE',  ( -127.9233521597989949, -36.18255236209569858, 2.536981224672810065 ) ) ;
#6109 = CARTESIAN_POINT ( 'NONE',  ( -128.4756411395103157, -30.41335195794181345, 3.646367869263552386 ) ) ;
#6110 = CARTESIAN_POINT ( 'NONE',  ( -122.4778785771419365, -37.55736797465223020, -4.063772965424341521 ) ) ;
#6111 = ADVANCED_FACE ( 'NONE', ( #5444 ), #97, .T. ) ;
#6112 = VERTEX_POINT ( 'NONE', #2342 ) ;
#6113 = PRESENTATION_STYLE_ASSIGNMENT (( #3024 ) ) ;
#6114 =( NAMED_UNIT ( * ) SI_UNIT ( $, .STERADIAN. ) SOLID_ANGLE_UNIT ( ) );
#6115 = FILL_AREA_STYLE ('',( #1412 ) ) ;
#6116 = ORIENTED_EDGE ( 'NONE', *, *, #6658, .T. ) ;
#6117 =( NAMED_UNIT ( * ) PLANE_ANGLE_UNIT ( ) SI_UNIT ( $, .RADIAN. ) );
#6118 = FILL_AREA_STYLE ('',( #1979 ) ) ;
#6119 = VERTEX_POINT ( 'NONE', #2756 ) ;
#6120 = ORIENTED_EDGE ( 'NONE', *, *, #1042, .F. ) ;
#6121 = CLOSED_SHELL ( 'NONE', ( #6306, #5115, #5975, #5718 ) ) ;
#6122 = CARTESIAN_POINT ( 'NONE',  ( -127.9233521597989949, -30.37397777197869431, 4.750000000000910383 ) ) ;
#6123 = EDGE_CURVE ( 'NONE', #4575, #4107, #1151, .T. ) ;
#6124 = CARTESIAN_POINT ( 'NONE',  ( -127.6524801743637028, -30.95073967747230270, -3.335756337264536686 ) ) ;
#6125 = SURFACE_STYLE_USAGE ( .BOTH. , #5708 ) ;
#6126 = VERTEX_POINT ( 'NONE', #4325 ) ;
#6127 = MECHANICAL_DESIGN_GEOMETRIC_PRESENTATION_REPRESENTATION (  '', ( #2122 ), #4106 ) ;
#6128 = CARTESIAN_POINT ( 'NONE',  ( -128.3555961326129022, -30.39812959706699047, 2.536981224672850033 ) ) ;
#6129 = CARTESIAN_POINT ( 'NONE',  ( -128.4756411395102873, -30.41335195794166424, 3.646367869263585693 ) ) ;
#6130 = CIRCLE ( 'NONE', #1159, 3.880000000000001670 ) ;
#6131 = ORIENTED_EDGE ( 'NONE', *, *, #4534, .F. ) ;
#6132 = DIRECTION ( 'NONE',  ( 1.000000000000000000, 0.0000000000000000000, 5.421010862427517240E-17 ) ) ;
#6133 = VECTOR ( 'NONE', #5951, 1000.000000000000000 ) ;
#6134 = FILL_AREA_STYLE_COLOUR ( '', #520 ) ;
#6135 = EDGE_CURVE ( 'NONE', #3276, #3859, #4461, .T. ) ;
#6136 = CARTESIAN_POINT ( 'NONE',  ( -127.8091031230043058, -30.25397777197829541, -1.901426395795773328 ) ) ;
#6137 = CARTESIAN_POINT ( 'NONE',  ( -128.8612317565365117, -30.48553314903987754, -3.042189589309519437 ) ) ;
#6138 = MECHANICAL_DESIGN_GEOMETRIC_PRESENTATION_REPRESENTATION (  '', ( #5410 ), #3253 ) ;
#6139 = STYLED_ITEM ( 'NONE', ( #194 ), #5503 ) ;
#6140 = ORIENTED_EDGE ( 'NONE', *, *, #4505, .T. ) ;
#6141 = DIRECTION ( 'NONE',  ( 0.0000000000000000000, 0.0000000000000000000, 1.000000000000000000 ) ) ;
#6142 = CARTESIAN_POINT ( 'NONE',  ( -128.4401954730890338, -31.12929665052747907, 5.737678509578197250 ) ) ;
#6143 = SURFACE_SIDE_STYLE ('',( #6023 ) ) ;
#6144 = ORIENTED_EDGE ( 'NONE', *, *, #2360, .F. ) ;
#6145 = CIRCLE ( 'NONE', #3256, 3.156496523019698852 ) ;
#6146 = PRESENTATION_LAYER_ASSIGNMENT (  '', '', ( #5941 ) ) ;
#6147 = COLOUR_RGB ( '',0.6588235294117646967, 0.6588235294117646967, 0.6588235294117646967 ) ;
#6148 = CARTESIAN_POINT ( 'NONE',  ( -128.8914491707723471, -30.37289697182162840, -4.750000000000070166 ) ) ;
#6149 = SURFACE_SIDE_STYLE ('',( #4695 ) ) ;
#6150 = UNCERTAINTY_MEASURE_WITH_UNIT (LENGTH_MEASURE( 1.000000000000000082E-05 ), #103, 'distance_accuracy_value', 'NONE');
#6151 = FILL_AREA_STYLE ('',( #4224 ) ) ;
#6152 = COLOUR_RGB ( '',0.8000000000000000444, 0.1921568627450980227, 0.1921568627450980227 ) ;
#6153 = VERTEX_POINT ( 'NONE', #3395 ) ;
#6154 = DIRECTION ( 'NONE',  ( 6.123031769111889989E-17, -5.817644942362439956E-48, -1.000000000000000000 ) ) ;
#6155 = ORIENTED_EDGE ( 'NONE', *, *, #4495, .F. ) ;
#6156 =( GEOMETRIC_REPRESENTATION_CONTEXT ( 3 ) GLOBAL_UNCERTAINTY_ASSIGNED_CONTEXT ( ( #6436 ) ) GLOBAL_UNIT_ASSIGNED_CONTEXT ( ( #12, #1587, #5141 ) ) REPRESENTATION_CONTEXT ( 'NONE', 'WORKASPACE' ) );
#6157 = SURFACE_STYLE_FILL_AREA ( #431 ) ;
#6158 = AXIS2_PLACEMENT_3D ( 'NONE', #4924, #2791, #3873 ) ;
#6159 = CARTESIAN_POINT ( 'NONE',  ( -127.9233521597989949, -30.37397777197829640, 2.104737251858926683 ) ) ;
#6160 = COLOUR_RGB ( '',0.8000000000000000444, 0.1921568627450980227, 0.1921568627450980227 ) ;
#6161 = CARTESIAN_POINT ( 'NONE',  ( -127.4911081869850875, -30.39812959706710060, 2.536981224672810065 ) ) ;
#6162 = COLOUR_RGB ( '',0.7921568627450980005, 0.8196078431372548767, 0.9333333333333333481 ) ;
#6163 = FILL_AREA_STYLE_COLOUR ( '', #3148 ) ;
#6164 = ADVANCED_FACE ( 'NONE', ( #786 ), #3680, .T. ) ;
#6165 = ORIENTED_EDGE ( 'NONE', *, *, #5834, .T. ) ;
#6166 = CARTESIAN_POINT ( 'NONE',  ( -128.3555961326129022, -30.27740070772239989, 3.327671417993229852 ) ) ;
#6167 = APPLICATION_PROTOCOL_DEFINITION ( 'draft international standard', 'automotive_design', 1998, #605 ) ;
#6168 = DIRECTION ( 'NONE',  ( -1.224606353822379970E-16, 1.000000000000000000, 0.0000000000000000000 ) ) ;
#6169 = PRESENTATION_LAYER_ASSIGNMENT (  '', '', ( #1952 ) ) ;
#6170 = CARTESIAN_POINT ( 'NONE',  ( -134.5367344839936834, -38.25360190219252843, -5.335786437627007217 ) ) ;
#6171 = VERTEX_POINT ( 'NONE', #6571 ) ;
#6172 =( NAMED_UNIT ( * ) SI_UNIT ( $, .STERADIAN. ) SOLID_ANGLE_UNIT ( ) );
#6173 = PRESENTATION_LAYER_ASSIGNMENT (  '', '', ( #6381 ) ) ;
#6174 = EDGE_CURVE ( 'NONE', #3558, #1086, #4279, .T. ) ;
#6175 = DIRECTION ( 'NONE',  ( 1.000000000000000000, 6.123031769111889989E-17, 1.224606353822379970E-16 ) ) ;
#6176 = UNCERTAINTY_MEASURE_WITH_UNIT (LENGTH_MEASURE( 1.000000000000000082E-05 ), #5009, 'distance_accuracy_value', 'NONE');
#6177 = LINE ( 'NONE', #1057, #4245 ) ;
#6178 =( GEOMETRIC_REPRESENTATION_CONTEXT ( 3 ) GLOBAL_UNCERTAINTY_ASSIGNED_CONTEXT ( ( #4754 ) ) GLOBAL_UNIT_ASSIGNED_CONTEXT ( ( #6365, #2801, #4932 ) ) REPRESENTATION_CONTEXT ( 'NONE', 'WORKASPACE' ) );
#6179 = FILL_AREA_STYLE ('',( #3115 ) ) ;
#6180 = ADVANCED_FACE ( 'NONE', ( #6009 ), #5604, .T. ) ;
#6181 = ORIENTED_EDGE ( 'NONE', *, *, #2813, .T. ) ;
#6182 =( LENGTH_UNIT ( ) NAMED_UNIT ( * ) SI_UNIT ( .MILLI., .METRE. ) );
#6183 = CARTESIAN_POINT ( 'NONE',  ( -128.3085594770820137, -30.39231987757542086, -0.4523611822350010470 ) ) ;
#6184 = CARTESIAN_POINT ( 'NONE',  ( -127.9233521597989949, -36.18255236209569858, -1.469182422981880176 ) ) ;
#6185 = AXIS2_PLACEMENT_3D ( 'NONE', #5556, #4444, #6037 ) ;
#6186 = ORIENTED_EDGE ( 'NONE', *, *, #6260, .F. ) ;
#6187 =( NAMED_UNIT ( * ) PLANE_ANGLE_UNIT ( ) SI_UNIT ( $, .RADIAN. ) );
#6188 = PRESENTATION_STYLE_ASSIGNMENT (( #5266 ) ) ;
#6189 =( LENGTH_UNIT ( ) NAMED_UNIT ( * ) SI_UNIT ( .MILLI., .METRE. ) );
#6190 = APPLICATION_CONTEXT ( 'automotive_design' ) ;
#6191 =( NAMED_UNIT ( * ) SI_UNIT ( $, .STERADIAN. ) SOLID_ANGLE_UNIT ( ) );
#6192 = EDGE_CURVE ( 'NONE', #5831, #3461, #5459, .T. ) ;
#6193 = CARTESIAN_POINT ( 'NONE',  ( -127.0371458125337512, -30.67866146554327500, 5.489466085938472517 ) ) ;
#6194 = EDGE_LOOP ( 'NONE', ( #5481, #1168, #392, #124, #4760 ) ) ;
#6195 = MECHANICAL_DESIGN_GEOMETRIC_PRESENTATION_REPRESENTATION (  '', ( #3198 ), #5137 ) ;
#6196 = SURFACE_STYLE_FILL_AREA ( #6226 ) ;
#6197 = CARTESIAN_POINT ( 'NONE',  ( -127.0219095443014226, -30.62179893838149525, -3.212068351023016799 ) ) ;
#6198 = DIRECTION ( 'NONE',  ( -1.224606353822379970E-16, -0.0000000000000000000, 1.000000000000000000 ) ) ;
#6199 = CARTESIAN_POINT ( 'NONE',  ( -127.9233521597989949, -34.25397777197869686, -4.508018297698258792 ) ) ;
#6200 = SURFACE_STYLE_FILL_AREA ( #6229 ) ;
#6201 = CARTESIAN_POINT ( 'NONE',  ( -127.2140898141367273, -31.33902546961987667, -5.750000000000070166 ) ) ;
#6202 = ORIENTED_EDGE ( 'NONE', *, *, #3014, .F. ) ;
#6203 = CONTEXT_DEPENDENT_SHAPE_REPRESENTATION ( #5010, #3086 ) ;
#6204 = LINE ( 'NONE', #3663, #3809 ) ;
#6205 = CARTESIAN_POINT ( 'NONE',  ( -127.2911081869859657, -30.30426036957573999, 0.8985590598002769491 ) ) ;
#6206 =( LENGTH_UNIT ( ) NAMED_UNIT ( * ) SI_UNIT ( .MILLI., .METRE. ) );
#6207 = EDGE_LOOP ( 'NONE', ( #2866, #5090, #997 ) ) ;
#6208 = CARTESIAN_POINT ( 'NONE',  ( -127.4911081869851159, -36.18255236209569858, -0.6784922296614727122 ) ) ;
#6209 = CARTESIAN_POINT ( 'NONE',  ( -128.5555961326130330, -30.42583624392038288, -1.469182437493224747 ) ) ;
#6210 = DIRECTION ( 'NONE',  ( 0.0000000000000000000, 1.000000000000000000, 0.0000000000000000000 ) ) ;
#6211 = EDGE_CURVE ( 'NONE', #1341, #348, #3141, .T. ) ;
#6212 = ORIENTED_EDGE ( 'NONE', *, *, #1346, .T. ) ;
#6213 = CARTESIAN_POINT ( 'NONE',  ( -128.3555961326129022, -30.39812959706710060, 3.327671417993229852 ) ) ;
#6214 = CARTESIAN_POINT ( 'NONE',  ( -127.9233521597989949, -34.25397777197829896, 0.8985590598002769491 ) ) ;
#6215 = CARTESIAN_POINT ( 'NONE',  ( -127.1548834701462454, -31.19245426678380895, 5.737678509578207020 ) ) ;
#6216 = VERTEX_POINT ( 'NONE', #5805 ) ;
#6217 = EDGE_CURVE ( 'NONE', #3558, #5270, #4766, .T. ) ;
#6218 = CARTESIAN_POINT ( 'NONE',  ( -124.0433521597989994, -34.25397777197869686, 0.8985590598012582753 ) ) ;
#6219 = DIRECTION ( 'NONE',  ( -6.123031769111889989E-17, 0.0000000000000000000, 1.000000000000000000 ) ) ;
#6220 = ADVANCED_FACE ( 'NONE', ( #3104 ), #5247, .F. ) ;
#6221 = UNCERTAINTY_MEASURE_WITH_UNIT (LENGTH_MEASURE( 1.000000000000000082E-05 ), #1855, 'distance_accuracy_value', 'NONE');
#6222 = DIRECTION ( 'NONE',  ( -6.123031769111889989E-17, -6.123031769111889989E-17, 1.000000000000000000 ) ) ;
#6223 = FILL_AREA_STYLE ('',( #2 ) ) ;
#6224 = PRESENTATION_STYLE_ASSIGNMENT (( #4195 ) ) ;
#6225 = ORIENTED_EDGE ( 'NONE', *, *, #3679, .T. ) ;
#6226 = FILL_AREA_STYLE ('',( #1618 ) ) ;
#6227 = SURFACE_STYLE_USAGE ( .BOTH. , #4197 ) ;
#6228 = CARTESIAN_POINT ( 'NONE',  ( -127.5379928428773155, -30.39233613108308063, 3.553543750848719540 ) ) ;
#6229 = FILL_AREA_STYLE ('',( #2203 ) ) ;
#6230 = CARTESIAN_POINT ( 'NONE',  ( -128.7515551867742829, -30.89435534183110121, -5.534405522844655145 ) ) ;
#6231 = PRESENTATION_LAYER_ASSIGNMENT (  '', '', ( #5813 ) ) ;
#6232 = VERTEX_POINT ( 'NONE', #5275 ) ;
#6233 = SURFACE_STYLE_FILL_AREA ( #537 ) ;
#6234 = ITEM_DEFINED_TRANSFORMATION ( 'NONE', 'NONE', #2738,  #1074 ) ;
#6235 =( LENGTH_UNIT ( ) NAMED_UNIT ( * ) SI_UNIT ( .MILLI., .METRE. ) );
#6236 = LINE ( 'NONE', #2130, #3828 ) ;
#6237 = CARTESIAN_POINT ( 'NONE',  ( -127.1974594409842183, -30.74243336288416018, -5.750000000000118128 ) ) ;
#6238 = ORIENTED_EDGE ( 'NONE', *, *, #1854, .T. ) ;
#6239 = PRESENTATION_STYLE_ASSIGNMENT (( #3052 ) ) ;
#6240 = DIRECTION ( 'NONE',  ( 1.224606353822379970E-16, 0.0000000000000000000, -1.000000000000000000 ) ) ;
#6241 = FILL_AREA_STYLE ('',( #6676 ) ) ;
#6242 = UNCERTAINTY_MEASURE_WITH_UNIT (LENGTH_MEASURE( 1.000000000000000082E-05 ), #3542, 'distance_accuracy_value', 'NONE');
#6243 = CARTESIAN_POINT ( 'NONE',  ( -127.5381412900499498, -30.27176765627960364, -1.695310681752581372 ) ) ;
#6244 = CARTESIAN_POINT ( 'NONE',  ( -127.5381452603133425, -30.39231982247675745, 2.310849204502464449 ) ) ;
#6245 = EDGE_LOOP ( 'NONE', ( #6015, #1570 ) ) ;
#6246 = CARTESIAN_POINT ( 'NONE',  ( -127.4911081869859970, -30.39812959706710771, -1.469182422981879510 ) ) ;
#6247 = VECTOR ( 'NONE', #6198, 1000.000000000000000 ) ;
#6248 = CARTESIAN_POINT ( 'NONE',  ( -128.0376031555898066, -30.37397768193084246, -0.2462474485444930972 ) ) ;
#6249 = PRESENTATION_STYLE_ASSIGNMENT (( #1135 ) ) ;
#6250 = ORIENTED_EDGE ( 'NONE', *, *, #2618, .T. ) ;
#6251 = EDGE_CURVE ( 'NONE', #4589, #1218, #77, .T. ) ;
#6252 = CARTESIAN_POINT ( 'NONE',  ( -134.5299034340057176, -38.25367064322500710, 4.749999999999955591 ) ) ;
#6253 = COLOUR_RGB ( '',1.000000000000000000, 1.000000000000000000, 1.000000000000000000 ) ;
#6254 = COLOUR_RGB ( '',1.000000000000000000, 1.000000000000000000, 1.000000000000000000 ) ;
#6255 =( NAMED_UNIT ( * ) PLANE_ANGLE_UNIT ( ) SI_UNIT ( $, .RADIAN. ) );
#6256 = CARTESIAN_POINT ( 'NONE',  ( -128.5555961326130046, -30.30426036957589631, 3.327671432504575311 ) ) ;
#6257 = STYLED_ITEM ( 'NONE', ( #3887 ), #6386 ) ;
#6258 = VERTEX_POINT ( 'NONE', #2124 ) ;
#6259 = CIRCLE ( 'NONE', #5197, 3.880000000000001670 ) ;
#6260 = EDGE_CURVE ( 'NONE', #3849, #2760, #4026, .T. ) ;
#6261 = SURFACE_SIDE_STYLE ('',( #6196 ) ) ;
#6262 = MECHANICAL_DESIGN_GEOMETRIC_PRESENTATION_REPRESENTATION (  '', ( #1176 ), #3145 ) ;
#6263 = DIRECTION ( 'NONE',  ( 1.224606353822379970E-16, 0.0000000000000000000, -1.000000000000000000 ) ) ;
#6264 = FACE_OUTER_BOUND ( 'NONE', #1832, .T. ) ;
#6265 = AXIS2_PLACEMENT_3D ( 'NONE', #2391, #4412, #6452 ) ;
#6266 = CARTESIAN_POINT ( 'NONE',  ( -127.4911081869851159, -30.39812959706720719, 3.441926717981586670 ) ) ;
#6267 = EDGE_CURVE ( 'NONE', #5261, #3510, #4202, .T. ) ;
#6268 = CARTESIAN_POINT ( 'NONE',  ( -127.9233521597989949, -36.18255236209569858, 2.536981224672810065 ) ) ;
#6269 = DIRECTION ( 'NONE',  ( 6.123031769111889989E-17, -5.400123095199909910E-49, -1.000000000000000000 ) ) ;
#6270 = MECHANICAL_DESIGN_GEOMETRIC_PRESENTATION_REPRESENTATION (  '', ( #1069 ), #5954 ) ;
#6271 = B_SPLINE_CURVE_WITH_KNOTS ( 'NONE', 3,
 ( #5418, #309, #1338, #3902, #1398, #2395, #895, #270 ),
 .UNSPECIFIED., .F., .F.,
 ( 4, 2, 2, 4 ),
 ( 8.673617379884035472E-19, 0.0003516249464110390898, 0.0007032498928220773122, 0.001406499785644153757 ),
 .UNSPECIFIED. ) ;
#6272 = VERTEX_POINT ( 'NONE', #494 ) ;
#6273 = LINE ( 'NONE', #5781, #3270 ) ;
#6274 = MECHANICAL_DESIGN_GEOMETRIC_PRESENTATION_REPRESENTATION (  '', ( #4775 ), #1292 ) ;
#6275 = AXIS2_PLACEMENT_3D ( 'NONE', #2365, #4957, #5030 ) ;
#6276 = AXIS2_PLACEMENT_3D ( 'NONE', #1750, #2306, #3448 ) ;
#6277 = DIRECTION ( 'NONE',  ( -0.0000000000000000000, -0.0000000000000000000, -1.000000000000000000 ) ) ;
#6278 = DIRECTION ( 'NONE',  ( -6.123031769111889989E-17, 0.0000000000000000000, 1.000000000000000000 ) ) ;
#6279 = CIRCLE ( 'NONE', #6158, 4.000000000000003553 ) ;
#6280 = CARTESIAN_POINT ( 'NONE',  ( -121.3104245212429930, -38.25435362884287116, -5.335786437627007217 ) ) ;
#6281 = DIRECTION ( 'NONE',  ( 6.123031769111889989E-17, -1.000000000000000000, -1.224606353822379970E-16 ) ) ;
#6282 = VECTOR ( 'NONE', #4806, 1000.000000000000000 ) ;
#6283 = VECTOR ( 'NONE', #3648, 1000.000000000000000 ) ;
#6284 = CARTESIAN_POINT ( 'NONE',  ( -128.3555961326128738, -30.27740070772228975, 3.441919062382460481 ) ) ;
#6285 = DIRECTION ( 'NONE',  ( 6.123031769111889989E-17, -5.817644942362439956E-48, -1.000000000000000000 ) ) ;
#6286 = VECTOR ( 'NONE', #4437, 1000.000000000000000 ) ;
#6287 = MECHANICAL_DESIGN_GEOMETRIC_PRESENTATION_REPRESENTATION (  '', ( #2957 ), #2853 ) ;
#6288 = ORIENTED_EDGE ( 'NONE', *, *, #6414, .T. ) ;
#6289 = DIRECTION ( 'NONE',  ( 0.0000000000000000000, 0.0000000000000000000, 1.000000000000000000 ) ) ;
#6290 =( NAMED_UNIT ( * ) SI_UNIT ( $, .STERADIAN. ) SOLID_ANGLE_UNIT ( ) );
#6291 = DIRECTION ( 'NONE',  ( -6.123031769111889989E-17, 1.000000000000000000, 1.224606353822379970E-16 ) ) ;
#6292 =( LENGTH_UNIT ( ) NAMED_UNIT ( * ) SI_UNIT ( .MILLI., .METRE. ) );
#6293 = ORIENTED_EDGE ( 'NONE', *, *, #1162, .T. ) ;
#6294 = CARTESIAN_POINT ( 'NONE',  ( -135.2054295968482052, -31.68193364252727662, 4.749999999999955591 ) ) ;
#6295 = CIRCLE ( 'NONE', #5109, 3.879999999999994564 ) ;
#6296 = DIRECTION ( 'NONE',  ( -6.123031769111889989E-17, 1.000000000000000000, 1.224606353822379970E-16 ) ) ;
#6297 = FACE_OUTER_BOUND ( 'NONE', #3782, .T. ) ;
#6298 = PRODUCT_RELATED_PRODUCT_CATEGORY ( 'part', '', ( #1547 ) ) ;
#6299 = FILL_AREA_STYLE_COLOUR ( '', #882 ) ;
#6300 = CARTESIAN_POINT ( 'NONE',  ( -128.5783103509718046, -30.29429513185731437, -4.750000000000071942 ) ) ;
#6301 = FILL_AREA_STYLE ('',( #2156 ) ) ;
#6302 = FILL_AREA_STYLE ('',( #5736 ) ) ;
#6303 = VERTEX_POINT ( 'NONE', #6201 ) ;
#6304 = DIRECTION ( 'NONE',  ( -6.123031769111889989E-17, 0.0000000000000000000, 1.000000000000000000 ) ) ;
#6305 = PRESENTATION_LAYER_ASSIGNMENT (  '', '', ( #5242 ) ) ;
#6306 = ADVANCED_FACE ( 'NONE', ( #2170 ), #2593, .T. ) ;
#6307 = CARTESIAN_POINT ( 'NONE',  ( -127.9233521597989949, -31.25397777197868976, -5.629999999999089511 ) ) ;
#6308 = DIRECTION ( 'NONE',  ( -6.123031769111889989E-17, 5.817644942362439956E-48, 1.000000000000000000 ) ) ;
#6309 = CIRCLE ( 'NONE', #4397, 3.879999999999994564 ) ;
#6310 = ORIENTED_EDGE ( 'NONE', *, *, #2305, .T. ) ;
#6311 = ADVANCED_FACE ( 'NONE', ( #4936 ), #2337, .F. ) ;
#6312 = CARTESIAN_POINT ( 'NONE',  ( -128.5555961287733737, -30.42583624328639758, -0.5948505348653871927 ) ) ;
#6313 = PRESENTATION_LAYER_ASSIGNMENT (  '', '', ( #1970 ) ) ;
#6314 = CARTESIAN_POINT ( 'NONE',  ( -128.2542165329366526, -30.26596619605760452, 1.973641802804088741 ) ) ;
#6315 = CARTESIAN_POINT ( 'NONE',  ( -134.5367344839937118, -38.25360190219252843, -4.750000000000039968 ) ) ;
#6316 = CARTESIAN_POINT ( 'NONE',  ( -131.8033521597990045, -34.25397777197869686, -4.598323711143789794 ) ) ;
#6317 = UNCERTAINTY_MEASURE_WITH_UNIT (LENGTH_MEASURE( 1.000000000000000082E-05 ), #2161, 'distance_accuracy_value', 'NONE');
#6318 = CARTESIAN_POINT ( 'NONE',  ( -127.9233521597989949, -30.37397777197869431, 4.750000000000910383 ) ) ;
#6319 = CARTESIAN_POINT ( 'NONE',  ( -127.4911081869859970, -30.39812959706710771, 2.536981224672845148 ) ) ;
#6320 = ORIENTED_EDGE ( 'NONE', *, *, #5571, .T. ) ;
#6321 = DIRECTION ( 'NONE',  ( -6.123031769111889989E-17, 5.817644942362439956E-48, 1.000000000000000000 ) ) ;
#6322 = SURFACE_STYLE_USAGE ( .BOTH. , #156 ) ;
#6323 = DIRECTION ( 'NONE',  ( -6.123031769111889989E-17, 0.0000000000000000000, 1.000000000000000000 ) ) ;
#6324 = SURFACE_STYLE_USAGE ( .BOTH. , #4301 ) ;
#6325 = DIRECTION ( 'NONE',  ( 0.0000000000000000000, 0.0000000000000000000, -1.000000000000000000 ) ) ;
#6326 = ORIENTED_EDGE ( 'NONE', *, *, #6708, .T. ) ;
#6327 = CARTESIAN_POINT ( 'NONE',  ( -127.6046660735395903, -30.26595658843574554, -2.021477869937762240 ) ) ;
#6328 = FILL_AREA_STYLE_COLOUR ( '', #3995 ) ;
#6329 = CARTESIAN_POINT ( 'NONE',  ( -127.2911081869855536, -30.42583624392061736, 3.327671432504600624 ) ) ;
#6330 = EDGE_LOOP ( 'NONE', ( #3548, #6225, #5661, #145, #3480 ) ) ;
#6331 =( LENGTH_UNIT ( ) NAMED_UNIT ( * ) SI_UNIT ( .MILLI., .METRE. ) );
#6332 = CARTESIAN_POINT ( 'NONE',  ( -127.4911081869855565, -30.27740070772245318, -0.6784922296614741555 ) ) ;
#6333 = CARTESIAN_POINT ( 'NONE',  ( -127.3710619032150078, -30.41335214577644663, 2.218287158923262670 ) ) ;
#6334 = PRESENTATION_STYLE_ASSIGNMENT (( #5804 ) ) ;
#6335 = CARTESIAN_POINT ( 'NONE',  ( -127.9233521597989949, -34.25397777197829896, 0.8985590598002769491 ) ) ;
#6336 = FILL_AREA_STYLE ('',( #6442 ) ) ;
#6337 = ORIENTED_EDGE ( 'NONE', *, *, #5908, .T. ) ;
#6338 = SURFACE_SIDE_STYLE ('',( #182 ) ) ;
#6339 = EDGE_CURVE ( 'NONE', #2194, #114, #4901, .T. ) ;
#6340 = CARTESIAN_POINT ( 'NONE',  ( -128.4756411395102873, -30.41335195794180990, -0.3597957783911516216 ) ) ;
#6341 = B_SPLINE_CURVE_WITH_KNOTS ( 'NONE', 3,
 ( #2888, #5377, #4409, #3797, #2174, #6445, #4316, #3389 ),
 .UNSPECIFIED., .F., .F.,
 ( 4, 2, 2, 4 ),
 ( 0.0009892159153379095210, 0.001236523832620370442, 0.001483831749902831147, 0.001978447584467753640 ),
 .UNSPECIFIED. ) ;
#6342 = CARTESIAN_POINT ( 'NONE',  ( -126.9552188870530784, -30.37290601714022387, -4.750000000000071054 ) ) ;
#6343 = EDGE_CURVE ( 'NONE', #1852, #6498, #4831, .T. ) ;
#6344 = PRESENTATION_STYLE_ASSIGNMENT (( #122 ) ) ;
#6345 =( NAMED_UNIT ( * ) SI_UNIT ( $, .STERADIAN. ) SOLID_ANGLE_UNIT ( ) );
#6346 = CARTESIAN_POINT ( 'NONE',  ( -120.8923680295756498, -37.76946983709036942, -5.629999999999091287 ) ) ;
#6347 = EDGE_LOOP ( 'NONE', ( #6400, #934, #2185, #3212 ) ) ;
#6348 = CARTESIAN_POINT ( 'NONE',  ( -127.2911081869857810, -30.42583624392054276, -0.6784922151501251442 ) ) ;
#6349 = EDGE_CURVE ( 'NONE', #6303, #4552, #6472, .T. ) ;
#6350 = CARTESIAN_POINT ( 'NONE',  ( -127.9233521597989949, -34.25397777197829896, 5.737678509578197250 ) ) ;
#6351 = MECHANICAL_DESIGN_GEOMETRIC_PRESENTATION_REPRESENTATION (  '', ( #4529 ), #2236 ) ;
#6352 =( NAMED_UNIT ( * ) PLANE_ANGLE_UNIT ( ) SI_UNIT ( $, .RADIAN. ) );
#6353 =( LENGTH_UNIT ( ) NAMED_UNIT ( * ) SI_UNIT ( .MILLI., .METRE. ) );
#6354 = COLOUR_RGB ( '',0.6588235294117646967, 0.6588235294117646967, 0.6588235294117646967 ) ;
#6355 = LINE ( 'NONE', #1705, #2504 ) ;
#6356 = VERTEX_POINT ( 'NONE', #2739 ) ;
#6357 = SURFACE_STYLE_FILL_AREA ( #6397 ) ;
#6358 = CARTESIAN_POINT ( 'NONE',  ( -127.2190665686495663, -30.91295776541792151, -4.052649073641994448 ) ) ;
#6359 = ORIENTED_EDGE ( 'NONE', *, *, #2549, .F. ) ;
#6360 = COLOUR_RGB ( '',0.8000000000000000444, 0.1921568627450980227, 0.1921568627450980227 ) ;
#6361 = DIRECTION ( 'NONE',  ( 1.000000000000000000, 0.0000000000000000000, 0.0000000000000000000 ) ) ;
#6362 = SURFACE_STYLE_FILL_AREA ( #3789 ) ;
#6363 = UNCERTAINTY_MEASURE_WITH_UNIT (LENGTH_MEASURE( 1.000000000000000082E-05 ), #1880, 'distance_accuracy_value', 'NONE');
#6364 = CARTESIAN_POINT ( 'NONE',  ( -128.8281619246984349, -30.60880178514491945, -2.987179998724675656 ) ) ;
#6365 =( LENGTH_UNIT ( ) NAMED_UNIT ( * ) SI_UNIT ( .MILLI., .METRE. ) );
#6366 = COLOUR_RGB ( '',0.6588235294117646967, 0.6588235294117646967, 0.6588235294117646967 ) ;
#6367 = CARTESIAN_POINT ( 'NONE',  ( -127.9233521597989949, -32.50397777197930083, -5.749999999999809930 ) ) ;
#6368 = ORIENTED_EDGE ( 'NONE', *, *, #2293, .F. ) ;
#6369 = PLANE ( 'NONE',  #88 ) ;
#6370 = STYLED_ITEM ( 'NONE', ( #1947 ), #955 ) ;
#6371 = B_SPLINE_CURVE_WITH_KNOTS ( 'NONE', 3,
 ( #3378, #5468, #6059, #4024, #933, #1319, #6508, #2973 ),
 .UNSPECIFIED., .F., .F.,
 ( 4, 2, 2, 4 ),
 ( 0.0009893144050158223478, 0.001236647151725477891, 0.001483979898435133435, 0.001978645391854386842 ),
 .UNSPECIFIED. ) ;
#6372 = AXIS2_PLACEMENT_3D ( 'NONE', #3963, #288, #4464 ) ;
#6373 = PRESENTATION_LAYER_ASSIGNMENT (  '', '', ( #1710 ) ) ;
#6374 =( LENGTH_UNIT ( ) NAMED_UNIT ( * ) SI_UNIT ( .MILLI., .METRE. ) );
#6375 =( GEOMETRIC_REPRESENTATION_CONTEXT ( 3 ) GLOBAL_UNCERTAINTY_ASSIGNED_CONTEXT ( ( #1471 ) ) GLOBAL_UNIT_ASSIGNED_CONTEXT ( ( #1095, #4255, #3083 ) ) REPRESENTATION_CONTEXT ( 'NONE', 'WORKASPACE' ) );
#6376 = CARTESIAN_POINT ( 'NONE',  ( -128.3120695988156115, -30.27247932120570795, 3.833046218963729324 ) ) ;
#6377 = EDGE_CURVE ( 'NONE', #3889, #4028, #5411, .T. ) ;
#6378 = DIRECTION ( 'NONE',  ( -1.224606353822379970E-16, -0.0000000000000000000, 1.000000000000000000 ) ) ;
#6379 = CARTESIAN_POINT ( 'NONE',  ( -128.8658597716512304, -30.49019252284405113, -4.508018297699238452 ) ) ;
#6380 = PRODUCT_DEFINITION_CONTEXT ( 'detailed design', #5939, 'design' ) ;
#6381 = STYLED_ITEM ( 'NONE', ( #6334 ), #2147 ) ;
#6382 = COLOUR_RGB ( '',0.8000000000000000444, 0.1921568627450980227, 0.1921568627450980227 ) ;
#6383 = PRESENTATION_STYLE_ASSIGNMENT (( #4388 ) ) ;
#6384 = MECHANICAL_DESIGN_GEOMETRIC_PRESENTATION_REPRESENTATION (  '', ( #1825 ), #2616 ) ;
#6386 = ADVANCED_FACE ( 'NONE', ( #1285 ), #4341, .T. ) ;
#6385 = EDGE_LOOP ( 'NONE', ( #4613, #1671, #1533, #866, #67, #2887 ) ) ;
#6387 = CARTESIAN_POINT ( 'NONE',  ( -128.8914491707723755, -30.37289697182163550, -4.750000000000057732 ) ) ;
#6388 = MECHANICAL_DESIGN_GEOMETRIC_PRESENTATION_REPRESENTATION (  '', ( #6497 ), #5541 ) ;
#6389 = STYLED_ITEM ( 'NONE', ( #3878 ), #1696 ) ;
#6390 = EDGE_LOOP ( 'NONE', ( #1465, #1865, #2101, #1763 ) ) ;
#6391 = DIRECTION ( 'NONE',  ( 6.123031769111889989E-17, -1.000000000000000000, 7.498303609110707725E-33 ) ) ;
#6392 = EDGE_CURVE ( 'NONE', #3159, #1994, #817, .T. ) ;
#6393 = PRESENTATION_STYLE_ASSIGNMENT (( #5917 ) ) ;
#6394 = SURFACE_STYLE_USAGE ( .BOTH. , #207 ) ;
#6395 = AXIS2_PLACEMENT_3D ( 'NONE', #582, #6289, #2680 ) ;
#6396 = ORIENTED_EDGE ( 'NONE', *, *, #447, .T. ) ;
#6397 = FILL_AREA_STYLE ('',( #6299 ) ) ;
#6398 = CARTESIAN_POINT ( 'NONE',  ( -128.7999023874783404, -30.71413992617743816, -3.411041510779970753 ) ) ;
#6399 = VECTOR ( 'NONE', #3244, 1000.000000000000000 ) ;
#6400 = ORIENTED_EDGE ( 'NONE', *, *, #5893, .F. ) ;
#6401 = AXIS2_PLACEMENT_3D ( 'NONE', #5843, #6308, #1184 ) ;
#6402 = CARTESIAN_POINT ( 'NONE',  ( -127.6051845698705165, -30.37397777197829640, -5.265492065111822662 ) ) ;
#6403 = FACE_OUTER_BOUND ( 'NONE', #3027, .T. ) ;
#6404 = COLOUR_RGB ( '',1.000000000000000000, 1.000000000000000000, 1.000000000000000000 ) ;
#6405 = CARTESIAN_POINT ( 'NONE',  ( -128.0376002313774961, -30.25397777197830251, 2.104737251858926683 ) ) ;
#6406 = FILL_AREA_STYLE ('',( #2734 ) ) ;
#6407 = ADVANCED_FACE ( 'NONE', ( #1659 ), #3468, .T. ) ;
#6408 =( LENGTH_UNIT ( ) NAMED_UNIT ( * ) SI_UNIT ( .MILLI., .METRE. ) );
#6409 = FILL_AREA_STYLE_COLOUR ( '', #5318 ) ;
#6410 = SURFACE_STYLE_USAGE ( .BOTH. , #5844 ) ;
#6411 = ORIENTED_EDGE ( 'NONE', *, *, #4020, .F. ) ;
#6412 = FILL_AREA_STYLE_COLOUR ( '', #4995 ) ;
#6413 = AXIS2_PLACEMENT_3D ( 'NONE', #4391, #95, #6423 ) ;
#6414 = EDGE_CURVE ( 'NONE', #5255, #19, #6639, .T. ) ;
#6415 = CARTESIAN_POINT ( 'NONE',  ( -127.7576420375163337, -30.37676036168122451, -0.06275615400827930235 ) ) ;
#6416 = AXIS2_PLACEMENT_3D ( 'NONE', #5200, #2629, #4701 ) ;
#6417 = CARTESIAN_POINT ( 'NONE',  ( -127.3600078437460468, -30.29211353625901282, 2.206124680354335954 ) ) ;
#6418 = B_SPLINE_CURVE_WITH_KNOTS ( 'NONE', 3,
 ( #4104, #479, #6137, #4643, #3982, #579, #5260, #4260, #5758, #5690, #3196, #3156, #5319, #3708 ),
 .UNSPECIFIED., .F., .F.,
 ( 4, 2, 2, 2, 2, 2, 4 ),
 ( 1.383027262080551483E-17, 0.0002190628260369587618, 0.0004381256520739037000, 0.0008762513041477982927, 0.001095314130184744938, 0.001314376956221690500, 0.001752502608295586611 ),
 .UNSPECIFIED. ) ;
#6419 = CIRCLE ( 'NONE', #1540, 0.2999999999999947153 ) ;
#6420 =( LENGTH_UNIT ( ) NAMED_UNIT ( * ) SI_UNIT ( .MILLI., .METRE. ) );
#6421 = ORIENTED_EDGE ( 'NONE', *, *, #3438, .T. ) ;
#6422 =( BOUNDED_SURFACE ( )  B_SPLINE_SURFACE ( 3, 3, ( 
 ( #5129, #4697, #1068, #27 ),
 ( #5668, #5769, #1111, #426 ),
 ( #2518, #462, #6657, #2193 ),
 ( #4885, #2792, #209, #133 ) ),
 .UNSPECIFIED., .F., .F., .F. ) 
 B_SPLINE_SURFACE_WITH_KNOTS ( ( 4, 4 ),
 ( 4, 4 ),
 ( 0.0000000000000000000, 1.000000000000000000 ),
 ( 0.0000000000000000000, 1.000000000000000000 ),
 .UNSPECIFIED. ) 
 GEOMETRIC_REPRESENTATION_ITEM ( )  RATIONAL_B_SPLINE_SURFACE ( (
 ( 1.000000000000000000, 0.3333333333333334259, 0.3333333333333334259, 1.000000000000000000),
 ( 0.7401421113125590256, 0.2467140371041864066, 0.2467140371041864066, 0.7401421113125590256),
 ( 0.7401421113125590256, 0.2467140371041864066, 0.2467140371041864066, 0.7401421113125590256),
 ( 1.000000000000000000, 0.3333333333333334259, 0.3333333333333334259, 1.000000000000000000) ) ) 
 REPRESENTATION_ITEM ( '' )  SURFACE ( )  );
#6423 = DIRECTION ( 'NONE',  ( 0.0000000000000000000, 1.000000000000000000, 0.0000000000000000000 ) ) ;
#6424 = PLANE ( 'NONE',  #1479 ) ;
#6425 = CARTESIAN_POINT ( 'NONE',  ( -127.9233521597989949, -34.25397777197829896, -2.952881880399390369 ) ) ;
#6426 = ORIENTED_EDGE ( 'NONE', *, *, #3811, .F. ) ;
#6427 =( NAMED_UNIT ( * ) PLANE_ANGLE_UNIT ( ) SI_UNIT ( $, .RADIAN. ) );
#6428 = EDGE_CURVE ( 'NONE', #3240, #2040, #3862, .T. ) ;
#6429 = CARTESIAN_POINT ( 'NONE',  ( -133.7356754308630400, -37.76913949527755676, -5.630000000000094040 ) ) ;
#6430 =( NAMED_UNIT ( * ) SI_UNIT ( $, .STERADIAN. ) SOLID_ANGLE_UNIT ( ) );
#6431 = ORIENTED_EDGE ( 'NONE', *, *, #868, .F. ) ;
#6432 = CARTESIAN_POINT ( 'NONE',  ( -128.8914491707723755, -30.37289697182163906, -4.446647422289437657 ) ) ;
#6433 = CARTESIAN_POINT ( 'NONE',  ( -127.3076143298445828, -30.42301227318834478, -1.634885047658259039 ) ) ;
#6434 = ADVANCED_FACE ( 'NONE', ( #5885 ), #187, .T. ) ;
#6435 =( BOUNDED_SURFACE ( )  B_SPLINE_SURFACE ( 3, 3, ( 
 ( #5096, #3483, #6569, #2910 ),
 ( #1920, #3967, #4032, #6069 ),
 ( #4967, #1856, #5576, #1328 ),
 ( #910, #3427, #6006, #434 ) ),
 .UNSPECIFIED., .F., .F., .F. ) 
 B_SPLINE_SURFACE_WITH_KNOTS ( ( 4, 4 ),
 ( 4, 4 ),
 ( 0.0000000000000000000, 1.000000000000000000 ),
 ( 0.0000000000000000000, 1.000000000000000000 ),
 .UNSPECIFIED. ) 
 GEOMETRIC_REPRESENTATION_ITEM ( )  RATIONAL_B_SPLINE_SURFACE ( (
 ( 1.000000000000000000, 0.9949663113133265790, 0.9949663113133265790, 1.000000000000000000),
 ( 0.7055027309718361339, 0.7019514498565260219, 0.7019514498565260219, 0.7055027309718361339),
 ( 0.7055027309718361339, 0.7019514498565260219, 0.7019514498565260219, 0.7055027309718361339),
 ( 1.000000000000000000, 0.9949663113133265790, 0.9949663113133265790, 1.000000000000000000) ) ) 
 REPRESENTATION_ITEM ( '' )  SURFACE ( )  );
#6436 = UNCERTAINTY_MEASURE_WITH_UNIT (LENGTH_MEASURE( 1.000000000000000082E-05 ), #12, 'distance_accuracy_value', 'NONE');
#6437 = CARTESIAN_POINT ( 'NONE',  ( -127.5379883330287925, -30.27178352759438695, -0.4526245884878215553 ) ) ;
#6438 = CARTESIAN_POINT ( 'NONE',  ( -127.2911081869853263, -30.42583624392061736, 2.536981133662860266 ) ) ;
#6439 = CARTESIAN_POINT ( 'NONE',  ( -128.8298832844230617, -30.60238537315506235, -4.406211487710319119 ) ) ;
#6440 = CARTESIAN_POINT ( 'NONE',  ( -127.9233521597989949, -34.25397777197869686, -2.891511004989539391 ) ) ;
#6441 = SURFACE_SIDE_STYLE ('',( #222 ) ) ;
#6442 = FILL_AREA_STYLE_COLOUR ( '', #4450 ) ;
#6443 = EDGE_LOOP ( 'NONE', ( #1002, #1021, #5208, #2964 ) ) ;
#6444 = PRESENTATION_STYLE_ASSIGNMENT (( #5406 ) ) ;
#6445 = CARTESIAN_POINT ( 'NONE',  ( -127.3600078437460184, -30.29211353625885650, -1.800038967300387149 ) ) ;
#6446 = FILL_AREA_STYLE ('',( #3322 ) ) ;
#6447 = DIRECTION ( 'NONE',  ( 1.000000000000000000, 0.0000000000000000000, 5.421010862427517240E-17 ) ) ;
#6448 = CARTESIAN_POINT ( 'NONE',  ( -127.9233521597989949, -36.18255236209569858, -1.469182422981889946 ) ) ;
#6449 =( LENGTH_UNIT ( ) NAMED_UNIT ( * ) SI_UNIT ( .MILLI., .METRE. ) );
#6450 = CARTESIAN_POINT ( 'NONE',  ( -127.4911081869855565, -30.27740070772245318, -1.469182422981882397 ) ) ;
#6451 = UNCERTAINTY_MEASURE_WITH_UNIT (LENGTH_MEASURE( 1.000000000000000082E-05 ), #5238, 'distance_accuracy_value', 'NONE');
#6452 = DIRECTION ( 'NONE',  ( 1.000000000000000000, 0.0000000000000000000, 5.421010862427517240E-17 ) ) ;
#6453 = CARTESIAN_POINT ( 'NONE',  ( -127.9233521597989949, -30.37397777197869431, -4.749999999999089617 ) ) ;
#6454 = VERTEX_POINT ( 'NONE', #5938 ) ;
#6455 = CARTESIAN_POINT ( 'NONE',  ( -128.3555961326128738, -30.39812959706710060, 2.422727479128777617 ) ) ;
#6456 = SURFACE_STYLE_FILL_AREA ( #5820 ) ;
#6457 = CARTESIAN_POINT ( 'NONE',  ( -127.2911081869859657, -30.30426036957573643, 2.536981179167820510 ) ) ;
#6458 = ORIENTED_EDGE ( 'NONE', *, *, #344, .T. ) ;
#6459 = FILL_AREA_STYLE_COLOUR ( '', #1728 ) ;
#6460 = CARTESIAN_POINT ( 'NONE',  ( -127.6051845698704454, -30.37397777197829285, 5.195173636599679234 ) ) ;
#6461 = CARTESIAN_POINT ( 'NONE',  ( -127.7560984721931305, -30.25397743704547793, -0.04624613783732978156 ) ) ;
#6462 = DIRECTION ( 'NONE',  ( 6.123031769111889989E-17, -0.0000000000000000000, -1.000000000000000000 ) ) ;
#6463 = CARTESIAN_POINT ( 'NONE',  ( -127.9762869089730088, -33.78418749120879738, -0.006160745210948450137 ) ) ;
#6464 = VERTEX_POINT ( 'NONE', #4346 ) ;
#6465 = CARTESIAN_POINT ( 'NONE',  ( -128.5572462079648801, -30.41291111233793387, 5.195173636599673905 ) ) ;
#6466 = CARTESIAN_POINT ( 'NONE',  ( -128.7907247849939552, -30.74834967198164648, -3.553154005212973754 ) ) ;
#6467 = CARTESIAN_POINT ( 'NONE',  ( -127.9233521597989949, -34.25397777197849791, 5.970093049101910410 ) ) ;
#6468 = COLOUR_RGB ( '',1.000000000000000000, 1.000000000000000000, 1.000000000000000000 ) ;
#6469 = CARTESIAN_POINT ( 'NONE',  ( -127.9233521597989949, -34.25397777197849791, 5.615972769942939813 ) ) ;
#6470 = SURFACE_STYLE_FILL_AREA ( #1322 ) ;
#6471 = EDGE_CURVE ( 'NONE', #6216, #2205, #5312, .T. ) ;
#6472 = LINE ( 'NONE', #5374, #3581 ) ;
#6473 = COLOUR_RGB ( '',0.6588235294117646967, 0.6588235294117646967, 0.6588235294117646967 ) ;
#6474 = ORIENTED_EDGE ( 'NONE', *, *, #1346, .F. ) ;
#6475 = FILL_AREA_STYLE_COLOUR ( '', #4145 ) ;
#6476 = AXIS2_PLACEMENT_3D ( 'NONE', #1421, #2554, #2446 ) ;
#6477 = LINE ( 'NONE', #1327, #2641 ) ;
#6478 = EDGE_CURVE ( 'NONE', #3478, #4589, #2779, .T. ) ;
#6479 = DIRECTION ( 'NONE',  ( 1.000000000000000000, 0.0000000000000000000, 0.0000000000000000000 ) ) ;
#6480 = PRESENTATION_LAYER_ASSIGNMENT (  '', '', ( #2826 ) ) ;
#6481 = CARTESIAN_POINT ( 'NONE',  ( -127.4911081869850591, -30.27740070772239633, 3.327671417993227188 ) ) ;
#6482 = CARTESIAN_POINT ( 'NONE',  ( -128.5555961249349366, -30.30426036834684567, 3.494931215147503600 ) ) ;
#6483 = VECTOR ( 'NONE', #4406, 1000.000000000000000 ) ;
#6484 = STYLED_ITEM ( 'NONE', ( #4857 ), #5876 ) ;
#6485 = SURFACE_SIDE_STYLE ('',( #5356 ) ) ;
#6486 = STYLED_ITEM ( 'NONE', ( #4732 ), #6615 ) ;
#6487 = VERTEX_POINT ( 'NONE', #1688 ) ;
#6488 = CARTESIAN_POINT ( 'NONE',  ( -127.2911081869855536, -30.30426036957597091, 3.327671432504600624 ) ) ;
#6489 = FILL_AREA_STYLE_COLOUR ( '', #3028 ) ;
#6490 = CARTESIAN_POINT ( 'NONE',  ( -128.3555961326129307, -30.39812959706699047, -0.6784922296614711579 ) ) ;
#6491 = VERTEX_POINT ( 'NONE', #1783 ) ;
#6492 = MECHANICAL_DESIGN_GEOMETRIC_PRESENTATION_REPRESENTATION (  '', ( #4137 ), #4568 ) ;
#6493 = SURFACE_STYLE_FILL_AREA ( #5865 ) ;
#6494 = STYLED_ITEM ( 'NONE', ( #1109 ), #5975 ) ;
#6495 = CARTESIAN_POINT ( 'NONE',  ( -127.9235325377728287, -38.13397776778550963, 5.195173636599669464 ) ) ;
#6496 = SURFACE_SIDE_STYLE ('',( #2355 ) ) ;
#6497 = STYLED_ITEM ( 'NONE', ( #6064 ), #1745 ) ;
#6498 = VERTEX_POINT ( 'NONE', #3252 ) ;
#6499 = CARTESIAN_POINT ( 'NONE',  ( -127.9234399398102084, -38.25397777101517960, -4.446647422289467855 ) ) ;
#6500 = SURFACE_SIDE_STYLE ('',( #4953 ) ) ;
#6501 = FILL_AREA_STYLE ('',( #1312 ) ) ;
#6502 = VERTEX_POINT ( 'NONE', #1757 ) ;
#6503 = PRESENTATION_LAYER_ASSIGNMENT (  '', '', ( #649 ) ) ;
#6504 = VECTOR ( 'NONE', #2864, 1000.000000000000000 ) ;
#6505 = PRESENTATION_LAYER_ASSIGNMENT (  '', '', ( #6071 ) ) ;
#6506 = PRODUCT_RELATED_PRODUCT_CATEGORY ( 'part', '', ( #4115 ) ) ;
#6507 = UNCERTAINTY_MEASURE_WITH_UNIT (LENGTH_MEASURE( 1.000000000000000082E-05 ), #3513, 'distance_accuracy_value', 'NONE');
#6508 = CARTESIAN_POINT ( 'NONE',  ( -128.5555961249340271, -30.42583624265214226, 2.369702226549269319 ) ) ;
#6509 = CIRCLE ( 'NONE', #4381, 3.880000000000001670 ) ;
#6510 =( LENGTH_UNIT ( ) NAMED_UNIT ( * ) SI_UNIT ( .MILLI., .METRE. ) );
#6511 =( LENGTH_UNIT ( ) NAMED_UNIT ( * ) SI_UNIT ( .MILLI., .METRE. ) );
#6512 = DIRECTION ( 'NONE',  ( 1.224606353822379970E-16, -1.000000000000000000, -1.224606353822379970E-16 ) ) ;
#6513 = CARTESIAN_POINT ( 'NONE',  ( -127.9233521597989949, -30.37397777197829640, -2.101426395795771285 ) ) ;
#6514 = ORIENTED_EDGE ( 'NONE', *, *, #1042, .T. ) ;
#6515 = DIRECTION ( 'NONE',  ( 1.000000000000000000, 0.0000000000000000000, 1.117734198438665941E-16 ) ) ;
#6516 = CIRCLE ( 'NONE', #3619, 2.999999999999843237 ) ;
#6517 = FILL_AREA_STYLE_COLOUR ( '', #1531 ) ;
#6518 = EDGE_CURVE ( 'NONE', #1251, #6464, #3514, .T. ) ;
#6519 = CARTESIAN_POINT ( 'NONE',  ( -127.1208869648749413, -31.04969446366564512, -3.335756337264536242 ) ) ;
#6520 = AXIS2_PLACEMENT_3D ( 'NONE', #3769, #3321, #2776 ) ;
#6521 = SURFACE_STYLE_FILL_AREA ( #1388 ) ;
#6522 = FILL_AREA_STYLE ('',( #1427 ) ) ;
#6523 = ADVANCED_FACE ( 'NONE', ( #264 ), #4908, .F. ) ;
#6524 = CARTESIAN_POINT ( 'NONE',  ( -128.6728439867117970, -31.18775333446110309, 5.615972769942934484 ) ) ;
#6525 = COLOUR_RGB ( '',0.8000000000000000444, 0.1921568627450980227, 0.1921568627450980227 ) ;
#6526 = ORIENTED_EDGE ( 'NONE', *, *, #368, .F. ) ;
#6527 = CARTESIAN_POINT ( 'NONE',  ( -127.9233521597989949, -34.25397777197829896, -4.446647422289490947 ) ) ;
#6528 = CIRCLE ( 'NONE', #4296, 3.879999999999998117 ) ;
#6529 = ORIENTED_EDGE ( 'NONE', *, *, #4744, .T. ) ;
#6530 = DIRECTION ( 'NONE',  ( -1.224606353822379970E-16, 0.0000000000000000000, 1.000000000000000000 ) ) ;
#6531 = PRODUCT ( '10_1', '10_1', '', ( #4675 ) ) ;
#6532 = SURFACE_STYLE_FILL_AREA ( #827 ) ;
#6533 = FACE_OUTER_BOUND ( 'NONE', #2221, .T. ) ;
#6534 = ORIENTED_EDGE ( 'NONE', *, *, #5489, .T. ) ;
#6535 = DIRECTION ( 'NONE',  ( 1.000000000000000000, 0.0000000000000000000, 0.0000000000000000000 ) ) ;
#6536 = FILL_AREA_STYLE ('',( #5960 ) ) ;
#6537 = B_SPLINE_CURVE_WITH_KNOTS ( 'NONE', 3,
 ( #2115, #3, #669, #137, #6193, #5195, #5240, #1550 ),
 .UNSPECIFIED., .F., .F.,
 ( 4, 2, 2, 4 ),
 ( 4.060883542877793927E-17, 0.0003516249252336320938, 0.0007032498504672236384, 0.001406499700934386128 ),
 .UNSPECIFIED. ) ;
#6538 = PRESENTATION_STYLE_ASSIGNMENT (( #1447 ) ) ;
#6539 = CARTESIAN_POINT ( 'NONE',  ( -127.0778516971679863, -30.83057789516445979, -3.393656229566616833 ) ) ;
#6540 = SHAPE_REPRESENTATION_RELATIONSHIP ( 'NONE' , 'NONE' ,  #6003, #1866 ) ;
#6541 = EDGE_LOOP ( 'NONE', ( #1562, #2431, #5880, #3320 ) ) ;
#6542 =( NAMED_UNIT ( * ) SI_UNIT ( $, .STERADIAN. ) SOLID_ANGLE_UNIT ( ) );
#6543 = FACE_OUTER_BOUND ( 'NONE', #3071, .T. ) ;
#6544 = SURFACE_STYLE_FILL_AREA ( #3994 ) ;
#6545 = FACE_OUTER_BOUND ( 'NONE', #2611, .T. ) ;
#6546 = SURFACE_STYLE_USAGE ( .BOTH. , #297 ) ;
#6547 = EDGE_CURVE ( 'NONE', #5187, #4141, #2426, .T. ) ;
#6548 = CARTESIAN_POINT ( 'NONE',  ( -128.5783103509718615, -30.29429513185731437, -2.952881880399375270 ) ) ;
#6549 = CARTESIAN_POINT ( 'NONE',  ( -127.8397040002520981, -30.37397795263184364, 3.959914282159738619 ) ) ;
#6550 = ORIENTED_EDGE ( 'NONE', *, *, #4781, .T. ) ;
#6551 = DIRECTION ( 'NONE',  ( 1.224606353822379970E-16, -0.0000000000000000000, -1.000000000000000000 ) ) ;
#6552 = CARTESIAN_POINT ( 'NONE',  ( -128.8603507143013474, -30.48881725629502171, -4.508018297699226906 ) ) ;
#6553 = ADVANCED_FACE ( 'NONE', ( #5099, #1922 ), #6072, .T. ) ;
#6554 = CARTESIAN_POINT ( 'NONE',  ( -127.3600188062503378, -30.41330232791629840, 3.658536645017900213 ) ) ;
#6555 = FILL_AREA_STYLE ('',( #2960 ) ) ;
#6556 = ORIENTED_EDGE ( 'NONE', *, *, #1993, .T. ) ;
#6557 = PRESENTATION_STYLE_ASSIGNMENT (( #3916 ) ) ;
#6558 =( NAMED_UNIT ( * ) SI_UNIT ( $, .STERADIAN. ) SOLID_ANGLE_UNIT ( ) );
#6559 = DIRECTION ( 'NONE',  ( 6.123031769111889989E-17, -4.320098476159929751E-48, -1.000000000000000000 ) ) ;
#6560 = ORIENTED_EDGE ( 'NONE', *, *, #5042, .F. ) ;
#6561 = PLANE ( 'NONE',  #942 ) ;
#6562 = UNCERTAINTY_MEASURE_WITH_UNIT (LENGTH_MEASURE( 1.000000000000000082E-05 ), #6189, 'distance_accuracy_value', 'NONE');
#6563 = CARTESIAN_POINT ( 'NONE',  ( -127.0892241057101870, -30.87302030164857314, -3.621366563947831629 ) ) ;
#6564 = ORIENTED_EDGE ( 'NONE', *, *, #2027, .T. ) ;
#6565 = PRESENTATION_STYLE_ASSIGNMENT (( #2938 ) ) ;
#6566 = FILL_AREA_STYLE_COLOUR ( '', #2822 ) ;
#6567 = ORIENTED_EDGE ( 'NONE', *, *, #1991, .F. ) ;
#6568 = CARTESIAN_POINT ( 'NONE',  ( -128.4866843673927406, -30.41330210578816207, -1.800050312207713388 ) ) ;
#6569 = CARTESIAN_POINT ( 'NONE',  ( -127.2683689981684552, -30.29429821389323862, -2.952881880399386372 ) ) ;
#6570 = SURFACE_STYLE_FILL_AREA ( #3006 ) ;
#6571 = CARTESIAN_POINT ( 'NONE',  ( -126.9552188870533627, -30.37290601714081006, -2.952881880399847780 ) ) ;
#6572 = CARTESIAN_POINT ( 'NONE',  ( -128.3555961326129022, -30.39812959706699047, -1.469182422981879954 ) ) ;
#6573 = MECHANICAL_DESIGN_GEOMETRIC_PRESENTATION_REPRESENTATION (  '', ( #403 ), #3247 ) ;
#6574 = PRODUCT_DEFINITION_CONTEXT ( 'detailed design', #254, 'design' ) ;
#6575 =( GEOMETRIC_REPRESENTATION_CONTEXT ( 3 ) GLOBAL_UNCERTAINTY_ASSIGNED_CONTEXT ( ( #5520 ) ) GLOBAL_UNIT_ASSIGNED_CONTEXT ( ( #2796, #5343, #2262 ) ) REPRESENTATION_CONTEXT ( 'NONE', 'WORKASPACE' ) );
#6576 = APPLICATION_PROTOCOL_DEFINITION ( 'draft international standard', 'automotive_design', 1998, #1432 ) ;
#6577 = CARTESIAN_POINT ( 'NONE',  ( -128.3085634251419833, -30.27176770687259477, -0.4523648920491092906 ) ) ;
#6578 = COLOUR_RGB ( '',0.8000000000000000444, 0.1921568627450980227, 0.1921568627450980227 ) ;
#6579 = EDGE_LOOP ( 'NONE', ( #2073, #5836, #5737, #1093 ) ) ;
#6580 = VECTOR ( 'NONE', #1102, 1000.000000000000000 ) ;
#6581 = DIRECTION ( 'NONE',  ( 0.0000000000000000000, 1.000000000000000000, 0.0000000000000000000 ) ) ;
#6582 = VECTOR ( 'NONE', #1031, 1000.000000000000000 ) ;
#6583 = CARTESIAN_POINT ( 'NONE',  ( -128.2542243346360920, -30.38633774436437918, 3.891001158958370620 ) ) ;
#6584 =( LENGTH_UNIT ( ) NAMED_UNIT ( * ) SI_UNIT ( .MILLI., .METRE. ) );
#6585 = PRESENTATION_LAYER_ASSIGNMENT (  '', '', ( #6370 ) ) ;
#6586 =( NAMED_UNIT ( * ) SI_UNIT ( $, .STERADIAN. ) SOLID_ANGLE_UNIT ( ) );
#6587 = AXIS2_PLACEMENT_3D ( 'NONE', #6671, #6617, #5680 ) ;
#6588 = ADVANCED_FACE ( 'NONE', ( #3007 ), #3856, .T. ) ;
#6589 = CARTESIAN_POINT ( 'NONE',  ( -127.2911081869855252, -30.30426036957581104, -0.6784922006387860138 ) ) ;
#6590 = ORIENTED_EDGE ( 'NONE', *, *, #2512, .T. ) ;
#6591 = CIRCLE ( 'NONE', #2263, 3.879999999999994564 ) ;
#6592 = FILL_AREA_STYLE ('',( #1846 ) ) ;
#6593 = CARTESIAN_POINT ( 'NONE',  ( -127.9233521597989949, -34.25397777197829896, -5.630000000000040750 ) ) ;
#6594 = COLOUR_RGB ( '',0.8000000000000000444, 0.1921568627450980227, 0.1921568627450980227 ) ;
#6595 = ORIENTED_EDGE ( 'NONE', *, *, #3852, .F. ) ;
#6596 = EDGE_CURVE ( 'NONE', #6356, #621, #2718, .T. ) ;
#6597 = DIRECTION ( 'NONE',  ( 1.000000000000000000, 0.0000000000000000000, 0.0000000000000000000 ) ) ;
#6598 =( GEOMETRIC_REPRESENTATION_CONTEXT ( 3 ) GLOBAL_UNCERTAINTY_ASSIGNED_CONTEXT ( ( #736 ) ) GLOBAL_UNIT_ASSIGNED_CONTEXT ( ( #5347, #3763, #5245 ) ) REPRESENTATION_CONTEXT ( 'NONE', 'WORKASPACE' ) );
#6599 = STYLED_ITEM ( 'NONE', ( #1962 ), #1506 ) ;
#6600 =( GEOMETRIC_REPRESENTATION_CONTEXT ( 3 ) GLOBAL_UNCERTAINTY_ASSIGNED_CONTEXT ( ( #4219 ) ) GLOBAL_UNIT_ASSIGNED_CONTEXT ( ( #221, #3793, #257 ) ) REPRESENTATION_CONTEXT ( 'NONE', 'WORKASPACE' ) );
#6601 =( NAMED_UNIT ( * ) PLANE_ANGLE_UNIT ( ) SI_UNIT ( $, .RADIAN. ) );
#6602 = EDGE_LOOP ( 'NONE', ( #1978, #6474 ) ) ;
#6603 = CARTESIAN_POINT ( 'NONE',  ( -128.0906128996034283, -30.25397777249667186, -2.101426392515972630 ) ) ;
#6604 = MECHANICAL_DESIGN_GEOMETRIC_PRESENTATION_REPRESENTATION (  '', ( #81 ), #5098 ) ;
#6605 = STYLED_ITEM ( 'NONE', ( #2467 ), #2009 ) ;
#6606 = CARTESIAN_POINT ( 'NONE',  ( -128.0069928422199439, -30.37397777224555639, -2.101426394155679667 ) ) ;
#6607 = DIRECTION ( 'NONE',  ( 2.802927004925552236E-14, -7.510420274124135843E-15, 1.000000000000000000 ) ) ;
#6608 = EDGE_CURVE ( 'NONE', #2713, #1122, #1142, .T. ) ;
#6609 = COLOUR_RGB ( '',1.000000000000000000, 1.000000000000000000, 1.000000000000000000 ) ;
#6610 = STYLED_ITEM ( 'NONE', ( #3843 ), #1863 ) ;
#6611 =( NAMED_UNIT ( * ) PLANE_ANGLE_UNIT ( ) SI_UNIT ( $, .RADIAN. ) );
#6612 = CARTESIAN_POINT ( 'NONE',  ( -127.1929835209790980, -31.34424210504438335, -5.750000000000070166 ) ) ;
#6613 = CARTESIAN_POINT ( 'NONE',  ( -127.9233521597989949, -37.25397777197869686, -4.749999999999089617 ) ) ;
#6614 = CIRCLE ( 'NONE', #4583, 4.000000000000003553 ) ;
#6615 = ADVANCED_FACE ( 'NONE', ( #980 ), #2634, .T. ) ;
#6616 = APPLICATION_PROTOCOL_DEFINITION ( 'draft international standard', 'automotive_design', 1998, #1861 ) ;
#6617 = DIRECTION ( 'NONE',  ( -6.123031769111889989E-17, -0.0000000000000000000, 1.000000000000000000 ) ) ;
#6618 = CARTESIAN_POINT ( 'NONE',  ( -127.2911081869855536, -30.42583624392061736, 3.327671432504600624 ) ) ;
#6619 = COLOUR_RGB ( '',1.000000000000000000, 1.000000000000000000, 1.000000000000000000 ) ;
#6620 = ORIENTED_EDGE ( 'NONE', *, *, #3243, .T. ) ;
#6621 = DIRECTION ( 'NONE',  ( 1.224606353822379970E-16, -1.000000000000000000, -1.224606353822379970E-16 ) ) ;
#6622 = AXIS2_PLACEMENT_3D ( 'NONE', #5819, #4746, #3750 ) ;
#6623 = CARTESIAN_POINT ( 'NONE',  ( -127.5379923950731609, -30.39233618854688856, -1.695053752123947488 ) ) ;
#6624 = CARTESIAN_POINT ( 'NONE',  ( -127.9234444282179624, -37.55721586519562294, -4.063772965424341521 ) ) ;
#6625 = ORIENTED_EDGE ( 'NONE', *, *, #5662, .T. ) ;
#6626 = AXIS2_PLACEMENT_3D ( 'NONE', #2099, #6285, #1538 ) ;
#6627 =( LENGTH_UNIT ( ) NAMED_UNIT ( * ) SI_UNIT ( .MILLI., .METRE. ) );
#6628 = CARTESIAN_POINT ( 'NONE',  ( -127.9233521597989949, -37.25397777197869686, 5.630000000000906724 ) ) ;
#6629 = VERTEX_POINT ( 'NONE', #6161 ) ;
#6630 = EDGE_CURVE ( 'NONE', #1500, #4777, #35, .T. ) ;
#6631 = PRODUCT_DEFINITION_SHAPE ( 'NONE', 'NONE',  #6717 ) ;
#6632 = UNCERTAINTY_MEASURE_WITH_UNIT (LENGTH_MEASURE( 1.000000000000000082E-05 ), #6688, 'distance_accuracy_value', 'NONE');
#6633 = CARTESIAN_POINT ( 'NONE',  ( -127.0444614626044313, -30.70596384329664730, -3.110805558626083211 ) ) ;
#6634 = EDGE_LOOP ( 'NONE', ( #1337, #5703, #922, #3202 ) ) ;
#6635 = SURFACE_SIDE_STYLE ('',( #4595 ) ) ;
#6636 = SURFACE_STYLE_USAGE ( .BOTH. , #974 ) ;
#6637 = ORIENTED_EDGE ( 'NONE', *, *, #4020, .T. ) ;
#6638 = CARTESIAN_POINT ( 'NONE',  ( -128.8603507143013474, -30.48881725629500394, 4.956080942592441474 ) ) ;
#6639 = B_SPLINE_CURVE_WITH_KNOTS ( 'NONE', 3,
 ( #1020, #1153, #6712, #2065, #3665, #543, #2642, #3353, #1291, #2849, #6376, #4941, #6482, #2208 ),
 .UNSPECIFIED., .F., .F.,
 ( 4, 2, 2, 2, 2, 2, 4 ),
 ( 7.034191397047167232E-17, 0.0002473059557975185153, 0.0004946119115949666658, 0.0009892238231899203212, 0.001236529778987356274, 0.001483835734784792011, 0.001978447646379664568 ),
 .UNSPECIFIED. ) ;
#6640 = CARTESIAN_POINT ( 'NONE',  ( -128.5555961326129193, -30.42583624392051433, 2.536981195650130250 ) ) ;
#6641 = SURFACE_SIDE_STYLE ('',( #3970 ) ) ;
#6642 = ORIENTED_EDGE ( 'NONE', *, *, #671, .T. ) ;
#6643 = UNCERTAINTY_MEASURE_WITH_UNIT (LENGTH_MEASURE( 1.000000000000000082E-05 ), #4016, 'distance_accuracy_value', 'NONE');
#6644 = ITEM_DEFINED_TRANSFORMATION ( 'NONE', 'NONE', #3935,  #1074 ) ;
#6645 = LINE ( 'NONE', #636, #4027 ) ;
#6646 = CARTESIAN_POINT ( 'NONE',  ( -135.6833521597989716, -38.13397777197869232, -4.508018297698261456 ) ) ;
#6647 = VERTEX_POINT ( 'NONE', #2123 ) ;
#6648 = SURFACE_SIDE_STYLE ('',( #3978 ) ) ;
#6649 = UNCERTAINTY_MEASURE_WITH_UNIT (LENGTH_MEASURE( 1.000000000000000082E-05 ), #5689, 'distance_accuracy_value', 'NONE');
#6650 = CARTESIAN_POINT ( 'NONE',  ( -123.9233521597989949, -34.25397777197829896, -4.446647422289434104 ) ) ;
#6651 = ORIENTED_EDGE ( 'NONE', *, *, #3587, .T. ) ;
#6652 = DIRECTION ( 'NONE',  ( 0.0000000000000000000, 0.0000000000000000000, 1.000000000000000000 ) ) ;
#6653 =( NAMED_UNIT ( * ) SI_UNIT ( $, .STERADIAN. ) SOLID_ANGLE_UNIT ( ) );
#6654 = ORIENTED_EDGE ( 'NONE', *, *, #244, .T. ) ;
#6655 = FILL_AREA_STYLE ('',( #4619 ) ) ;
#6656 = CARTESIAN_POINT ( 'NONE',  ( -127.9233521597989949, -34.25397777197829896, -4.508018297699232235 ) ) ;
#6657 = CARTESIAN_POINT ( 'NONE',  ( -121.3168759707857589, -37.55721586648530774, -4.063772965423813055 ) ) ;
#6658 = EDGE_CURVE ( 'NONE', #2095, #155, #1522, .T. ) ;
#6659 = ORIENTED_EDGE ( 'NONE', *, *, #5005, .F. ) ;
#6660 = CARTESIAN_POINT ( 'NONE',  ( -130.9233521597990091, -34.25397777197829896, -5.630000000000040750 ) ) ;
#6661 = FILL_AREA_STYLE ('',( #4625 ) ) ;
#6662 = CARTESIAN_POINT ( 'NONE',  ( -127.0397219427605364, -30.68827571443560487, -4.058229619680158606 ) ) ;
#6663 =( NAMED_UNIT ( * ) PLANE_ANGLE_UNIT ( ) SI_UNIT ( $, .RADIAN. ) );
#6664 = CARTESIAN_POINT ( 'NONE',  ( -127.4911081869853291, -30.39812959706715390, 3.327671417993249836 ) ) ;
#6665 = DIRECTION ( 'NONE',  ( -6.123031769111889989E-17, 0.0000000000000000000, 1.000000000000000000 ) ) ;
#6666 = DIRECTION ( 'NONE',  ( 1.000000000000000000, 0.0000000000000000000, 0.0000000000000000000 ) ) ;
#6667 = ORIENTED_EDGE ( 'NONE', *, *, #2742, .T. ) ;
#6668 = DIRECTION ( 'NONE',  ( -0.0000000000000000000, -0.0000000000000000000, -1.000000000000000000 ) ) ;
#6669 = EDGE_CURVE ( 'NONE', #6258, #4141, #4569, .T. ) ;
#6670 = APPLICATION_PROTOCOL_DEFINITION ( 'draft international standard', 'automotive_design', 1998, #2017 ) ;
#6671 = CARTESIAN_POINT ( 'NONE',  ( -127.9233521597989949, -34.25397777197869686, -5.629999999999089511 ) ) ;
#6672 = CARTESIAN_POINT ( 'NONE',  ( -126.9833538046902248, -30.47790695922878257, -5.273056729620125616 ) ) ;
#6673 = ORIENTED_EDGE ( 'NONE', *, *, #5408, .F. ) ;
#6674 = FACE_OUTER_BOUND ( 'NONE', #4875, .T. ) ;
#6675 = SHAPE_REPRESENTATION ( '6_1', ( #1074 ), #319 ) ;
#6676 = FILL_AREA_STYLE_COLOUR ( '', #2034 ) ;
#6677 = B_SPLINE_CURVE_WITH_KNOTS ( 'NONE', 3,
 ( #3428, #148, #5476, #5352, #1822, #5906, #1724, #3831 ),
 .UNSPECIFIED., .F., .F.,
 ( 4, 2, 2, 4 ),
 ( 4.770489558936219510E-18, 0.0002473039788344957033, 0.0004946079576689866360, 0.0009892159153379095210 ),
 .UNSPECIFIED. ) ;
#6678 = PRODUCT_DEFINITION_SHAPE ( 'NONE', 'NONE',  #2841 ) ;
#6679 = CARTESIAN_POINT ( 'NONE',  ( -127.4911081869851159, -30.27740070772251002, -1.583430549975336277 ) ) ;
#6680 = CARTESIAN_POINT ( 'NONE',  ( -133.3690102792939740, -37.55706375573900146, -3.335756337264506932 ) ) ;
#6681 = ADVANCED_FACE ( 'NONE', ( #3691, #3734 ), #5373, .T. ) ;
#6682 = STYLED_ITEM ( 'NONE', ( #2107 ), #5250 ) ;
#6683 = ORIENTED_EDGE ( 'NONE', *, *, #6260, .T. ) ;
#6684 = CARTESIAN_POINT ( 'NONE',  ( -128.5235213996441814, -30.62553285415211946, 5.657044983151401141 ) ) ;
#6685 = DIRECTION ( 'NONE',  ( 1.000000000000000000, 0.0000000000000000000, 5.588670992193329703E-17 ) ) ;
#6686 = LINE ( 'NONE', #2038, #3706 ) ;
#6687 = ORIENTED_EDGE ( 'NONE', *, *, #2930, .F. ) ;
#6688 =( LENGTH_UNIT ( ) NAMED_UNIT ( * ) SI_UNIT ( .MILLI., .METRE. ) );
#6689 =( GEOMETRIC_REPRESENTATION_CONTEXT ( 3 ) GLOBAL_UNCERTAINTY_ASSIGNED_CONTEXT ( ( #4102 ) ) GLOBAL_UNIT_ASSIGNED_CONTEXT ( ( #4733, #3735, #4631 ) ) REPRESENTATION_CONTEXT ( 'NONE', 'WORKASPACE' ) );
#6690 = VECTOR ( 'NONE', #2301, 1000.000000000000000 ) ;
#6691 = ADVANCED_FACE ( 'NONE', ( #1680, #4830, #3764 ), #178, .F. ) ;
#6692 = SURFACE_STYLE_USAGE ( .BOTH. , #4654 ) ;
#6693 = CYLINDRICAL_SURFACE ( 'NONE', #3273, 0.6322439728138918857 ) ;
#6694 = UNCERTAINTY_MEASURE_WITH_UNIT (LENGTH_MEASURE( 1.000000000000000082E-05 ), #3494, 'distance_accuracy_value', 'NONE');
#6695 = CARTESIAN_POINT ( 'NONE',  ( -127.5381412900499498, -30.27176765627950772, 2.310852965902148171 ) ) ;
#6696 = CIRCLE ( 'NONE', #5311, 3.156496523019698852 ) ;
#6697 = SURFACE_STYLE_USAGE ( .BOTH. , #62 ) ;
#6698 = ORIENTED_EDGE ( 'NONE', *, *, #5445, .F. ) ;
#6699 = MECHANICAL_DESIGN_GEOMETRIC_PRESENTATION_REPRESENTATION (  '', ( #3712 ), #6598 ) ;
#6700 = AXIS2_PLACEMENT_3D ( 'NONE', #5249, #573, #4736 ) ;
#6701 = CARTESIAN_POINT ( 'NONE',  ( -126.9552188870532490, -30.37290601714083849, -2.952881880399823800 ) ) ;
#6702 = FACE_BOUND ( 'NONE', #2417, .T. ) ;
#6703 = CARTESIAN_POINT ( 'NONE',  ( -127.9233521597989949, -34.25397777197829896, -5.750000000000070166 ) ) ;
#6704 = AXIS2_PLACEMENT_3D ( 'NONE', #5400, #2876, #740 ) ;
#6705 = CARTESIAN_POINT ( 'NONE',  ( -128.6728439867116833, -31.18775333446138021, 5.615972769942930931 ) ) ;
#6706 = VECTOR ( 'NONE', #4408, 1000.000000000000000 ) ;
#6707 = DIRECTION ( 'NONE',  ( -1.224606353822379970E-16, 1.000000000000000000, 0.0000000000000000000 ) ) ;
#6708 = EDGE_CURVE ( 'NONE', #6454, #6491, #5427, .T. ) ;
#6709 = COLOUR_RGB ( '',0.0000000000000000000, 0.0000000000000000000, 0.0000000000000000000 ) ;
#6710 = SURFACE_STYLE_FILL_AREA ( #1559 ) ;
#6711 = CARTESIAN_POINT ( 'NONE',  ( -127.0397219427605648, -30.68827571443579671, -3.341299683009148147 ) ) ;
#6712 = CARTESIAN_POINT ( 'NONE',  ( -127.3076097856048818, -30.30152415564305457, 3.493358214576925302 ) ) ;
#6713 = EDGE_LOOP ( 'NONE', ( #5665, #789, #6564, #6421, #1472, #4427 ) ) ;
#6714 = CYLINDRICAL_SURFACE ( 'NONE', #2011, 0.6322439728138918857 ) ;
#6715 = SURFACE_SIDE_STYLE ('',( #2097 ) ) ;
#6716 =( GEOMETRIC_REPRESENTATION_CONTEXT ( 3 ) GLOBAL_UNCERTAINTY_ASSIGNED_CONTEXT ( ( #5158 ) ) GLOBAL_UNIT_ASSIGNED_CONTEXT ( ( #3227, #2071, #5383 ) ) REPRESENTATION_CONTEXT ( 'NONE', 'WORKASPACE' ) );
#6717 = NEXT_ASSEMBLY_USAGE_OCCURRENCE ( 'NAUO1', ' ', ' ', #1401, #2411, $ ) ;
#6718 = NEXT_ASSEMBLY_USAGE_OCCURRENCE ( 'NAUO2', ' ', ' ', #1401, #2841, $ ) ;
#6719 = NEXT_ASSEMBLY_USAGE_OCCURRENCE ( 'NAUO3', ' ', ' ', #1401, #2921, $ ) ;
#6720 = NEXT_ASSEMBLY_USAGE_OCCURRENCE ( 'NAUO4', ' ', ' ', #1401, #3724, $ ) ;
#6721 = NEXT_ASSEMBLY_USAGE_OCCURRENCE ( 'NAUO5', ' ', ' ', #1401, #2093, $ ) ;
#6722 = NEXT_ASSEMBLY_USAGE_OCCURRENCE ( 'NAUO6', ' ', ' ', #1401, #4909, $ ) ;
#6723 = NEXT_ASSEMBLY_USAGE_OCCURRENCE ( 'NAUO7', ' ', ' ', #1401, #5031, $ ) ;
#6724 = NEXT_ASSEMBLY_USAGE_OCCURRENCE ( 'NAUO8', ' ', ' ', #1401, #4211, $ ) ;
#6725 = NEXT_ASSEMBLY_USAGE_OCCURRENCE ( 'NAUO9', ' ', ' ', #1401, #700, $ ) ;
#6726 = NEXT_ASSEMBLY_USAGE_OCCURRENCE ( 'NAUO10', ' ', ' ', #1401, #5107, $ ) ;
ENDSEC;
END-ISO-10303-21;
