ISO-10303-21;
HEADER;
FILE_DESCRIPTION (( 'STEP AP214' ),
    '1' );
FILE_NAME ('User Library-CAPAER_D160_L250_P075_W008X030.STEP',
    '2026-07-13T19:20:07',
    ( '' ),
    ( '' ),
    'SwSTEP 2.0',
    'SolidWorks 2022',
    '' );
FILE_SCHEMA (( 'AUTOMOTIVE_DESIGN' ));
ENDSEC;

DATA;
#1 = CARTESIAN_POINT ( 'NONE',  ( 7.009999999999999787, 2.935474470611770137, 1.429177540983040284 ) ) ;
#2 = CARTESIAN_POINT ( 'NONE',  ( 7.095449838052253710, 2.429912875191955202, 1.407103219811415951 ) ) ;
#3 = CARTESIAN_POINT ( 'NONE',  ( 7.356312816649493769, 3.169347210956601213, 0.4289891341530026048 ) ) ;
#4 = SURFACE_SIDE_STYLE ('',( #1329 ) ) ;
#5 = VERTEX_POINT ( 'NONE', #1361 ) ;
#6 = FILL_AREA_STYLE ('',( #2617 ) ) ;
#7 = CARTESIAN_POINT ( 'NONE',  ( 7.600000000006192913, 1.037733946775116989, 25.01342527860985854 ) ) ;
#8 = LINE ( 'NONE', #136, #3411 ) ;
#9 = CARTESIAN_POINT ( 'NONE',  ( 7.994373021069128171, 0.3000000000000008771, 12.00666666666699989 ) ) ;
#10 = DIRECTION ( 'NONE',  ( -0.0000000000000000000, 4.440892098500999885E-16, 1.000000000000000000 ) ) ;
#11 = VERTEX_POINT ( 'NONE', #2993 ) ;
#12 = EDGE_CURVE ( 'NONE', #3786, #2080, #331, .T. ) ;
#13 = SURFACE_SIDE_STYLE ('',( #3653 ) ) ;
#14 = DIRECTION ( 'NONE',  ( 1.000000000000000000, -1.368455531567204171E-48, 1.110223024625000001E-16 ) ) ;
#15 = B_SPLINE_CURVE_WITH_KNOTS ( 'NONE', 3,
 ( #1872, #2622, #313, #4245 ),
 .UNSPECIFIED., .F., .F.,
 ( 4, 4 ),
 ( 2.465505300536223626E-17, 0.0004682407727672328835 ),
 .UNSPECIFIED. ) ;
#16 = FACE_OUTER_BOUND ( 'NONE', #1235, .T. ) ;
#17 = ORIENTED_EDGE ( 'NONE', *, *, #3412, .F. ) ;
#18 = DIRECTION ( 'NONE',  ( 0.0000000000000000000, 0.0000000000000000000, 1.000000000000000000 ) ) ;
#19 = ADVANCED_FACE ( 'NONE', ( #1653 ), #3322, .T. ) ;
#20 = ADVANCED_FACE ( 'NONE', ( #3946 ), #988, .T. ) ;
#21 = CARTESIAN_POINT ( 'NONE',  ( -7.499992332352001689, 11.13805777946253350, 1.699999999999926015 ) ) ;
#22 = CARTESIAN_POINT ( 'NONE',  ( 3.750000000000000000, 0.0000000000000000000, -3.000000000000000000 ) ) ;
#23 =( NAMED_UNIT ( * ) PLANE_ANGLE_UNIT ( ) SI_UNIT ( $, .RADIAN. ) );
#24 = FILL_AREA_STYLE ('',( #2973 ) ) ;
#25 = EDGE_LOOP ( 'NONE', ( #1405, #2686, #75, #1246 ) ) ;
#26 = ADVANCED_FACE ( 'NONE', ( #2798 ), #4102, .T. ) ;
#27 = ORIENTED_EDGE ( 'NONE', *, *, #2894, .F. ) ;
#28 = DIRECTION ( 'NONE',  ( 0.0000000000000000000, -1.110223024625000001E-16, -1.000000000000000000 ) ) ;
#29 = CARTESIAN_POINT ( 'NONE',  ( 7.426984583261198480, -3.000000000000079936, 1.210000000000001297 ) ) ;
#30 = VERTEX_POINT ( 'NONE', #1757 ) ;
#31 = CARTESIAN_POINT ( 'NONE',  ( 7.994373021069256069, -0.2999999999999979350, 18.93409326707613261 ) ) ;
#32 = ORIENTED_EDGE ( 'NONE', *, *, #3823, .F. ) ;
#33 = CARTESIAN_POINT ( 'NONE',  ( 7.009999999999999787, 3.000000000000000000, 0.1900000000000000022 ) ) ;
#34 = CARTESIAN_POINT ( 'NONE',  ( 7.426984583261025286, 2.999999999999999556, 2.189999999959062471 ) ) ;
#35 = VERTEX_POINT ( 'NONE', #1161 ) ;
#36 = SURFACE_SIDE_STYLE ('',( #2708 ) ) ;
#37 = CYLINDRICAL_SURFACE ( 'NONE', #4122, 0.2999999999999999889 ) ;
#38 = DIRECTION ( 'NONE',  ( -1.000000000000000000, 3.552713678800500929E-15, 0.0000000000000000000 ) ) ;
#39 = CARTESIAN_POINT ( 'NONE',  ( 7.500000000000000888, 15.00000000000000178, 0.1999999999999933220 ) ) ;
#40 = DIRECTION ( 'NONE',  ( -1.000000000000000000, 0.0000000000000000000, 0.0000000000000000000 ) ) ;
#41 = DIRECTION ( 'NONE',  ( 1.000000000000000000, -1.110223024625000001E-16, 1.232595164408000087E-32 ) ) ;
#42 = EDGE_LOOP ( 'NONE', ( #3542, #2720, #778, #682 ) ) ;
#43 = ADVANCED_FACE ( 'NONE', ( #2154 ), #198, .T. ) ;
#44 = VECTOR ( 'NONE', #1209, 1000.000000000000000 ) ;
#45 = PRESENTATION_LAYER_ASSIGNMENT (  '', '', ( #2727 ) ) ;
#46 = DIRECTION ( 'NONE',  ( 0.0000000000000000000, -4.440892098500999885E-16, -1.000000000000000000 ) ) ;
#47 = ORIENTED_EDGE ( 'NONE', *, *, #3182, .F. ) ;
#48 = COLOUR_RGB ( '',0.0000000000000000000, 0.0000000000000000000, 0.4980392156862745168 ) ;
#49 = EDGE_CURVE ( 'NONE', #2548, #3854, #1116, .T. ) ;
#50 = FACE_BOUND ( 'NONE', #94, .T. ) ;
#51 = VECTOR ( 'NONE', #2922, 1000.000000000000000 ) ;
#52 = VECTOR ( 'NONE', #4235, 1000.000000000000000 ) ;
#53 = FILL_AREA_STYLE ('',( #3044 ) ) ;
#54 = VERTEX_POINT ( 'NONE', #3742 ) ;
#55 = VECTOR ( 'NONE', #2824, 1000.000000000000000 ) ;
#56 = CARTESIAN_POINT ( 'NONE',  ( 0.0000000000000000000, 1.088018564133000193E-14, 24.50000000000000000 ) ) ;
#57 = VERTEX_POINT ( 'NONE', #794 ) ;
#58 = DIRECTION ( 'NONE',  ( 1.000000000000000000, 2.007850150917998815E-17, 0.0000000000000000000 ) ) ;
#59 = VECTOR ( 'NONE', #4012, 1000.000000000000000 ) ;
#60 = CARTESIAN_POINT ( 'NONE',  ( 7.009999999999999787, -2.957327358260935846, 25.01205970728410222 ) ) ;
#61 = AXIS2_PLACEMENT_3D ( 'NONE', #1678, #63, #2985 ) ;
#62 = FACE_OUTER_BOUND ( 'NONE', #3045, .T. ) ;
#63 = DIRECTION ( 'NONE',  ( 1.232595164408000087E-32, 1.000000000000000000, -1.110223024625000001E-16 ) ) ;
#64 = COLOUR_RGB ( '',0.7921568627450980005, 0.8196078431372548767, 0.9333333333333333481 ) ;
#65 = PLANE ( 'NONE',  #2319 ) ;
#66 = DIRECTION ( 'NONE',  ( 0.0000000000000000000, 0.0000000000000000000, 1.000000000000000000 ) ) ;
#67 = CARTESIAN_POINT ( 'NONE',  ( 8.005726959479124716, -0.2673955545851773308, 18.85642558234168575 ) ) ;
#68 = DIRECTION ( 'NONE',  ( -0.0000000000000000000, -0.0000000000000000000, -1.000000000000000000 ) ) ;
#69 = ORIENTED_EDGE ( 'NONE', *, *, #2046, .F. ) ;
#70 = FACE_OUTER_BOUND ( 'NONE', #25, .T. ) ;
#71 = EDGE_CURVE ( 'NONE', #1172, #4156, #4093, .T. ) ;
#72 = CARTESIAN_POINT ( 'NONE',  ( 7.847642852567140004, -4.231504614206165610E-16, 24.97244391275456010 ) ) ;
#73 = VECTOR ( 'NONE', #1717, 1000.000000000000000 ) ;
#74 =( LENGTH_UNIT ( ) NAMED_UNIT ( * ) SI_UNIT ( .MILLI., .METRE. ) );
#75 = ORIENTED_EDGE ( 'NONE', *, *, #1549, .F. ) ;
#76 = CARTESIAN_POINT ( 'NONE',  ( 7.994373021069128171, 0.3000000000000014322, 19.01333333333300146 ) ) ;
#77 = ORIENTED_EDGE ( 'NONE', *, *, #4154, .T. ) ;
#78 = LINE ( 'NONE', #2003, #3489 ) ;
#79 = CARTESIAN_POINT ( 'NONE',  ( 7.426984583261113215, -3.000000000000000000, 20.41333333333599853 ) ) ;
#80 = CARTESIAN_POINT ( 'NONE',  ( 7.009999999999998010, -2.666554556190331660, 1.741639899273227376 ) ) ;
#81 = EDGE_CURVE ( 'NONE', #2957, #2438, #3475, .T. ) ;
#82 = DIRECTION ( 'NONE',  ( 0.0000000000000000000, 0.7071067811860475283, -0.7071067811870475062 ) ) ;
#83 = CYLINDRICAL_SURFACE ( 'NONE', #2814, 7.599999999999999645 ) ;
#84 = DIRECTION ( 'NONE',  ( 1.000000000000000000, -1.110223024625000001E-16, 1.232595164408000087E-32 ) ) ;
#85 = CARTESIAN_POINT ( 'NONE',  ( 7.416198487095683411, -2.999999999999938272, 24.50000000000000000 ) ) ;
#86 = CARTESIAN_POINT ( 'NONE',  ( 0.0000000000000000000, 5.373479439429203918E-16, 1.210000000054874736 ) ) ;
#87 = DIRECTION ( 'NONE',  ( 1.000000000000000000, 5.551115123127340702E-17, 5.551115123119490920E-17 ) ) ;
#88 = CARTESIAN_POINT ( 'NONE',  ( 7.426984583261000417, 3.000000000000000000, 20.41333333333599853 ) ) ;
#89 = CARTESIAN_POINT ( 'NONE',  ( 7.009999999999879883, -2.935966621063951010, 25.10000000000000142 ) ) ;
#90 = ORIENTED_EDGE ( 'NONE', *, *, #4165, .F. ) ;
#91 = SURFACE_STYLE_USAGE ( .BOTH. , #1722 ) ;
#92 = ORIENTED_EDGE ( 'NONE', *, *, #1013, .T. ) ;
#93 = DIRECTION ( 'NONE',  ( -0.0000000000000000000, 4.440892098500999885E-16, 1.000000000000000000 ) ) ;
#94 = EDGE_LOOP ( 'NONE', ( #2974, #1629 ) ) ;
#95 = PRESENTATION_STYLE_ASSIGNMENT (( #3047 ) ) ;
#96 = EDGE_CURVE ( 'NONE', #1385, #3943, #218, .T. ) ;
#97 =( BOUNDED_SURFACE ( )  B_SPLINE_SURFACE ( 3, 3, ( 
 ( #3955, #2312, #2666, #1022 ),
 ( #2024, #3332, #378, #3003 ),
 ( #2042, #4152, #2750, #3112 ),
 ( #2770, #867, #1477, #3734 ) ),
 .UNSPECIFIED., .F., .F., .T. ) 
 B_SPLINE_SURFACE_WITH_KNOTS ( ( 4, 4 ),
 ( 4, 4 ),
 ( 0.0000000000000000000, 1.000000000000000000 ),
 ( 0.0000000000000000000, 1.000000000000000000 ),
 .UNSPECIFIED. ) 
 GEOMETRIC_REPRESENTATION_ITEM ( )  RATIONAL_B_SPLINE_SURFACE ( (
 ( 1.000000000000000000, 0.3333333333333334259, 0.3333333333333334259, 1.000000000000000000),
 ( 0.8047378541243649375, 0.2682459513747884050, 0.2682459513747884050, 0.8047378541243649375),
 ( 0.8047378541243649375, 0.2682459513747884050, 0.2682459513747884050, 0.8047378541243649375),
 ( 1.000000000000000000, 0.3333333333333334259, 0.3333333333333334259, 1.000000000000000000) ) ) 
 REPRESENTATION_ITEM ( '' )  SURFACE ( )  );
#98 = UNCERTAINTY_MEASURE_WITH_UNIT (LENGTH_MEASURE( 1.000000000000000082E-05 ), #659, 'distance_accuracy_value', 'NONE');
#99 = CARTESIAN_POINT ( 'NONE',  ( 7.009999999999998899, -2.722340768336116046, 1.736744068598965685 ) ) ;
#100 = FACE_OUTER_BOUND ( 'NONE', #3583, .T. ) ;
#101 = ADVANCED_FACE ( 'NONE', ( #2546, #1900, #3215 ), #586, .T. ) ;
#102 = CARTESIAN_POINT ( 'NONE',  ( 7.372525351238204294, -3.000000000000000444, 24.72596369413702533 ) ) ;
#103 = CARTESIAN_POINT ( 'NONE',  ( 8.004380050947105474, 0.3000000000000023204, 19.01333333333300146 ) ) ;
#104 = DIRECTION ( 'NONE',  ( -0.0000000000000000000, -4.440892098500999885E-16, -1.000000000000000000 ) ) ;
#105 = B_SPLINE_CURVE_WITH_KNOTS ( 'NONE', 3,
 ( #2892, #4214, #286, #1625, #648, #2261, #1249, #3923, #631, #4252 ),
 .UNSPECIFIED., .F., .F.,
 ( 4, 2, 2, 2, 4 ),
 ( 1.742330095302998896E-18, 0.0002343445090011649925, 0.0004686890180023282502, 0.0007030335270034914538, 0.0009373780360046547657 ),
 .UNSPECIFIED. ) ;
#106 = LINE ( 'NONE', #1403, #2953 ) ;
#107 =( LENGTH_UNIT ( ) NAMED_UNIT ( * ) SI_UNIT ( .MILLI., .METRE. ) );
#108 = VERTEX_POINT ( 'NONE', #2416 ) ;
#109 = CYLINDRICAL_SURFACE ( 'NONE', #3685, 0.4000000000000001887 ) ;
#110 = LINE ( 'NONE', #2517, #1347 ) ;
#111 = MECHANICAL_DESIGN_GEOMETRIC_PRESENTATION_REPRESENTATION (  '', ( #4250 ), #1344 ) ;
#112 = CIRCLE ( 'NONE', #3479, 0.4000000000000001887 ) ;
#113 = ORIENTED_EDGE ( 'NONE', *, *, #1930, .F. ) ;
#114 = DIRECTION ( 'NONE',  ( 0.0000000000000000000, -4.440892098500999885E-16, -1.000000000000000000 ) ) ;
#115 = ORIENTED_EDGE ( 'NONE', *, *, #3582, .F. ) ;
#116 = PRESENTATION_STYLE_ASSIGNMENT (( #179 ) ) ;
#117 = CARTESIAN_POINT ( 'NONE',  ( 7.009999999999998899, -2.757000067145223277, 1.879943240610571831 ) ) ;
#118 = STYLED_ITEM ( 'NONE', ( #95 ), #3652 ) ;
#119 = EDGE_CURVE ( 'NONE', #3943, #1853, #3476, .T. ) ;
#120 = CIRCLE ( 'NONE', #457, 8.009999999999999787 ) ;
#121 = AXIS2_PLACEMENT_3D ( 'NONE', #2858, #2193, #555 ) ;
#122 =( BOUNDED_SURFACE ( )  B_SPLINE_SURFACE ( 3, 3, ( 
 ( #600, #4271, #1964, #344 ),
 ( #3270, #4247, #301, #1304 ),
 ( #3918, #1262, #2625, #1920 ),
 ( #255, #2886, #315, #2253 ),
 ( #978, #1281, #2607, #1581 ),
 ( #1640, #625, #3236, #3631 ),
 ( #1244, #935, #2314, #3935 ) ),
 .UNSPECIFIED., .F., .F., .F. ) 
 B_SPLINE_SURFACE_WITH_KNOTS ( ( 4, 3, 4 ),
 ( 4, 4 ),
 ( 0.0000000000000000000, 0.5000000000000000000, 1.000000000000000000 ),
 ( 0.0000000000000000000, 1.000000000000000000 ),
 .UNSPECIFIED. ) 
 GEOMETRIC_REPRESENTATION_ITEM ( )  RATIONAL_B_SPLINE_SURFACE ( (
 ( 1.000000000000000000, 0.9862568635146077289, 0.9862568635146077289, 1.000000000000000000),
 ( 0.8025076213743942422, 0.7914786496032784058, 0.7914786496032784058, 0.8025076213743942422),
 ( 0.8025076213743942422, 0.7914786496032784058, 0.7914786496032784058, 0.8025076213743942422),
 ( 1.000000000000000000, 0.9862568635146077289, 0.9862568635146077289, 1.000000000000000000),
 ( 0.8025076213743942422, 0.7914786496032784058, 0.7914786496032784058, 0.8025076213743942422),
 ( 0.8025076213743942422, 0.7914786496032784058, 0.7914786496032784058, 0.8025076213743942422),
 ( 1.000000000000000000, 0.9862568635146077289, 0.9862568635146077289, 1.000000000000000000) ) ) 
 REPRESENTATION_ITEM ( '' )  SURFACE ( )  );
#123 = MECHANICAL_DESIGN_GEOMETRIC_PRESENTATION_REPRESENTATION (  '', ( #1719 ), #3634 ) ;
#124 = AXIS2_PLACEMENT_3D ( 'NONE', #729, #68, #40 ) ;
#125 = CARTESIAN_POINT ( 'NONE',  ( 3.750000000000000000, 0.0000000000000000000, 0.4000000000000000222 ) ) ;
#126 = DIRECTION ( 'NONE',  ( 0.0000000000000000000, 1.110223024625000001E-16, 1.000000000000000000 ) ) ;
#127 = CARTESIAN_POINT ( 'NONE',  ( 7.426984583261114103, -3.000000000000000000, 6.000000000002999379 ) ) ;
#128 = ADVANCED_FACE ( 'NONE', ( #812 ), #2165, .T. ) ;
#129 = CARTESIAN_POINT ( 'NONE',  ( 8.009999999999999787, 1.822738672605584255E-15, 2.999999999999376499 ) ) ;
#130 = VECTOR ( 'NONE', #3092, 1000.000000000000000 ) ;
#131 = CARTESIAN_POINT ( 'NONE',  ( 0.0000000000000000000, 1.088018564133000193E-14, 24.50000000000000000 ) ) ;
#132 =( NAMED_UNIT ( * ) SI_UNIT ( $, .STERADIAN. ) SOLID_ANGLE_UNIT ( ) );
#133 = CARTESIAN_POINT ( 'NONE',  ( 0.2000000000000000111, 0.1999999999999996503, 25.00000000000000000 ) ) ;
#134 = CARTESIAN_POINT ( 'NONE',  ( 7.009999999999999787, -3.000000000000000000, 25.01999999999999957 ) ) ;
#135 = ORIENTED_EDGE ( 'NONE', *, *, #2362, .T. ) ;
#136 = CARTESIAN_POINT ( 'NONE',  ( 3.750000000000000000, 1.000000000000000000, 0.0000000000000000000 ) ) ;
#137 = B_SPLINE_CURVE_WITH_KNOTS ( 'NONE', 3,
 ( #789, #3392, #2104, #1507, #3437, #4095 ),
 .UNSPECIFIED., .F., .F.,
 ( 4, 2, 4 ),
 ( 3.576224061345498009E-18, 0.0003391503965455285952, 0.0006783007930910536125 ),
 .UNSPECIFIED. ) ;
#138 = ORIENTED_EDGE ( 'NONE', *, *, #2655, .F. ) ;
#139 = DIRECTION ( 'NONE',  ( 1.000000000000000000, -1.232595164408000087E-32, 1.368455531567199005E-48 ) ) ;
#140 = EDGE_LOOP ( 'NONE', ( #1442, #3732, #1597, #3665 ) ) ;
#141 = PLANE ( 'NONE',  #1284 ) ;
#142 = SURFACE_STYLE_USAGE ( .BOTH. , #3129 ) ;
#143 = CARTESIAN_POINT ( 'NONE',  ( 7.789067973218442020, -2.164887272413464903, 0.4289891341530041591 ) ) ;
#144 = DIRECTION ( 'NONE',  ( -0.0000000000000000000, -4.414251702295102433E-16, -1.000000000000000000 ) ) ;
#145 = VERTEX_POINT ( 'NONE', #464 ) ;
#146 = CARTESIAN_POINT ( 'NONE',  ( -7.792893218813452982, 8.816708253288119536E-16, 0.2000000000000000111 ) ) ;
#147 = EDGE_CURVE ( 'NONE', #2503, #2948, #137, .T. ) ;
#148 = CARTESIAN_POINT ( 'NONE',  ( 7.416198487095812197, 2.999999999999941824, 6.000000000003561595 ) ) ;
#149 = CARTESIAN_POINT ( 'NONE',  ( 7.010000000000019327, 2.999999999999999112, 0.2013746472038723534 ) ) ;
#150 = SURFACE_STYLE_FILL_AREA ( #3461 ) ;
#151 = CARTESIAN_POINT ( 'NONE',  ( 7.010000000000256470, 2.681663122799839094, 1.781335281564941697 ) ) ;
#152 = EDGE_CURVE ( 'NONE', #3097, #3971, #267, .T. ) ;
#153 = FACE_OUTER_BOUND ( 'NONE', #2009, .T. ) ;
#154 = VERTEX_POINT ( 'NONE', #148 ) ;
#155 = FILL_AREA_STYLE_COLOUR ( '', #3220 ) ;
#156 = ADVANCED_FACE ( 'NONE', ( #2510 ), #2147, .T. ) ;
#157 = ORIENTED_EDGE ( 'NONE', *, *, #3866, .T. ) ;
#158 = VERTEX_POINT ( 'NONE', #916 ) ;
#159 = CARTESIAN_POINT ( 'NONE',  ( -3.350000000000000089, 0.0000000000000000000, -3.000000000000000000 ) ) ;
#160 = SURFACE_STYLE_FILL_AREA ( #455 ) ;
#161 = DIRECTION ( 'NONE',  ( -1.000000000000000000, -5.551115123127340702E-17, -5.551115123119490920E-17 ) ) ;
#162 = FACE_OUTER_BOUND ( 'NONE', #3953, .T. ) ;
#163 = EDGE_LOOP ( 'NONE', ( #3937, #589, #512, #2002 ) ) ;
#164 = CARTESIAN_POINT ( 'NONE',  ( 7.499999999999996447, -14.99999999999999822, 0.2000000000000066447 ) ) ;
#165 = CARTESIAN_POINT ( 'NONE',  ( 8.000000000000039080, 1.031419978906768620, 4.431419978908226476 ) ) ;
#166 = PLANE ( 'NONE',  #121 ) ;
#167 = SURFACE_SIDE_STYLE ('',( #490 ) ) ;
#168 = SURFACE_SIDE_STYLE ('',( #3167 ) ) ;
#169 = LINE ( 'NONE', #1838, #1141 ) ;
#170 = DIRECTION ( 'NONE',  ( -1.000000000000000000, 0.0000000000000000000, 0.0000000000000000000 ) ) ;
#171 = DIRECTION ( 'NONE',  ( 0.0000000000000000000, -4.440892098500999885E-16, -1.000000000000000000 ) ) ;
#172 = ADVANCED_FACE ( 'NONE', ( #3850 ), #1873, .T. ) ;
#173 = ORIENTED_EDGE ( 'NONE', *, *, #593, .F. ) ;
#174 = B_SPLINE_CURVE_WITH_KNOTS ( 'NONE', 3,
 ( #2067, #2372, #1060, #663, #1729, #1322, #99, #1982, #2966, #1748, #3359, #3296, #345, #362 ),
 .UNSPECIFIED., .F., .F.,
 ( 4, 2, 2, 2, 2, 2, 4 ),
 ( 6.254634441385501517E-18, 0.0002130884432963467098, 0.0003196326649445164190, 0.0004261768865926862096, 0.0005327211082408560543, 0.0006392653298890256823, 0.0008523537731853652634 ),
 .UNSPECIFIED. ) ;
#175 = SURFACE_STYLE_FILL_AREA ( #514 ) ;
#176 = STYLED_ITEM ( 'NONE', ( #253 ), #201 ) ;
#177 = ORIENTED_EDGE ( 'NONE', *, *, #3522, .F. ) ;
#178 = ADVANCED_FACE ( 'NONE', ( #372 ), #2630, .F. ) ;
#179 = SURFACE_STYLE_USAGE ( .BOTH. , #3127 ) ;
#180 = B_SPLINE_CURVE_WITH_KNOTS ( 'NONE', 3,
 ( #2428, #3427, #3745, #1075, #798, #2077 ),
 .UNSPECIFIED., .F., .F.,
 ( 4, 2, 4 ),
 ( 2.110382192020081086E-17, 0.0003419480815749670094, 0.0006838961631499129853 ),
 .UNSPECIFIED. ) ;
#181 = UNCERTAINTY_MEASURE_WITH_UNIT (LENGTH_MEASURE( 1.000000000000000082E-05 ), #644, 'distance_accuracy_value', 'NONE');
#182 = STYLED_ITEM ( 'NONE', ( #2269 ), #1173 ) ;
#183 = LINE ( 'NONE', #1478, #1847 ) ;
#184 = EDGE_LOOP ( 'NONE', ( #115, #1912, #1164, #2501, #2992 ) ) ;
#185 = VECTOR ( 'NONE', #4000, 1000.000000000000000 ) ;
#186 = CARTESIAN_POINT ( 'NONE',  ( 0.2000000000000000111, -6.799999999999999822, 24.89999999999999858 ) ) ;
#187 = PRESENTATION_STYLE_ASSIGNMENT (( #2774 ) ) ;
#188 = PRESENTATION_LAYER_ASSIGNMENT (  '', '', ( #397 ) ) ;
#189 = STYLED_ITEM ( 'NONE', ( #1288 ), #628 ) ;
#190 = CARTESIAN_POINT ( 'NONE',  ( 7.123335240446517780, 2.999999999999998224, 0.2242251776114440875 ) ) ;
#191 =( LENGTH_UNIT ( ) NAMED_UNIT ( * ) SI_UNIT ( .MILLI., .METRE. ) );
#192 = CARTESIAN_POINT ( 'NONE',  ( 8.004380050947105474, 0.3000000000000008771, 5.000000000000000888 ) ) ;
#193 = CARTESIAN_POINT ( 'NONE',  ( 7.009999999999775078, 2.999999999999999556, 1.369311430059784618 ) ) ;
#194 =( GEOMETRIC_REPRESENTATION_CONTEXT ( 3 ) GLOBAL_UNCERTAINTY_ASSIGNED_CONTEXT ( ( #2159 ) ) GLOBAL_UNIT_ASSIGNED_CONTEXT ( ( #2518, #1183, #3442 ) ) REPRESENTATION_CONTEXT ( 'NONE', 'WORKASPACE' ) );
#195 = MECHANICAL_DESIGN_GEOMETRIC_PRESENTATION_REPRESENTATION (  '', ( #3630 ), #1082 ) ;
#196 = DIRECTION ( 'NONE',  ( 0.0000000000000000000, 0.0000000000000000000, 1.000000000000000000 ) ) ;
#197 = AXIS2_PLACEMENT_3D ( 'NONE', #974, #10, #1034 ) ;
#198 = CYLINDRICAL_SURFACE ( 'NONE', #3611, 8.000000000000000000 ) ;
#199 = ORIENTED_EDGE ( 'NONE', *, *, #3582, .T. ) ;
#200 = PRESENTATION_LAYER_ASSIGNMENT (  '', '', ( #3091 ) ) ;
#201 = ADVANCED_FACE ( 'NONE', ( #50, #2303, #1367, #3282 ), #3510, .T. ) ;
#202 =( NAMED_UNIT ( * ) SI_UNIT ( $, .STERADIAN. ) SOLID_ANGLE_UNIT ( ) );
#203 = VERTEX_POINT ( 'NONE', #2230 ) ;
#204 = ORIENTED_EDGE ( 'NONE', *, *, #3444, .T. ) ;
#205 =( NAMED_UNIT ( * ) PLANE_ANGLE_UNIT ( ) SI_UNIT ( $, .RADIAN. ) );
#206 = EDGE_CURVE ( 'NONE', #2393, #4174, #3998, .T. ) ;
#207 = EDGE_CURVE ( 'NONE', #2716, #3979, #8, .T. ) ;
#208 = CARTESIAN_POINT ( 'NONE',  ( 7.268714259673895839, -2.999999999999998224, 1.209997803798196214 ) ) ;
#209 = CARTESIAN_POINT ( 'NONE',  ( 8.008654079674665027, 0.1569077015086318139, 11.73927105822912687 ) ) ;
#210 = ORIENTED_EDGE ( 'NONE', *, *, #119, .F. ) ;
#211 = CARTESIAN_POINT ( 'NONE',  ( 3.750000000000000000, 0.0000000000000000000, 0.4000000000000000222 ) ) ;
#212 =( NAMED_UNIT ( * ) SI_UNIT ( $, .STERADIAN. ) SOLID_ANGLE_UNIT ( ) );
#213 = EDGE_CURVE ( 'NONE', #2300, #1383, #718, .T. ) ;
#214 = CARTESIAN_POINT ( 'NONE',  ( 8.009999999999999787, 0.3000000000000004885, 5.000000000000000000 ) ) ;
#215 = CARTESIAN_POINT ( 'NONE',  ( 7.426984583261242001, 3.000000000000000000, 6.000000000003620215 ) ) ;
#216 = CARTESIAN_POINT ( 'NONE',  ( 7.416198487095688741, 2.999999999999941824, 13.00666666666894145 ) ) ;
#217 = DIRECTION ( 'NONE',  ( -0.0000000000000000000, -0.0000000000000000000, -1.000000000000000000 ) ) ;
#218 = LINE ( 'NONE', #1535, #3212 ) ;
#219 = CARTESIAN_POINT ( 'NONE',  ( 8.004380050947105474, 0.3000000000000023204, 9.006666666666999888 ) ) ;
#220 = VERTEX_POINT ( 'NONE', #1098 ) ;
#221 = ORIENTED_EDGE ( 'NONE', *, *, #1303, .F. ) ;
#222 = CARTESIAN_POINT ( 'NONE',  ( 7.009999999999999787, 3.000000000000014655, 1.396925524576030808 ) ) ;
#223 = UNCERTAINTY_MEASURE_WITH_UNIT (LENGTH_MEASURE( 1.000000000000000082E-05 ), #1196, 'distance_accuracy_value', 'NONE');
#224 = DIRECTION ( 'NONE',  ( -1.000000000000000000, 0.0000000000000000000, 0.0000000000000000000 ) ) ;
#225 = LINE ( 'NONE', #1543, #3144 ) ;
#226 = CARTESIAN_POINT ( 'NONE',  ( 7.994373021069128171, -0.2999999999999981015, 23.01999999999999957 ) ) ;
#227 = ORIENTED_EDGE ( 'NONE', *, *, #2011, .F. ) ;
#228 = EDGE_CURVE ( 'NONE', #1923, #4092, #477, .T. ) ;
#229 = LINE ( 'NONE', #3531, #601 ) ;
#230 = CARTESIAN_POINT ( 'NONE',  ( 7.356312816649334785, -3.169347210956539929, 2.189999999945126508 ) ) ;
#231 =( NAMED_UNIT ( * ) PLANE_ANGLE_UNIT ( ) SI_UNIT ( $, .RADIAN. ) );
#232 = APPLICATION_PROTOCOL_DEFINITION ( 'draft international standard', 'automotive_design', 1998, #3933 ) ;
#233 = CARTESIAN_POINT ( 'NONE',  ( -8.000000000000010658, 16.00000000000003908, 24.49999999999999645 ) ) ;
#234 = CARTESIAN_POINT ( 'NONE',  ( 7.009999999999997122, 2.681828650183343044, 1.618178881597991614 ) ) ;
#235 = EDGE_CURVE ( 'NONE', #30, #1337, #779, .T. ) ;
#236 =( BOUNDED_CURVE ( )  B_SPLINE_CURVE ( 3, ( #493, #4080, #3120, #2110 ),
 .UNSPECIFIED., .F., .T. ) 
 B_SPLINE_CURVE_WITH_KNOTS ( ( 4, 4 ),
 ( 1.570796326794934972, 1.955193101290526814 ),
 .UNSPECIFIED. ) 
 CURVE ( )  GEOMETRIC_REPRESENTATION_ITEM ( )  RATIONAL_B_SPLINE_CURVE ( ( 1.000000000000000000, 0.9877244516659869911, 0.9877244516659869911, 1.000000000000000000 ) ) 
 REPRESENTATION_ITEM ( '' )  );
#237 = CARTESIAN_POINT ( 'NONE',  ( 7.010000000000000675, 2.957327358266181871, 25.01205970728371497 ) ) ;
#238 = CARTESIAN_POINT ( 'NONE',  ( 7.600000000000051159, 2.508076937734885288E-16, 0.2101020514433748765 ) ) ;
#239 = CARTESIAN_POINT ( 'NONE',  ( 7.009999999999998899, -3.000000000000012434, 0.2013746472038706603 ) ) ;
#240 = FILL_AREA_STYLE_COLOUR ( '', #2237 ) ;
#241 = SURFACE_STYLE_FILL_AREA ( #1536 ) ;
#242 = EDGE_LOOP ( 'NONE', ( #3672, #204, #3192, #3171, #4259, #3880, #2035, #2337 ) ) ;
#243 = ORIENTED_EDGE ( 'NONE', *, *, #2178, .F. ) ;
#244 = EDGE_LOOP ( 'NONE', ( #2140, #2627, #3309, #1455 ) ) ;
#245 = DIRECTION ( 'NONE',  ( -1.000000000000000000, -5.551115123127340702E-17, -5.551115123119490920E-17 ) ) ;
#246 = SURFACE_STYLE_USAGE ( .BOTH. , #3263 ) ;
#247 = CARTESIAN_POINT ( 'NONE',  ( 0.0000000000000000000, -6.799999999999999822, 25.00000000000000355 ) ) ;
#248 = CARTESIAN_POINT ( 'NONE',  ( 8.000000000000000000, 4.078621982446799257E-15, 17.01333333333237974 ) ) ;
#249 = ORIENTED_EDGE ( 'NONE', *, *, #3150, .T. ) ;
#250 = CARTESIAN_POINT ( 'NONE',  ( 7.426984583261000417, 3.000000000000000000, 13.40666666666900042 ) ) ;
#251 = VECTOR ( 'NONE', #1342, 1000.000000000000000 ) ;
#252 = STYLED_ITEM ( 'NONE', ( #2815 ), #156 ) ;
#253 = PRESENTATION_STYLE_ASSIGNMENT (( #3617 ) ) ;
#254 = ADVANCED_FACE ( 'NONE', ( #422 ), #1053, .T. ) ;
#255 = CARTESIAN_POINT ( 'NONE',  ( 7.520014429427299696, 1.111387815337845755E-15, 1.704618116830066921 ) ) ;
#256 = VECTOR ( 'NONE', #2969, 1000.000000000000000 ) ;
#257 = FACE_OUTER_BOUND ( 'NONE', #242, .T. ) ;
#258 = VERTEX_POINT ( 'NONE', #4085 ) ;
#259 = VECTOR ( 'NONE', #1194, 1000.000000000000000 ) ;
#260 = EDGE_CURVE ( 'NONE', #3225, #2305, #4040, .T. ) ;
#261 = CARTESIAN_POINT ( 'NONE',  ( -8.000000000000314415, -11.88060711093561217, 1.200000000058797589 ) ) ;
#262 = DIRECTION ( 'NONE',  ( -0.0000000000000000000, 4.440892098500999885E-16, 1.000000000000000000 ) ) ;
#263 = VECTOR ( 'NONE', #1238, 1000.000000000000000 ) ;
#264 = CARTESIAN_POINT ( 'NONE',  ( 7.500000000000000000, 2.442490654175000446E-16, 0.1999999999999999833 ) ) ;
#265 =( GEOMETRIC_REPRESENTATION_CONTEXT ( 3 ) GLOBAL_UNCERTAINTY_ASSIGNED_CONTEXT ( ( #1393 ) ) GLOBAL_UNIT_ASSIGNED_CONTEXT ( ( #3269, #2276, #2539 ) ) REPRESENTATION_CONTEXT ( 'NONE', 'WORKASPACE' ) );
#266 = ORIENTED_EDGE ( 'NONE', *, *, #3710, .T. ) ;
#267 =( BOUNDED_CURVE ( )  B_SPLINE_CURVE ( 3, ( #2441, #3815, #165, #1481 ),
 .UNSPECIFIED., .F., .T. ) 
 B_SPLINE_CURVE_WITH_KNOTS ( ( 4, 4 ),
 ( 4.327992205889101385, 4.712388980384728754 ),
 .UNSPECIFIED. ) 
 CURVE ( )  GEOMETRIC_REPRESENTATION_ITEM ( )  RATIONAL_B_SPLINE_CURVE ( ( 1.000000000000000000, 0.9877244516659847706, 0.9877244516659847706, 1.000000000000000000 ) ) 
 REPRESENTATION_ITEM ( '' )  );
#268 = VECTOR ( 'NONE', #3606, 1000.000000000000000 ) ;
#269 = FILL_AREA_STYLE ('',( #588 ) ) ;
#270 = ORIENTED_EDGE ( 'NONE', *, *, #1157, .F. ) ;
#271 = ORIENTED_EDGE ( 'NONE', *, *, #1410, .F. ) ;
#272 = AXIS2_PLACEMENT_3D ( 'NONE', #1247, #2949, #4273 ) ;
#273 = CARTESIAN_POINT ( 'NONE',  ( 7.802980979185919708, 2.043848089108248445, 19.45718142244413684 ) ) ;
#274 = CARTESIAN_POINT ( 'NONE',  ( 7.994373021069128171, -0.2999999999999991562, 19.01333333333300146 ) ) ;
#275 = AXIS2_PLACEMENT_3D ( 'NONE', #646, #4229, #318 ) ;
#276 = LINE ( 'NONE', #1544, #2464 ) ;
#277 = VERTEX_POINT ( 'NONE', #3025 ) ;
#278 = DIRECTION ( 'NONE',  ( -0.0000000000000000000, -1.110223024625000001E-16, -1.000000000000000000 ) ) ;
#279 = STYLED_ITEM ( 'NONE', ( #3009 ), #3216 ) ;
#280 = SURFACE_STYLE_FILL_AREA ( #3251 ) ;
#281 = DIRECTION ( 'NONE',  ( 0.0000000000000000000, 1.000000000000000000, -4.414251702295102433E-16 ) ) ;
#282 = B_SPLINE_CURVE_WITH_KNOTS ( 'NONE', 3,
 ( #1086, #525, #1852, #209, #3867, #2508, #1870, #913, #1940, #2852 ),
 .UNSPECIFIED., .F., .F.,
 ( 4, 2, 2, 2, 4 ),
 ( -0.0004686881403300347383, -0.0002343439406643384713, 2.590013577956698509E-10, 0.0002343444586670540898, 0.0004686886583327505465 ),
 .UNSPECIFIED. ) ;
#283 = SURFACE_SIDE_STYLE ('',( #4209 ) ) ;
#284 = VERTEX_POINT ( 'NONE', #1118 ) ;
#285 = CARTESIAN_POINT ( 'NONE',  ( -7.499992332352000801, 6.018201970307211913E-16, 1.699999999999930900 ) ) ;
#286 = CARTESIAN_POINT ( 'NONE',  ( 7.995717619699377998, -0.2675069056202885598, 11.84994879753662822 ) ) ;
#287 =( NAMED_UNIT ( * ) PLANE_ANGLE_UNIT ( ) SI_UNIT ( $, .RADIAN. ) );
#288 = EDGE_CURVE ( 'NONE', #3925, #1520, #180, .T. ) ;
#289 = ORIENTED_EDGE ( 'NONE', *, *, #1007, .T. ) ;
#290 = EDGE_CURVE ( 'NONE', #3161, #908, #1703, .T. ) ;
#291 = VERTEX_POINT ( 'NONE', #1759 ) ;
#292 = ORIENTED_EDGE ( 'NONE', *, *, #2033, .T. ) ;
#293 = DIRECTION ( 'NONE',  ( -0.0000000000000000000, -1.000000000000000000, 0.0000000000000000000 ) ) ;
#294 = EDGE_CURVE ( 'NONE', #2618, #2157, #112, .T. ) ;
#295 = DIRECTION ( 'NONE',  ( -0.0000000000000000000, 4.440892098500999885E-16, 1.000000000000000000 ) ) ;
#296 = CARTESIAN_POINT ( 'NONE',  ( 6.799999999999999822, -0.1999999999630000247, 25.00000000000000000 ) ) ;
#297 = CARTESIAN_POINT ( 'NONE',  ( 7.999999999999998224, 0.07923997768336227265, 23.31999999999999318 ) ) ;
#298 = ORIENTED_EDGE ( 'NONE', *, *, #3425, .T. ) ;
#299 = CARTESIAN_POINT ( 'NONE',  ( 3.750000000000000000, 0.0000000000000000000, -3.000000000000000000 ) ) ;
#300 = CARTESIAN_POINT ( 'NONE',  ( 3.750000000000000000, 0.0000000000000000000, 0.4000000000000000222 ) ) ;
#301 = CARTESIAN_POINT ( 'NONE',  ( 7.507855989262525398, 2.086727440324501082, 1.209995672082792906 ) ) ;
#302 = ORIENTED_EDGE ( 'NONE', *, *, #1278, .F. ) ;
#303 =( NAMED_UNIT ( * ) SI_UNIT ( $, .STERADIAN. ) SOLID_ANGLE_UNIT ( ) );
#304 = CARTESIAN_POINT ( 'NONE',  ( 3.486844815057418057, -12.96719435034771983, 1.992896780188449846 ) ) ;
#305 = DIRECTION ( 'NONE',  ( 8.881784197001252323E-16, 1.000000000000000000, -4.336808689942017736E-16 ) ) ;
#306 = FILL_AREA_STYLE_COLOUR ( '', #3574 ) ;
#307 = VERTEX_POINT ( 'NONE', #4063 ) ;
#308 = SURFACE_STYLE_FILL_AREA ( #6 ) ;
#309 = ADVANCED_FACE ( 'NONE', ( #1473 ), #109, .T. ) ;
#310 = VERTEX_POINT ( 'NONE', #1163 ) ;
#311 = ORIENTED_EDGE ( 'NONE', *, *, #1614, .T. ) ;
#312 = ORIENTED_EDGE ( 'NONE', *, *, #3159, .F. ) ;
#313 = CARTESIAN_POINT ( 'NONE',  ( 7.268714259673954459, -2.999999999999996891, 2.190002196201806584 ) ) ;
#314 =( NAMED_UNIT ( * ) PLANE_ANGLE_UNIT ( ) SI_UNIT ( $, .RADIAN. ) );
#315 = CARTESIAN_POINT ( 'NONE',  ( 7.312597197302464380, 2.032457369117702140, 1.704618116830066255 ) ) ;
#316 = PRESENTATION_STYLE_ASSIGNMENT (( #2626 ) ) ;
#317 = ORIENTED_EDGE ( 'NONE', *, *, #3064, .T. ) ;
#318 = DIRECTION ( 'NONE',  ( 1.000000000000000000, 5.329070518200752183E-15, 0.0000000000000000000 ) ) ;
#319 = STYLED_ITEM ( 'NONE', ( #760 ), #43 ) ;
#320 = CARTESIAN_POINT ( 'NONE',  ( 7.009999999999999787, 2.721996047802797136, 1.664959497513136988 ) ) ;
#321 = AXIS2_PLACEMENT_3D ( 'NONE', #2006, #3390, #2644 ) ;
#322 = COLOUR_RGB ( '',0.8000000000000000444, 0.8000000000000000444, 0.8000000000000000444 ) ;
#323 = CARTESIAN_POINT ( 'NONE',  ( 8.004380050947105474, -0.2999999999999987121, 23.01999999999999957 ) ) ;
#324 = CARTESIAN_POINT ( 'NONE',  ( 7.010000000000000675, -2.999999999999980016, 0.2158681941951924033 ) ) ;
#325 = FILL_AREA_STYLE ('',( #306 ) ) ;
#326 = STYLED_ITEM ( 'NONE', ( #4027 ), #3239 ) ;
#327 = EDGE_LOOP ( 'NONE', ( #77, #1068 ) ) ;
#328 = VECTOR ( 'NONE', #2544, 1000.000000000000000 ) ;
#329 = COLOUR_RGB ( '',0.1254901960784313708, 0.1254901960784313708, 0.1254901960784313708 ) ;
#330 = VECTOR ( 'NONE', #4242, 1000.000000000000000 ) ;
#331 = LINE ( 'NONE', #2682, #73 ) ;
#332 = ORIENTED_EDGE ( 'NONE', *, *, #3022, .T. ) ;
#333 = EDGE_CURVE ( 'NONE', #1103, #3097, #2502, .T. ) ;
#334 = COLOUR_RGB ( '',0.8000000000000000444, 0.8000000000000000444, 0.8000000000000000444 ) ;
#335 = CARTESIAN_POINT ( 'NONE',  ( 7.416198487095685188, -2.999999999999940936, 6.000000000002938982 ) ) ;
#336 =( GEOMETRIC_REPRESENTATION_CONTEXT ( 3 ) GLOBAL_UNCERTAINTY_ASSIGNED_CONTEXT ( ( #4022 ) ) GLOBAL_UNIT_ASSIGNED_CONTEXT ( ( #3102, #2419, #1177 ) ) REPRESENTATION_CONTEXT ( 'NONE', 'WORKASPACE' ) );
#337 = VECTOR ( 'NONE', #2640, 1000.000000000000000 ) ;
#338 = CARTESIAN_POINT ( 'NONE',  ( 6.523802572120035670, 1.000000000000003109, 0.0000000000000000000 ) ) ;
#339 = EDGE_LOOP ( 'NONE', ( #1650, #2609, #2117, #3716 ) ) ;
#340 = SURFACE_STYLE_FILL_AREA ( #3668 ) ;
#341 = ADVANCED_FACE ( 'NONE', ( #3124 ), #3221, .T. ) ;
#342 = EDGE_CURVE ( 'NONE', #1711, #2957, #696, .T. ) ;
#343 = CIRCLE ( 'NONE', #413, 8.000000000000000000 ) ;
#344 = CARTESIAN_POINT ( 'NONE',  ( 7.356312816649414721, 3.169347210956574123, 1.210000000054873404 ) ) ;
#345 = CARTESIAN_POINT ( 'NONE',  ( 7.010000000000001563, -2.935474470611765696, 1.429177540983045835 ) ) ;
#346 = VERTEX_POINT ( 'NONE', #3860 ) ;
#347 = CARTESIAN_POINT ( 'NONE',  ( 7.010000000000000675, 2.851570336351302082, 1.957393458030462829 ) ) ;
#348 = CARTESIAN_POINT ( 'NONE',  ( 7.009999999999999787, 2.935788324853324305, 1.970979333857720395 ) ) ;
#349 = CARTESIAN_POINT ( 'NONE',  ( -7.499992332351960833, 11.13805777946246955, 1.992896780188439854 ) ) ;
#350 = CARTESIAN_POINT ( 'NONE',  ( 7.500000000000000000, 1.887379141862500075E-16, 0.1999999999999999833 ) ) ;
#351 = DIRECTION ( 'NONE',  ( 0.0000000000000000000, -1.000000000000000000, 0.0000000000000000000 ) ) ;
#352 = ORIENTED_EDGE ( 'NONE', *, *, #1891, .F. ) ;
#353 = ORIENTED_EDGE ( 'NONE', *, *, #3467, .T. ) ;
#354 = CARTESIAN_POINT ( 'NONE',  ( 7.730098892854620374, -1.055498162241774063, 1.204632058290070473 ) ) ;
#355 = EDGE_LOOP ( 'NONE', ( #2848, #4115, #3805, #2361 ) ) ;
#356 = CARTESIAN_POINT ( 'NONE',  ( 7.994373021069128171, -0.2999999999999981015, 23.01999999999999957 ) ) ;
#357 = ORIENTED_EDGE ( 'NONE', *, *, #3883, .T. ) ;
#358 = DIRECTION ( 'NONE',  ( 6.028810295070646426E-16, -1.000000000000000000, 4.440892098500999885E-16 ) ) ;
#359 = CARTESIAN_POINT ( 'NONE',  ( 7.813252668182373739, -2.043730962761612702, 19.45706429609625943 ) ) ;
#360 = CARTESIAN_POINT ( 'NONE',  ( 8.009999999999999787, 1.333007778233000034E-15, 12.00666666666699989 ) ) ;
#361 = ADVANCED_FACE ( 'NONE', ( #4168 ), #3836, .T. ) ;
#362 = CARTESIAN_POINT ( 'NONE',  ( 7.010000000000019327, -3.000000000000014655, 1.396925524576048350 ) ) ;
#363 = DIRECTION ( 'NONE',  ( 0.0000000000000000000, 1.000000000000000000, 0.0000000000000000000 ) ) ;
#364 = CARTESIAN_POINT ( 'NONE',  ( 7.416198487095916114, 2.999999999999380496, 13.40666666667062223 ) ) ;
#365 = CARTESIAN_POINT ( 'NONE',  ( 3.583133383391848614, -13.32528100046689090, 1.199995508399792188 ) ) ;
#366 = CARTESIAN_POINT ( 'NONE',  ( 8.009999999999999787, 3.000000000000000000, 13.40666666666900042 ) ) ;
#367 = CARTESIAN_POINT ( 'NONE',  ( 7.009999999999999787, -2.935966621063999415, 0.1900000000000000022 ) ) ;
#368 = DIRECTION ( 'NONE',  ( 0.0000000000000000000, 1.000000000000000000, -4.336808689942017736E-16 ) ) ;
#369 = ORIENTED_EDGE ( 'NONE', *, *, #4184, .F. ) ;
#370 = CARTESIAN_POINT ( 'NONE',  ( 8.009999999999999787, 1.149151061095999908E-15, 10.40666666666700202 ) ) ;
#371 = ORIENTED_EDGE ( 'NONE', *, *, #577, .T. ) ;
#372 = FACE_OUTER_BOUND ( 'NONE', #2238, .T. ) ;
#373 =( BOUNDED_CURVE ( )  B_SPLINE_CURVE ( 3, ( #507, #3462, #1877, #2196 ),
 .UNSPECIFIED., .F., .T. ) 
 B_SPLINE_CURVE_WITH_KNOTS ( ( 4, 4 ),
 ( 1.570796326794857700, 1.955193101290485957 ),
 .UNSPECIFIED. ) 
 CURVE ( )  GEOMETRIC_REPRESENTATION_ITEM ( )  RATIONAL_B_SPLINE_CURVE ( ( 1.000000000000000000, 0.9877244516659846596, 0.9877244516659846596, 1.000000000000000000 ) ) 
 REPRESENTATION_ITEM ( '' )  );
#374 = PRESENTATION_STYLE_ASSIGNMENT (( #2683 ) ) ;
#375 = VERTEX_POINT ( 'NONE', #1295 ) ;
#376 = CARTESIAN_POINT ( 'NONE',  ( -0.2000000000000000111, 6.799999999999999822, 24.89999999999999858 ) ) ;
#377 = ORIENTED_EDGE ( 'NONE', *, *, #3622, .F. ) ;
#378 = CARTESIAN_POINT ( 'NONE',  ( 7.792893218813460088, -15.58578643762688642, 25.00000000000001066 ) ) ;
#379 = CARTESIAN_POINT ( 'NONE',  ( 7.010000000000254694, -2.681663122799846644, 1.618664718435047112 ) ) ;
#380 = DIRECTION ( 'NONE',  ( 0.0000000000000000000, -0.7071067811860475283, 0.7071067811870475062 ) ) ;
#381 = EDGE_CURVE ( 'NONE', #3262, #2068, #2568, .T. ) ;
#382 = FILL_AREA_STYLE_COLOUR ( '', #3493 ) ;
#383 = B_SPLINE_CURVE_WITH_KNOTS ( 'NONE', 3,
 ( #2186, #3773, #208, #3113 ),
 .UNSPECIFIED., .F., .F.,
 ( 4, 4 ),
 ( 2.479293258031390444E-17, 0.0004682407727674252210 ),
 .UNSPECIFIED. ) ;
#384 = CARTESIAN_POINT ( 'NONE',  ( 7.500000000000000000, 1.632027846199350248E-14, 24.50000000000000000 ) ) ;
#385 = CARTESIAN_POINT ( 'NONE',  ( 7.009999999999999787, -3.000000000000000000, 25.01999999999999957 ) ) ;
#386 = COLOUR_RGB ( '',0.8000000000000000444, 0.8000000000000000444, 0.8000000000000000444 ) ;
#387 = CARTESIAN_POINT ( 'NONE',  ( 0.0000000000000000000, 1.088018564133000193E-14, 24.50000000000000000 ) ) ;
#388 = EDGE_LOOP ( 'NONE', ( #1127, #3640, #2285, #3260 ) ) ;
#389 = EDGE_CURVE ( 'NONE', #3727, #3868, #1954, .T. ) ;
#390 = VECTOR ( 'NONE', #1824, 1000.000000000000000 ) ;
#391 = CARTESIAN_POINT ( 'NONE',  ( 8.009999999999999787, 4.628094597865312011E-16, 0.6799999999999987166 ) ) ;
#392 = ADVANCED_FACE ( 'NONE', ( #3945 ), #1651, .F. ) ;
#393 = EDGE_LOOP ( 'NONE', ( #1537, #1935, #1495, #92 ) ) ;
#394 = AXIS2_PLACEMENT_3D ( 'NONE', #211, #2439, #2773 ) ;
#395 = STYLED_ITEM ( 'NONE', ( #2796 ), #613 ) ;
#396 = ORIENTED_EDGE ( 'NONE', *, *, #1170, .T. ) ;
#397 = STYLED_ITEM ( 'NONE', ( #4070 ), #1818 ) ;
#398 = ADVANCED_FACE ( 'NONE', ( #2956 ), #3323, .T. ) ;
#399 = MECHANICAL_DESIGN_GEOMETRIC_PRESENTATION_REPRESENTATION (  '', ( #189 ), #1644 ) ;
#400 = SURFACE_STYLE_FILL_AREA ( #53 ) ;
#401 = ORIENTED_EDGE ( 'NONE', *, *, #957, .F. ) ;
#402 = AXIS2_PLACEMENT_3D ( 'NONE', #1487, #3086, #1821 ) ;
#403 = CARTESIAN_POINT ( 'NONE',  ( 8.000000000000053291, -0.07923997768405614817, 4.699999999998633271 ) ) ;
#404 = ORIENTED_EDGE ( 'NONE', *, *, #4239, .F. ) ;
#405 = VECTOR ( 'NONE', #2292, 1000.000000000000000 ) ;
#406 = DIRECTION ( 'NONE',  ( -0.0000000000000000000, -0.0000000000000000000, -1.000000000000000000 ) ) ;
#407 =( BOUNDED_CURVE ( )  B_SPLINE_CURVE ( 3, ( #3255, #2587, #3877, #2927 ),
 .UNSPECIFIED., .F., .T. ) 
 B_SPLINE_CURVE_WITH_KNOTS ( ( 4, 4 ),
 ( 1.570796326794966946, 1.955193101290528590 ),
 .UNSPECIFIED. ) 
 CURVE ( )  GEOMETRIC_REPRESENTATION_ITEM ( )  RATIONAL_B_SPLINE_CURVE ( ( 1.000000000000000000, 0.9877244516659891005, 0.9877244516659891005, 1.000000000000000000 ) ) 
 REPRESENTATION_ITEM ( '' )  );
#408 = CARTESIAN_POINT ( 'NONE',  ( 7.416198487095690517, 2.999999999999942712, 20.01333333333594311 ) ) ;
#409 = AXIS2_PLACEMENT_3D ( 'NONE', #3035, #3986, #2725 ) ;
#410 = CARTESIAN_POINT ( 'NONE',  ( 7.010000000000000675, -2.999999999999831690, 2.030688569940375388 ) ) ;
#411 = DIRECTION ( 'NONE',  ( 7.850462293415528105E-17, -0.7071067811870475062, -0.7071067811860475283 ) ) ;
#412 = CARTESIAN_POINT ( 'NONE',  ( 7.426984583261341477, -2.999999999999438671, 13.00666666667068405 ) ) ;
#413 = AXIS2_PLACEMENT_3D ( 'NONE', #774, #2326, #1353 ) ;
#414 = DIRECTION ( 'NONE',  ( -0.0000000000000000000, 4.440892098500999885E-16, 1.000000000000000000 ) ) ;
#415 = PRESENTATION_STYLE_ASSIGNMENT (( #3364 ) ) ;
#416 = FACE_OUTER_BOUND ( 'NONE', #4108, .T. ) ;
#417 = DIRECTION ( 'NONE',  ( 7.850462293415528105E-17, -0.7071067811870475062, -0.7071067811860475283 ) ) ;
#419 = ADVANCED_FACE ( 'NONE', ( #2591 ), #1332, .T. ) ;
#418 = CARTESIAN_POINT ( 'NONE',  ( 7.631188964817400944, 2.121006508110996780, 24.97244391275455655 ) ) ;
#420 = ADVANCED_FACE ( 'NONE', ( #3243 ), #695, .T. ) ;
#421 = PRODUCT_DEFINITION ( 'UNKNOWN', '', #2259, #2722 ) ;
#422 = FACE_OUTER_BOUND ( 'NONE', #2915, .T. ) ;
#423 = PRESENTATION_LAYER_ASSIGNMENT (  '', '', ( #2274 ) ) ;
#424 = SURFACE_STYLE_USAGE ( .BOTH. , #3731 ) ;
#425 = ORIENTED_EDGE ( 'NONE', *, *, #4165, .T. ) ;
#426 = SURFACE_SIDE_STYLE ('',( #746 ) ) ;
#427 = CARTESIAN_POINT ( 'NONE',  ( 7.009999999999999787, -3.000000000000000000, 25.01999999999999957 ) ) ;
#428 = DIRECTION ( 'NONE',  ( -1.232595164408000087E-32, -1.000000000000000000, 1.110223024625000001E-16 ) ) ;
#429 = CARTESIAN_POINT ( 'NONE',  ( 2.750000000000000000, 0.0000000000000000000, 0.0000000000000000000 ) ) ;
#430 = SURFACE_SIDE_STYLE ('',( #1770 ) ) ;
#431 = LINE ( 'NONE', #1063, #4185 ) ;
#432 = CARTESIAN_POINT ( 'NONE',  ( -6.799999999999999822, -0.2000000000000000111, 24.89999999999999858 ) ) ;
#433 = DIRECTION ( 'NONE',  ( 1.000000000000000000, 7.243024147355032360E-16, 0.0000000000000000000 ) ) ;
#434 = CARTESIAN_POINT ( 'NONE',  ( -3.750000000000000000, -1.000000000000000000, 0.0000000000000000000 ) ) ;
#435 = ORIENTED_EDGE ( 'NONE', *, *, #1252, .F. ) ;
#436 = EDGE_CURVE ( 'NONE', #2698, #2957, #775, .T. ) ;
#437 = DIRECTION ( 'NONE',  ( -4.712561472647000170E-17, 1.000000000000000000, -4.440892098500999885E-16 ) ) ;
#438 = CARTESIAN_POINT ( 'NONE',  ( 9.797174393178825657E-16, -8.000000000000000000, 1.200000000000003286 ) ) ;
#439 = EDGE_LOOP ( 'NONE', ( #479, #2616, #1057, #3061 ) ) ;
#440 = CARTESIAN_POINT ( 'NONE',  ( 8.009999999999999787, -0.3000000000000004330, 19.01333333333300146 ) ) ;
#441 = ORIENTED_EDGE ( 'NONE', *, *, #3944, .T. ) ;
#442 = FILL_AREA_STYLE ('',( #2984 ) ) ;
#443 = SURFACE_STYLE_USAGE ( .BOTH. , #3458 ) ;
#444 = CARTESIAN_POINT ( 'NONE',  ( 7.264236571702939571, 2.999999999999999556, 1.199997839737740657 ) ) ;
#445 = CARTESIAN_POINT ( 'NONE',  ( 0.2000000000000000111, 6.799999999999999822, 25.00000000000000000 ) ) ;
#446 = DIRECTION ( 'NONE',  ( -1.000000000000000000, 0.0000000000000000000, -0.0000000000000000000 ) ) ;
#447 = DIRECTION ( 'NONE',  ( -0.0000000000000000000, 0.0000000000000000000, 1.000000000000000000 ) ) ;
#448 = DIRECTION ( 'NONE',  ( 0.0000000000000000000, 0.0000000000000000000, 1.000000000000000000 ) ) ;
#449 = SURFACE_STYLE_FILL_AREA ( #3784 ) ;
#450 =( GEOMETRIC_REPRESENTATION_CONTEXT ( 3 ) GLOBAL_UNCERTAINTY_ASSIGNED_CONTEXT ( ( #624 ) ) GLOBAL_UNIT_ASSIGNED_CONTEXT ( ( #2757, #487, #3164 ) ) REPRESENTATION_CONTEXT ( 'NONE', 'WORKASPACE' ) );
#451 = VERTEX_POINT ( 'NONE', #3397 ) ;
#452 = EDGE_CURVE ( 'NONE', #1521, #2700, #1451, .T. ) ;
#453 = AXIS2_PLACEMENT_3D ( 'NONE', #3601, #3577, #281 ) ;
#454 = PRESENTATION_LAYER_ASSIGNMENT (  '', '', ( #1357 ) ) ;
#455 = FILL_AREA_STYLE ('',( #2142 ) ) ;
#456 = CARTESIAN_POINT ( 'NONE',  ( 8.009999999999999787, -1.710079170255786495E-15, 0.6799999999999990496 ) ) ;
#457 = AXIS2_PLACEMENT_3D ( 'NONE', #815, #1176, #847 ) ;
#458 = CIRCLE ( 'NONE', #2723, 7.599999999999999645 ) ;
#459 = ADVANCED_FACE ( 'NONE', ( #732 ), #4079, .F. ) ;
#460 = FACE_OUTER_BOUND ( 'NONE', #1276, .T. ) ;
#461 = ORIENTED_EDGE ( 'NONE', *, *, #288, .F. ) ;
#462 = CIRCLE ( 'NONE', #3147, 8.009999999999999787 ) ;
#463 = VECTOR ( 'NONE', #3763, 1000.000000000000000 ) ;
#464 = CARTESIAN_POINT ( 'NONE',  ( 7.426984583261242001, 3.000000000000000000, 6.000000000003620215 ) ) ;
#465 = CARTESIAN_POINT ( 'NONE',  ( -7.500000000000000000, 1.073916322807964766E-15, 0.6999999999999999556 ) ) ;
#466 = CYLINDRICAL_SURFACE ( 'NONE', #3289, 6.599999999999999645 ) ;
#467 = CARTESIAN_POINT ( 'NONE',  ( 8.010000000000040643, 1.031335786739278948, 4.431335786740738136 ) ) ;
#468 = DIRECTION ( 'NONE',  ( 0.0000000000000000000, 1.000000000000000000, 0.0000000000000000000 ) ) ;
#469 = VECTOR ( 'NONE', #2044, 1000.000000000000000 ) ;
#470 = DIRECTION ( 'NONE',  ( 0.0000000000000000000, 0.0000000000000000000, -1.000000000000000000 ) ) ;
#471 = EDGE_CURVE ( 'NONE', #737, #1313, #2735, .T. ) ;
#472 = CARTESIAN_POINT ( 'NONE',  ( 7.381435199425862237, -2.999999999999995559, 0.4521071315635381005 ) ) ;
#473 = CIRCLE ( 'NONE', #1021, 1.000000000000000000 ) ;
#474 = LINE ( 'NONE', #133, #1291 ) ;
#475 = CARTESIAN_POINT ( 'NONE',  ( 8.009999999999926956, 1.031335786739973281, 11.03800245340618780 ) ) ;
#476 = VERTEX_POINT ( 'NONE', #3343 ) ;
#477 = LINE ( 'NONE', #2095, #521 ) ;
#478 = VERTEX_POINT ( 'NONE', #391 ) ;
#479 = ORIENTED_EDGE ( 'NONE', *, *, #2635, .T. ) ;
#480 =( NAMED_UNIT ( * ) PLANE_ANGLE_UNIT ( ) SI_UNIT ( $, .RADIAN. ) );
#481 = UNCERTAINTY_MEASURE_WITH_UNIT (LENGTH_MEASURE( 1.000000000000000082E-05 ), #3439, 'distance_accuracy_value', 'NONE');
#482 = CARTESIAN_POINT ( 'NONE',  ( 0.0000000000000000000, 8.881784197292837994E-17, 0.2000000000066393113 ) ) ;
#483 = CARTESIAN_POINT ( 'NONE',  ( 7.009999999999999787, 2.999999999999832578, 2.030688569940373611 ) ) ;
#484 = B_SPLINE_CURVE_WITH_KNOTS ( 'NONE', 3,
 ( #2122, #2185, #3789, #3156, #3453, #2785 ),
 .UNSPECIFIED., .F., .F.,
 ( 4, 2, 4 ),
 ( 9.821609092422379387E-19, 0.0003392188970711129399, 0.0006784377941422249040 ),
 .UNSPECIFIED. ) ;
#485 = ORIENTED_EDGE ( 'NONE', *, *, #235, .F. ) ;
#486 = CARTESIAN_POINT ( 'NONE',  ( -3.750000000000000000, 0.0000000000000000000, 0.0000000000000000000 ) ) ;
#487 =( NAMED_UNIT ( * ) PLANE_ANGLE_UNIT ( ) SI_UNIT ( $, .RADIAN. ) );
#488 = ADVANCED_FACE ( 'NONE', ( #4034, #2714 ), #2384, .T. ) ;
#489 = DIRECTION ( 'NONE',  ( 1.000000000000000000, 0.0000000000000000000, 0.0000000000000000000 ) ) ;
#490 = SURFACE_STYLE_FILL_AREA ( #1112 ) ;
#491 = DIRECTION ( 'NONE',  ( 0.0000000000000000000, -4.440892098500999885E-16, -1.000000000000000000 ) ) ;
#492 = SURFACE_STYLE_USAGE ( .BOTH. , #1485 ) ;
#493 = CARTESIAN_POINT ( 'NONE',  ( 8.000000000000000000, 4.078621982446799257E-15, 17.01333333333237974 ) ) ;
#494 = VERTEX_POINT ( 'NONE', #3019 ) ;
#495 = EDGE_CURVE ( 'NONE', #2157, #2618, #2456, .T. ) ;
#496 = ORIENTED_EDGE ( 'NONE', *, *, #333, .T. ) ;
#497 = CARTESIAN_POINT ( 'NONE',  ( -3.750000000000000000, 0.0000000000000000000, 0.4000000000000000222 ) ) ;
#498 = ORIENTED_EDGE ( 'NONE', *, *, #2466, .F. ) ;
#499 = ORIENTED_EDGE ( 'NONE', *, *, #1331, .T. ) ;
#500 = LINE ( 'NONE', #1787, #1006 ) ;
#501 = CARTESIAN_POINT ( 'NONE',  ( 7.356312816649490216, -3.169347210956598992, 24.78101086584560520 ) ) ;
#502 = ORIENTED_EDGE ( 'NONE', *, *, #2703, .T. ) ;
#503 = CARTESIAN_POINT ( 'NONE',  ( -7.500000000000000000, 8.518717178829147225E-16, 0.1999999999999999833 ) ) ;
#504 = FILL_AREA_STYLE_COLOUR ( '', #386 ) ;
#505 = DIRECTION ( 'NONE',  ( -1.000000000000000000, 1.017405167883954436E-16, 0.0000000000000000000 ) ) ;
#506 = CARTESIAN_POINT ( 'NONE',  ( 8.004380050947109027, -0.2999999999999995448, 4.920760127876109280 ) ) ;
#507 = CARTESIAN_POINT ( 'NONE',  ( 8.000000000000000000, 1.822126349211515140E-15, 2.999999999999376499 ) ) ;
#508 = ADVANCED_FACE ( 'NONE', ( #70 ), #1384, .T. ) ;
#509 = CARTESIAN_POINT ( 'NONE',  ( 0.0000000000000000000, 3.019806626980464957E-16, 0.6799999999999987166 ) ) ;
#510 = CARTESIAN_POINT ( 'NONE',  ( 3.719304938504219837, 13.83168811457361613, 1.200000000058786709 ) ) ;
#511 = PRESENTATION_STYLE_ASSIGNMENT (( #3465 ) ) ;
#512 = ORIENTED_EDGE ( 'NONE', *, *, #228, .T. ) ;
#513 = ADVANCED_FACE ( 'NONE', ( #1226 ), #3826, .F. ) ;
#514 = FILL_AREA_STYLE ('',( #155 ) ) ;
#515 = ORIENTED_EDGE ( 'NONE', *, *, #1305, .T. ) ;
#516 = ORIENTED_EDGE ( 'NONE', *, *, #3310, .T. ) ;
#517 =( LENGTH_UNIT ( ) NAMED_UNIT ( * ) SI_UNIT ( .MILLI., .METRE. ) );
#518 = EDGE_CURVE ( 'NONE', #3971, #3153, #4162, .T. ) ;
#519 = UNCERTAINTY_MEASURE_WITH_UNIT (LENGTH_MEASURE( 1.000000000000000082E-05 ), #74, 'distance_accuracy_value', 'NONE');
#520 = PRESENTATION_LAYER_ASSIGNMENT (  '', '', ( #182 ) ) ;
#521 = VECTOR ( 'NONE', #2406, 1000.000000000000000 ) ;
#522 = FILL_AREA_STYLE ('',( #3470 ) ) ;
#523 = PRODUCT ( 'User Library-CAPAER_D160_L250_P075_W008X030', 'User Library-CAPAER_D160_L250_P075_W008X030', '', ( #1670 ) ) ;
#524 = CARTESIAN_POINT ( 'NONE',  ( 7.789067973218443797, -2.164887272413464903, 0.6800000000000000488 ) ) ;
#525 = CARTESIAN_POINT ( 'NONE',  ( 8.004380050947107250, 0.3000000000000013767, 11.92742661916510372 ) ) ;
#526 = ORIENTED_EDGE ( 'NONE', *, *, #518, .F. ) ;
#527 = CARTESIAN_POINT ( 'NONE',  ( 0.0000000000000000000, 5.329070518461592986E-16, 1.200000000058792704 ) ) ;
#528 = AXIS2_PLACEMENT_3D ( 'NONE', #3259, #1628, #3879 ) ;
#529 = UNCERTAINTY_MEASURE_WITH_UNIT (LENGTH_MEASURE( 1.000000000000000082E-05 ), #107, 'distance_accuracy_value', 'NONE');
#530 = SURFACE_STYLE_FILL_AREA ( #3115 ) ;
#531 = CARTESIAN_POINT ( 'NONE',  ( -3.750000000000000000, 1.000000000000000000, 0.0000000000000000000 ) ) ;
#532 = VECTOR ( 'NONE', #2194, 1000.000000000000000 ) ;
#533 = AXIS2_PLACEMENT_3D ( 'NONE', #3816, #1156, #1856 ) ;
#534 = DIRECTION ( 'NONE',  ( -0.0000000000000000000, -0.0000000000000000000, -1.000000000000000000 ) ) ;
#535 = CARTESIAN_POINT ( 'NONE',  ( 8.005726959479121163, 0.2673955545851824378, 23.17690775099131173 ) ) ;
#536 = MECHANICAL_DESIGN_GEOMETRIC_PRESENTATION_REPRESENTATION (  '', ( #1989 ), #3149 ) ;
#537 =( BOUNDED_CURVE ( )  B_SPLINE_CURVE ( 3, ( #1375, #1727, #359, #79 ),
 .UNSPECIFIED., .F., .T. ) 
 B_SPLINE_CURVE_WITH_KNOTS ( ( 4, 4 ),
 ( 1.570796326794936304, 1.954688134220132101 ),
 .UNSPECIFIED. ) 
 CURVE ( )  GEOMETRIC_REPRESENTATION_ITEM ( )  RATIONAL_B_SPLINE_CURVE ( ( 1.000000000000000000, 0.9877565832834100945, 0.9877565832834100945, 1.000000000000000000 ) ) 
 REPRESENTATION_ITEM ( '' )  );
#538 = DIRECTION ( 'NONE',  ( 2.664535259100375697E-15, 1.000000000000000000, -4.466750523348520642E-16 ) ) ;
#539 = DIRECTION ( 'NONE',  ( 0.0000000000000000000, 0.0000000000000000000, 1.000000000000000000 ) ) ;
#540 = LINE ( 'NONE', #3421, #3010 ) ;
#541 =( GEOMETRIC_REPRESENTATION_CONTEXT ( 3 ) GLOBAL_UNCERTAINTY_ASSIGNED_CONTEXT ( ( #3502 ) ) GLOBAL_UNIT_ASSIGNED_CONTEXT ( ( #1107, #4051, #3455 ) ) REPRESENTATION_CONTEXT ( 'NONE', 'WORKASPACE' ) );
#542 = FACE_OUTER_BOUND ( 'NONE', #1002, .T. ) ;
#543 = B_SPLINE_CURVE_WITH_KNOTS ( 'NONE', 3,
 ( #2069, #444, #3721, #2357 ),
 .UNSPECIFIED., .F., .F.,
 ( 4, 4 ),
 ( 2.481487408964697460E-15, 0.0004495195665784215526 ),
 .UNSPECIFIED. ) ;
#544 = CIRCLE ( 'NONE', #2262, 0.4899999999999999911 ) ;
#545 = ADVANCED_FACE ( 'NONE', ( #153 ), #3485, .T. ) ;
#546 = ORIENTED_EDGE ( 'NONE', *, *, #2857, .F. ) ;
#547 = ORIENTED_EDGE ( 'NONE', *, *, #3072, .F. ) ;
#548 =( NAMED_UNIT ( * ) PLANE_ANGLE_UNIT ( ) SI_UNIT ( $, .RADIAN. ) );
#549 = CARTESIAN_POINT ( 'NONE',  ( 7.416198487095663872, 2.999999999999997780, 0.5852692581608394118 ) ) ;
#550 = CARTESIAN_POINT ( 'NONE',  ( 7.426984583261113215, -3.000000000000000000, 20.41333333333599853 ) ) ;
#551 = EDGE_CURVE ( 'NONE', #54, #478, #2114, .T. ) ;
#552 = CARTESIAN_POINT ( 'NONE',  ( 7.999999999999998224, -0.07923997768333038150, 23.31999999999999673 ) ) ;
#553 = EDGE_LOOP ( 'NONE', ( #2256, #3087, #1010, #1669 ) ) ;
#554 = CARTESIAN_POINT ( 'NONE',  ( 8.009999999999999787, -3.000000000000000000, 13.00666666666900007 ) ) ;
#555 = DIRECTION ( 'NONE',  ( 1.000000000000000000, 0.0000000000000000000, -0.0000000000000000000 ) ) ;
#556 = DIRECTION ( 'NONE',  ( 1.232595164408000087E-32, 1.000000000000000000, -1.110223024625000001E-16 ) ) ;
#557 = CARTESIAN_POINT ( 'NONE',  ( 0.0000000000000000000, 0.0000000000000000000, 0.0000000000000000000 ) ) ;
#558 = CARTESIAN_POINT ( 'NONE',  ( -6.523802572120018795, 1.000000000000000000, 0.3999999999999998002 ) ) ;
#559 = CARTESIAN_POINT ( 'NONE',  ( 7.009999999999999787, 2.852923644164701233, 1.441665905457582886 ) ) ;
#560 = CARTESIAN_POINT ( 'NONE',  ( 8.009999999999999787, -0.2999999999999999889, 23.01999999999999957 ) ) ;
#561 = FILL_AREA_STYLE_COLOUR ( '', #48 ) ;
#562 = DIRECTION ( 'NONE',  ( 0.0000000000000000000, -4.440892098500999885E-16, -1.000000000000000000 ) ) ;
#563 = ORIENTED_EDGE ( 'NONE', *, *, #3678, .T. ) ;
#564 =( NAMED_UNIT ( * ) PLANE_ANGLE_UNIT ( ) SI_UNIT ( $, .RADIAN. ) );
#565 = CARTESIAN_POINT ( 'NONE',  ( -3.349999999999999645, 0.0000000000000000000, 0.4000000000000000222 ) ) ;
#566 = ORIENTED_EDGE ( 'NONE', *, *, #3049, .T. ) ;
#567 =( BOUNDED_CURVE ( )  B_SPLINE_CURVE ( 3, ( #688, #4007, #2751, #1395 ),
 .UNSPECIFIED., .F., .T. ) 
 B_SPLINE_CURVE_WITH_KNOTS ( ( 4, 4 ),
 ( 1.570796326794936082, 1.955193101290528812 ),
 .UNSPECIFIED. ) 
 CURVE ( )  GEOMETRIC_REPRESENTATION_ITEM ( )  RATIONAL_B_SPLINE_CURVE ( ( 1.000000000000000000, 0.9877244516659869911, 0.9877244516659869911, 1.000000000000000000 ) ) 
 REPRESENTATION_ITEM ( '' )  );
#568 = CARTESIAN_POINT ( 'NONE',  ( 7.416198487095713610, 2.999999999999888090, 24.50000000000000000 ) ) ;
#569 = ORIENTED_EDGE ( 'NONE', *, *, #1059, .F. ) ;
#570 = ORIENTED_EDGE ( 'NONE', *, *, #828, .F. ) ;
#571 = LINE ( 'NONE', #3196, #1359 ) ;
#572 = EDGE_CURVE ( 'NONE', #54, #2174, #995, .T. ) ;
#573 = CARTESIAN_POINT ( 'NONE',  ( -7.500000000000003553, -15.00000000000000178, 0.2000000000000066447 ) ) ;
#574 = CARTESIAN_POINT ( 'NONE',  ( 8.004380050947105474, 0.3000000000000025424, 16.01333333333300146 ) ) ;
#575 = VERTEX_POINT ( 'NONE', #3104 ) ;
#576 = CYLINDRICAL_SURFACE ( 'NONE', #2315, 0.2999999999999999889 ) ;
#577 = EDGE_CURVE ( 'NONE', #3405, #1520, #651, .T. ) ;
#579 = EDGE_CURVE ( 'NONE', #145, #154, #1820, .T. ) ;
#578 = CARTESIAN_POINT ( 'NONE',  ( 7.516887105636113731, -2.089237541527892095, 1.204632058290070917 ) ) ;
#580 = CARTESIAN_POINT ( 'NONE',  ( 7.500000000000011546, -14.99999999999998046, 25.00000000000001066 ) ) ;
#581 = APPLICATION_PROTOCOL_DEFINITION ( 'draft international standard', 'automotive_design', 1998, #2752 ) ;
#582 = DIRECTION ( 'NONE',  ( 0.0000000000000000000, -1.000000000000000000, 0.0000000000000000000 ) ) ;
#583 = CARTESIAN_POINT ( 'NONE',  ( 8.009999999999999787, 2.217970710961243084E-16, 3.399999999999379074 ) ) ;
#584 = DIRECTION ( 'NONE',  ( -1.000000000000000000, 0.0000000000000000000, 0.0000000000000000000 ) ) ;
#585 = CARTESIAN_POINT ( 'NONE',  ( 7.009999999999998010, -2.957327358267836992, 0.1979402927164147230 ) ) ;
#586 = CYLINDRICAL_SURFACE ( 'NONE', #4038, 8.000000000000000000 ) ;
#587 = ORIENTED_EDGE ( 'NONE', *, *, #436, .T. ) ;
#588 = FILL_AREA_STYLE_COLOUR ( '', #322 ) ;
#589 = ORIENTED_EDGE ( 'NONE', *, *, #4054, .F. ) ;
#590 = VERTEX_POINT ( 'NONE', #2479 ) ;
#591 = CARTESIAN_POINT ( 'NONE',  ( 7.416198487095815750, 2.999999999999631406, 20.41333333333687250 ) ) ;
#592 = VECTOR ( 'NONE', #2425, 1000.000000000000000 ) ;
#593 = EDGE_CURVE ( 'NONE', #3324, #1103, #703, .T. ) ;
#594 = CARTESIAN_POINT ( 'NONE',  ( 6.799999999999999822, 0.2000000000000000111, 25.00000000000000000 ) ) ;
#595 = VERTEX_POINT ( 'NONE', #1800 ) ;
#596 = CARTESIAN_POINT ( 'NONE',  ( 8.009999999999999787, 2.106816263151000035E-15, 19.01333333333300146 ) ) ;
#597 = COLOUR_RGB ( '',0.0000000000000000000, 0.0000000000000000000, 0.4980392156862745168 ) ;
#598 = CARTESIAN_POINT ( 'NONE',  ( 8.009996333348000874, 1.350031370731449501E-15, 2.189999999986500967 ) ) ;
#599 = ADVANCED_FACE ( 'NONE', ( #4100 ), #4187, .T. ) ;
#600 = CARTESIAN_POINT ( 'NONE',  ( 8.009999999999916298, 9.148241179019409915E-16, 1.210000000054874736 ) ) ;
#601 = VECTOR ( 'NONE', #1602, 1000.000000000000000 ) ;
#602 = EDGE_CURVE ( 'NONE', #2999, #2959, #169, .T. ) ;
#603 = AXIS2_PLACEMENT_3D ( 'NONE', #2543, #902, #1134 ) ;
#604 = ORIENTED_EDGE ( 'NONE', *, *, #3344, .T. ) ;
#605 = MECHANICAL_DESIGN_GEOMETRIC_PRESENTATION_REPRESENTATION (  '', ( #326 ), #2595 ) ;
#606 = VECTOR ( 'NONE', #754, 1000.000000000000000 ) ;
#607 = AXIS2_PLACEMENT_3D ( 'NONE', #967, #1992, #2912 ) ;
#608 = CARTESIAN_POINT ( 'NONE',  ( -0.2000000000000000111, 6.799999999999999822, 24.89999999999999858 ) ) ;
#609 = CARTESIAN_POINT ( 'NONE',  ( 7.095449838052253710, -2.429912875191953869, 1.407103219811417727 ) ) ;
#610 = LINE ( 'NONE', #2565, #2605 ) ;
#611 = VECTOR ( 'NONE', #293, 1000.000000000000000 ) ;
#612 = STYLED_ITEM ( 'NONE', ( #4182 ), #2302 ) ;
#613 = ADVANCED_FACE ( 'NONE', ( #1181 ), #820, .T. ) ;
#614 = ORIENTED_EDGE ( 'NONE', *, *, #658, .T. ) ;
#615 = DIRECTION ( 'NONE',  ( 7.850462293415529338E-17, 0.7071067811870475062, -0.7071067811860475283 ) ) ;
#616 = ORIENTED_EDGE ( 'NONE', *, *, #4077, .F. ) ;
#617 = EDGE_LOOP ( 'NONE', ( #2356, #3029, #3288, #2908 ) ) ;
#618 = LINE ( 'NONE', #2528, #2529 ) ;
#619 = LINE ( 'NONE', #3373, #2448 ) ;
#620 = CARTESIAN_POINT ( 'NONE',  ( -6.799999999999999822, 0.2000000000000000111, 24.89999999999999858 ) ) ;
#621 = CARTESIAN_POINT ( 'NONE',  ( 7.998652396985982627, 0.1569077140104602197, 23.28739559522048452 ) ) ;
#622 = ORIENTED_EDGE ( 'NONE', *, *, #495, .F. ) ;
#623 = DIRECTION ( 'NONE',  ( 1.000000000000000000, -1.110223024625000001E-16, 1.232595164408000087E-32 ) ) ;
#624 = UNCERTAINTY_MEASURE_WITH_UNIT (LENGTH_MEASURE( 1.000000000000000082E-05 ), #2757, 'distance_accuracy_value', 'NONE');
#625 = CARTESIAN_POINT ( 'NONE',  ( 7.730098892854601722, 1.055498162241771176, 2.195367941709930992 ) ) ;
#626 = CARTESIAN_POINT ( 'NONE',  ( 7.500000000000000000, 1.505091598618393769E-16, 25.00000000000000000 ) ) ;
#627 = ORIENTED_EDGE ( 'NONE', *, *, #851, .F. ) ;
#628 = ADVANCED_FACE ( 'NONE', ( #1623 ), #3274, .T. ) ;
#629 =( NAMED_UNIT ( * ) SI_UNIT ( $, .STERADIAN. ) SOLID_ANGLE_UNIT ( ) );
#630 = CARTESIAN_POINT ( 'NONE',  ( -7.707103219846102249, -11.44563316480184767, 2.200004491600137335 ) ) ;
#631 = CARTESIAN_POINT ( 'NONE',  ( 7.994373021069256069, 0.3000000000000013212, 11.92742677622257474 ) ) ;
#632 =( LENGTH_UNIT ( ) NAMED_UNIT ( * ) SI_UNIT ( .MILLI., .METRE. ) );
#633 = ORIENTED_EDGE ( 'NONE', *, *, #4239, .T. ) ;
#634 = EDGE_CURVE ( 'NONE', #4174, #291, #749, .T. ) ;
#635 = VERTEX_POINT ( 'NONE', #2629 ) ;
#636 = ORIENTED_EDGE ( 'NONE', *, *, #2298, .F. ) ;
#637 = CARTESIAN_POINT ( 'NONE',  ( -6.799999999999999822, -0.1999999999999998168, 24.89999999999999858 ) ) ;
#638 = CARTESIAN_POINT ( 'NONE',  ( 8.005726959479121163, 0.2673955545851818827, 16.17024108432431717 ) ) ;
#639 = CARTESIAN_POINT ( 'NONE',  ( 7.994373021069256069, -0.2999999999999997113, 4.920759933743124037 ) ) ;
#640 = ORIENTED_EDGE ( 'NONE', *, *, #1917, .F. ) ;
#641 = FACE_OUTER_BOUND ( 'NONE', #2282, .T. ) ;
#642 = CARTESIAN_POINT ( 'NONE',  ( 0.0000000000000000000, 1.771028759966690874E-16, 0.3999999999564352038 ) ) ;
#643 = CARTESIAN_POINT ( 'NONE',  ( 7.416198487095685188, -2.999999999999941380, 6.400000000002940226 ) ) ;
#644 =( LENGTH_UNIT ( ) NAMED_UNIT ( * ) SI_UNIT ( .MILLI., .METRE. ) );
#645 = ORIENTED_EDGE ( 'NONE', *, *, #2375, .T. ) ;
#646 = CARTESIAN_POINT ( 'NONE',  ( 0.0000000000000000000, 0.0000000000000000000, 25.01342527836400009 ) ) ;
#647 =( LENGTH_UNIT ( ) NAMED_UNIT ( * ) SI_UNIT ( .MILLI., .METRE. ) );
#648 = CARTESIAN_POINT ( 'NONE',  ( 8.000000000000051514, -0.07923997768405115216, 11.70666666666563138 ) ) ;
#649 = EDGE_CURVE ( 'NONE', #3530, #2698, #458, .T. ) ;
#650 = ORIENTED_EDGE ( 'NONE', *, *, #3888, .F. ) ;
#651 = B_SPLINE_CURVE_WITH_KNOTS ( 'NONE', 3,
 ( #1533, #237, #3856, #2153 ),
 .UNSPECIFIED., .F., .F.,
 ( 4, 4 ),
 ( 1.193001839556271976E-15, 6.421302752376391104E-05 ),
 .UNSPECIFIED. ) ;
#652 = SURFACE_STYLE_USAGE ( .BOTH. , #3768 ) ;
#653 = ORIENTED_EDGE ( 'NONE', *, *, #3775, .F. ) ;
#654 = SURFACE_SIDE_STYLE ('',( #3202 ) ) ;
#655 = SURFACE_STYLE_FILL_AREA ( #2348 ) ;
#656 = CARTESIAN_POINT ( 'NONE',  ( 8.005722968101659731, -0.2675069208300944190, 16.17005118653607809 ) ) ;
#657 = ORIENTED_EDGE ( 'NONE', *, *, #939, .T. ) ;
#658 = EDGE_CURVE ( 'NONE', #969, #2457, #1263, .T. ) ;
#659 =( LENGTH_UNIT ( ) NAMED_UNIT ( * ) SI_UNIT ( .MILLI., .METRE. ) );
#660 = UNCERTAINTY_MEASURE_WITH_UNIT (LENGTH_MEASURE( 1.000000000000000082E-05 ), #2221, 'distance_accuracy_value', 'NONE');
#661 = DIRECTION ( 'NONE',  ( 1.000000000000000000, 0.0000000000000000000, 0.0000000000000000000 ) ) ;
#662 = CARTESIAN_POINT ( 'NONE',  ( 8.004380050947105474, 0.3000000000000025424, 16.01333333333300146 ) ) ;
#663 = CARTESIAN_POINT ( 'NONE',  ( 7.010000000000089493, -2.795388940260518762, 1.861868036348450328 ) ) ;
#664 = ORIENTED_EDGE ( 'NONE', *, *, #1272, .T. ) ;
#665 = CIRCLE ( 'NONE', #3007, 6.799999999998362910 ) ;
#666 = CARTESIAN_POINT ( 'NONE',  ( 7.802980979185986321, -2.043848089107988653, 12.05051475577788089 ) ) ;
#667 = CARTESIAN_POINT ( 'NONE',  ( 7.010000000000562892, 2.873334337150196927, 1.466785020752240598 ) ) ;
#668 =( GEOMETRIC_REPRESENTATION_CONTEXT ( 3 ) GLOBAL_UNCERTAINTY_ASSIGNED_CONTEXT ( ( #660 ) ) GLOBAL_UNIT_ASSIGNED_CONTEXT ( ( #2221, #2203, #858 ) ) REPRESENTATION_CONTEXT ( 'NONE', 'WORKASPACE' ) );
#669 = DIRECTION ( 'NONE',  ( -0.0000000000000000000, 1.110223024625000001E-16, 1.000000000000000000 ) ) ;
#670 = CARTESIAN_POINT ( 'NONE',  ( 6.799999999999999822, -0.1999999999630000247, 24.89999999999999858 ) ) ;
#671 = CARTESIAN_POINT ( 'NONE',  ( -7.999999999999996447, 15.99999999999999289, 0.4071067811865411445 ) ) ;
#672 = ORIENTED_EDGE ( 'NONE', *, *, #733, .F. ) ;
#673 = AXIS2_PLACEMENT_3D ( 'NONE', #1379, #2050, #1349 ) ;
#674 = VECTOR ( 'NONE', #1764, 1000.000000000000000 ) ;
#675 = VECTOR ( 'NONE', #1835, 1000.000000000000000 ) ;
#676 = AXIS2_PLACEMENT_3D ( 'NONE', #2028, #753, #770 ) ;
#677 = CARTESIAN_POINT ( 'NONE',  ( 7.390376603808794798, 2.054075314651151007, 25.01342527860985854 ) ) ;
#678 = CIRCLE ( 'NONE', #1919, 7.599999999999928590 ) ;
#679 =( LENGTH_UNIT ( ) NAMED_UNIT ( * ) SI_UNIT ( .MILLI., .METRE. ) );
#680 =( BOUNDED_SURFACE ( )  B_SPLINE_SURFACE ( 3, 3, ( 
 ( #3899, #2235, #3579, #1647 ),
 ( #3557, #1948, #1899, #3 ),
 ( #942, #1928, #1310, #3241 ),
 ( #3828, #3214, #883, #2545 ) ),
 .UNSPECIFIED., .F., .F., .T. ) 
 B_SPLINE_SURFACE_WITH_KNOTS ( ( 4, 4 ),
 ( 4, 4 ),
 ( 0.0000000000000000000, 1.000000000000000000 ),
 ( 0.0000000000000000000, 1.000000000000000000 ),
 .UNSPECIFIED. ) 
 GEOMETRIC_REPRESENTATION_ITEM ( )  RATIONAL_B_SPLINE_SURFACE ( (
 ( 1.000000000000000000, 0.9862568635146078400, 0.9862568635146078400, 1.000000000000000000),
 ( 0.8417656310491010707, 0.8301971310928810688, 0.8301971310928810688, 0.8417656310491010707),
 ( 0.8417656310491010707, 0.8301971310928810688, 0.8301971310928810688, 0.8417656310491010707),
 ( 1.000000000000000000, 0.9862568635146078400, 0.9862568635146078400, 1.000000000000000000) ) ) 
 REPRESENTATION_ITEM ( '' )  SURFACE ( )  );
#681 = DIRECTION ( 'NONE',  ( 1.000000000000000000, 5.551115123127340702E-17, 5.551115123119490920E-17 ) ) ;
#682 = ORIENTED_EDGE ( 'NONE', *, *, #2004, .F. ) ;
#683 = DIRECTION ( 'NONE',  ( 1.000000000000000000, 0.0000000000000000000, 0.0000000000000000000 ) ) ;
#684 = VECTOR ( 'NONE', #4008, 1000.000000000000000 ) ;
#685 = ORIENTED_EDGE ( 'NONE', *, *, #1387, .T. ) ;
#686 =( LENGTH_UNIT ( ) NAMED_UNIT ( * ) SI_UNIT ( .MILLI., .METRE. ) );
#687 = EDGE_CURVE ( 'NONE', #2948, #1520, #3604, .T. ) ;
#688 = CARTESIAN_POINT ( 'NONE',  ( 8.000000000000000000, 6.446575321117225813E-15, 17.41333333333237832 ) ) ;
#689 = DIRECTION ( 'NONE',  ( 0.0000000000000000000, 1.110223024625000001E-16, 1.000000000000000000 ) ) ;
#690 = EDGE_LOOP ( 'NONE', ( #4062, #1613, #2754, #2748 ) ) ;
#691 = DIRECTION ( 'NONE',  ( 0.0000000000000000000, 0.0000000000000000000, 1.000000000000000000 ) ) ;
#692 = CARTESIAN_POINT ( 'NONE',  ( -7.500000000000000000, -1.110223024630012719E-17, 0.1999999999999999833 ) ) ;
#693 = CARTESIAN_POINT ( 'NONE',  ( 7.994373021069128171, 0.3000000000000006550, 9.006666666666999888 ) ) ;
#694 = ORIENTED_EDGE ( 'NONE', *, *, #893, .F. ) ;
#695 = PLANE ( 'NONE',  #3760 ) ;
#696 = B_SPLINE_CURVE_WITH_KNOTS ( 'NONE', 3,
 ( #1519, #2828, #1538, #2549 ),
 .UNSPECIFIED., .F., .F.,
 ( 4, 4 ),
 ( 4.336808689942017736E-19, 6.429247250035787778E-05 ),
 .UNSPECIFIED. ) ;
#697 = FILL_AREA_STYLE_COLOUR ( '', #1167 ) ;
#698 = CARTESIAN_POINT ( 'NONE',  ( 7.517288907488202554, -1.026440248290817259, 1.984557424734634035 ) ) ;
#699 = ORIENTED_EDGE ( 'NONE', *, *, #4215, .F. ) ;
#700 = LINE ( 'NONE', #2021, #3154 ) ;
#701 = VERTEX_POINT ( 'NONE', #3363 ) ;
#702 = DIRECTION ( 'NONE',  ( -1.000000000000000000, 0.0000000000000000000, 0.0000000000000000000 ) ) ;
#703 =( BOUNDED_CURVE ( )  B_SPLINE_CURVE ( 3, ( #853, #3141, #3119, #216 ),
 .UNSPECIFIED., .F., .T. ) 
 B_SPLINE_CURVE_WITH_KNOTS ( ( 4, 4 ),
 ( 1.570796326794966502, 1.955193101290527036 ),
 .UNSPECIFIED. ) 
 CURVE ( )  GEOMETRIC_REPRESENTATION_ITEM ( )  RATIONAL_B_SPLINE_CURVE ( ( 1.000000000000000000, 0.9877244516659891005, 0.9877244516659891005, 1.000000000000000000 ) ) 
 REPRESENTATION_ITEM ( '' )  );
#704 = CARTESIAN_POINT ( 'NONE',  ( 7.009999999999999787, -2.935966621067748417, 25.01342527861067566 ) ) ;
#705 = CARTESIAN_POINT ( 'NONE',  ( 8.009999999999999787, 9.413827333223867698E-15, 17.01333333333238684 ) ) ;
#706 = EDGE_CURVE ( 'NONE', #1474, #57, #1062, .T. ) ;
#707 = SURFACE_STYLE_USAGE ( .BOTH. , #36 ) ;
#708 = EDGE_CURVE ( 'NONE', #946, #1315, #543, .T. ) ;
#709 = CARTESIAN_POINT ( 'NONE',  ( 7.416198487095706504, -2.999999999999880540, 24.50000000000000000 ) ) ;
#710 = FILL_AREA_STYLE_COLOUR ( '', #2874 ) ;
#711 = PLANE ( 'NONE',  #4126 ) ;
#712 = PRESENTATION_STYLE_ASSIGNMENT (( #2089 ) ) ;
#713 = CARTESIAN_POINT ( 'NONE',  ( 0.2000000000000000111, 0.1999999999999997335, 24.89999999999999858 ) ) ;
#714 = VERTEX_POINT ( 'NONE', #3674 ) ;
#715 = EDGE_CURVE ( 'NONE', #1666, #3993, #1674, .T. ) ;
#716 = CARTESIAN_POINT ( 'NONE',  ( 8.572527593967985664E-16, -6.999999999948158802, 0.2000000000066423922 ) ) ;
#717 = EDGE_LOOP ( 'NONE', ( #1496, #2928, #2639, #3932 ) ) ;
#718 = LINE ( 'NONE', #3713, #1490 ) ;
#719 = ORIENTED_EDGE ( 'NONE', *, *, #733, .T. ) ;
#720 = ORIENTED_EDGE ( 'NONE', *, *, #2571, .F. ) ;
#721 =( NAMED_UNIT ( * ) PLANE_ANGLE_UNIT ( ) SI_UNIT ( $, .RADIAN. ) );
#722 = CARTESIAN_POINT ( 'NONE',  ( 8.009999999999999787, 3.330669073874999756E-16, 3.000000000000000000 ) ) ;
#723 = PLANE ( 'NONE',  #409 ) ;
#724 = EDGE_CURVE ( 'NONE', #1884, #3804, #2047, .T. ) ;
#725 = EDGE_CURVE ( 'NONE', #2268, #375, #2184, .T. ) ;
#726 = DIRECTION ( 'NONE',  ( 0.0000000000000000000, -0.0000000000000000000, 1.000000000000000000 ) ) ;
#727 = LINE ( 'NONE', #3722, #2378 ) ;
#728 = DIRECTION ( 'NONE',  ( 0.0000000000000000000, 0.0000000000000000000, 1.000000000000000000 ) ) ;
#729 = CARTESIAN_POINT ( 'NONE',  ( -3.750000000000000000, 0.0000000000000000000, 0.4000000000000000222 ) ) ;
#730 = SURFACE_SIDE_STYLE ('',( #3367 ) ) ;
#731 = ORIENTED_EDGE ( 'NONE', *, *, #837, .F. ) ;
#732 = FACE_OUTER_BOUND ( 'NONE', #1319, .T. ) ;
#733 = EDGE_CURVE ( 'NONE', #1269, #3429, #2734, .T. ) ;
#734 = CARTESIAN_POINT ( 'NONE',  ( 8.010000000000001563, 1.093716962323935116, 24.78101086584427293 ) ) ;
#735 = AXIS2_PLACEMENT_3D ( 'NONE', #4021, #2352, #3626 ) ;
#736 = VECTOR ( 'NONE', #3349, 1000.000000000000000 ) ;
#737 = VERTEX_POINT ( 'NONE', #2987 ) ;
#738 = CARTESIAN_POINT ( 'NONE',  ( 7.113108809522019627, 3.000000000000007550, 2.123499801678636612 ) ) ;
#739 = AXIS2_PLACEMENT_3D ( 'NONE', #1766, #2724, #1085 ) ;
#740 =( GEOMETRIC_REPRESENTATION_CONTEXT ( 3 ) GLOBAL_UNCERTAINTY_ASSIGNED_CONTEXT ( ( #3066 ) ) GLOBAL_UNIT_ASSIGNED_CONTEXT ( ( #2758, #1025, #3656 ) ) REPRESENTATION_CONTEXT ( 'NONE', 'WORKASPACE' ) );
#741 = LINE ( 'NONE', #29, #736 ) ;
#742 = EDGE_LOOP ( 'NONE', ( #2764, #1890, #3736, #1832 ) ) ;
#743 = AXIS2_PLACEMENT_3D ( 'NONE', #2218, #562, #4232 ) ;
#744 = CARTESIAN_POINT ( 'NONE',  ( 7.998652396985986179, -0.1569077140104531976, 18.74593773811250941 ) ) ;
#745 = VERTEX_POINT ( 'NONE', #2671 ) ;
#746 = SURFACE_STYLE_FILL_AREA ( #3375 ) ;
#747 = UNCERTAINTY_MEASURE_WITH_UNIT (LENGTH_MEASURE( 1.000000000000000082E-05 ), #1921, 'distance_accuracy_value', 'NONE');
#748 = CARTESIAN_POINT ( 'NONE',  ( 6.979772460244613619, -3.007120949223490047, 25.01342527861035236 ) ) ;
#749 = B_SPLINE_CURVE_WITH_KNOTS ( 'NONE', 3,
 ( #4249, #348, #1606, #2563, #2612, #920, #3921, #320, #961, #1645, #1326, #667, #1, #1308 ),
 .UNSPECIFIED., .F., .F.,
 ( 4, 2, 2, 2, 2, 2, 4 ),
 ( 9.697399036122160616E-19, 0.0002130884432964091327, 0.0003196326649446134009, 0.0004261768865928176691, 0.0005327211082410219373, 0.0006392653298892261512, 0.0008523537731856343624 ),
 .UNSPECIFIED. ) ;
#750 = CARTESIAN_POINT ( 'NONE',  ( 7.009999999999999787, -3.000000000000000000, 0.1900000000000000022 ) ) ;
#751 = ORIENTED_EDGE ( 'NONE', *, *, #828, .T. ) ;
#752 = AXIS2_PLACEMENT_3D ( 'NONE', #984, #351, #3277 ) ;
#753 = DIRECTION ( 'NONE',  ( 0.0000000000000000000, -4.440892098500999885E-16, -1.000000000000000000 ) ) ;
#754 = DIRECTION ( 'NONE',  ( -0.0000000000000000000, 0.0000000000000000000, 1.000000000000000000 ) ) ;
#755 = CARTESIAN_POINT ( 'NONE',  ( 3.750000000000000000, 0.0000000000000000000, 0.4000000000000000222 ) ) ;
#756 = CARTESIAN_POINT ( 'NONE',  ( 3.349999999999999645, 4.898587196589410610E-17, 0.4000000000000000222 ) ) ;
#757 = PRESENTATION_STYLE_ASSIGNMENT (( #2090 ) ) ;
#758 = EDGE_CURVE ( 'NONE', #1240, #1806, #1133, .T. ) ;
#759 =( NAMED_UNIT ( * ) PLANE_ANGLE_UNIT ( ) SI_UNIT ( $, .RADIAN. ) );
#760 = PRESENTATION_STYLE_ASSIGNMENT (( #4061 ) ) ;
#761 = ORIENTED_EDGE ( 'NONE', *, *, #2252, .F. ) ;
#762 = LINE ( 'NONE', #2198, #328 ) ;
#763 = EDGE_LOOP ( 'NONE', ( #761, #1409, #3389, #2745 ) ) ;
#764 = DIRECTION ( 'NONE',  ( 1.000000000000000000, 5.551115123127340702E-17, 5.551115123119490920E-17 ) ) ;
#765 = ORIENTED_EDGE ( 'NONE', *, *, #634, .F. ) ;
#766 = CARTESIAN_POINT ( 'NONE',  ( 7.416198487095683411, -2.999999999999941380, 13.40666666666894180 ) ) ;
#767 = PRESENTATION_STYLE_ASSIGNMENT (( #3719 ) ) ;
#768 = FACE_OUTER_BOUND ( 'NONE', #163, .T. ) ;
#769 = FILL_AREA_STYLE ('',( #3096 ) ) ;
#770 = DIRECTION ( 'NONE',  ( 0.0000000000000000000, 1.000000000000000000, -4.336808689942017736E-16 ) ) ;
#771 = DIRECTION ( 'NONE',  ( -1.776356839400250465E-15, 1.000000000000000000, -4.472333961502705790E-16 ) ) ;
#772 = DIRECTION ( 'NONE',  ( 0.0000000000000000000, 1.110223024625000001E-16, 1.000000000000000000 ) ) ;
#773 = SURFACE_STYLE_FILL_AREA ( #1092 ) ;
#774 = CARTESIAN_POINT ( 'NONE',  ( 0.0000000000000000000, 3.108624468950505662E-16, 0.7000000000000012879 ) ) ;
#775 = LINE ( 'NONE', #89, #3619 ) ;
#776 = ADVANCED_FACE ( 'NONE', ( #1346 ), #37, .F. ) ;
#777 = CARTESIAN_POINT ( 'NONE',  ( 7.416198487095808645, -2.999999999999627853, 20.01333333333687392 ) ) ;
#778 = ORIENTED_EDGE ( 'NONE', *, *, #1362, .T. ) ;
#779 = LINE ( 'NONE', #2699, #1424 ) ;
#780 = ADVANCED_FACE ( 'NONE', ( #1399 ), #1705, .T. ) ;
#781 = VERTEX_POINT ( 'NONE', #364 ) ;
#782 = EDGE_LOOP ( 'NONE', ( #2404, #266 ) ) ;
#783 =( NAMED_UNIT ( * ) SI_UNIT ( $, .STERADIAN. ) SOLID_ANGLE_UNIT ( ) );
#784 = CARTESIAN_POINT ( 'NONE',  ( 7.264360792258543142, 2.999999999999999556, 2.200002158496274784 ) ) ;
#785 = ADVANCED_FACE ( 'NONE', ( #4028 ), #65, .F. ) ;
#786 =( LENGTH_UNIT ( ) NAMED_UNIT ( * ) SI_UNIT ( .MILLI., .METRE. ) );
#787 = VERTEX_POINT ( 'NONE', #531 ) ;
#788 = CARTESIAN_POINT ( 'NONE',  ( -8.000000000000001776, -15.99999999999999822, 0.7000000000000083933 ) ) ;
#789 = CARTESIAN_POINT ( 'NONE',  ( 7.416198487095690517, 2.999999999999942712, 24.50000000000000000 ) ) ;
#790 = LINE ( 'NONE', #814, #1580 ) ;
#791 = LINE ( 'NONE', #1707, #2113 ) ;
#792 =( NAMED_UNIT ( * ) SI_UNIT ( $, .STERADIAN. ) SOLID_ANGLE_UNIT ( ) );
#793 = CARTESIAN_POINT ( 'NONE',  ( 8.004380050947103697, 0.3000000000000024869, 23.09923987212389207 ) ) ;
#794 = CARTESIAN_POINT ( 'NONE',  ( 0.1999999999999999278, -0.1999999999630000247, 25.00000000000000000 ) ) ;
#795 = ORIENTED_EDGE ( 'NONE', *, *, #687, .T. ) ;
#796 = STYLED_ITEM ( 'NONE', ( #767 ), #1038 ) ;
#797 = MECHANICAL_DESIGN_GEOMETRIC_PRESENTATION_REPRESENTATION (  '', ( #319 ), #2929 ) ;
#798 = CARTESIAN_POINT ( 'NONE',  ( 7.123178900696523819, 3.000000000000000444, 24.98580634344235918 ) ) ;
#799 = AXIS2_PLACEMENT_3D ( 'NONE', #3054, #66, #38 ) ;
#800 = VECTOR ( 'NONE', #1431, 1000.000000000000000 ) ;
#801 = VERTEX_POINT ( 'NONE', #1548 ) ;
#802 = EDGE_LOOP ( 'NONE', ( #3400, #4217, #3597, #1186 ) ) ;
#803 =( NAMED_UNIT ( * ) SI_UNIT ( $, .STERADIAN. ) SOLID_ANGLE_UNIT ( ) );
#804 = ADVANCED_FACE ( 'NONE', ( #3413 ), #1508, .F. ) ;
#805 = AXIS2_PLACEMENT_3D ( 'NONE', #4111, #827, #2486 ) ;
#806 = AXIS2_PLACEMENT_3D ( 'NONE', #509, #3516, #538 ) ;
#807 = DIRECTION ( 'NONE',  ( 0.0000000000000000000, -0.0000000000000000000, 1.000000000000000000 ) ) ;
#808 = CARTESIAN_POINT ( 'NONE',  ( 8.004380050947105474, -0.2999999999999985456, 24.53000000000000469 ) ) ;
#809 = ORIENTED_EDGE ( 'NONE', *, *, #1631, .T. ) ;
#810 = CARTESIAN_POINT ( 'NONE',  ( 7.994373021069128171, 0.3000000000000013212, 16.01333333333300146 ) ) ;
#811 = STYLED_ITEM ( 'NONE', ( #511 ), #3924 ) ;
#813 = EDGE_CURVE ( 'NONE', #3494, #3218, #1418, .T. ) ;
#812 = FACE_OUTER_BOUND ( 'NONE', #2955, .T. ) ;
#814 = CARTESIAN_POINT ( 'NONE',  ( 0.2000000000000000111, 0.2000000000000000111, 24.89999999999999858 ) ) ;
#815 = CARTESIAN_POINT ( 'NONE',  ( 0.0000000000000000000, 1.089350831762000122E-14, 24.53000000000000469 ) ) ;
#816 = DIRECTION ( 'NONE',  ( 1.000000000000000000, 0.0000000000000000000, 0.0000000000000000000 ) ) ;
#817 = CARTESIAN_POINT ( 'NONE',  ( 7.009999999999999787, 2.999999999999980904, 24.98413180580480741 ) ) ;
#818 = STYLED_ITEM ( 'NONE', ( #1312 ), #2950 ) ;
#819 = CARTESIAN_POINT ( 'NONE',  ( 7.426984583261239337, -2.999999999999688249, 20.01333333333693432 ) ) ;
#820 = PLANE ( 'NONE',  #1433 ) ;
#821 = ORIENTED_EDGE ( 'NONE', *, *, #2965, .T. ) ;
#822 = DIRECTION ( 'NONE',  ( 0.0000000000000000000, -0.0000000000000000000, 1.000000000000000000 ) ) ;
#823 = ORIENTED_EDGE ( 'NONE', *, *, #4246, .F. ) ;
#824 = ORIENTED_EDGE ( 'NONE', *, *, #1231, .T. ) ;
#825 = CARTESIAN_POINT ( 'NONE',  ( 7.998652396985986179, 0.1569077140104577217, 9.274062261887490166 ) ) ;
#826 = UNCERTAINTY_MEASURE_WITH_UNIT (LENGTH_MEASURE( 1.000000000000000082E-05 ), #3962, 'distance_accuracy_value', 'NONE');
#827 = DIRECTION ( 'NONE',  ( 0.0000000000000000000, -4.440892098500999885E-16, -1.000000000000000000 ) ) ;
#828 = EDGE_CURVE ( 'NONE', #2393, #145, #2511, .T. ) ;
#829 = CARTESIAN_POINT ( 'NONE',  ( 7.416198487095999603, 3.000000000000000000, 6.000000000003000267 ) ) ;
#830 = ORIENTED_EDGE ( 'NONE', *, *, #207, .F. ) ;
#831 = LINE ( 'NONE', #186, #3757 ) ;
#832 = DIRECTION ( 'NONE',  ( 1.000000000000000000, 0.0000000000000000000, 0.0000000000000000000 ) ) ;
#833 = CARTESIAN_POINT ( 'NONE',  ( 8.004380050947105474, 0.3000000000000052625, 24.53000000000000469 ) ) ;
#834 = CARTESIAN_POINT ( 'NONE',  ( -8.000000000000000000, 6.057137405273484788E-15, 24.50000000000000000 ) ) ;
#835 = DIRECTION ( 'NONE',  ( 0.0000000000000000000, -1.110223024625000001E-16, -1.000000000000000000 ) ) ;
#836 = CARTESIAN_POINT ( 'NONE',  ( 7.599999999999999645, 3.513513919773025151E-16, 0.1965747213890000067 ) ) ;
#837 = EDGE_CURVE ( 'NONE', #4026, #284, #3459, .T. ) ;
#838 = ORIENTED_EDGE ( 'NONE', *, *, #2840, .T. ) ;
#839 = DIRECTION ( 'NONE',  ( -0.0000000000000000000, 1.000000000000000000, 0.0000000000000000000 ) ) ;
#840 = ORIENTED_EDGE ( 'NONE', *, *, #4084, .F. ) ;
#841 = ORIENTED_EDGE ( 'NONE', *, *, #1741, .F. ) ;
#842 = CARTESIAN_POINT ( 'NONE',  ( 7.416198487095685188, -2.999999999999941380, 6.400000000002940226 ) ) ;
#843 = CARTESIAN_POINT ( 'NONE',  ( 7.115219163984973783, 2.999999999999999556, 2.140391455172916402 ) ) ;
#844 = VERTEX_POINT ( 'NONE', #1834 ) ;
#845 = CARTESIAN_POINT ( 'NONE',  ( -8.000000000000001776, -15.99999999999999289, 0.4071067811865552999 ) ) ;
#846 = DIRECTION ( 'NONE',  ( 0.0000000000000000000, -1.110223024625000001E-16, -1.000000000000000000 ) ) ;
#847 = DIRECTION ( 'NONE',  ( 0.0000000000000000000, 1.000000000000000000, -4.331394446883413448E-16 ) ) ;
#848 = DIRECTION ( 'NONE',  ( 1.232595164408000087E-32, 1.000000000000000000, -1.110223024625000001E-16 ) ) ;
#849 = CARTESIAN_POINT ( 'NONE',  ( 9.797174393179208255E-16, -8.000000000000312639, 1.200000000058796257 ) ) ;
#850 = CARTESIAN_POINT ( 'NONE',  ( -0.2000000000000000111, 0.2000000000000000111, 24.89999999999999858 ) ) ;
#851 = EDGE_CURVE ( 'NONE', #4203, #2155, #3832, .T. ) ;
#852 = ADVANCED_FACE ( 'NONE', ( #1463 ), #3511, .T. ) ;
#853 = CARTESIAN_POINT ( 'NONE',  ( 8.000000000000000000, 2.131159615638706925E-15, 10.00666666666587901 ) ) ;
#854 = CARTESIAN_POINT ( 'NONE',  ( 8.009999999999999787, 0.3000000000000017653, 16.01333333333300146 ) ) ;
#855 = CARTESIAN_POINT ( 'NONE',  ( 0.0000000000000000000, 1.088018564133000193E-14, 24.50000000000000000 ) ) ;
#856 = FACE_OUTER_BOUND ( 'NONE', #42, .T. ) ;
#857 = VERTEX_POINT ( 'NONE', #875 ) ;
#858 =( NAMED_UNIT ( * ) SI_UNIT ( $, .STERADIAN. ) SOLID_ANGLE_UNIT ( ) );
#859 = ADVANCED_FACE ( 'NONE', ( #3165 ), #166, .F. ) ;
#860 = ORIENTED_EDGE ( 'NONE', *, *, #2026, .F. ) ;
#861 = MECHANICAL_DESIGN_GEOMETRIC_PRESENTATION_REPRESENTATION (  '', ( #1008 ), #3358 ) ;
#862 = AXIS2_PLACEMENT_3D ( 'NONE', #2825, #2135, #3443 ) ;
#863 = EDGE_LOOP ( 'NONE', ( #2265, #838, #1121, #751, #2801, #685 ) ) ;
#864 = DIRECTION ( 'NONE',  ( 1.000000000000000000, -5.308346355074411110E-15, 0.0000000000000000000 ) ) ;
#865 = UNCERTAINTY_MEASURE_WITH_UNIT (LENGTH_MEASURE( 1.000000000000000082E-05 ), #4074, 'distance_accuracy_value', 'NONE');
#866 = COLOUR_RGB ( '',0.8000000000000000444, 0.8000000000000000444, 0.8000000000000000444 ) ;
#867 = CARTESIAN_POINT ( 'NONE',  ( -7.999999999999989342, -15.99999999999998934, 24.50000000000000711 ) ) ;
#868 = CARTESIAN_POINT ( 'NONE',  ( 8.010000000000001563, 1.390853019902283364E-14, 24.78101086584560520 ) ) ;
#869 = VECTOR ( 'NONE', #3848, 1000.000000000000000 ) ;
#870 = CARTESIAN_POINT ( 'NONE',  ( 7.994373021069257845, 0.3000000000000024869, 23.09924006625687909 ) ) ;
#871 = ORIENTED_EDGE ( 'NONE', *, *, #3463, .F. ) ;
#872 = CIRCLE ( 'NONE', #799, 7.599999999999999645 ) ;
#873 = CARTESIAN_POINT ( 'NONE',  ( 8.000000000000000000, 2.131159615638706925E-15, 10.00666666666587901 ) ) ;
#874 = CARTESIAN_POINT ( 'NONE',  ( 6.799999999999999822, 0.2000000000000000111, 25.00000000000000000 ) ) ;
#875 = CARTESIAN_POINT ( 'NONE',  ( -7.500000000000000000, 5.606626274358025028E-15, 25.00000000000000000 ) ) ;
#876 = AXIS2_PLACEMENT_3D ( 'NONE', #1795, #2105, #2130 ) ;
#877 = DIRECTION ( 'NONE',  ( -0.0000000000000000000, -4.440892098500999885E-16, -1.000000000000000000 ) ) ;
#878 = FILL_AREA_STYLE_COLOUR ( '', #334 ) ;
#879 = CARTESIAN_POINT ( 'NONE',  ( 7.009999999999999787, 2.924877254934855841, 1.402830957625379682 ) ) ;
#880 = AXIS2_PLACEMENT_3D ( 'NONE', #1510, #3723, #1796 ) ;
#881 = DIRECTION ( 'NONE',  ( 1.000000000000000000, 5.551115123127340702E-17, 5.551115123119490920E-17 ) ) ;
#882 = CARTESIAN_POINT ( 'NONE',  ( 0.0000000000000000000, 0.0000000000000000000, 0.1965747213890000067 ) ) ;
#883 = CARTESIAN_POINT ( 'NONE',  ( 7.390376603802748079, 2.054075314649473238, 0.1965747213891231027 ) ) ;
#884 = AXIS2_PLACEMENT_3D ( 'NONE', #56, #114, #1784 ) ;
#885 = ADVANCED_FACE ( 'NONE', ( #3136 ), #3438, .F. ) ;
#886 = B_SPLINE_CURVE_WITH_KNOTS ( 'NONE', 3,
 ( #2421, #4099, #3481, #1159, #1817, #1179, #3798, #535, #793, #3187 ),
 .UNSPECIFIED., .F., .F.,
 ( 4, 2, 2, 2, 4 ),
 ( 5.421010862427522170E-20, 0.0002343444575363309705, 0.0004686889150726618867, 0.0007030333726089927487, 0.0009373778301453236650 ),
 .UNSPECIFIED. ) ;
#887 = CARTESIAN_POINT ( 'NONE',  ( 8.004380050947103697, -0.2999999999999989897, 9.085906714168892506 ) ) ;
#888 = ORIENTED_EDGE ( 'NONE', *, *, #715, .T. ) ;
#889 = STYLED_ITEM ( 'NONE', ( #757 ), #2986 ) ;
#890 = SURFACE_STYLE_USAGE ( .BOTH. , #3541 ) ;
#891 = VERTEX_POINT ( 'NONE', #3184 ) ;
#892 = VERTEX_POINT ( 'NONE', #3737 ) ;
#893 = EDGE_CURVE ( 'NONE', #2962, #3854, #790, .T. ) ;
#894 = DIRECTION ( 'NONE',  ( -0.0000000000000000000, -0.0000000000000000000, -1.000000000000000000 ) ) ;
#895 = DIRECTION ( 'NONE',  ( 0.0000000000000000000, 1.000000000000000000, -4.414251702295102433E-16 ) ) ;
#896 = CARTESIAN_POINT ( 'NONE',  ( 6.979772460241698617, -3.007120949222236383, 0.1965747213891252676 ) ) ;
#897 = CARTESIAN_POINT ( 'NONE',  ( 7.009999999999999787, 2.935966621063999415, 25.01999999999999957 ) ) ;
#898 = ORIENTED_EDGE ( 'NONE', *, *, #2061, .F. ) ;
#899 = PLANE ( 'NONE',  #2530 ) ;
#900 = ORIENTED_EDGE ( 'NONE', *, *, #1897, .F. ) ;
#901 = LINE ( 'NONE', #3875, #4134 ) ;
#902 = DIRECTION ( 'NONE',  ( -7.850462293415529338E-17, -0.7071067811870475062, 0.7071067811860475283 ) ) ;
#903 = PRESENTATION_STYLE_ASSIGNMENT (( #1514 ) ) ;
#904 =( NAMED_UNIT ( * ) SI_UNIT ( $, .STERADIAN. ) SOLID_ANGLE_UNIT ( ) );
#905 = ORIENTED_EDGE ( 'NONE', *, *, #3159, .T. ) ;
#906 = ADVANCED_FACE ( 'NONE', ( #1815 ), #3116, .F. ) ;
#907 = ORIENTED_EDGE ( 'NONE', *, *, #3315, .T. ) ;
#908 = VERTEX_POINT ( 'NONE', #598 ) ;
#909 = CARTESIAN_POINT ( 'NONE',  ( 0.0000000000000000000, 9.330405401330342158E-17, 0.2101020514433749320 ) ) ;
#910 = EDGE_CURVE ( 'NONE', #1355, #737, #665, .T. ) ;
#911 = ADVANCED_FACE ( 'NONE', ( #2624 ), #1261, .T. ) ;
#912 = CARTESIAN_POINT ( 'NONE',  ( 8.008658066414160004, 0.1567179236786855889, 16.28084018806930189 ) ) ;
#913 = CARTESIAN_POINT ( 'NONE',  ( 8.005726959479124716, -0.2673955545851778304, 11.84975891567569128 ) ) ;
#914 = EDGE_LOOP ( 'NONE', ( #4082, #1905, #2900, #2880, #4267, #1642 ) ) ;
#915 = DIRECTION ( 'NONE',  ( 0.0000000000000000000, -1.110223024625000001E-16, -1.000000000000000000 ) ) ;
#916 = CARTESIAN_POINT ( 'NONE',  ( 9.797174393178825657E-16, -8.000000000000000000, 0.7000000000000048406 ) ) ;
#917 = CARTESIAN_POINT ( 'NONE',  ( 8.000000000000000000, 3.334990257434265538E-15, 10.40666666666587759 ) ) ;
#918 = PLANE ( 'NONE',  #4127 ) ;
#919 = EDGE_LOOP ( 'NONE', ( #3125, #925, #1885, #3063, #3902 ) ) ;
#920 = CARTESIAN_POINT ( 'NONE',  ( 7.009999999999999787, 2.734031407782568035, 1.772117956235845115 ) ) ;
#921 = CARTESIAN_POINT ( 'NONE',  ( -7.499992332352001689, -11.13805777946253350, 1.699999999999936007 ) ) ;
#922 = DIRECTION ( 'NONE',  ( 1.000000000000000000, -1.232595164408000087E-32, 1.368455531567199005E-48 ) ) ;
#923 = ORIENTED_EDGE ( 'NONE', *, *, #3331, .T. ) ;
#924 = ORIENTED_EDGE ( 'NONE', *, *, #260, .F. ) ;
#925 = ORIENTED_EDGE ( 'NONE', *, *, #649, .T. ) ;
#926 = DIRECTION ( 'NONE',  ( -1.000000000000000000, 1.110223024625000001E-16, -1.232595164408000087E-32 ) ) ;
#927 =( GEOMETRIC_REPRESENTATION_CONTEXT ( 3 ) GLOBAL_UNCERTAINTY_ASSIGNED_CONTEXT ( ( #1528 ) ) GLOBAL_UNIT_ASSIGNED_CONTEXT ( ( #1155, #2473, #3756 ) ) REPRESENTATION_CONTEXT ( 'NONE', 'WORKASPACE' ) );
#928 = CARTESIAN_POINT ( 'NONE',  ( 7.416198487095808645, -2.999999999999627853, 20.01333333333687392 ) ) ;
#929 = ORIENTED_EDGE ( 'NONE', *, *, #2204, .F. ) ;
#930 = EDGE_CURVE ( 'NONE', #2438, #3530, #2921, .T. ) ;
#931 = LINE ( 'NONE', #2249, #2112 ) ;
#932 = MECHANICAL_DESIGN_GEOMETRIC_PRESENTATION_REPRESENTATION (  '', ( #796 ), #1489 ) ;
#933 = AXIS2_PLACEMENT_3D ( 'NONE', #2138, #839, #822 ) ;
#934 = FILL_AREA_STYLE ('',( #2790 ) ) ;
#935 = CARTESIAN_POINT ( 'NONE',  ( 8.019235822140590386, 1.094978057871527133, 2.189912812730415492 ) ) ;
#936 = AXIS2_PLACEMENT_3D ( 'NONE', #3827, #4188, #3714 ) ;
#937 = VECTOR ( 'NONE', #447, 1000.000000000000000 ) ;
#938 = CARTESIAN_POINT ( 'NONE',  ( 7.813252668182379068, 2.043730962761617587, 19.05706429609626795 ) ) ;
#939 = EDGE_CURVE ( 'NONE', #220, #3226, #2213, .T. ) ;
#940 = COLOUR_RGB ( '',0.8000000000000000444, 0.8000000000000000444, 0.8000000000000000444 ) ;
#941 = AXIS2_PLACEMENT_3D ( 'NONE', #2320, #3337, #3011 ) ;
#942 = CARTESIAN_POINT ( 'NONE',  ( 7.847642852564145954, 2.630650039368880168E-16, 0.2375560872416847269 ) ) ;
#943 = CIRCLE ( 'NONE', #2462, 6.999999999948158802 ) ;
#944 = AXIS2_PLACEMENT_3D ( 'NONE', #2646, #3957, #380 ) ;
#945 = CARTESIAN_POINT ( 'NONE',  ( -7.999999999999999112, 15.99999999999999822, 0.6999999999999940714 ) ) ;
#946 = VERTEX_POINT ( 'NONE', #2885 ) ;
#947 =( NAMED_UNIT ( * ) SI_UNIT ( $, .STERADIAN. ) SOLID_ANGLE_UNIT ( ) );
#948 = VECTOR ( 'NONE', #1318, 1000.000000000000000 ) ;
#949 = VERTEX_POINT ( 'NONE', #4206 ) ;
#950 = VERTEX_POINT ( 'NONE', #1243 ) ;
#951 = PRESENTATION_LAYER_ASSIGNMENT (  '', '', ( #1593 ) ) ;
#952 = CARTESIAN_POINT ( 'NONE',  ( 7.500000000000000000, 1.887379141862500075E-16, 0.1999999999999999833 ) ) ;
#953 = FILL_AREA_STYLE ('',( #3911 ) ) ;
#954 = CARTESIAN_POINT ( 'NONE',  ( 8.009999999999958931, -1.031335786739803639, 4.431335786740018712 ) ) ;
#955 = EDGE_LOOP ( 'NONE', ( #1033, #2278, #3584, #2119 ) ) ;
#956 = LINE ( 'NONE', #250, #3690 ) ;
#957 = EDGE_CURVE ( 'NONE', #1187, #3093, #3871, .T. ) ;
#958 = FACE_OUTER_BOUND ( 'NONE', #4254, .T. ) ;
#959 = CARTESIAN_POINT ( 'NONE',  ( -8.000000000000012434, 16.00000000000003553, 24.79289321881344677 ) ) ;
#960 = ORIENTED_EDGE ( 'NONE', *, *, #81, .F. ) ;
#961 = CARTESIAN_POINT ( 'NONE',  ( 7.010000000000028209, 2.733431741320727859, 1.629384233783588876 ) ) ;
#962 = CARTESIAN_POINT ( 'NONE',  ( -7.499992332351958169, -11.13805777946247133, 1.992896780188449846 ) ) ;
#963 = FACE_OUTER_BOUND ( 'NONE', #393, .T. ) ;
#964 = ADVANCED_FACE ( 'NONE', ( #3235 ), #4023, .F. ) ;
#965 = CARTESIAN_POINT ( 'NONE',  ( 8.000000000000001776, 15.99999999999999289, 0.4071067811865411445 ) ) ;
#966 = ORIENTED_EDGE ( 'NONE', *, *, #4112, .F. ) ;
#967 = CARTESIAN_POINT ( 'NONE',  ( -0.2000000000000000111, -6.799999999999999822, 25.00000000000000000 ) ) ;
#968 = EDGE_CURVE ( 'NONE', #595, #2741, #2083, .T. ) ;
#969 = VERTEX_POINT ( 'NONE', #2963 ) ;
#970 = VERTEX_POINT ( 'NONE', #3033 ) ;
#971 =( BOUNDED_CURVE ( )  B_SPLINE_CURVE ( 3, ( #1111, #2070, #1045, #127 ),
 .UNSPECIFIED., .F., .T. ) 
 B_SPLINE_CURVE_WITH_KNOTS ( ( 4, 4 ),
 ( 1.570796326794935416, 1.954688134220131435 ),
 .UNSPECIFIED. ) 
 CURVE ( )  GEOMETRIC_REPRESENTATION_ITEM ( )  RATIONAL_B_SPLINE_CURVE ( ( 1.000000000000000000, 0.9877565832834100945, 0.9877565832834100945, 1.000000000000000000 ) ) 
 REPRESENTATION_ITEM ( '' )  );
#972 = PLANE ( 'NONE',  #1214 ) ;
#973 = CARTESIAN_POINT ( 'NONE',  ( 7.994373021069128171, -0.2999999999999999334, 5.000000000000000888 ) ) ;
#974 = CARTESIAN_POINT ( 'NONE',  ( 0.0000000000000000000, 3.108624468950505662E-16, 0.7000000000000012879 ) ) ;
#975 = ORIENTED_EDGE ( 'NONE', *, *, #1680, .T. ) ;
#976 = CARTESIAN_POINT ( 'NONE',  ( 8.010000000000072617, 1.031335786739025817, 11.43800245340748667 ) ) ;
#977 = DIRECTION ( 'NONE',  ( -0.0000000000000000000, -4.414251702295102433E-16, -1.000000000000000000 ) ) ;
#978 = CARTESIAN_POINT ( 'NONE',  ( 7.522739951366371081, 1.239935994996145941E-15, 1.993793658394831025 ) ) ;
#979 = LINE ( 'NONE', #3008, #469 ) ;
#980 = VERTEX_POINT ( 'NONE', #408 ) ;
#981 = DIRECTION ( 'NONE',  ( -0.0000000000000000000, -0.0000000000000000000, -1.000000000000000000 ) ) ;
#982 = CARTESIAN_POINT ( 'NONE',  ( 7.095449838052177327, 2.429912875191929444, 1.992896780188444295 ) ) ;
#983 = CARTESIAN_POINT ( 'NONE',  ( 7.010000000000019327, 2.999999999999999556, 2.003074475423983536 ) ) ;
#984 = CARTESIAN_POINT ( 'NONE',  ( -3.750000000000000000, -1.000000000000000000, 0.0000000000000000000 ) ) ;
#985 = ORIENTED_EDGE ( 'NONE', *, *, #2204, .T. ) ;
#986 = EDGE_CURVE ( 'NONE', #3110, #2698, #1468, .T. ) ;
#987 = SURFACE_STYLE_USAGE ( .BOTH. , #2283 ) ;
#988 = CYLINDRICAL_SURFACE ( 'NONE', #1204, 8.000000000000000000 ) ;
#989 = ADVANCED_FACE ( 'NONE', ( #1698 ), #3629, .F. ) ;
#990 = FILL_AREA_STYLE ('',( #1012 ) ) ;
#991 = ORIENTED_EDGE ( 'NONE', *, *, #207, .T. ) ;
#992 = ORIENTED_EDGE ( 'NONE', *, *, #389, .T. ) ;
#993 = LINE ( 'NONE', #427, #1773 ) ;
#994 = FACE_OUTER_BOUND ( 'NONE', #1429, .T. ) ;
#995 = B_SPLINE_CURVE_WITH_KNOTS ( 'NONE', 3,
 ( #1860, #2822, #472, #1879, #3168, #3188 ),
 .UNSPECIFIED., .F., .F.,
 ( 4, 2, 4 ),
 ( 2.845901628160320255E-18, 0.0003419480815749513427, 0.0006838961631498998665 ),
 .UNSPECIFIED. ) ;
#996 = DIRECTION ( 'NONE',  ( 0.0000000000000000000, 0.0000000000000000000, 1.000000000000000000 ) ) ;
#997 = COLOUR_RGB ( '',0.0000000000000000000, 0.0000000000000000000, 0.4980392156862745168 ) ;
#998 = FILL_AREA_STYLE_COLOUR ( '', #1848 ) ;
#999 = LINE ( 'NONE', #3593, #1140 ) ;
#1000 = CARTESIAN_POINT ( 'NONE',  ( 0.0000000000000000000, 8.881784197292837994E-17, 0.2000000000066393113 ) ) ;
#1001 = VECTOR ( 'NONE', #2146, 1000.000000000000000 ) ;
#1002 = EDGE_LOOP ( 'NONE', ( #627, #3278, #2569, #3600, #1479, #3024, #719, #3329 ) ) ;
#1003 = VECTOR ( 'NONE', #3852, 1000.000000000000000 ) ;
#1004 = STYLED_ITEM ( 'NONE', ( #1050 ), #508 ) ;
#1005 = PRESENTATION_STYLE_ASSIGNMENT (( #987 ) ) ;
#1006 = VECTOR ( 'NONE', #1438, 1000.000000000000000 ) ;
#1007 = EDGE_CURVE ( 'NONE', #3110, #1711, #993, .T. ) ;
#1008 = STYLED_ITEM ( 'NONE', ( #187 ), #859 ) ;
#1009 = CARTESIAN_POINT ( 'NONE',  ( 7.356312816649499098, 3.169347210956599437, 24.53000000000000469 ) ) ;
#1010 = ORIENTED_EDGE ( 'NONE', *, *, #3261, .T. ) ;
#1011 = AXIS2_PLACEMENT_3D ( 'NONE', #1709, #104, #1351 ) ;
#1012 = FILL_AREA_STYLE_COLOUR ( '', #2041 ) ;
#1013 = EDGE_CURVE ( 'NONE', #590, #1866, #537, .T. ) ;
#1014 = CARTESIAN_POINT ( 'NONE',  ( 8.009999999999999787, 3.774758283726000032E-16, 3.399999999999999911 ) ) ;
#1015 = ORIENTED_EDGE ( 'NONE', *, *, #3128, .F. ) ;
#1016 = MECHANICAL_DESIGN_GEOMETRIC_PRESENTATION_REPRESENTATION (  '', ( #2882 ), #3152 ) ;
#1017 = VECTOR ( 'NONE', #764, 1000.000000000000000 ) ;
#1018 = DIRECTION ( 'NONE',  ( 0.0000000000000000000, -1.110223024625000001E-16, -1.000000000000000000 ) ) ;
#1019 = ORIENTED_EDGE ( 'NONE', *, *, #290, .T. ) ;
#1020 = LINE ( 'NONE', #2663, #3139 ) ;
#1021 = AXIS2_PLACEMENT_3D ( 'NONE', #1661, #3273, #1307 ) ;
#1022 = CARTESIAN_POINT ( 'NONE',  ( 7.500000000000000000, 1.470535286819751919E-14, 25.00000000000000000 ) ) ;
#1023 = DIRECTION ( 'NONE',  ( 0.0000000000000000000, 1.000000000000000000, 0.0000000000000000000 ) ) ;
#1024 = CARTESIAN_POINT ( 'NONE',  ( 7.426984583261239337, -2.999999999999688249, 20.01333333333693432 ) ) ;
#1025 =( NAMED_UNIT ( * ) PLANE_ANGLE_UNIT ( ) SI_UNIT ( $, .RADIAN. ) );
#1026 = DIRECTION ( 'NONE',  ( -1.000000000000000000, -5.551115123127340702E-17, -5.551115123119490920E-17 ) ) ;
#1027 = DIRECTION ( 'NONE',  ( -1.000000000000000000, -0.0000000000000000000, 0.0000000000000000000 ) ) ;
#1028 = PLANE ( 'NONE',  #2251 ) ;
#1029 = ORIENTED_EDGE ( 'NONE', *, *, #1352, .T. ) ;
#1030 = FILL_AREA_STYLE ('',( #1775 ) ) ;
#1031 = ORIENTED_EDGE ( 'NONE', *, *, #1233, .F. ) ;
#1032 = CARTESIAN_POINT ( 'NONE',  ( -3.750000000000000000, 0.0000000000000000000, 0.4000000000000000222 ) ) ;
#1033 = ORIENTED_EDGE ( 'NONE', *, *, #3795, .T. ) ;
#1034 = DIRECTION ( 'NONE',  ( -8.881784197001252323E-16, 1.000000000000000000, -4.472333961502705790E-16 ) ) ;
#1035 = ORIENTED_EDGE ( 'NONE', *, *, #579, .F. ) ;
#1036 = DIRECTION ( 'NONE',  ( -2.007850150918000048E-17, 1.000000000000000000, -4.440892098500999885E-16 ) ) ;
#1037 = EDGE_CURVE ( 'NONE', #2272, #1101, #1638, .T. ) ;
#1038 = ADVANCED_FACE ( 'NONE', ( #4005 ), #97, .T. ) ;
#1039 = UNCERTAINTY_MEASURE_WITH_UNIT (LENGTH_MEASURE( 1.000000000000000082E-05 ), #3385, 'distance_accuracy_value', 'NONE');
#1040 = CARTESIAN_POINT ( 'NONE',  ( 7.010000000000024656, -3.000000000000011990, 25.00862535279625831 ) ) ;
#1041 = DIRECTION ( 'NONE',  ( -0.0000000000000000000, 4.440892098500999885E-16, 1.000000000000000000 ) ) ;
#1042 = PLANE ( 'NONE',  #3088 ) ;
#1043 = FACE_OUTER_BOUND ( 'NONE', #1526, .T. ) ;
#1044 = EDGE_CURVE ( 'NONE', #3993, #4147, #484, .T. ) ;
#1045 = CARTESIAN_POINT ( 'NONE',  ( 7.813252668182375515, -2.043730962761614034, 5.043730962763258496 ) ) ;
#1046 = DIRECTION ( 'NONE',  ( 0.0000000000000000000, 1.000000000000000000, -4.414251702295102433E-16 ) ) ;
#1047 = DIRECTION ( 'NONE',  ( 0.0000000000000000000, -1.110223024625000001E-16, -1.000000000000000000 ) ) ;
#1048 = DIRECTION ( 'NONE',  ( 0.0000000000000000000, 1.000000000000000000, 0.0000000000000000000 ) ) ;
#1049 = ORIENTED_EDGE ( 'NONE', *, *, #3315, .F. ) ;
#1050 = PRESENTATION_STYLE_ASSIGNMENT (( #1425 ) ) ;
#1051 = CARTESIAN_POINT ( 'NONE',  ( 7.600000000006192025, -4.163846226080641246E-17, 25.01342527860985143 ) ) ;
#1052 = ORIENTED_EDGE ( 'NONE', *, *, #708, .F. ) ;
#1053 = CYLINDRICAL_SURFACE ( 'NONE', #3615, 0.4000000000000001887 ) ;
#1054 = LINE ( 'NONE', #3664, #185 ) ;
#1055 = VERTEX_POINT ( 'NONE', #3503 ) ;
#1056 = CARTESIAN_POINT ( 'NONE',  ( 7.998656388633772707, 0.1567179398039620086, 4.732493160649638320 ) ) ;
#1057 = ORIENTED_EDGE ( 'NONE', *, *, #3467, .F. ) ;
#1058 = CARTESIAN_POINT ( 'NONE',  ( 7.010000000000254694, -2.726919929783503616, 1.550123411211483448 ) ) ;
#1059 = EDGE_CURVE ( 'NONE', #4156, #3321, #3431, .T. ) ;
#1060 = CARTESIAN_POINT ( 'NONE',  ( 7.010000000000086828, -2.874845885190127071, 1.934194922106290626 ) ) ;
#1061 = ORIENTED_EDGE ( 'NONE', *, *, #2376, .F. ) ;
#1062 = LINE ( 'NONE', #3316, #1714 ) ;
#1063 = CARTESIAN_POINT ( 'NONE',  ( 8.009999999999999787, 1.105519769295997560E-15, 10.00666666666699989 ) ) ;
#1064 = PLANE ( 'NONE',  #2944 ) ;
#1065 = LINE ( 'NONE', #3340, #1292 ) ;
#1066 = ADVANCED_FACE ( 'NONE', ( #2808 ), #1189, .T. ) ;
#1067 = VECTOR ( 'NONE', #1894, 1000.000000000000000 ) ;
#1068 = ORIENTED_EDGE ( 'NONE', *, *, #1736, .T. ) ;
#1069 = PRESENTATION_LAYER_ASSIGNMENT (  '', '', ( #326 ) ) ;
#1070 = STYLED_ITEM ( 'NONE', ( #1389 ), #1257 ) ;
#1071 = AXIS2_PLACEMENT_3D ( 'NONE', #2697, #1688, #1404 ) ;
#1072 = ORIENTED_EDGE ( 'NONE', *, *, #3336, .T. ) ;
#1073 = B_SPLINE_CURVE_WITH_KNOTS ( 'NONE', 3,
 ( #4068, #3111, #4136, #825, #2410, #4150, #1166, #1828, #1123, #2485 ),
 .UNSPECIFIED., .F., .F.,
 ( 4, 2, 2, 2, 4 ),
 ( -0.0004686882413487685893, -0.0002343439908533299432, 2.596421087028635832E-10, 0.0002343445101375474303, 0.0004686887606329862119 ),
 .UNSPECIFIED. ) ;
#1074 = CIRCLE ( 'NONE', #1219, 0.4899999999999999911 ) ;
#1075 = CARTESIAN_POINT ( 'NONE',  ( 7.228186045847749597, 2.999999999999997335, 24.92847189338458591 ) ) ;
#1076 = VECTOR ( 'NONE', #4029, 1000.000000000000000 ) ;
#1077 =( GEOMETRIC_REPRESENTATION_CONTEXT ( 3 ) GLOBAL_UNCERTAINTY_ASSIGNED_CONTEXT ( ( #2250 ) ) GLOBAL_UNIT_ASSIGNED_CONTEXT ( ( #3441, #3799, #303 ) ) REPRESENTATION_CONTEXT ( 'NONE', 'WORKASPACE' ) );
#1078 = LINE ( 'NONE', #2019, #4046 ) ;
#1079 = ORIENTED_EDGE ( 'NONE', *, *, #452, .T. ) ;
#1080 =( NAMED_UNIT ( * ) PLANE_ANGLE_UNIT ( ) SI_UNIT ( $, .RADIAN. ) );
#1081 = VERTEX_POINT ( 'NONE', #2412 ) ;
#1082 =( GEOMETRIC_REPRESENTATION_CONTEXT ( 3 ) GLOBAL_UNCERTAINTY_ASSIGNED_CONTEXT ( ( #865 ) ) GLOBAL_UNIT_ASSIGNED_CONTEXT ( ( #4074, #4098, #2776 ) ) REPRESENTATION_CONTEXT ( 'NONE', 'WORKASPACE' ) );
#1083 = AXIS2_PLACEMENT_3D ( 'NONE', #3762, #2168, #816 ) ;
#1084 = VECTOR ( 'NONE', #3529, 1000.000000000000000 ) ;
#1085 = DIRECTION ( 'NONE',  ( 0.0000000000000000000, 1.000000000000000000, -4.440892098500999885E-16 ) ) ;
#1086 = CARTESIAN_POINT ( 'NONE',  ( 8.004380050947105474, 0.3000000000000013767, 12.00666666666699989 ) ) ;
#1087 =( LENGTH_UNIT ( ) NAMED_UNIT ( * ) SI_UNIT ( .MILLI., .METRE. ) );
#1088 = COLOUR_RGB ( '',0.1254901960784313708, 0.1254901960784313708, 0.1254901960784313708 ) ;
#1089 = ADVANCED_FACE ( 'NONE', ( #2434 ), #3554, .F. ) ;
#1090 = CARTESIAN_POINT ( 'NONE',  ( 7.009999999999998899, -2.978678845241853779, 0.2137028803042429759 ) ) ;
#1091 = LINE ( 'NONE', #3675, #4050 ) ;
#1092 = FILL_AREA_STYLE ('',( #1402 ) ) ;
#1093 =( NAMED_UNIT ( * ) PLANE_ANGLE_UNIT ( ) SI_UNIT ( $, .RADIAN. ) );
#1094 = EDGE_CURVE ( 'NONE', #3979, #2305, #3610, .T. ) ;
#1095 = PRODUCT_RELATED_PRODUCT_CATEGORY ( 'part', '', ( #2216 ) ) ;
#1096 = SURFACE_SIDE_STYLE ('',( #2092 ) ) ;
#1097 = EDGE_LOOP ( 'NONE', ( #2115, #2997, #566, #1936 ) ) ;
#1098 = CARTESIAN_POINT ( 'NONE',  ( 7.426984583261114103, -3.000000000000000888, 6.400000000002999734 ) ) ;
#1099 = EDGE_CURVE ( 'NONE', #476, #3792, #1562, .T. ) ;
#1100 = CARTESIAN_POINT ( 'NONE',  ( -7.707103219846241693, -11.44563316480205195, 1.199995508399791300 ) ) ;
#1101 = VERTEX_POINT ( 'NONE', #3544 ) ;
#1102 = LINE ( 'NONE', #2766, #3426 ) ;
#1103 = VERTEX_POINT ( 'NONE', #3929 ) ;
#1104 = SURFACE_STYLE_FILL_AREA ( #2158 ) ;
#1105 =( NAMED_UNIT ( * ) SI_UNIT ( $, .STERADIAN. ) SOLID_ANGLE_UNIT ( ) );
#1106 = CARTESIAN_POINT ( 'NONE',  ( 7.010000000000002451, -2.727775664181003812, 1.850932147004074046 ) ) ;
#1107 =( LENGTH_UNIT ( ) NAMED_UNIT ( * ) SI_UNIT ( .MILLI., .METRE. ) );
#1108 = ORIENTED_EDGE ( 'NONE', *, *, #2254, .F. ) ;
#1109 = CARTESIAN_POINT ( 'NONE',  ( 8.009999999999999787, -3.000000000000000000, 0.1900000000000000022 ) ) ;
#1110 =( BOUNDED_CURVE ( )  B_SPLINE_CURVE ( 3, ( #2477, #2088, #467, #1857 ),
 .UNSPECIFIED., .F., .T. ) 
 B_SPLINE_CURVE_WITH_KNOTS ( ( 4, 4 ),
 ( 4.328497172959497874, 4.712388980384728754 ),
 .UNSPECIFIED. ) 
 CURVE ( )  GEOMETRIC_REPRESENTATION_ITEM ( )  RATIONAL_B_SPLINE_CURVE ( ( 1.000000000000000000, 0.9877565832834078741, 0.9877565832834078741, 1.000000000000000000 ) ) 
 REPRESENTATION_ITEM ( '' )  );
#1111 = CARTESIAN_POINT ( 'NONE',  ( 8.009999999999999787, 1.822738672605584255E-15, 2.999999999999376499 ) ) ;
#1112 = FILL_AREA_STYLE ('',( #3780 ) ) ;
#1113 = CARTESIAN_POINT ( 'NONE',  ( -0.2000000000000000111, 1.110223024625000030E-14, 25.00000000000000000 ) ) ;
#1114 = CARTESIAN_POINT ( 'NONE',  ( 7.010000000000000675, 2.957327358261763628, 0.1979402927159586989 ) ) ;
#1115 = DIRECTION ( 'NONE',  ( 1.000000000000000000, 0.0000000000000000000, 0.0000000000000000000 ) ) ;
#1116 = LINE ( 'NONE', #1517, #592 ) ;
#1117 = ORIENTED_EDGE ( 'NONE', *, *, #3433, .T. ) ;
#1118 = CARTESIAN_POINT ( 'NONE',  ( 8.004380050947105474, 0.3000000000000023204, 19.01333333333300146 ) ) ;
#1119 = ORIENTED_EDGE ( 'NONE', *, *, #4033, .F. ) ;
#1120 = CARTESIAN_POINT ( 'NONE',  ( 0.0000000000000000000, 9.725553695567755579E-16, 2.189999999973001543 ) ) ;
#1121 = ORIENTED_EDGE ( 'NONE', *, *, #1422, .T. ) ;
#1122 = EDGE_CURVE ( 'NONE', #108, #3494, #3001, .T. ) ;
#1123 = CARTESIAN_POINT ( 'NONE',  ( 7.994373021069257845, -0.2999999999999995448, 9.085906557111428583 ) ) ;
#1124 = CARTESIAN_POINT ( 'NONE',  ( 7.426984583261000417, 3.000000000000000000, 6.400000000002999734 ) ) ;
#1125 = CARTESIAN_POINT ( 'NONE',  ( 8.009999999999999787, 1.888859439228999884E-15, 17.01333333333300146 ) ) ;
#1126 = DIRECTION ( 'NONE',  ( 0.0000000000000000000, 1.000000000000000000, -4.414251702295102433E-16 ) ) ;
#1127 = ORIENTED_EDGE ( 'NONE', *, *, #2423, .F. ) ;
#1128 = DIRECTION ( 'NONE',  ( 0.0000000000000000000, 0.0000000000000000000, 1.000000000000000000 ) ) ;
#1129 = FILL_AREA_STYLE ('',( #504 ) ) ;
#1130 =( NAMED_UNIT ( * ) SI_UNIT ( $, .STERADIAN. ) SOLID_ANGLE_UNIT ( ) );
#1131 = DIRECTION ( 'NONE',  ( 0.0000000000000000000, 1.000000000000000000, -4.336808689942017736E-16 ) ) ;
#1132 = CARTESIAN_POINT ( 'NONE',  ( 7.426984583261242889, 2.999999999999690026, 20.41333333333692934 ) ) ;
#1133 =( BOUNDED_CURVE ( )  B_SPLINE_CURVE ( 3, ( #1445, #4010, #1730, #2377 ),
 .UNSPECIFIED., .F., .F. ) 
 B_SPLINE_CURVE_WITH_KNOTS ( ( 4, 4 ),
 ( 1.570796326794967168, 1.954688134220131879 ),
 .UNSPECIFIED. ) 
 CURVE ( )  GEOMETRIC_REPRESENTATION_ITEM ( )  RATIONAL_B_SPLINE_CURVE ( ( 1.000000000000000000, 0.9877565832834120929, 0.9877565832834120929, 1.000000000000000000 ) ) 
 REPRESENTATION_ITEM ( '' )  );
#1134 = DIRECTION ( 'NONE',  ( 0.0000000000000000000, -0.7071067811860475283, -0.7071067811870475062 ) ) ;
#1135 = DIRECTION ( 'NONE',  ( 0.0000000000000000000, 1.000000000000000000, -4.336808689942017736E-16 ) ) ;
#1136 = VERTEX_POINT ( 'NONE', #637 ) ;
#1137 =( GEOMETRIC_REPRESENTATION_CONTEXT ( 3 ) GLOBAL_UNCERTAINTY_ASSIGNED_CONTEXT ( ( #4110 ) ) GLOBAL_UNIT_ASSIGNED_CONTEXT ( ( #3576, #314, #4270 ) ) REPRESENTATION_CONTEXT ( 'NONE', 'WORKASPACE' ) );
#1138 = EDGE_CURVE ( 'NONE', #5, #1201, #3910, .T. ) ;
#1139 = AXIS2_PLACEMENT_3D ( 'NONE', #3954, #406, #1392 ) ;
#1140 = VECTOR ( 'NONE', #2988, 1000.000000000000000 ) ;
#1141 = VECTOR ( 'NONE', #2841, 1000.000000000000000 ) ;
#1142 = VERTEX_POINT ( 'NONE', #274 ) ;
#1143 = EDGE_LOOP ( 'NONE', ( #3258, #3754, #657, #546 ) ) ;
#1144 = CIRCLE ( 'NONE', #453, 6.999999999948158802 ) ;
#1145 = COLOUR_RGB ( '',0.8000000000000000444, 0.8000000000000000444, 0.8000000000000000444 ) ;
#1146 = EDGE_CURVE ( 'NONE', #2289, #1259, #1908, .T. ) ;
#1147 =( LENGTH_UNIT ( ) NAMED_UNIT ( * ) SI_UNIT ( .MILLI., .METRE. ) );
#1148 = CARTESIAN_POINT ( 'NONE',  ( 7.847642852564145954, -1.071548077666619969, 0.2375560872416849767 ) ) ;
#1149 = AXIS2_PLACEMENT_3D ( 'NONE', #909, #3566, #864 ) ;
#1150 =( GEOMETRIC_REPRESENTATION_CONTEXT ( 3 ) GLOBAL_UNCERTAINTY_ASSIGNED_CONTEXT ( ( #181 ) ) GLOBAL_UNIT_ASSIGNED_CONTEXT ( ( #644, #2195, #2255 ) ) REPRESENTATION_CONTEXT ( 'NONE', 'WORKASPACE' ) );
#1151 = SURFACE_SIDE_STYLE ('',( #2753 ) ) ;
#1152 = ORIENTED_EDGE ( 'NONE', *, *, #724, .F. ) ;
#1153 = CARTESIAN_POINT ( 'NONE',  ( 7.994373021069128171, -0.2999999999999986011, 16.01333333333300146 ) ) ;
#1154 = COLOUR_RGB ( '',0.8000000000000000444, 0.8000000000000000444, 0.8000000000000000444 ) ;
#1155 =( LENGTH_UNIT ( ) NAMED_UNIT ( * ) SI_UNIT ( .MILLI., .METRE. ) );
#1156 = DIRECTION ( 'NONE',  ( -7.850462293415528105E-17, 0.7071067811870475062, 0.7071067811860475283 ) ) ;
#1157 = EDGE_CURVE ( 'NONE', #2155, #3429, #3060, .T. ) ;
#1158 = CIRCLE ( 'NONE', #2541, 8.000000000000000000 ) ;
#1159 = CARTESIAN_POINT ( 'NONE',  ( 8.008654079674665027, -0.1569077015086242921, 23.28739560843787260 ) ) ;
#1160 = LINE ( 'NONE', #1199, #55 ) ;
#1161 = CARTESIAN_POINT ( 'NONE',  ( 7.010000000000000675, -2.999999999999832578, 1.369311430059625412 ) ) ;
#1162 = ORIENTED_EDGE ( 'NONE', *, *, #3082, .T. ) ;
#1163 = CARTESIAN_POINT ( 'NONE',  ( 8.009999999999999787, 1.822738672605584255E-15, 2.999999999999376499 ) ) ;
#1164 = ORIENTED_EDGE ( 'NONE', *, *, #572, .T. ) ;
#1165 = ORIENTED_EDGE ( 'NONE', *, *, #3888, .T. ) ;
#1166 = CARTESIAN_POINT ( 'NONE',  ( 7.998656388633772707, -0.1567179398039612037, 9.274173506017360680 ) ) ;
#1167 = COLOUR_RGB ( '',0.0000000000000000000, 0.0000000000000000000, 0.4980392156862745168 ) ;
#1168 = UNCERTAINTY_MEASURE_WITH_UNIT (LENGTH_MEASURE( 1.000000000000000082E-05 ), #1087, 'distance_accuracy_value', 'NONE');
#1169 = CARTESIAN_POINT ( 'NONE',  ( 7.356312816649492881, -3.169347210956602101, 0.6800000000000004929 ) ) ;
#1170 = EDGE_CURVE ( 'NONE', #969, #2999, #3884, .T. ) ;
#1171 = CARTESIAN_POINT ( 'NONE',  ( 8.004380050947105474, 0.3000000000000008771, 5.000000000000000888 ) ) ;
#1172 = VERTEX_POINT ( 'NONE', #4262 ) ;
#1173 = ADVANCED_FACE ( 'NONE', ( #2244 ), #972, .T. ) ;
#1174 = CARTESIAN_POINT ( 'NONE',  ( 7.500000000000000000, -1.592721133303529742E-15, 0.1999999999999999833 ) ) ;
#1175 = DIRECTION ( 'NONE',  ( -1.000000000000000000, -0.0000000000000000000, -0.0000000000000000000 ) ) ;
#1176 = DIRECTION ( 'NONE',  ( 0.0000000000000000000, -4.440892098500999885E-16, -1.000000000000000000 ) ) ;
#1177 =( NAMED_UNIT ( * ) SI_UNIT ( $, .STERADIAN. ) SOLID_ANGLE_UNIT ( ) );
#1178 =( NAMED_UNIT ( * ) PLANE_ANGLE_UNIT ( ) SI_UNIT ( $, .RADIAN. ) );
#1179 = CARTESIAN_POINT ( 'NONE',  ( 8.010000000000060183, 0.07923995914899281678, 23.32000000000153506 ) ) ;
#1180 = EDGE_CURVE ( 'NONE', #1055, #310, #619, .T. ) ;
#1181 = FACE_OUTER_BOUND ( 'NONE', #4237, .T. ) ;
#1182 = SURFACE_SIDE_STYLE ('',( #3857 ) ) ;
#1183 =( NAMED_UNIT ( * ) PLANE_ANGLE_UNIT ( ) SI_UNIT ( $, .RADIAN. ) );
#1184 = PRESENTATION_STYLE_ASSIGNMENT (( #1426 ) ) ;
#1185 = EDGE_LOOP ( 'NONE', ( #3681, #4086 ) ) ;
#1186 = ORIENTED_EDGE ( 'NONE', *, *, #3314, .T. ) ;
#1187 = VERTEX_POINT ( 'NONE', #1739 ) ;
#1188 = CARTESIAN_POINT ( 'NONE',  ( 8.000000000000000000, 6.446575321117225813E-15, 17.41333333333237832 ) ) ;
#1189 = PLANE ( 'NONE',  #3280 ) ;
#1190 = FACE_OUTER_BOUND ( 'NONE', #4192, .T. ) ;
#1191 = ORIENTED_EDGE ( 'NONE', *, *, #1044, .F. ) ;
#1192 = ADVANCED_FACE ( 'NONE', ( #3326 ), #1656, .T. ) ;
#1193 = FILL_AREA_STYLE ('',( #2417 ) ) ;
#1194 = DIRECTION ( 'NONE',  ( 0.0000000000000000000, 0.0000000000000000000, 1.000000000000000000 ) ) ;
#1195 = CARTESIAN_POINT ( 'NONE',  ( 8.008658066414158228, -0.1567179236786850893, 4.732493145263697798 ) ) ;
#1196 =( LENGTH_UNIT ( ) NAMED_UNIT ( * ) SI_UNIT ( .MILLI., .METRE. ) );
#1197 = SURFACE_STYLE_FILL_AREA ( #3766 ) ;
#1198 = LINE ( 'NONE', #438, #3353 ) ;
#1199 = CARTESIAN_POINT ( 'NONE',  ( 8.009999999999999787, -3.000000000000000888, 6.400000000002999734 ) ) ;
#1200 = FACE_OUTER_BOUND ( 'NONE', #1340, .T. ) ;
#1201 = VERTEX_POINT ( 'NONE', #9 ) ;
#1202 = ORIENTED_EDGE ( 'NONE', *, *, #3651, .F. ) ;
#1203 = STYLED_ITEM ( 'NONE', ( #3203 ), #906 ) ;
#1204 = AXIS2_PLACEMENT_3D ( 'NONE', #3725, #1822, #2779 ) ;
#1205 = ORIENTED_EDGE ( 'NONE', *, *, #3344, .F. ) ;
#1206 = LINE ( 'NONE', #2505, #3829 ) ;
#1207 = UNCERTAINTY_MEASURE_WITH_UNIT (LENGTH_MEASURE( 1.000000000000000082E-05 ), #191, 'distance_accuracy_value', 'NONE');
#1208 = VECTOR ( 'NONE', #3094, 1000.000000000000000 ) ;
#1209 = DIRECTION ( 'NONE',  ( 0.0000000000000000000, -1.110223024625000001E-16, -1.000000000000000000 ) ) ;
#1210 = CARTESIAN_POINT ( 'NONE',  ( 8.010000000000070841, -1.031335786739025151, 11.03800245340748809 ) ) ;
#1211 = STYLED_ITEM ( 'NONE', ( #2023 ), #3533 ) ;
#1212 = CARTESIAN_POINT ( 'NONE',  ( 7.010000000000018439, -3.000000000000013767, 2.003074475423953338 ) ) ;
#1213 = ORIENTED_EDGE ( 'NONE', *, *, #3883, .F. ) ;
#1214 = AXIS2_PLACEMENT_3D ( 'NONE', #2552, #1568, #2876 ) ;
#1215 = DIRECTION ( 'NONE',  ( 0.0000000000000000000, 0.0000000000000000000, 1.000000000000000000 ) ) ;
#1216 =( GEOMETRIC_REPRESENTATION_CONTEXT ( 3 ) GLOBAL_UNCERTAINTY_ASSIGNED_CONTEXT ( ( #2855 ) ) GLOBAL_UNIT_ASSIGNED_CONTEXT ( ( #1611, #3612, #947 ) ) REPRESENTATION_CONTEXT ( 'NONE', 'WORKASPACE' ) );
#1217 = UNCERTAINTY_MEASURE_WITH_UNIT (LENGTH_MEASURE( 1.000000000000000082E-05 ), #4104, 'distance_accuracy_value', 'NONE');
#1218 = CARTESIAN_POINT ( 'NONE',  ( 7.720811614530473044, -3.543115510713237439E-16, 2.190004327917154381 ) ) ;
#1219 = AXIS2_PLACEMENT_3D ( 'NONE', #2642, #1036, #58 ) ;
#1220 = VECTOR ( 'NONE', #1446, 1000.000000000000000 ) ;
#1221 = STYLED_ITEM ( 'NONE', ( #1750 ), #780 ) ;
#1222 = CARTESIAN_POINT ( 'NONE',  ( 0.0000000000000000000, 0.0000000000000000000, 0.0000000000000000000 ) ) ;
#1223 = CARTESIAN_POINT ( 'NONE',  ( 7.792893218813476075, 15.58578643762693616, 24.99999999999999289 ) ) ;
#1224 = ADVANCED_FACE ( 'NONE', ( #2334 ), #3645, .T. ) ;
#1225 = PRESENTATION_LAYER_ASSIGNMENT (  '', '', ( #3837 ) ) ;
#1226 = FACE_OUTER_BOUND ( 'NONE', #2240, .T. ) ;
#1227 =( NAMED_UNIT ( * ) PLANE_ANGLE_UNIT ( ) SI_UNIT ( $, .RADIAN. ) );
#1228 = CARTESIAN_POINT ( 'NONE',  ( 7.010000000000019327, -3.000000000000014655, 1.396925524576048350 ) ) ;
#1229 = PRESENTATION_LAYER_ASSIGNMENT (  '', '', ( #1506 ) ) ;
#1230 =( LENGTH_UNIT ( ) NAMED_UNIT ( * ) SI_UNIT ( .MILLI., .METRE. ) );
#1231 = EDGE_CURVE ( 'NONE', #1201, #1254, #1078, .T. ) ;
#1232 = EDGE_LOOP ( 'NONE', ( #966, #2570, #1334, #1462, #1971 ) ) ;
#1233 = EDGE_CURVE ( 'NONE', #2059, #54, #741, .T. ) ;
#1234 = ORIENTED_EDGE ( 'NONE', *, *, #1044, .T. ) ;
#1235 = EDGE_LOOP ( 'NONE', ( #3908, #3342, #4088, #1488 ) ) ;
#1236 = FACE_OUTER_BOUND ( 'NONE', #3540, .T. ) ;
#1237 = EDGE_CURVE ( 'NONE', #3494, #2696, #1054, .T. ) ;
#1238 = DIRECTION ( 'NONE',  ( 1.000000000000000000, 0.0000000000000000000, 0.0000000000000000000 ) ) ;
#1239 = CARTESIAN_POINT ( 'NONE',  ( 7.994373021069128171, -0.2999999999999999334, 5.000000000000000888 ) ) ;
#1240 = VERTEX_POINT ( 'NONE', #1973 ) ;
#1241 = CARTESIAN_POINT ( 'NONE',  ( -3.750000000000000000, 1.000000000000000000, 0.0000000000000000000 ) ) ;
#1242 = DIRECTION ( 'NONE',  ( 0.0000000000000000000, -4.440892098500999885E-16, -1.000000000000000000 ) ) ;
#1243 = CARTESIAN_POINT ( 'NONE',  ( 4.150000000000000355, 0.0000000000000000000, 0.4000000000000000222 ) ) ;
#1244 = CARTESIAN_POINT ( 'NONE',  ( 8.019235822140590386, 1.350428068400894624E-15, 2.189912812730415492 ) ) ;
#1245 = SURFACE_STYLE_FILL_AREA ( #2214 ) ;
#1246 = ORIENTED_EDGE ( 'NONE', *, *, #3833, .T. ) ;
#1247 = CARTESIAN_POINT ( 'NONE',  ( 3.750000000000000000, 0.0000000000000000000, 0.4000000000000000222 ) ) ;
#1248 = CARTESIAN_POINT ( 'NONE',  ( -7.707103219846103137, 6.002555436174226846E-16, 2.200004491600132450 ) ) ;
#1249 = CARTESIAN_POINT ( 'NONE',  ( 7.998656388633772707, 0.1567179398039613980, 11.73915982731663910 ) ) ;
#1250 = EDGE_LOOP ( 'NONE', ( #3662, #1317, #1323, #650, #3307, #2484, #2871, #3770, #991 ) ) ;
#1251 =( LENGTH_UNIT ( ) NAMED_UNIT ( * ) SI_UNIT ( .MILLI., .METRE. ) );
#1252 = EDGE_CURVE ( 'NONE', #3090, #595, #1336, .T. ) ;
#1253 = ORIENTED_EDGE ( 'NONE', *, *, #1237, .F. ) ;
#1254 = VERTEX_POINT ( 'NONE', #4017 ) ;
#1255 = DIRECTION ( 'NONE',  ( 0.0000000000000000000, 0.0000000000000000000, 1.000000000000000000 ) ) ;
#1256 =( LENGTH_UNIT ( ) NAMED_UNIT ( * ) SI_UNIT ( .MILLI., .METRE. ) );
#1257 = ADVANCED_FACE ( 'NONE', ( #2037 ), #3975, .T. ) ;
#1258 = CARTESIAN_POINT ( 'NONE',  ( 7.426984583261114103, -3.000000000000000888, 6.400000000002999734 ) ) ;
#1259 = VERTEX_POINT ( 'NONE', #3388 ) ;
#1260 = CARTESIAN_POINT ( 'NONE',  ( 7.499999999999990230, 15.00000000000001421, 25.00000000000000000 ) ) ;
#1261 = CYLINDRICAL_SURFACE ( 'NONE', #1279, 0.4000000000000001887 ) ;
#1262 = CARTESIAN_POINT ( 'NONE',  ( 7.517288907488227423, 1.026440248290820811, 1.415442575265302150 ) ) ;
#1263 = LINE ( 'NONE', #2295, #1498 ) ;
#1264 = CARTESIAN_POINT ( 'NONE',  ( 7.291389360122105145, -2.497014465408704087, 2.200004491600132894 ) ) ;
#1265 = CARTESIAN_POINT ( 'NONE',  ( 0.0000000000000000000, 9.769962616598921090E-16, 2.199999999970999376 ) ) ;
#1266 = PLANE ( 'NONE',  #1297 ) ;
#1267 = ORIENTED_EDGE ( 'NONE', *, *, #2497, .T. ) ;
#1268 = DIRECTION ( 'NONE',  ( 0.0000000000000000000, 0.7071067811860475283, 0.7071067811870475062 ) ) ;
#1269 = VERTEX_POINT ( 'NONE', #238 ) ;
#1270 = ORIENTED_EDGE ( 'NONE', *, *, #342, .F. ) ;
#1271 = SURFACE_SIDE_STYLE ('',( #1867 ) ) ;
#1272 = EDGE_CURVE ( 'NONE', #2272, #158, #1198, .T. ) ;
#1273 = SURFACE_STYLE_FILL_AREA ( #2917 ) ;
#1274 = CARTESIAN_POINT ( 'NONE',  ( 8.009999999999999787, -2.999999999999376499, 20.01333333333662168 ) ) ;
#1275 = CARTESIAN_POINT ( 'NONE',  ( 7.802980979185919708, -2.043848089108242227, 19.05718142244413471 ) ) ;
#1276 = EDGE_LOOP ( 'NONE', ( #4133, #2163, #1690, #2651 ) ) ;
#1277 = CARTESIAN_POINT ( 'NONE',  ( -7.500000000000008882, 15.00000000000000711, 25.00000000000000000 ) ) ;
#1278 = EDGE_CURVE ( 'NONE', #3146, #3090, #110, .T. ) ;
#1279 = AXIS2_PLACEMENT_3D ( 'NONE', #300, #3916, #661 ) ;
#1280 = FILL_AREA_STYLE_COLOUR ( '', #1145 ) ;
#1281 = CARTESIAN_POINT ( 'NONE',  ( 7.522739951366371081, 1.027184555301045243, 1.993793658394830581 ) ) ;
#1282 = CIRCLE ( 'NONE', #4180, 8.000000000000000000 ) ;
#1283 = CARTESIAN_POINT ( 'NONE',  ( 8.009999999999999787, 9.413827333223867698E-15, 17.01333333333238684 ) ) ;
#1284 = AXIS2_PLACEMENT_3D ( 'NONE', #159, #4089, #2433 ) ;
#1285 =( GEOMETRIC_REPRESENTATION_CONTEXT ( 3 ) GLOBAL_UNCERTAINTY_ASSIGNED_CONTEXT ( ( #3452 ) ) GLOBAL_UNIT_ASSIGNED_CONTEXT ( ( #1747, #3050, #2043 ) ) REPRESENTATION_CONTEXT ( 'NONE', 'WORKASPACE' ) );
#1286 = ADVANCED_FACE ( 'NONE', ( #4064 ), #1434, .F. ) ;
#1287 = AXIS2_PLACEMENT_3D ( 'NONE', #3553, #2890, #3940 ) ;
#1288 = PRESENTATION_STYLE_ASSIGNMENT (( #1898 ) ) ;
#1289 = CARTESIAN_POINT ( 'NONE',  ( 3.583133383391782001, 13.32528100046665109, 2.200004491600127121 ) ) ;
#1290 = PLANE ( 'NONE',  #3570 ) ;
#1291 = VECTOR ( 'NONE', #1470, 1000.000000000000000 ) ;
#1292 = VECTOR ( 'NONE', #1381, 1000.000000000000000 ) ;
#1293 = CARTESIAN_POINT ( 'NONE',  ( 7.499999999999999112, 14.99999999999999645, 0.1999999999999933220 ) ) ;
#1294 = ORIENTED_EDGE ( 'NONE', *, *, #2332, .T. ) ;
#1295 = CARTESIAN_POINT ( 'NONE',  ( 0.0000000000000000000, 8.000000000000010658, 24.49999999999999645 ) ) ;
#1296 = ORIENTED_EDGE ( 'NONE', *, *, #1472, .F. ) ;
#1297 = AXIS2_PLACEMENT_3D ( 'NONE', #1649, #2588, #446 ) ;
#1298 = CARTESIAN_POINT ( 'NONE',  ( 8.008654079674665027, -0.1569077015086250415, 16.28072894177087448 ) ) ;
#1299 = DIRECTION ( 'NONE',  ( -1.232595164408000087E-32, -1.000000000000000000, 1.110223024625000001E-16 ) ) ;
#1300 = EDGE_LOOP ( 'NONE', ( #1386, #4035, #4236, #1035, #570, #1437 ) ) ;
#1301 = CARTESIAN_POINT ( 'NONE',  ( 7.994373021069128171, -0.2999999999999986011, 16.01333333333300146 ) ) ;
#1302 = B_SPLINE_CURVE_WITH_KNOTS ( 'NONE', 3,
 ( #3811, #870, #2209, #621, #297, #552, #1911, #3230, #3248, #226 ),
 .UNSPECIFIED., .F., .F.,
 ( 4, 2, 2, 2, 4 ),
 ( -0.0004686882413487609999, -0.0002343439908533221099, 2.596421167801697683E-10, 0.0002343445101375554534, 0.0004686887606329943434 ),
 .UNSPECIFIED. ) ;
#1303 = EDGE_CURVE ( 'NONE', #1474, #2289, #762, .T. ) ;
#1304 = CARTESIAN_POINT ( 'NONE',  ( 7.090724773396663849, 3.054922940928059383, 1.209995672082792240 ) ) ;
#1305 = EDGE_CURVE ( 'NONE', #3886, #2911, #1566, .T. ) ;
#1306 = ORIENTED_EDGE ( 'NONE', *, *, #1138, .F. ) ;
#1307 = DIRECTION ( 'NONE',  ( -1.000000000000000000, 0.0000000000000000000, 0.0000000000000000000 ) ) ;
#1308 = CARTESIAN_POINT ( 'NONE',  ( 7.009999999999999787, 3.000000000000014655, 1.396925524576030808 ) ) ;
#1309 = CARTESIAN_POINT ( 'NONE',  ( 3.719304938504157221, -13.83168811457337810, 2.199999999941212980 ) ) ;
#1310 = CARTESIAN_POINT ( 'NONE',  ( 7.631188964814485942, 2.121006508110188093, 0.2375560872416838110 ) ) ;
#1311 = ADVANCED_FACE ( 'NONE', ( #3517 ), #3947, .F. ) ;
#1312 = PRESENTATION_STYLE_ASSIGNMENT (( #2650 ) ) ;
#1313 = VERTEX_POINT ( 'NONE', #3254 ) ;
#1314 = CARTESIAN_POINT ( 'NONE',  ( 8.010000000000001563, 1.093716962323935338, 24.53000000000000469 ) ) ;
#1315 = VERTEX_POINT ( 'NONE', #2613 ) ;
#1316 = CARTESIAN_POINT ( 'NONE',  ( 6.903811327916667295, -2.974394336192606403, 1.984557424734634701 ) ) ;
#1317 = ORIENTED_EDGE ( 'NONE', *, *, #3490, .T. ) ;
#1318 = DIRECTION ( 'NONE',  ( 1.000000000000000000, 0.0000000000000000000, 0.0000000000000000000 ) ) ;
#1319 = EDGE_LOOP ( 'NONE', ( #2904, #3928, #3948, #830 ) ) ;
#1320 = CYLINDRICAL_SURFACE ( 'NONE', #1139, 1.000000000000000000 ) ;
#1321 = DIRECTION ( 'NONE',  ( 1.110223024625000001E-16, 0.0000000000000000000, -1.000000000000000000 ) ) ;
#1322 = CARTESIAN_POINT ( 'NONE',  ( 7.009999999999998899, -2.734031407782590684, 1.772117956235914393 ) ) ;
#1323 = ORIENTED_EDGE ( 'NONE', *, *, #2860, .F. ) ;
#1324 = PLANE ( 'NONE',  #3972 ) ;
#1325 = EDGE_CURVE ( 'NONE', #2716, #1383, #2048, .T. ) ;
#1326 = CARTESIAN_POINT ( 'NONE',  ( 7.010000000000558451, 2.793862177169584626, 1.539728327273771624 ) ) ;
#1327 = CARTESIAN_POINT ( 'NONE',  ( -7.499992332351959945, -1.241291844104123298E-17, 1.992896780188444961 ) ) ;
#1328 = FACE_OUTER_BOUND ( 'NONE', #339, .T. ) ;
#1329 = SURFACE_STYLE_FILL_AREA ( #24 ) ;
#1330 = ORIENTED_EDGE ( 'NONE', *, *, #3678, .F. ) ;
#1331 = EDGE_CURVE ( 'NONE', #2432, #575, #2958, .T. ) ;
#1332 = CYLINDRICAL_SURFACE ( 'NONE', #3692, 8.000000000000000000 ) ;
#1333 = CARTESIAN_POINT ( 'NONE',  ( 8.009999999999999787, -8.578264384678650098E-16, 24.53000000000000469 ) ) ;
#1334 = ORIENTED_EDGE ( 'NONE', *, *, #725, .T. ) ;
#1335 = CARTESIAN_POINT ( 'NONE',  ( 8.019235822140590386, -1.257187079641187166E-15, 1.210087187269584197 ) ) ;
#1336 = LINE ( 'NONE', #1693, #2108 ) ;
#1337 = VERTEX_POINT ( 'NONE', #323 ) ;
#1338 =( NAMED_UNIT ( * ) SI_UNIT ( $, .STERADIAN. ) SOLID_ANGLE_UNIT ( ) );
#1339 = CARTESIAN_POINT ( 'NONE',  ( 7.998656388633772707, 0.1567179398039622862, 18.74582649398264422 ) ) ;
#1340 = EDGE_LOOP ( 'NONE', ( #1152, #2504, #3306, #3173, #289, #3892 ) ) ;
#1341 = MECHANICAL_DESIGN_GEOMETRIC_PRESENTATION_REPRESENTATION (  '', ( #252 ), #927 ) ;
#1342 = DIRECTION ( 'NONE',  ( 1.000000000000000000, 0.0000000000000000000, 0.0000000000000000000 ) ) ;
#1343 = LINE ( 'NONE', #2667, #3695 ) ;
#1344 =( GEOMETRIC_REPRESENTATION_CONTEXT ( 3 ) GLOBAL_UNCERTAINTY_ASSIGNED_CONTEXT ( ( #3155 ) ) GLOBAL_UNIT_ASSIGNED_CONTEXT ( ( #4137, #1789, #1105 ) ) REPRESENTATION_CONTEXT ( 'NONE', 'WORKASPACE' ) );
#1345 = MECHANICAL_DESIGN_GEOMETRIC_PRESENTATION_REPRESENTATION (  '', ( #1634 ), #1902 ) ;
#1346 = FACE_OUTER_BOUND ( 'NONE', #3374, .T. ) ;
#1347 = VECTOR ( 'NONE', #2096, 1000.000000000000000 ) ;
#1348 = MECHANICAL_DESIGN_GEOMETRIC_PRESENTATION_REPRESENTATION (  '', ( #2932 ), #668 ) ;
#1349 = DIRECTION ( 'NONE',  ( 2.664535259100375697E-15, 1.000000000000000000, -4.331394446883413448E-16 ) ) ;
#1350 = DIRECTION ( 'NONE',  ( 1.232595164408000087E-32, 1.000000000000000000, -1.110223024625000001E-16 ) ) ;
#1351 = DIRECTION ( 'NONE',  ( 1.000000000000000000, 6.264374552627346640E-15, 0.0000000000000000000 ) ) ;
#1352 = EDGE_CURVE ( 'NONE', #1853, #3146, #999, .T. ) ;
#1353 = DIRECTION ( 'NONE',  ( 0.0000000000000000000, 1.000000000000000000, -4.472333961502705790E-16 ) ) ;
#1354 = AXIS2_PLACEMENT_3D ( 'NONE', #2229, #3549, #2881 ) ;
#1355 = VERTEX_POINT ( 'NONE', #2631 ) ;
#1356 = VECTOR ( 'NONE', #3796, 1000.000000000000000 ) ;
#1357 = STYLED_ITEM ( 'NONE', ( #2109 ), #459 ) ;
#1358 = DIRECTION ( 'NONE',  ( 0.0000000000000000000, 1.000000000000000000, -4.331394446883413448E-16 ) ) ;
#1359 = VECTOR ( 'NONE', #245, 1000.000000000000000 ) ;
#1360 = COLOUR_RGB ( '',0.8000000000000000444, 0.8000000000000000444, 0.8000000000000000444 ) ;
#1361 = CARTESIAN_POINT ( 'NONE',  ( 7.994373021069128171, 0.3000000000000013212, 16.01333333333300146 ) ) ;
#1362 = EDGE_CURVE ( 'NONE', #1806, #3122, #3941, .T. ) ;
#1363 = ORIENTED_EDGE ( 'NONE', *, *, #1422, .F. ) ;
#1364 = PRODUCT_DEFINITION ( 'UNKNOWN', '', #4264, #1745 ) ;
#1365 = CIRCLE ( 'NONE', #880, 8.009999999999999787 ) ;
#1366 = AXIS2_PLACEMENT_3D ( 'NONE', #3160, #144, #1126 ) ;
#1367 = FACE_BOUND ( 'NONE', #3126, .T. ) ;
#1368 = ORIENTED_EDGE ( 'NONE', *, *, #4077, .T. ) ;
#1369 = AXIS2_PLACEMENT_3D ( 'NONE', #557, #2560, #2000 ) ;
#1370 =( GEOMETRIC_REPRESENTATION_CONTEXT ( 3 ) GLOBAL_UNCERTAINTY_ASSIGNED_CONTEXT ( ( #2370 ) ) GLOBAL_UNIT_ASSIGNED_CONTEXT ( ( #632, #287, #2281 ) ) REPRESENTATION_CONTEXT ( 'NONE', 'WORKASPACE' ) );
#1371 = CARTESIAN_POINT ( 'NONE',  ( 7.010000000000019327, 2.999999999999999112, 0.2013746472038723534 ) ) ;
#1372 = ORIENTED_EDGE ( 'NONE', *, *, #3726, .T. ) ;
#1373 = EDGE_CURVE ( 'NONE', #4196, #1521, #1987, .T. ) ;
#1374 = CARTESIAN_POINT ( 'NONE',  ( 7.416198487095911673, -2.999999999999378275, 13.00666666667062188 ) ) ;
#1375 = CARTESIAN_POINT ( 'NONE',  ( 8.009999999999999787, 1.109235342113541091E-15, 17.41333333333237476 ) ) ;
#1376 = CARTESIAN_POINT ( 'NONE',  ( 8.010000000000040643, -1.031335786739278504, 18.04466912007373836 ) ) ;
#1377 = DIRECTION ( 'NONE',  ( 0.0000000000000000000, -1.110223024625000001E-16, -1.000000000000000000 ) ) ;
#1378 = CARTESIAN_POINT ( 'NONE',  ( 8.009999999999999787, -0.2999999999999999889, 16.01333333333300146 ) ) ;
#1379 = CARTESIAN_POINT ( 'NONE',  ( 0.0000000000000000000, 9.725553695567755579E-16, 2.189999999973001543 ) ) ;
#1380 = DIRECTION ( 'NONE',  ( -1.000000000000000000, 0.0000000000000000000, 0.0000000000000000000 ) ) ;
#1381 = DIRECTION ( 'NONE',  ( -0.0000000000000000000, 4.440892098500999885E-16, 1.000000000000000000 ) ) ;
#1382 = FACE_OUTER_BOUND ( 'NONE', #1865, .T. ) ;
#1383 = VERTEX_POINT ( 'NONE', #2321 ) ;
#1384 = PLANE ( 'NONE',  #1575 ) ;
#1385 = VERTEX_POINT ( 'NONE', #3317 ) ;
#1386 = ORIENTED_EDGE ( 'NONE', *, *, #2430, .F. ) ;
#1387 = EDGE_CURVE ( 'NONE', #310, #4003, #971, .T. ) ;
#1388 = DIRECTION ( 'NONE',  ( 0.0000000000000000000, -0.0000000000000000000, -1.000000000000000000 ) ) ;
#1389 = PRESENTATION_STYLE_ASSIGNMENT (( #91 ) ) ;
#1390 = ORIENTED_EDGE ( 'NONE', *, *, #1841, .T. ) ;
#1391 = EDGE_LOOP ( 'NONE', ( #1955, #2788 ) ) ;
#1392 = DIRECTION ( 'NONE',  ( -1.000000000000000000, 0.0000000000000000000, 0.0000000000000000000 ) ) ;
#1393 = UNCERTAINTY_MEASURE_WITH_UNIT (LENGTH_MEASURE( 1.000000000000000082E-05 ), #3269, 'distance_accuracy_value', 'NONE');
#1394 = FILL_AREA_STYLE_COLOUR ( '', #597 ) ;
#1395 = CARTESIAN_POINT ( 'NONE',  ( 7.416198487095682523, -2.999999999999940936, 20.41333333333594169 ) ) ;
#1396 = LINE ( 'NONE', #2706, #3571 ) ;
#1397 = ORIENTED_EDGE ( 'NONE', *, *, #342, .T. ) ;
#1398 = DIRECTION ( 'NONE',  ( 0.0000000000000000000, -0.0000000000000000000, 1.000000000000000000 ) ) ;
#1399 = FACE_OUTER_BOUND ( 'NONE', #4129, .T. ) ;
#1400 = CARTESIAN_POINT ( 'NONE',  ( 7.009999999999998899, -2.999999999999981792, 24.98413180580480741 ) ) ;
#1401 = DIRECTION ( 'NONE',  ( 1.000000000000000000, 4.712561472647000170E-17, 0.0000000000000000000 ) ) ;
#1402 = FILL_AREA_STYLE_COLOUR ( '', #3496 ) ;
#1403 = CARTESIAN_POINT ( 'NONE',  ( 8.009999999999999787, -0.3000000000000004330, 5.000000000000000000 ) ) ;
#1404 = DIRECTION ( 'NONE',  ( 0.0000000000000000000, -0.0000000000000000000, 1.000000000000000000 ) ) ;
#1405 = ORIENTED_EDGE ( 'NONE', *, *, #3919, .T. ) ;
#1406 =( LENGTH_UNIT ( ) NAMED_UNIT ( * ) SI_UNIT ( .MILLI., .METRE. ) );
#1407 = ORIENTED_EDGE ( 'NONE', *, *, #2474, .T. ) ;
#1408 = CARTESIAN_POINT ( 'NONE',  ( 7.994373021069128171, 0.3000000000000018763, 23.01999999999999957 ) ) ;
#1409 = ORIENTED_EDGE ( 'NONE', *, *, #1720, .F. ) ;
#1410 = EDGE_CURVE ( 'NONE', #1737, #1254, #2418, .T. ) ;
#1411 = DIRECTION ( 'NONE',  ( -1.110223024625000001E-16, -0.0000000000000000000, 1.000000000000000000 ) ) ;
#1412 = DIRECTION ( 'NONE',  ( 1.000000000000000000, -1.110223024625000001E-16, 1.232595164408000087E-32 ) ) ;
#1413 = CARTESIAN_POINT ( 'NONE',  ( 0.0000000000000000000, 0.0000000000000000000, 0.4000000000000000222 ) ) ;
#1414 = EDGE_CURVE ( 'NONE', #3409, #1923, #727, .T. ) ;
#1415 = CARTESIAN_POINT ( 'NONE',  ( -0.2000000000000000111, -0.2000000000000000111, 25.00000000000000000 ) ) ;
#1416 = EDGE_CURVE ( 'NONE', #3297, #3886, #872, .T. ) ;
#1417 = CARTESIAN_POINT ( 'NONE',  ( 7.500000000000000000, 4.662936703425499895E-16, 0.6999999999999999556 ) ) ;
#1418 = B_SPLINE_CURVE_WITH_KNOTS ( 'NONE', 3,
 ( #2149, #3778, #2475, #2442 ),
 .UNSPECIFIED., .F., .F.,
 ( 4, 4 ),
 ( 1.828705519938714907E-17, 6.429247250037149807E-05 ),
 .UNSPECIFIED. ) ;
#1419 = CARTESIAN_POINT ( 'NONE',  ( -0.2000000000000000111, -6.799999999999999822, 25.00000000000000000 ) ) ;
#1420 = COLOUR_RGB ( '',0.1254901960784313708, 0.1254901960784313708, 0.1254901960784313708 ) ;
#1421 = CARTESIAN_POINT ( 'NONE',  ( 8.009999999999999787, -6.184289191857317292E-13, 17.41333333333237476 ) ) ;
#1422 = EDGE_CURVE ( 'NONE', #908, #2393, #2524, .T. ) ;
#1423 = COLOUR_RGB ( '',0.8000000000000000444, 0.8000000000000000444, 0.8000000000000000444 ) ;
#1424 = VECTOR ( 'NONE', #3348, 1000.000000000000000 ) ;
#1425 = SURFACE_STYLE_USAGE ( .BOTH. , #1756 ) ;
#1426 = SURFACE_STYLE_USAGE ( .BOTH. , #1096 ) ;
#1427 = AXIS2_PLACEMENT_3D ( 'NONE', #2296, #691, #3958 ) ;
#1428 = VECTOR ( 'NONE', #881, 1000.000000000000000 ) ;
#1429 = EDGE_LOOP ( 'NONE', ( #3950, #1253, #2016, #2829, #2293, #3507, #1804, #177 ) ) ;
#1430 = AXIS2_PLACEMENT_3D ( 'NONE', #3864, #4198, #2916 ) ;
#1431 = DIRECTION ( 'NONE',  ( -0.0000000000000000000, -0.0000000000000000000, -1.000000000000000000 ) ) ;
#1432 = AXIS2_PLACEMENT_3D ( 'NONE', #3038, #2672, #3989 ) ;
#1433 = AXIS2_PLACEMENT_3D ( 'NONE', #608, #3592, #2258 ) ;
#1434 = PLANE ( 'NONE',  #2316 ) ;
#1435 = ORIENTED_EDGE ( 'NONE', *, *, #1138, .T. ) ;
#1436 = DIRECTION ( 'NONE',  ( 0.0000000000000000000, -1.110223024625000001E-16, -1.000000000000000000 ) ) ;
#1437 = ORIENTED_EDGE ( 'NONE', *, *, #206, .T. ) ;
#1438 = DIRECTION ( 'NONE',  ( 1.000000000000000000, -5.551115123127341935E-17, 5.551115123119491536E-17 ) ) ;
#1439 = UNCERTAINTY_MEASURE_WITH_UNIT (LENGTH_MEASURE( 1.000000000000000082E-05 ), #1676, 'distance_accuracy_value', 'NONE');
#1440 = AXIS2_PLACEMENT_3D ( 'NONE', #4066, #2844, #1436 ) ;
#1441 = FACE_OUTER_BOUND ( 'NONE', #617, .T. ) ;
#1442 = ORIENTED_EDGE ( 'NONE', *, *, #381, .T. ) ;
#1443 = CARTESIAN_POINT ( 'NONE',  ( -8.000000000000000000, 1.124786581202162987E-15, 0.7000000000000012879 ) ) ;
#1444 = SURFACE_STYLE_USAGE ( .BOTH. , #3135 ) ;
#1445 = CARTESIAN_POINT ( 'NONE',  ( 8.009999999999999787, 1.554804849329585037E-15, 10.40666666666587936 ) ) ;
#1446 = DIRECTION ( 'NONE',  ( -1.000000000000000000, -0.0000000000000000000, 0.0000000000000000000 ) ) ;
#1447 =( NAMED_UNIT ( * ) SI_UNIT ( $, .STERADIAN. ) SOLID_ANGLE_UNIT ( ) );
#1448 = PRESENTATION_STYLE_ASSIGNMENT (( #2151 ) ) ;
#1449 = DIRECTION ( 'NONE',  ( 0.0000000000000000000, -4.440892098500999885E-16, -1.000000000000000000 ) ) ;
#1450 =( BOUNDED_CURVE ( )  B_SPLINE_CURVE ( 3, ( #2294, #666, #2542, #3855 ),
 .UNSPECIFIED., .F., .T. ) 
 B_SPLINE_CURVE_WITH_KNOTS ( ( 4, 4 ),
 ( 4.327992205889133359, 4.712388980384758952 ),
 .UNSPECIFIED. ) 
 CURVE ( )  GEOMETRIC_REPRESENTATION_ITEM ( )  RATIONAL_B_SPLINE_CURVE ( ( 1.000000000000000000, 0.9877244516659848816, 0.9877244516659848816, 1.000000000000000000 ) ) 
 REPRESENTATION_ITEM ( '' )  );
#1451 = LINE ( 'NONE', #434, #937 ) ;
#1452 = DIRECTION ( 'NONE',  ( 1.000000000000000000, 0.0000000000000000000, 0.0000000000000000000 ) ) ;
#1453 = EDGE_CURVE ( 'NONE', #1539, #2438, #3219, .T. ) ;
#1454 =( NAMED_UNIT ( * ) PLANE_ANGLE_UNIT ( ) SI_UNIT ( $, .RADIAN. ) );
#1455 = ORIENTED_EDGE ( 'NONE', *, *, #213, .F. ) ;
#1456 = ORIENTED_EDGE ( 'NONE', *, *, #1639, .T. ) ;
#1457 = LINE ( 'NONE', #565, #130 ) ;
#1458 = ORIENTED_EDGE ( 'NONE', *, *, #939, .F. ) ;
#1459 = CARTESIAN_POINT ( 'NONE',  ( 7.416198487095710945, 2.999999999999891642, 24.50000000000000000 ) ) ;
#1460 = CARTESIAN_POINT ( 'NONE',  ( 7.847642852565679839, -1.071548077666817367, 24.97244391275639686 ) ) ;
#1461 = FILL_AREA_STYLE_COLOUR ( '', #3229 ) ;
#1462 = ORIENTED_EDGE ( 'NONE', *, *, #2547, .T. ) ;
#1463 = FACE_OUTER_BOUND ( 'NONE', #1540, .T. ) ;
#1464 = CARTESIAN_POINT ( 'NONE',  ( 7.227696212027669098, 2.999999999999996003, 0.2811408228748020766 ) ) ;
#1465 =( NAMED_UNIT ( * ) SI_UNIT ( $, .STERADIAN. ) SOLID_ANGLE_UNIT ( ) );
#1466 = CARTESIAN_POINT ( 'NONE',  ( 8.010000000000001563, -0.07923995914891633630, 4.700000000000001066 ) ) ;
#1467 = CARTESIAN_POINT ( 'NONE',  ( 7.009999999999940279, 2.935966621068510918, 0.1965747213893635492 ) ) ;
#1468 = B_SPLINE_CURVE_WITH_KNOTS ( 'NONE', 3,
 ( #1040, #2396, #60, #704 ),
 .UNSPECIFIED., .F., .F.,
 ( 4, 4 ),
 ( 1.040834085586084257E-17, 6.421302753575888690E-05 ),
 .UNSPECIFIED. ) ;
#1469 = CARTESIAN_POINT ( 'NONE',  ( 8.009999999999999787, 3.000000000000000000, 6.000000000003000267 ) ) ;
#1470 = DIRECTION ( 'NONE',  ( 0.0000000000000000000, 0.0000000000000000000, 1.000000000000000000 ) ) ;
#1471 = ORIENTED_EDGE ( 'NONE', *, *, #3919, .F. ) ;
#1472 = EDGE_CURVE ( 'NONE', #1172, #3324, #431, .T. ) ;
#1473 = FACE_OUTER_BOUND ( 'NONE', #2567, .T. ) ;
#1474 = VERTEX_POINT ( 'NONE', #4011 ) ;
#1475 = ORIENTED_EDGE ( 'NONE', *, *, #1252, .T. ) ;
#1476 = FILL_AREA_STYLE_COLOUR ( '', #2054 ) ;
#1477 = CARTESIAN_POINT ( 'NONE',  ( 8.000000000000007105, -15.99999999999998224, 24.50000000000000711 ) ) ;
#1478 = CARTESIAN_POINT ( 'NONE',  ( 3.750000000000000000, 1.000000000000000000, 0.0000000000000000000 ) ) ;
#1479 = ORIENTED_EDGE ( 'NONE', *, *, #813, .T. ) ;
#1480 = CARTESIAN_POINT ( 'NONE',  ( 7.995721616002286147, -0.2673955412531314746, 16.17024109691900691 ) ) ;
#1481 = CARTESIAN_POINT ( 'NONE',  ( 8.000000000000000000, 1.999762033151556121E-15, 3.399999999999377298 ) ) ;
#1482 = DIRECTION ( 'NONE',  ( 0.0000000000000000000, 1.110223024625000001E-16, 1.000000000000000000 ) ) ;
#1483 = CARTESIAN_POINT ( 'NONE',  ( 8.004380050947105474, -0.3000000000000020428, 5.000000000000000888 ) ) ;
#1484 = DIRECTION ( 'NONE',  ( 1.000000000000000000, 0.0000000000000000000, 0.0000000000000000000 ) ) ;
#1485 = SURFACE_SIDE_STYLE ('',( #1197 ) ) ;
#1486 = AXIS2_PLACEMENT_3D ( 'NONE', #554, #1576, #28 ) ;
#1487 = CARTESIAN_POINT ( 'NONE',  ( 0.0000000000000000000, 0.0000000000000000000, 0.0000000000000000000 ) ) ;
#1488 = ORIENTED_EDGE ( 'NONE', *, *, #2403, .T. ) ;
#1489 =( GEOMETRIC_REPRESENTATION_CONTEXT ( 3 ) GLOBAL_UNCERTAINTY_ASSIGNED_CONTEXT ( ( #1439 ) ) GLOBAL_UNIT_ASSIGNED_CONTEXT ( ( #1676, #2983, #4047 ) ) REPRESENTATION_CONTEXT ( 'NONE', 'WORKASPACE' ) );
#1490 = VECTOR ( 'NONE', #1388, 1000.000000000000000 ) ;
#1491 = EDGE_CURVE ( 'NONE', #3804, #1711, #4205, .T. ) ;
#1492 = CIRCLE ( 'NONE', #394, 0.4000000000000001887 ) ;
#1493 = EDGE_CURVE ( 'NONE', #158, #4147, #1282, .T. ) ;
#1494 = AXIS2_PLACEMENT_3D ( 'NONE', #882, #539, #584 ) ;
#1495 = ORIENTED_EDGE ( 'NONE', *, *, #2178, .T. ) ;
#1496 = ORIENTED_EDGE ( 'NONE', *, *, #1549, .T. ) ;
#1497 = PRESENTATION_LAYER_ASSIGNMENT (  '', '', ( #1577 ) ) ;
#1498 = VECTOR ( 'NONE', #2585, 1000.000000000000000 ) ;
#1499 = PRESENTATION_STYLE_ASSIGNMENT (( #142 ) ) ;
#1500 = DIRECTION ( 'NONE',  ( 0.0000000000000000000, 0.0000000000000000000, 1.000000000000000000 ) ) ;
#1501 = CIRCLE ( 'NONE', #3361, 8.000000000000000000 ) ;
#1502 = AXIS2_PLACEMENT_3D ( 'NONE', #387, #2712, #2675 ) ;
#1503 = EDGE_CURVE ( 'NONE', #2654, #635, #2310, .T. ) ;
#1504 = EDGE_LOOP ( 'NONE', ( #1672, #809, #1368, #249, #3456, #135, #441, #2394, #3209 ) ) ;
#1505 = CARTESIAN_POINT ( 'NONE',  ( -8.000000000000000000, 9.947158630888443108E-16, 0.4071067811865481945 ) ) ;
#1506 = STYLED_ITEM ( 'NONE', ( #2126 ), #2495 ) ;
#1507 = CARTESIAN_POINT ( 'NONE',  ( 7.223512941932560771, 2.999999999999999556, 24.89839403152504005 ) ) ;
#1508 = PLANE ( 'NONE',  #876 ) ;
#1509 = B_SPLINE_CURVE_WITH_KNOTS ( 'NONE', 3,
 ( #1467, #1114, #2777, #2170 ),
 .UNSPECIFIED., .F., .F.,
 ( 4, 4 ),
 ( 4.575122094372488462E-15, 6.421302753040696682E-05 ),
 .UNSPECIFIED. ) ;
#1510 = CARTESIAN_POINT ( 'NONE',  ( 0.0000000000000000000, 3.019806626980464957E-16, 0.6799999999999987166 ) ) ;
#1511 = CARTESIAN_POINT ( 'NONE',  ( 8.010000000000003340, 0.07923995914891049375, 4.700000000000000178 ) ) ;
#1512 = MECHANICAL_DESIGN_GEOMETRIC_PRESENTATION_REPRESENTATION (  '', ( #1593 ), #4200 ) ;
#1513 = CARTESIAN_POINT ( 'NONE',  ( 8.009999999999999787, 3.000000000000000000, 13.00666666666900007 ) ) ;
#1514 = SURFACE_STYLE_USAGE ( .BOTH. , #1182 ) ;
#1515 = PLANE ( 'NONE',  #3495 ) ;
#1516 = ORIENTED_EDGE ( 'NONE', *, *, #1934, .F. ) ;
#1517 = CARTESIAN_POINT ( 'NONE',  ( 6.799999999999999822, 6.799999999999999822, 24.89999999999999858 ) ) ;
#1518 = ORIENTED_EDGE ( 'NONE', *, *, #3256, .F. ) ;
#1519 = CARTESIAN_POINT ( 'NONE',  ( 7.009999999999998899, -2.999999999999981792, 24.98413180580480741 ) ) ;
#1520 = VERTEX_POINT ( 'NONE', #3657 ) ;
#1521 = VERTEX_POINT ( 'NONE', #3380 ) ;
#1522 = EDGE_CURVE ( 'NONE', #1866, #1884, #791, .T. ) ;
#1523 = UNCERTAINTY_MEASURE_WITH_UNIT (LENGTH_MEASURE( 1.000000000000000082E-05 ), #2493, 'distance_accuracy_value', 'NONE');
#1524 = CARTESIAN_POINT ( 'NONE',  ( 7.994373021069128171, -0.2999999999999994893, 12.00666666666699989 ) ) ;
#1525 = LINE ( 'NONE', #808, #1993 ) ;
#1526 = EDGE_LOOP ( 'NONE', ( #3660, #3352, #312, #2481 ) ) ;
#1527 = DIRECTION ( 'NONE',  ( 1.000000000000000000, -8.409938959292652025E-16, 0.0000000000000000000 ) ) ;
#1528 = UNCERTAINTY_MEASURE_WITH_UNIT (LENGTH_MEASURE( 1.000000000000000082E-05 ), #1155, 'distance_accuracy_value', 'NONE');
#1530 = EDGE_CURVE ( 'NONE', #2461, #714, #2379, .T. ) ;
#1529 = PRESENTATION_STYLE_ASSIGNMENT (( #1444 ) ) ;
#1531 = CARTESIAN_POINT ( 'NONE',  ( 0.0000000000000000000, 5.329070518461592986E-16, 1.200000000058792704 ) ) ;
#1532 = CARTESIAN_POINT ( 'NONE',  ( 0.0000000000000000000, 1.088018564133000193E-14, 24.50000000000000000 ) ) ;
#1533 = CARTESIAN_POINT ( 'NONE',  ( 7.009999999999999787, 2.935966621071685712, 25.01342527848692754 ) ) ;
#1534 = LINE ( 'NONE', #2843, #2878 ) ;
#1535 = CARTESIAN_POINT ( 'NONE',  ( 0.2000000000000000111, 1.110223024625000030E-14, 25.00000000000000000 ) ) ;
#1536 = FILL_AREA_STYLE ('',( #1861 ) ) ;
#1537 = ORIENTED_EDGE ( 'NONE', *, *, #1522, .T. ) ;
#1538 = CARTESIAN_POINT ( 'NONE',  ( 7.009999999999999787, -2.957331123930026617, 24.98821324034675229 ) ) ;
#1539 = VERTEX_POINT ( 'NONE', #3416 ) ;
#1540 = EDGE_LOOP ( 'NONE', ( #2307, #47, #4019, #3521 ) ) ;
#1541 = CARTESIAN_POINT ( 'NONE',  ( 6.799999999999999822, 0.2000000000000000111, 25.00000000000000000 ) ) ;
#1542 = CARTESIAN_POINT ( 'NONE',  ( 7.121417470576562714, 2.999999999999999556, 0.2423081178993383156 ) ) ;
#1543 = CARTESIAN_POINT ( 'NONE',  ( -0.2000000000000000111, -0.1999999999999996503, 25.00000000000000000 ) ) ;
#1544 = CARTESIAN_POINT ( 'NONE',  ( 6.799999999999999822, 1.110223024625000030E-14, 25.00000000000000000 ) ) ;
#1545 = ORIENTED_EDGE ( 'NONE', *, *, #851, .T. ) ;
#1546 = DIRECTION ( 'NONE',  ( 0.0000000000000000000, 0.0000000000000000000, 1.000000000000000000 ) ) ;
#1547 = CARTESIAN_POINT ( 'NONE',  ( 7.789067973218277707, -2.164887272413422270, 2.189999999945126063 ) ) ;
#1548 = CARTESIAN_POINT ( 'NONE',  ( -0.1999999999999999278, 0.1999999999999998168, 24.89999999999999858 ) ) ;
#1549 = EDGE_CURVE ( 'NONE', #970, #3943, #2730, .T. ) ;
#1550 = EDGE_CURVE ( 'NONE', #781, #2783, #1091, .T. ) ;
#1551 = ITEM_DEFINED_TRANSFORMATION ( 'NONE', 'NONE', #2121,  #1083 ) ;
#1552 = FILL_AREA_STYLE_COLOUR ( '', #1360 ) ;
#1553 = CARTESIAN_POINT ( 'NONE',  ( 7.009999999999998010, 2.666554556190335656, 1.658360100726754771 ) ) ;
#1554 = CARTESIAN_POINT ( 'NONE',  ( 8.009999999999999787, -6.205973235307027380E-13, 3.399999999999377742 ) ) ;
#1555 = CARTESIAN_POINT ( 'NONE',  ( 7.009999999999999787, 2.999999999999832578, 2.030688569940373611 ) ) ;
#1556 = SURFACE_SIDE_STYLE ('',( #2200 ) ) ;
#1557 = EDGE_CURVE ( 'NONE', #701, #1136, #2399, .T. ) ;
#1558 = PRESENTATION_STYLE_ASSIGNMENT (( #424 ) ) ;
#1559 = ORIENTED_EDGE ( 'NONE', *, *, #968, .T. ) ;
#1560 = PRESENTATION_STYLE_ASSIGNMENT (( #2846 ) ) ;
#1561 = EDGE_LOOP ( 'NONE', ( #4037, #2038, #3448, #1636, #317 ) ) ;
#1562 = CIRCLE ( 'NONE', #2658, 8.000000000000000000 ) ;
#1563 = PRESENTATION_LAYER_ASSIGNMENT (  '', '', ( #3134 ) ) ;
#1564 = EDGE_LOOP ( 'NONE', ( #371, #2853, #1108, #2388 ) ) ;
#1565 = CARTESIAN_POINT ( 'NONE',  ( 3.750000000000000000, 1.000000000000000000, 0.3999999999999998002 ) ) ;
#1566 = CIRCLE ( 'NONE', #1494, 7.599999999999999645 ) ;
#1567 = COLOUR_RGB ( '',0.8000000000000000444, 0.8000000000000000444, 0.8000000000000000444 ) ;
#1568 = DIRECTION ( 'NONE',  ( 0.0000000000000000000, 1.000000000000000000, 0.0000000000000000000 ) ) ;
#1569 = LINE ( 'NONE', #296, #2799 ) ;
#1570 = AXIS2_PLACEMENT_3D ( 'NONE', #486, #1128, #3133 ) ;
#1571 = CARTESIAN_POINT ( 'NONE',  ( 0.0000000000000000000, 1.089350831762000122E-14, 24.53000000000000469 ) ) ;
#1572 = VERTEX_POINT ( 'NONE', #2759 ) ;
#1573 = CIRCLE ( 'NONE', #805, 8.000000000000000000 ) ;
#1574 = CARTESIAN_POINT ( 'NONE',  ( 6.523802572120035670, 1.000000000000003109, 0.4000000000000000222 ) ) ;
#1575 = AXIS2_PLACEMENT_3D ( 'NONE', #2171, #4145, #196 ) ;
#1576 = DIRECTION ( 'NONE',  ( -1.232595164408000087E-32, -1.000000000000000000, 1.110223024625000001E-16 ) ) ;
#1577 = STYLED_ITEM ( 'NONE', ( #116 ), #3733 ) ;
#1578 = SURFACE_STYLE_USAGE ( .BOTH. , #3851 ) ;
#1579 =( GEOMETRIC_REPRESENTATION_CONTEXT ( 3 ) GLOBAL_UNCERTAINTY_ASSIGNED_CONTEXT ( ( #3749 ) ) GLOBAL_UNIT_ASSIGNED_CONTEXT ( ( #3873, #1922, #3237 ) ) REPRESENTATION_CONTEXT ( 'NONE', 'WORKASPACE' ) );
#1580 = VECTOR ( 'NONE', #489, 1000.000000000000000 ) ;
#1581 = CARTESIAN_POINT ( 'NONE',  ( 6.908817518171985306, 2.976551171487497705, 1.993793658394829693 ) ) ;
#1582 = DIRECTION ( 'NONE',  ( 1.000000000000000000, 0.0000000000000000000, 0.0000000000000000000 ) ) ;
#1583 = FILL_AREA_STYLE_COLOUR ( '', #2606 ) ;
#1584 = ORIENTED_EDGE ( 'NONE', *, *, #3774, .F. ) ;
#1585 = AXIS2_PLACEMENT_3D ( 'NONE', #1120, #93, #1762 ) ;
#1586 = ADVANCED_FACE ( 'NONE', ( #2106 ), #466, .T. ) ;
#1587 = AXIS2_PLACEMENT_3D ( 'NONE', #1222, #4179, #1582 ) ;
#1588 = CARTESIAN_POINT ( 'NONE',  ( 7.291389360122234820, 2.497014465408750272, 1.199995508399785527 ) ) ;
#1589 = FACE_OUTER_BOUND ( 'NONE', #4210, .T. ) ;
#1590 = VECTOR ( 'NONE', #4087, 1000.000000000000000 ) ;
#1591 = CARTESIAN_POINT ( 'NONE',  ( 8.000000000000000000, 15.99999999999999822, 0.6999999999999940714 ) ) ;
#1592 = EDGE_LOOP ( 'NONE', ( #1901, #795, #461, #332, #401, #2895 ) ) ;
#1593 = STYLED_ITEM ( 'NONE', ( #3515 ), #3123 ) ;
#1594 = SURFACE_STYLE_FILL_AREA ( #269 ) ;
#1595 = EDGE_CURVE ( 'NONE', #3712, #1696, #120, .T. ) ;
#1596 = ORIENTED_EDGE ( 'NONE', *, *, #2550, .F. ) ;
#1597 = ORIENTED_EDGE ( 'NONE', *, *, #602, .F. ) ;
#1598 = CARTESIAN_POINT ( 'NONE',  ( 8.000000000000039080, 1.031419978906774837, 18.44475331224123238 ) ) ;
#1599 = CARTESIAN_POINT ( 'NONE',  ( 7.009999999999956266, 2.999999999999980016, 0.2158681941953733141 ) ) ;
#1600 = DIRECTION ( 'NONE',  ( 0.0000000000000000000, -4.440892098500999885E-16, -1.000000000000000000 ) ) ;
#1601 = VERTEX_POINT ( 'NONE', #2443 ) ;
#1602 = DIRECTION ( 'NONE',  ( -0.0000000000000000000, -1.110223024625000001E-16, -1.000000000000000000 ) ) ;
#1603 = SURFACE_SIDE_STYLE ('',( #280 ) ) ;
#1604 = ORIENTED_EDGE ( 'NONE', *, *, #4054, .T. ) ;
#1605 = CARTESIAN_POINT ( 'NONE',  ( 7.010000000000000675, 2.924711998376811284, 1.997095305429194889 ) ) ;
#1606 = CARTESIAN_POINT ( 'NONE',  ( 7.010000000000089493, 2.874845885190095540, 1.934194922106267978 ) ) ;
#1607 = CARTESIAN_POINT ( 'NONE',  ( 3.486844815057454472, 12.96719435034786372, 1.407103219811411288 ) ) ;
#1608 = CARTESIAN_POINT ( 'NONE',  ( 8.000000000000000000, 1.999762033151556121E-15, 3.399999999999377298 ) ) ;
#1609 = EDGE_CURVE ( 'NONE', #2959, #2457, #4096, .T. ) ;
#1610 = ORIENTED_EDGE ( 'NONE', *, *, #71, .F. ) ;
#1611 =( LENGTH_UNIT ( ) NAMED_UNIT ( * ) SI_UNIT ( .MILLI., .METRE. ) );
#1612 = EDGE_CURVE ( 'NONE', #2911, #3218, #2167, .T. ) ;
#1613 = ORIENTED_EDGE ( 'NONE', *, *, #2225, .F. ) ;
#1614 = EDGE_CURVE ( 'NONE', #2503, #1187, #2494, .T. ) ;
#1615 = SURFACE_STYLE_USAGE ( .BOTH. , #1271 ) ;
#1616 = CARTESIAN_POINT ( 'NONE',  ( 0.2000000000000000111, -6.799999999999999822, 25.00000000000000000 ) ) ;
#1617 = CARTESIAN_POINT ( 'NONE',  ( 8.009999999999999787, 1.109235342113541091E-15, 17.41333333333237476 ) ) ;
#1618 = FACE_BOUND ( 'NONE', #2346, .T. ) ;
#1619 = ORIENTED_EDGE ( 'NONE', *, *, #1952, .T. ) ;
#1620 = DIRECTION ( 'NONE',  ( -0.0000000000000000000, 4.440892098500999885E-16, 1.000000000000000000 ) ) ;
#1621 = CARTESIAN_POINT ( 'NONE',  ( 7.792893218813452094, -2.771821522102766396E-16, 25.00000000000000000 ) ) ;
#1622 = EDGE_LOOP ( 'NONE', ( #2684, #3132, #292, #2215 ) ) ;
#1623 = FACE_OUTER_BOUND ( 'NONE', #1823, .T. ) ;
#1624 = CARTESIAN_POINT ( 'NONE',  ( 7.291389360122237484, -2.497014465408748496, 1.199995508399787081 ) ) ;
#1625 = CARTESIAN_POINT ( 'NONE',  ( 7.998652396985982627, -0.1569077140104529755, 11.73927107144650961 ) ) ;
#1626 = SURFACE_STYLE_USAGE ( .BOTH. , #2615 ) ;
#1627 = EDGE_LOOP ( 'NONE', ( #1886, #2236, #1807, #3547, #4001, #3565, #4219, #2845, #3473, #821, #311, #2924, #1390, #2234 ) ) ;
#1628 = DIRECTION ( 'NONE',  ( -1.232595164408000087E-32, -1.000000000000000000, 1.110223024625000001E-16 ) ) ;
#1629 = ORIENTED_EDGE ( 'NONE', *, *, #1503, .T. ) ;
#1630 = ORIENTED_EDGE ( 'NONE', *, *, #3294, .F. ) ;
#1631 = EDGE_CURVE ( 'NONE', #3614, #3107, #2131, .T. ) ;
#1632 = EDGE_CURVE ( 'NONE', #1811, #3090, #3185, .T. ) ;
#1633 =( NAMED_UNIT ( * ) PLANE_ANGLE_UNIT ( ) SI_UNIT ( $, .RADIAN. ) );
#1634 = STYLED_ITEM ( 'NONE', ( #2865 ), #101 ) ;
#1635 = CARTESIAN_POINT ( 'NONE',  ( 8.000000000000062172, 0.07923997768341602133, 18.71333333333146598 ) ) ;
#1636 = ORIENTED_EDGE ( 'NONE', *, *, #1798, .T. ) ;
#1637 = CARTESIAN_POINT ( 'NONE',  ( 8.009999999999999787, 9.937198376481000886E-16, 9.006666666666999888 ) ) ;
#1638 = CIRCLE ( 'NONE', #321, 8.000000000000310862 ) ;
#1639 = EDGE_CURVE ( 'NONE', #3327, #2272, #3563, .T. ) ;
#1640 = CARTESIAN_POINT ( 'NONE',  ( 7.730098892854599946, 1.339224876786311826E-15, 2.195367941709931880 ) ) ;
#1641 = AXIS2_PLACEMENT_3D ( 'NONE', #527, #1854, #1527 ) ;
#1642 = ORIENTED_EDGE ( 'NONE', *, *, #1305, .F. ) ;
#1643 = AXIS2_PLACEMENT_3D ( 'NONE', #3650, #3689, #1673 ) ;
#1644 =( GEOMETRIC_REPRESENTATION_CONTEXT ( 3 ) GLOBAL_UNCERTAINTY_ASSIGNED_CONTEXT ( ( #1963 ) ) GLOBAL_UNIT_ASSIGNED_CONTEXT ( ( #647, #2968, #629 ) ) REPRESENTATION_CONTEXT ( 'NONE', 'WORKASPACE' ) );
#1645 = CARTESIAN_POINT ( 'NONE',  ( 7.010000000000027320, 2.769727055325889253, 1.566961329128295777 ) ) ;
#1646 = CARTESIAN_POINT ( 'NONE',  ( -7.499992332352040769, 11.13805777946259212, 1.407103219811411954 ) ) ;
#1647 = CARTESIAN_POINT ( 'NONE',  ( 7.356312816649493769, 3.169347210956600325, 0.6799999999999990496 ) ) ;
#1648 = AXIS2_PLACEMENT_3D ( 'NONE', #1532, #491, #1131 ) ;
#1649 = CARTESIAN_POINT ( 'NONE',  ( 4.150000000000000355, 0.0000000000000000000, -3.000000000000000000 ) ) ;
#1650 = ORIENTED_EDGE ( 'NONE', *, *, #1550, .F. ) ;
#1651 = PLANE ( 'NONE',  #528 ) ;
#1652 = PRESENTATION_LAYER_ASSIGNMENT (  '', '', ( #2328 ) ) ;
#1653 = FACE_OUTER_BOUND ( 'NONE', #4148, .T. ) ;
#1654 = MECHANICAL_DESIGN_GEOMETRIC_PRESENTATION_REPRESENTATION (  '', ( #3091 ), #4269 ) ;
#1655 = CARTESIAN_POINT ( 'NONE',  ( 7.315247543825078580, -2.033194004293311874, 1.406206341605148680 ) ) ;
#1656 = PLANE ( 'NONE',  #3824 ) ;
#1657 = ORIENTED_EDGE ( 'NONE', *, *, #1491, .T. ) ;
#1658 = DIRECTION ( 'NONE',  ( 0.0000000000000000000, -4.440892098500999885E-16, -1.000000000000000000 ) ) ;
#1659 = PLANE ( 'NONE',  #2182 ) ;
#1660 = EDGE_CURVE ( 'NONE', #1269, #1666, #2455, .T. ) ;
#1661 = CARTESIAN_POINT ( 'NONE',  ( 3.750000000000000000, 0.0000000000000000000, 0.4000000000000000222 ) ) ;
#1662 = ADVANCED_FACE ( 'NONE', ( #2150 ), #899, .F. ) ;
#1663 = CARTESIAN_POINT ( 'NONE',  ( -8.000000000000177636, 6.002516618149806402E-16, 2.199999999941206763 ) ) ;
#1664 = DIRECTION ( 'NONE',  ( 0.0000000000000000000, 1.110223024625000001E-16, 1.000000000000000000 ) ) ;
#1665 = CARTESIAN_POINT ( 'NONE',  ( 7.009999999999999787, 2.999999999999980904, 24.98413180580480741 ) ) ;
#1666 = VERTEX_POINT ( 'NONE', #4123 ) ;
#1667 = CARTESIAN_POINT ( 'NONE',  ( 7.356312816649498210, 3.169347210956598992, 24.78101086584426938 ) ) ;
#1668 = CARTESIAN_POINT ( 'NONE',  ( -6.799999999999999822, 0.2000000000000000111, 25.00000000000000000 ) ) ;
#1669 = ORIENTED_EDGE ( 'NONE', *, *, #1059, .T. ) ;
#1670 = PRODUCT_CONTEXT ( 'NONE', #2752, 'mechanical' ) ;
#1671 = CARTESIAN_POINT ( 'NONE',  ( 8.000000000000053291, -0.07923997768404669739, 18.71333333333163296 ) ) ;
#1672 = ORIENTED_EDGE ( 'NONE', *, *, #3548, .T. ) ;
#1673 = DIRECTION ( 'NONE',  ( 0.0000000000000000000, 1.000000000000000000, -4.331394446883413448E-16 ) ) ;
#1674 = B_SPLINE_CURVE_WITH_KNOTS ( 'NONE', 3,
 ( #4055, #3701, #1090, #3636 ),
 .UNSPECIFIED., .F., .F.,
 ( 4, 4 ),
 ( 3.050372513436296770E-18, 6.429247250026048932E-05 ),
 .UNSPECIFIED. ) ;
#1675 = EDGE_CURVE ( 'NONE', #1539, #857, #3207, .T. ) ;
#1676 =( LENGTH_UNIT ( ) NAMED_UNIT ( * ) SI_UNIT ( .MILLI., .METRE. ) );
#1677 = FACE_BOUND ( 'NONE', #327, .T. ) ;
#1678 = CARTESIAN_POINT ( 'NONE',  ( 8.009999999999999787, 3.000000000000000000, 20.41333333333599853 ) ) ;
#1679 = CARTESIAN_POINT ( 'NONE',  ( 2.750000000000000000, 0.0000000000000000000, 0.4000000000000000222 ) ) ;
#1680 = EDGE_CURVE ( 'NONE', #494, #1853, #3460, .T. ) ;
#1681 = EDGE_CURVE ( 'NONE', #2696, #949, #2490, .T. ) ;
#1682 = SURFACE_STYLE_USAGE ( .BOTH. , #430 ) ;
#1683 = CARTESIAN_POINT ( 'NONE',  ( -7.499992332352040769, 7.823724435082817619E-16, 1.407103219811416839 ) ) ;
#1684 = CARTESIAN_POINT ( 'NONE',  ( 8.008654079674665027, 0.1569077015086323690, 18.74593772489512844 ) ) ;
#1685 = CARTESIAN_POINT ( 'NONE',  ( -7.500000000000000000, -1.110223024630012719E-17, 0.1999999999999999833 ) ) ;
#1686 = CYLINDRICAL_SURFACE ( 'NONE', #3845, 0.2999999999999999889 ) ;
#1687 = EDGE_LOOP ( 'NONE', ( #924, #616, #3679, #3581 ) ) ;
#1688 = DIRECTION ( 'NONE',  ( -0.0000000000000000000, 1.000000000000000000, 0.0000000000000000000 ) ) ;
#1689 = EDGE_CURVE ( 'NONE', #3971, #3686, #1864, .T. ) ;
#1690 = ORIENTED_EDGE ( 'NONE', *, *, #4154, .F. ) ;
#1691 = ORIENTED_EDGE ( 'NONE', *, *, #3670, .F. ) ;
#1692 = CARTESIAN_POINT ( 'NONE',  ( 8.019235822140588610, -1.094978057871527133, 1.210087187269584863 ) ) ;
#1693 = CARTESIAN_POINT ( 'NONE',  ( -6.799999999999999822, 1.110223024625000030E-14, 25.00000000000000000 ) ) ;
#1694 = ORIENTED_EDGE ( 'NONE', *, *, #2133, .F. ) ;
#1695 = CARTESIAN_POINT ( 'NONE',  ( 8.000000000000060396, 0.07923997768340600156, 4.699999999998461853 ) ) ;
#1696 = VERTEX_POINT ( 'NONE', #4207 ) ;
#1697 = SURFACE_SIDE_STYLE ('',( #340 ) ) ;
#1698 = FACE_OUTER_BOUND ( 'NONE', #3560, .T. ) ;
#1699 = SURFACE_SIDE_STYLE ('',( #2354 ) ) ;
#1700 = FACE_OUTER_BOUND ( 'NONE', #4043, .T. ) ;
#1701 = COLOUR_RGB ( '',0.8000000000000000444, 0.8000000000000000444, 0.8000000000000000444 ) ;
#1702 = SURFACE_STYLE_FILL_AREA ( #2374 ) ;
#1703 = CIRCLE ( 'NONE', #2792, 0.4900000000000008793 ) ;
#1704 = VECTOR ( 'NONE', #2211, 1000.000000000000000 ) ;
#1705 = CYLINDRICAL_SURFACE ( 'NONE', #941, 8.000000000000000000 ) ;
#1706 = MECHANICAL_DESIGN_GEOMETRIC_PRESENTATION_REPRESENTATION (  '', ( #1004 ), #3415 ) ;
#1707 = CARTESIAN_POINT ( 'NONE',  ( 8.009999999999999787, -3.000000000000000000, 20.41333333333599853 ) ) ;
#1708 = DIRECTION ( 'NONE',  ( 0.0000000000000000000, 1.000000000000000000, -4.336808689942017736E-16 ) ) ;
#1709 = CARTESIAN_POINT ( 'NONE',  ( 0.0000000000000000000, 5.373479439429203918E-16, 1.210000000054874736 ) ) ;
#1710 = CIRCLE ( 'NONE', #2938, 6.799999999998362910 ) ;
#1711 = VERTEX_POINT ( 'NONE', #3205 ) ;
#1712 = ADVANCED_FACE ( 'NONE', ( #958 ), #122, .F. ) ;
#1713 = AXIS2_PLACEMENT_3D ( 'NONE', #3817, #877, #3137 ) ;
#1714 = VECTOR ( 'NONE', #726, 1000.000000000000000 ) ;
#1715 = SURFACE_STYLE_FILL_AREA ( #1030 ) ;
#1716 = AXIS2_PLACEMENT_3D ( 'NONE', #366, #848, #772 ) ;
#1717 = DIRECTION ( 'NONE',  ( 0.0000000000000000000, 0.0000000000000000000, 1.000000000000000000 ) ) ;
#1718 = ORIENTED_EDGE ( 'NONE', *, *, #3175, .T. ) ;
#1719 = STYLED_ITEM ( 'NONE', ( #3079 ), #4274 ) ;
#1720 = EDGE_CURVE ( 'NONE', #781, #3572, #2426, .T. ) ;
#1721 =( NAMED_UNIT ( * ) SI_UNIT ( $, .STERADIAN. ) SOLID_ANGLE_UNIT ( ) );
#1722 = SURFACE_SIDE_STYLE ('',( #400 ) ) ;
#1723 = ORIENTED_EDGE ( 'NONE', *, *, #1373, .F. ) ;
#1724 = PRESENTATION_LAYER_ASSIGNMENT (  '', '', ( #889 ) ) ;
#1725 = CARTESIAN_POINT ( 'NONE',  ( 6.523802572120000143, -1.000000000000000000, 0.0000000000000000000 ) ) ;
#1726 = ORIENTED_EDGE ( 'NONE', *, *, #3310, .F. ) ;
#1727 = CARTESIAN_POINT ( 'NONE',  ( 8.009999999999957154, -1.031335786739802751, 18.44466912007301573 ) ) ;
#1728 = PLANE ( 'NONE',  #739 ) ;
#1729 = CARTESIAN_POINT ( 'NONE',  ( 7.009999999999999787, -2.770922327585963352, 1.834599866491571696 ) ) ;
#1730 = CARTESIAN_POINT ( 'NONE',  ( 7.813252668182344429, -2.043730962761692638, 12.45039762942934125 ) ) ;
#1731 =( BOUNDED_CURVE ( )  B_SPLINE_CURVE ( 3, ( #350, #39, #3959, #692 ),
 .UNSPECIFIED., .F., .T. ) 
 B_SPLINE_CURVE_WITH_KNOTS ( ( 4, 4 ),
 ( 0.0000000000000000000, 0.5000000000000000000 ),
 .UNSPECIFIED. ) 
 CURVE ( )  GEOMETRIC_REPRESENTATION_ITEM ( )  RATIONAL_B_SPLINE_CURVE ( ( 1.000000000000000000, 0.3333333333333333703, 0.3333333333333333703, 1.000000000000000000 ) ) 
 REPRESENTATION_ITEM ( '' )  );
#1732 = MECHANICAL_DESIGN_GEOMETRIC_PRESENTATION_REPRESENTATION (  '', ( #279 ), #3222 ) ;
#1733 = CARTESIAN_POINT ( 'NONE',  ( 8.004380050947105474, 0.3000000000000020983, 18.93409328583111062 ) ) ;
#1734 = CARTESIAN_POINT ( 'NONE',  ( -4.150000000000000355, 4.898587196589410610E-17, -3.000000000000000000 ) ) ;
#1735 =( NAMED_UNIT ( * ) SI_UNIT ( $, .STERADIAN. ) SOLID_ANGLE_UNIT ( ) );
#1736 = EDGE_CURVE ( 'NONE', #1313, #1081, #1144, .T. ) ;
#1737 = VERTEX_POINT ( 'NONE', #662 ) ;
#1738 = DIRECTION ( 'NONE',  ( -1.000000000000000000, -0.0000000000000000000, -0.0000000000000000000 ) ) ;
#1739 = CARTESIAN_POINT ( 'NONE',  ( 7.416198487095815750, 2.999999999999631406, 20.41333333333687250 ) ) ;
#1740 = ORIENTED_EDGE ( 'NONE', *, *, #81, .T. ) ;
#1741 = EDGE_CURVE ( 'NONE', #2767, #284, #2907, .T. ) ;
#1742 = CARTESIAN_POINT ( 'NONE',  ( 8.010000000000060183, 0.07923995914898200599, 9.306666666668538923 ) ) ;
#1743 = EDGE_LOOP ( 'NONE', ( #502, #2866, #2039, #2330 ) ) ;
#1744 = DIRECTION ( 'NONE',  ( 0.0000000000000000000, 0.0000000000000000000, 1.000000000000000000 ) ) ;
#1745 = PRODUCT_DEFINITION_CONTEXT ( 'detailed design', #4078, 'design' ) ;
#1746 = DIRECTION ( 'NONE',  ( 1.000000000000000000, -1.368455531567204171E-48, 1.110223024625000001E-16 ) ) ;
#1747 =( LENGTH_UNIT ( ) NAMED_UNIT ( * ) SI_UNIT ( .MILLI., .METRE. ) );
#1748 = CARTESIAN_POINT ( 'NONE',  ( 7.010000000000028209, -2.769727055325857279, 1.566961329128331082 ) ) ;
#1749 = CARTESIAN_POINT ( 'NONE',  ( 0.0000000000000000000, 0.0000000000000000000, 25.10000000000000142 ) ) ;
#1750 = PRESENTATION_STYLE_ASSIGNMENT (( #1682 ) ) ;
#1751 = CARTESIAN_POINT ( 'NONE',  ( 8.004380050947105474, 0.3000000000000070943, 24.53000000000000469 ) ) ;
#1752 = DIRECTION ( 'NONE',  ( -0.0000000000000000000, 1.000000000000000000, 0.0000000000000000000 ) ) ;
#1753 = CYLINDRICAL_SURFACE ( 'NONE', #1502, 8.000000000000000000 ) ;
#1754 =( NAMED_UNIT ( * ) SI_UNIT ( $, .STERADIAN. ) SOLID_ANGLE_UNIT ( ) );
#1755 = SHAPE_REPRESENTATION ( 'CAPAER_D160_L250_P075_W008X030', ( #1083 ), #336 ) ;
#1756 = SURFACE_SIDE_STYLE ('',( #4015 ) ) ;
#1757 = CARTESIAN_POINT ( 'NONE',  ( 8.004380050947105474, -0.3000000000000024314, 19.01333333333300146 ) ) ;
#1758 = ORIENTED_EDGE ( 'NONE', *, *, #3070, .F. ) ;
#1759 = CARTESIAN_POINT ( 'NONE',  ( 7.009999999999999787, 3.000000000000014655, 1.396925524576030808 ) ) ;
#1760 = DIRECTION ( 'NONE',  ( 0.0000000000000000000, -4.440892098500999885E-16, -1.000000000000000000 ) ) ;
#1761 = ORIENTED_EDGE ( 'NONE', *, *, #1410, .T. ) ;
#1762 = DIRECTION ( 'NONE',  ( 5.329070518200751394E-15, 1.000000000000000000, -4.331394446883413448E-16 ) ) ;
#1763 = ORIENTED_EDGE ( 'NONE', *, *, #96, .F. ) ;
#1764 = DIRECTION ( 'NONE',  ( 0.0000000000000000000, 0.0000000000000000000, 1.000000000000000000 ) ) ;
#1765 = ADVANCED_FACE ( 'NONE', ( #2581 ), #1659, .F. ) ;
#1766 = CARTESIAN_POINT ( 'NONE',  ( 0.0000000000000000000, 8.881784197001000134E-17, 0.2000000000000000111 ) ) ;
#1767 = CARTESIAN_POINT ( 'NONE',  ( 8.009999999999999787, 3.000000000000000888, 13.00666666666900007 ) ) ;
#1769 = EDGE_CURVE ( 'NONE', #57, #1601, #2645, .T. ) ;
#1768 = DIRECTION ( 'NONE',  ( 0.0000000000000000000, 0.0000000000000000000, 1.000000000000000000 ) ) ;
#1770 = SURFACE_STYLE_FILL_AREA ( #3988 ) ;
#1771 = DIRECTION ( 'NONE',  ( 1.000000000000000000, -5.551115123127341935E-17, 5.551115123119491536E-17 ) ) ;
#1772 = FILL_AREA_STYLE_COLOUR ( '', #3420 ) ;
#1773 = VECTOR ( 'NONE', #2353, 1000.000000000000000 ) ;
#1774 = CARTESIAN_POINT ( 'NONE',  ( 7.010000000000000675, -2.999999999999832578, 1.369311430059625412 ) ) ;
#1775 = FILL_AREA_STYLE_COLOUR ( '', #3354 ) ;
#1776 = CARTESIAN_POINT ( 'NONE',  ( 6.799999999999999822, 0.1999999999999998168, 24.89999999999999858 ) ) ;
#1777 = SURFACE_SIDE_STYLE ('',( #449 ) ) ;
#1778 = CIRCLE ( 'NONE', #1570, 1.000000000000000000 ) ;
#1779 = MECHANICAL_DESIGN_GEOMETRIC_PRESENTATION_REPRESENTATION (  '', ( #1070 ), #2242 ) ;
#1780 = ORIENTED_EDGE ( 'NONE', *, *, #3833, .F. ) ;
#1781 = COLOUR_RGB ( '',0.8000000000000000444, 0.8000000000000000444, 0.8000000000000000444 ) ;
#1782 = AXIS2_PLACEMENT_3D ( 'NONE', #465, #2816, #505 ) ;
#1783 = ORIENTED_EDGE ( 'NONE', *, *, #2120, .F. ) ;
#1784 = DIRECTION ( 'NONE',  ( 0.0000000000000000000, 1.000000000000000000, -4.336808689942017736E-16 ) ) ;
#1785 = EDGE_LOOP ( 'NONE', ( #3624, #622 ) ) ;
#1786 = COLOUR_RGB ( '',0.0000000000000000000, 0.0000000000000000000, 0.4980392156862745168 ) ;
#1787 = CARTESIAN_POINT ( 'NONE',  ( 8.009999999999999787, 2.999999999999378719, 6.400000000003619682 ) ) ;
#1788 = UNCERTAINTY_MEASURE_WITH_UNIT (LENGTH_MEASURE( 1.000000000000000082E-05 ), #2726, 'distance_accuracy_value', 'NONE');
#1789 =( NAMED_UNIT ( * ) PLANE_ANGLE_UNIT ( ) SI_UNIT ( $, .RADIAN. ) );
#1790 = CARTESIAN_POINT ( 'NONE',  ( 7.416198487095782887, 2.999999999999940492, 2.199999999956102403 ) ) ;
#1791 = ADVANCED_FACE ( 'NONE', ( #994 ), #1895, .F. ) ;
#1792 = CARTESIAN_POINT ( 'NONE',  ( 7.599999999999928590, 2.311115933264683024E-29, 24.98989794855664925 ) ) ;
#1793 = ORIENTED_EDGE ( 'NONE', *, *, #1917, .T. ) ;
#1794 = CARTESIAN_POINT ( 'NONE',  ( 7.999999999999994671, -15.99999999999999289, 0.4071067811865552999 ) ) ;
#1795 = CARTESIAN_POINT ( 'NONE',  ( 8.009999999999999787, -0.2999999999999999889, 9.006666666666999888 ) ) ;
#1796 = DIRECTION ( 'NONE',  ( -2.664535259100375697E-15, 1.000000000000000000, -4.466750523348520642E-16 ) ) ;
#1797 = CARTESIAN_POINT ( 'NONE',  ( 7.009999999999999787, 2.957331123930030170, 24.98821324034675229 ) ) ;
#1798 = EDGE_CURVE ( 'NONE', #745, #4203, #3625, .T. ) ;
#1799 = CARTESIAN_POINT ( 'NONE',  ( -6.799999999999999822, 0.2000000000000000111, 25.00000000000000000 ) ) ;
#1800 = CARTESIAN_POINT ( 'NONE',  ( -6.799999999999999822, -0.2000000000000000111, 25.00000000000000000 ) ) ;
#1801 = CARTESIAN_POINT ( 'NONE',  ( 0.0000000000000000000, 1.000000000000000000, 0.3999999999999995781 ) ) ;
#1802 = EDGE_LOOP ( 'NONE', ( #1793, #985, #4169, #923 ) ) ;
#1803 = CARTESIAN_POINT ( 'NONE',  ( 7.813252668182346206, 2.043730962761694414, 12.05039762942933734 ) ) ;
#1804 = ORIENTED_EDGE ( 'NONE', *, *, #3774, .T. ) ;
#1805 =( LENGTH_UNIT ( ) NAMED_UNIT ( * ) SI_UNIT ( .MILLI., .METRE. ) );
#1806 = VERTEX_POINT ( 'NONE', #3034 ) ;
#1807 = ORIENTED_EDGE ( 'NONE', *, *, #4033, .T. ) ;
#1808 = DIRECTION ( 'NONE',  ( 0.0000000000000000000, -4.440892098500999885E-16, -1.000000000000000000 ) ) ;
#1809 = CARTESIAN_POINT ( 'NONE',  ( 7.789067973218444685, -2.164887272413458685, 24.53000000000000824 ) ) ;
#1810 = SURFACE_STYLE_USAGE ( .BOTH. , #1151 ) ;
#1811 = VERTEX_POINT ( 'NONE', #4048 ) ;
#1812 = CARTESIAN_POINT ( 'NONE',  ( 8.000000000000001776, 0.07923997768335749869, 16.31333333333299862 ) ) ;
#1813 = ADVANCED_FACE ( 'NONE', ( #768 ), #2084, .F. ) ;
#1814 = CARTESIAN_POINT ( 'NONE',  ( 0.0000000000000000000, 6.799999999999999822, 24.99999999999999645 ) ) ;
#1815 = FACE_OUTER_BOUND ( 'NONE', #2431, .T. ) ;
#1816 = FILL_AREA_STYLE ('',( #1772 ) ) ;
#1817 = CARTESIAN_POINT ( 'NONE',  ( 8.010000000000053078, -0.07923995914960445253, 23.32000000000137518 ) ) ;
#1818 = ADVANCED_FACE ( 'NONE', ( #62, #1677 ), #1728, .T. ) ;
#1819 = EDGE_CURVE ( 'NONE', #3686, #3649, #1343, .T. ) ;
#1820 = LINE ( 'NONE', #1469, #2449 ) ;
#1821 = DIRECTION ( 'NONE',  ( -1.000000000000000000, 0.0000000000000000000, 0.0000000000000000000 ) ) ;
#1822 = DIRECTION ( 'NONE',  ( 0.0000000000000000000, -4.440892098500999885E-16, -1.000000000000000000 ) ) ;
#1823 = EDGE_LOOP ( 'NONE', ( #653, #4107, #1471, #3963 ) ) ;
#1824 = DIRECTION ( 'NONE',  ( 0.0000000000000000000, -4.440892098500999885E-16, -1.000000000000000000 ) ) ;
#1825 = EDGE_CURVE ( 'NONE', #2432, #35, #4036, .T. ) ;
#1826 = ORIENTED_EDGE ( 'NONE', *, *, #4194, .T. ) ;
#1827 = ORIENTED_EDGE ( 'NONE', *, *, #3843, .F. ) ;
#1828 = CARTESIAN_POINT ( 'NONE',  ( 7.995721616002286147, -0.2673955412531333620, 9.163574430253003555 ) ) ;
#1829 = UNCERTAINTY_MEASURE_WITH_UNIT (LENGTH_MEASURE( 1.000000000000000082E-05 ), #3865, 'distance_accuracy_value', 'NONE');
#1830 = DIRECTION ( 'NONE',  ( -0.0000000000000000000, -0.0000000000000000000, 1.000000000000000000 ) ) ;
#1831 = DIRECTION ( 'NONE',  ( 0.0000000000000000000, -1.110223024625000001E-16, -1.000000000000000000 ) ) ;
#1832 = ORIENTED_EDGE ( 'NONE', *, *, #3049, .F. ) ;
#1833 = LINE ( 'NONE', #2813, #1001 ) ;
#1834 = CARTESIAN_POINT ( 'NONE',  ( 7.009999999999999787, 2.935966621063983872, 24.98989794855680557 ) ) ;
#1835 = DIRECTION ( 'NONE',  ( -0.0000000000000000000, -0.0000000000000000000, 1.000000000000000000 ) ) ;
#1836 = SURFACE_STYLE_USAGE ( .BOTH. , #3394 ) ;
#1837 = CARTESIAN_POINT ( 'NONE',  ( 8.009999999999999787, -1.119330322874034778E-12, 10.40666666666587759 ) ) ;
#1838 = CARTESIAN_POINT ( 'NONE',  ( 7.994373021068999385, 0.2999999999999999889, 9.006666666666999888 ) ) ;
#1839 = SURFACE_STYLE_FILL_AREA ( #2480 ) ;
#1840 =( NAMED_UNIT ( * ) SI_UNIT ( $, .STERADIAN. ) SOLID_ANGLE_UNIT ( ) );
#1841 = EDGE_CURVE ( 'NONE', #3195, #1884, #567, .T. ) ;
#1842 = EDGE_LOOP ( 'NONE', ( #547, #3907, #2389, #3914 ) ) ;
#1843 = STYLED_ITEM ( 'NONE', ( #3068 ), #1089 ) ;
#1844 = MECHANICAL_DESIGN_GEOMETRIC_PRESENTATION_REPRESENTATION (  '', ( #2177 ), #4181 ) ;
#1845 = AXIS2_PLACEMENT_3D ( 'NONE', #3000, #1744, #702 ) ;
#1846 = ORIENTED_EDGE ( 'NONE', *, *, #837, .T. ) ;
#1847 = VECTOR ( 'NONE', #807, 1000.000000000000000 ) ;
#1848 = COLOUR_RGB ( '',0.8000000000000000444, 0.8000000000000000444, 0.8000000000000000444 ) ;
#1849 = SURFACE_SIDE_STYLE ('',( #3809 ) ) ;
#1850 = PRESENTATION_LAYER_ASSIGNMENT (  '', '', ( #1719 ) ) ;
#1851 = MECHANICAL_DESIGN_GEOMETRIC_PRESENTATION_REPRESENTATION (  '', ( #3837 ), #1579 ) ;
#1852 = CARTESIAN_POINT ( 'NONE',  ( 8.005722968101657955, 0.2675069208300991375, 11.84994881346392326 ) ) ;
#1853 = VERTEX_POINT ( 'NONE', #2705 ) ;
#1854 = DIRECTION ( 'NONE',  ( -0.0000000000000000000, -4.440892098500999885E-16, -1.000000000000000000 ) ) ;
#1855 = CIRCLE ( 'NONE', #884, 8.000000000000000000 ) ;
#1856 = DIRECTION ( 'NONE',  ( 0.0000000000000000000, -0.7071067811860475283, 0.7071067811870475062 ) ) ;
#1857 = CARTESIAN_POINT ( 'NONE',  ( 8.009999999999999787, 2.217970710961243084E-16, 3.399999999999379074 ) ) ;
#1858 = LINE ( 'NONE', #1113, #463 ) ;
#1859 = FILL_AREA_STYLE_COLOUR ( '', #1995 ) ;
#1860 = CARTESIAN_POINT ( 'NONE',  ( 7.426984583261212691, -3.000000000000042633, 0.6800000000000002709 ) ) ;
#1861 = FILL_AREA_STYLE_COLOUR ( '', #3984 ) ;
#1862 = ORIENTED_EDGE ( 'NONE', *, *, #1233, .T. ) ;
#1863 = ADVANCED_FACE ( 'NONE', ( #4024 ), #3926, .T. ) ;
#1864 =( BOUNDED_CURVE ( )  B_SPLINE_CURVE ( 3, ( #3589, #3295, #3891, #643 ),
 .UNSPECIFIED., .F., .F. ) 
 B_SPLINE_CURVE_WITH_KNOTS ( ( 4, 4 ),
 ( 1.570796326794935638, 1.955193101290528146 ),
 .UNSPECIFIED. ) 
 CURVE ( )  GEOMETRIC_REPRESENTATION_ITEM ( )  RATIONAL_B_SPLINE_CURVE ( ( 1.000000000000000000, 0.9877244516659869911, 0.9877244516659869911, 1.000000000000000000 ) ) 
 REPRESENTATION_ITEM ( '' )  );
#1865 = EDGE_LOOP ( 'NONE', ( #377, #720, #3997, #3767 ) ) ;
#1866 = VERTEX_POINT ( 'NONE', #550 ) ;
#1867 = SURFACE_STYLE_FILL_AREA ( #1937 ) ;
#1868 = UNCERTAINTY_MEASURE_WITH_UNIT (LENGTH_MEASURE( 1.000000000000000082E-05 ), #1230, 'distance_accuracy_value', 'NONE');
#1869 = CARTESIAN_POINT ( 'NONE',  ( 8.010000000000001563, -1.093716962323927566, 24.78101086584560164 ) ) ;
#1870 = CARTESIAN_POINT ( 'NONE',  ( 8.008658066414158228, -0.1567179236786836183, 11.73915981193069946 ) ) ;
#1871 = ORIENTED_EDGE ( 'NONE', *, *, #2840, .F. ) ;
#1872 = CARTESIAN_POINT ( 'NONE',  ( 7.010000000000018439, -3.000000000000013767, 2.003074475423953338 ) ) ;
#1873 = PLANE ( 'NONE',  #1486 ) ;
#1874 = DIRECTION ( 'NONE',  ( 1.232595164408000087E-32, 1.000000000000000000, -1.110223024625000001E-16 ) ) ;
#1875 = EDGE_CURVE ( 'NONE', #891, #3107, #4172, .T. ) ;
#1876 = CARTESIAN_POINT ( 'NONE',  ( -6.799999999999999822, 0.2000000000000000111, 25.00000000000000000 ) ) ;
#1877 = CARTESIAN_POINT ( 'NONE',  ( 7.802980979185919708, 2.043848089108245780, 5.043848089111134136 ) ) ;
#1878 = B_SPLINE_CURVE_WITH_KNOTS ( 'NONE', 3,
 ( #2553, #2918, #656, #1298, #1976, #3247, #912, #638, #4222, #574 ),
 .UNSPECIFIED., .F., .F.,
 ( 4, 2, 2, 2, 4 ),
 ( 5.421010862427522170E-20, 0.0002343444575363310247, 0.0004686889150726619951, 0.0007030333726089929656, 0.0009373778301453238818 ),
 .UNSPECIFIED. ) ;
#1879 = CARTESIAN_POINT ( 'NONE',  ( 7.228186045847756702, -2.999999999999994227, 0.2815281066154290968 ) ) ;
#1880 =( NAMED_UNIT ( * ) SI_UNIT ( $, .STERADIAN. ) SOLID_ANGLE_UNIT ( ) );
#1881 = CYLINDRICAL_SURFACE ( 'NONE', #743, 8.009999999999999787 ) ;
#1882 = DIRECTION ( 'NONE',  ( 0.0000000000000000000, 1.000000000000000000, -4.440892098500999885E-16 ) ) ;
#1883 = CARTESIAN_POINT ( 'NONE',  ( 7.426984583261024397, -2.999999999999998224, 2.189999999959065136 ) ) ;
#1884 = VERTEX_POINT ( 'NONE', #2469 ) ;
#1885 = ORIENTED_EDGE ( 'NONE', *, *, #986, .F. ) ;
#1886 = ORIENTED_EDGE ( 'NONE', *, *, #2817, .T. ) ;
#1887 = PRESENTATION_STYLE_ASSIGNMENT (( #1615 ) ) ;
#1888 = CARTESIAN_POINT ( 'NONE',  ( 7.426984583261214468, -3.000000000000039968, 1.210000000040938772 ) ) ;
#1889 = CYLINDRICAL_SURFACE ( 'NONE', #2805, 8.009999999999999787 ) ;
#1890 = ORIENTED_EDGE ( 'NONE', *, *, #2133, .T. ) ;
#1891 = EDGE_CURVE ( 'NONE', #4009, #2059, #383, .T. ) ;
#1892 = DIRECTION ( 'NONE',  ( 1.000000000000000000, -1.110223024625000001E-16, 1.232595164408000087E-32 ) ) ;
#1893 = CARTESIAN_POINT ( 'NONE',  ( 8.009999999999831033, -1.093716962323916908, 2.189999999945125619 ) ) ;
#1894 = DIRECTION ( 'NONE',  ( -0.0000000000000000000, 1.110223024625000001E-16, 1.000000000000000000 ) ) ;
#1895 = PLANE ( 'NONE',  #3081 ) ;
#1896 = DIRECTION ( 'NONE',  ( 0.0000000000000000000, -0.0000000000000000000, -1.000000000000000000 ) ) ;
#1897 = EDGE_CURVE ( 'NONE', #2981, #2268, #1573, .T. ) ;
#1898 = SURFACE_STYLE_USAGE ( .BOTH. , #2925 ) ;
#1899 = CARTESIAN_POINT ( 'NONE',  ( 7.789067973218444685, 2.164887272413463126, 0.4289891341530031044 ) ) ;
#1900 = FACE_BOUND ( 'NONE', #2471, .T. ) ;
#1901 = ORIENTED_EDGE ( 'NONE', *, *, #147, .T. ) ;
#1902 =( GEOMETRIC_REPRESENTATION_CONTEXT ( 3 ) GLOBAL_UNCERTAINTY_ASSIGNED_CONTEXT ( ( #3163 ) ) GLOBAL_UNIT_ASSIGNED_CONTEXT ( ( #3519, #564, #3858 ) ) REPRESENTATION_CONTEXT ( 'NONE', 'WORKASPACE' ) );
#1903 = ORIENTED_EDGE ( 'NONE', *, *, #1094, .F. ) ;
#1904 = PRESENTATION_LAYER_ASSIGNMENT (  '', '', ( #2177 ) ) ;
#1905 = ORIENTED_EDGE ( 'NONE', *, *, #2125, .T. ) ;
#1906 = CYLINDRICAL_SURFACE ( 'NONE', #1430, 6.599999999999999645 ) ;
#1907 =( GEOMETRIC_REPRESENTATION_CONTEXT ( 3 ) GLOBAL_UNCERTAINTY_ASSIGNED_CONTEXT ( ( #519 ) ) GLOBAL_UNIT_ASSIGNED_CONTEXT ( ( #74, #2638, #1998 ) ) REPRESENTATION_CONTEXT ( 'NONE', 'WORKASPACE' ) );
#1908 = LINE ( 'NONE', #1616, #2996 ) ;
#1909 = CARTESIAN_POINT ( 'NONE',  ( 7.390376603802748079, -2.054075314649475015, 0.1965747213891247958 ) ) ;
#1910 =( GEOMETRIC_REPRESENTATION_CONTEXT ( 3 ) GLOBAL_UNCERTAINTY_ASSIGNED_CONTEXT ( ( #2411 ) ) GLOBAL_UNIT_ASSIGNED_CONTEXT ( ( #686, #721, #1978 ) ) REPRESENTATION_CONTEXT ( 'NONE', 'WORKASPACE' ) );
#1911 = CARTESIAN_POINT ( 'NONE',  ( 7.998656388633772707, -0.1567179398039580673, 23.28750683935036392 ) ) ;
#1912 = ORIENTED_EDGE ( 'NONE', *, *, #551, .F. ) ;
#1913 = VECTOR ( 'NONE', #2791, 1000.000000000000000 ) ;
#1914 = CARTESIAN_POINT ( 'NONE',  ( 8.009999999999999787, 1.554804849329585037E-15, 10.40666666666587936 ) ) ;
#1915 = UNCERTAINTY_MEASURE_WITH_UNIT (LENGTH_MEASURE( 1.000000000000000082E-05 ), #679, 'distance_accuracy_value', 'NONE');
#1916 = VECTOR ( 'NONE', #1411, 1000.000000000000000 ) ;
#1917 = EDGE_CURVE ( 'NONE', #701, #2741, #225, .T. ) ;
#1918 = DIRECTION ( 'NONE',  ( 1.000000000000000000, -5.551115123127341935E-17, 5.551115123119491536E-17 ) ) ;
#1919 = AXIS2_PLACEMENT_3D ( 'NONE', #3040, #2324, #3639 ) ;
#1920 = CARTESIAN_POINT ( 'NONE',  ( 6.903811327916692164, 2.974394336192616617, 1.415442575265301484 ) ) ;
#1921 =( LENGTH_UNIT ( ) NAMED_UNIT ( * ) SI_UNIT ( .MILLI., .METRE. ) );
#1922 =( NAMED_UNIT ( * ) PLANE_ANGLE_UNIT ( ) SI_UNIT ( $, .RADIAN. ) );
#1923 = VERTEX_POINT ( 'NONE', #1524 ) ;
#1924 = CARTESIAN_POINT ( 'NONE',  ( 8.009996333348000874, 9.148239450965311566E-16, 1.210000000027437350 ) ) ;
#1925 = CIRCLE ( 'NONE', #2537, 6.599999999999999645 ) ;
#1926 = B_SPLINE_CURVE_WITH_KNOTS ( 'NONE', 3,
 ( #3687, #31, #2306, #744, #1671, #1635, #1339, #4002, #3648, #76 ),
 .UNSPECIFIED., .F., .F.,
 ( 4, 2, 2, 2, 4 ),
 ( 1.626303258728256651E-19, 0.0002343445090011635830, 0.0004686890180023270034, 0.0007030335270034905864, 0.0009373780360046541152 ),
 .UNSPECIFIED. ) ;
#1927 = CARTESIAN_POINT ( 'NONE',  ( 7.095449838052216407, 2.429912875191942323, 1.699999999999930012 ) ) ;
#1928 = CARTESIAN_POINT ( 'NONE',  ( 7.847642852564145954, 1.071548077666617971, 0.2375560872416842828 ) ) ;
#1929 = MECHANICAL_DESIGN_GEOMETRIC_PRESENTATION_REPRESENTATION (  '', ( #818 ), #2889 ) ;
#1930 = EDGE_CURVE ( 'NONE', #3226, #1172, #3748, .T. ) ;
#1931 =( NAMED_UNIT ( * ) SI_UNIT ( $, .STERADIAN. ) SOLID_ANGLE_UNIT ( ) );
#1932 = ORIENTED_EDGE ( 'NONE', *, *, #706, .F. ) ;
#1933 = DIRECTION ( 'NONE',  ( 0.0000000000000000000, 1.000000000000000000, -4.336808689942017736E-16 ) ) ;
#1934 = EDGE_CURVE ( 'NONE', #4014, #476, #3609, .T. ) ;
#1935 = ORIENTED_EDGE ( 'NONE', *, *, #1841, .F. ) ;
#1936 = ORIENTED_EDGE ( 'NONE', *, *, #2208, .F. ) ;
#1937 = FILL_AREA_STYLE ('',( #3807 ) ) ;
#1938 = FILL_AREA_STYLE_COLOUR ( '', #1701 ) ;
#1939 = LINE ( 'NONE', #2287, #4053 ) ;
#1940 = CARTESIAN_POINT ( 'NONE',  ( 8.004380050947109027, -0.2999999999999986011, 11.92742679454311094 ) ) ;
#1941 = ORIENTED_EDGE ( 'NONE', *, *, #2403, .F. ) ;
#1942 = LINE ( 'NONE', #1241, #2523 ) ;
#1943 = DIRECTION ( 'NONE',  ( 0.0000000000000000000, 1.000000000000000000, -4.384641138729198410E-16 ) ) ;
#1944 = CARTESIAN_POINT ( 'NONE',  ( 0.0000000000000000000, -0.1999999999630000247, 25.00000000000000000 ) ) ;
#1945 = CARTESIAN_POINT ( 'NONE',  ( -7.500000000000008882, 15.00000000000003553, 24.99999999999999289 ) ) ;
#1946 = ORIENTED_EDGE ( 'NONE', *, *, #2100, .F. ) ;
#1947 = CARTESIAN_POINT ( 'NONE',  ( -8.000000000000177636, -11.88060711093541144, 2.199999999941212092 ) ) ;
#1948 = CARTESIAN_POINT ( 'NONE',  ( 8.009999999999998010, 1.093716962323936448, 0.4289891341530034374 ) ) ;
#1949 = CARTESIAN_POINT ( 'NONE',  ( -8.000000000000000000, 9.947158630888443108E-16, 0.4071067811865481945 ) ) ;
#1950 = EDGE_CURVE ( 'NONE', #1999, #307, #4138, .T. ) ;
#1951 = ORIENTED_EDGE ( 'NONE', *, *, #12, .F. ) ;
#1952 = EDGE_CURVE ( 'NONE', #3979, #3747, #183, .T. ) ;
#1953 = PRODUCT_RELATED_PRODUCT_CATEGORY ( 'part', '', ( #523 ) ) ;
#1954 = LINE ( 'NONE', #4218, #52 ) ;
#1955 = ORIENTED_EDGE ( 'NONE', *, *, #3433, .F. ) ;
#1956 = ORIENTED_EDGE ( 'NONE', *, *, #71, .T. ) ;
#1957 = ADVANCED_FACE ( 'NONE', ( #2102 ), #3130, .F. ) ;
#1958 = CARTESIAN_POINT ( 'NONE',  ( 8.009999999999999787, 0.3000000000000009326, 9.006666666666999888 ) ) ;
#1959 = CARTESIAN_POINT ( 'NONE',  ( 8.000000000000000000, 1.822126349211515140E-15, 2.999999999999376499 ) ) ;
#1960 = CARTESIAN_POINT ( 'NONE',  ( 8.000000000000040856, -1.031419978906768620, 18.04475331224123025 ) ) ;
#1961 = ORIENTED_EDGE ( 'NONE', *, *, #3968, .F. ) ;
#1962 = FACE_BOUND ( 'NONE', #3688, .T. ) ;
#1963 = UNCERTAINTY_MEASURE_WITH_UNIT (LENGTH_MEASURE( 1.000000000000000082E-05 ), #647, 'distance_accuracy_value', 'NONE');
#1964 = CARTESIAN_POINT ( 'NONE',  ( 7.789067973218363861, 2.164887272413445807, 1.210000000054873848 ) ) ;
#1965 = CARTESIAN_POINT ( 'NONE',  ( 3.583133383391783777, -13.32528100046665109, 2.200004491600138667 ) ) ;
#1966 = CARTESIAN_POINT ( 'NONE',  ( 8.009999999999999787, -3.000000000000000888, 13.40666666666900042 ) ) ;
#1967 = PLANE ( 'NONE',  #752 ) ;
#1968 = EDGE_LOOP ( 'NONE', ( #1610, #113, #1458, #1596, #823, #569 ) ) ;
#1969 = CARTESIAN_POINT ( 'NONE',  ( 7.994373021068999385, -0.2999999999999999889, 9.006666666666999888 ) ) ;
#1970 = ADVANCED_FACE ( 'NONE', ( #2810 ), #2740, .T. ) ;
#1971 = ORIENTED_EDGE ( 'NONE', *, *, #4184, .T. ) ;
#1972 = CARTESIAN_POINT ( 'NONE',  ( 7.522739951366398614, -1.027184555301048796, 1.406206341605148014 ) ) ;
#1973 = CARTESIAN_POINT ( 'NONE',  ( 8.009999999999999787, 1.554804849329585037E-15, 10.40666666666587936 ) ) ;
#1974 = VECTOR ( 'NONE', #126, 1000.000000000000000 ) ;
#1975 = PRESENTATION_LAYER_ASSIGNMENT (  '', '', ( #1634 ) ) ;
#1976 = CARTESIAN_POINT ( 'NONE',  ( 8.010000000000053078, -0.07923995914960897669, 16.31333333333437352 ) ) ;
#1977 = ORIENTED_EDGE ( 'NONE', *, *, #4106, .T. ) ;
#1978 =( NAMED_UNIT ( * ) SI_UNIT ( $, .STERADIAN. ) SOLID_ANGLE_UNIT ( ) );
#1979 = CARTESIAN_POINT ( 'NONE',  ( 7.599999999999999645, 0.0000000000000000000, 25.10000000000000142 ) ) ;
#1980 = MECHANICAL_DESIGN_GEOMETRIC_PRESENTATION_REPRESENTATION (  '', ( #2867 ), #1907 ) ;
#1981 = MECHANICAL_DESIGN_GEOMETRIC_PRESENTATION_REPRESENTATION (  '', ( #1357 ), #3904 ) ;
#1982 = CARTESIAN_POINT ( 'NONE',  ( 7.009999999999998899, -2.721996047802786922, 1.664959497513193831 ) ) ;
#1983 = CIRCLE ( 'NONE', #1149, 7.600000000000052047 ) ;
#1984 = STYLED_ITEM ( 'NONE', ( #415 ), #1586 ) ;
#1985 = COLOUR_RGB ( '',0.1254901960784313708, 0.1254901960784313708, 0.1254901960784313708 ) ;
#1986 = CARTESIAN_POINT ( 'NONE',  ( 7.009999999999999787, 3.000000000000000000, 20.41333333333599853 ) ) ;
#1987 = LINE ( 'NONE', #3299, #256 ) ;
#1988 = LINE ( 'NONE', #2648, #2323 ) ;
#1989 = STYLED_ITEM ( 'NONE', ( #3264 ), #2074 ) ;
#1990 = PRESENTATION_STYLE_ASSIGNMENT (( #1626 ) ) ;
#1991 = ORIENTED_EDGE ( 'NONE', *, *, #3150, .F. ) ;
#1992 = DIRECTION ( 'NONE',  ( 1.000000000000000000, 0.0000000000000000000, 0.0000000000000000000 ) ) ;
#1993 = VECTOR ( 'NONE', #3071, 1000.000000000000000 ) ;
#1994 = CARTESIAN_POINT ( 'NONE',  ( 6.979772460247409605, 3.007120949224692197, 25.01342527860985143 ) ) ;
#1995 = COLOUR_RGB ( '',0.8000000000000000444, 0.8000000000000000444, 0.8000000000000000444 ) ;
#1996 = EDGE_CURVE ( 'NONE', #203, #1737, #1878, .T. ) ;
#1997 = CARTESIAN_POINT ( 'NONE',  ( 7.507855989262460561, -2.086727440324482874, 2.190004327917155713 ) ) ;
#1998 =( NAMED_UNIT ( * ) SI_UNIT ( $, .STERADIAN. ) SOLID_ANGLE_UNIT ( ) );
#1999 = VERTEX_POINT ( 'NONE', #3228 ) ;
#2000 = DIRECTION ( 'NONE',  ( 1.000000000000000000, 0.0000000000000000000, 0.0000000000000000000 ) ) ;
#2001 = CYLINDRICAL_SURFACE ( 'NONE', #4058, 0.2999999999999999889 ) ;
#2002 = ORIENTED_EDGE ( 'NONE', *, *, #2497, .F. ) ;
#2003 = CARTESIAN_POINT ( 'NONE',  ( 8.009999999999999787, -0.2999999999999974354, 23.01999999999999957 ) ) ;
#2004 = EDGE_CURVE ( 'NONE', #3868, #3122, #3285, .T. ) ;
#2005 = EDGE_CURVE ( 'NONE', #2548, #1601, #1569, .T. ) ;
#2006 = CARTESIAN_POINT ( 'NONE',  ( 0.0000000000000000000, 5.329070518461592986E-16, 1.200000000058792704 ) ) ;
#2007 = CARTESIAN_POINT ( 'NONE',  ( 0.0000000000000000000, 3.108624468950505662E-16, 0.7000000000000012879 ) ) ;
#2008 = FACE_OUTER_BOUND ( 'NONE', #1592, .T. ) ;
#2009 = EDGE_LOOP ( 'NONE', ( #2103, #173, #1296, #1956 ) ) ;
#2010 =( NAMED_UNIT ( * ) PLANE_ANGLE_UNIT ( ) SI_UNIT ( $, .RADIAN. ) );
#2011 = EDGE_CURVE ( 'NONE', #1811, #801, #3528, .T. ) ;
#2012 = DIRECTION ( 'NONE',  ( -1.232595164408000087E-32, -1.000000000000000000, 1.110223024625000001E-16 ) ) ;
#2013 = CARTESIAN_POINT ( 'NONE',  ( 7.010000000000000675, -2.999999999999831690, 2.030688569940375388 ) ) ;
#2014 = PLANE ( 'NONE',  #1716 ) ;
#2015 = FACE_OUTER_BOUND ( 'NONE', #4016, .T. ) ;
#2016 = ORIENTED_EDGE ( 'NONE', *, *, #1122, .F. ) ;
#2017 =( NAMED_UNIT ( * ) SI_UNIT ( $, .STERADIAN. ) SOLID_ANGLE_UNIT ( ) );
#2018 = FILL_AREA_STYLE ('',( #697 ) ) ;
#2019 = CARTESIAN_POINT ( 'NONE',  ( 8.009999999999999787, 0.3000000000000013212, 12.00666666666699989 ) ) ;
#2020 = EDGE_LOOP ( 'NONE', ( #3806, #563, #498, #3859 ) ) ;
#2021 = CARTESIAN_POINT ( 'NONE',  ( 4.150000000000000355, 0.0000000000000000000, 0.4000000000000000222 ) ) ;
#2022 = EDGE_LOOP ( 'NONE', ( #2335, #2939, #900, #2415, #1657, #1397, #1740, #2933 ) ) ;
#2023 = PRESENTATION_STYLE_ASSIGNMENT (( #3290 ) ) ;
#2024 = CARTESIAN_POINT ( 'NONE',  ( -7.792893218813452094, 6.404042759658174858E-15, 25.00000000000000000 ) ) ;
#2025 = SURFACE_STYLE_USAGE ( .BOTH. , #1699 ) ;
#2026 = EDGE_CURVE ( 'NONE', #4258, #1055, #3018, .T. ) ;
#2027 = CARTESIAN_POINT ( 'NONE',  ( 7.426984583261117656, 3.000000000000000888, 20.01333333333599995 ) ) ;
#2028 = CARTESIAN_POINT ( 'NONE',  ( 0.0000000000000000000, 1.088018564133000193E-14, 24.50000000000000000 ) ) ;
#2029 =( BOUNDED_CURVE ( )  B_SPLINE_CURVE ( 3, ( #2270, #2532, #2207, #1617 ),
 .UNSPECIFIED., .F., .T. ) 
 B_SPLINE_CURVE_WITH_KNOTS ( ( 4, 4 ),
 ( 4.328497172959497874, 4.712388980384728754 ),
 .UNSPECIFIED. ) 
 CURVE ( )  GEOMETRIC_REPRESENTATION_ITEM ( )  RATIONAL_B_SPLINE_CURVE ( ( 1.000000000000000000, 0.9877565832834078741, 0.9877565832834078741, 1.000000000000000000 ) ) 
 REPRESENTATION_ITEM ( '' )  );
#2030 = FILL_AREA_STYLE ('',( #710 ) ) ;
#2031 = CARTESIAN_POINT ( 'NONE',  ( 9.797174393178825657E-16, -7.999999999999989342, 24.50000000000000355 ) ) ;
#2032 = CARTESIAN_POINT ( 'NONE',  ( 7.227696212027663769, -2.999999999999997780, 24.92885917712520438 ) ) ;
#2033 = EDGE_CURVE ( 'NONE', #1355, #1081, #1939, .T. ) ;
#2034 = ORIENTED_EDGE ( 'NONE', *, *, #288, .T. ) ;
#2035 = ORIENTED_EDGE ( 'NONE', *, *, #2965, .F. ) ;
#2036 = CARTESIAN_POINT ( 'NONE',  ( 7.426984583261025286, 2.999999999999999556, 2.189999999959062471 ) ) ;
#2037 = FACE_OUTER_BOUND ( 'NONE', #355, .T. ) ;
#2038 = ORIENTED_EDGE ( 'NONE', *, *, #1037, .T. ) ;
#2039 = ORIENTED_EDGE ( 'NONE', *, *, #1875, .T. ) ;
#2040 = CARTESIAN_POINT ( 'NONE',  ( 7.599999999999999645, 0.0000000000000000000, 25.01342527836400009 ) ) ;
#2041 = COLOUR_RGB ( '',0.2509803921568627416, 0.2509803921568627416, 0.2509803921568627416 ) ;
#2042 = CARTESIAN_POINT ( 'NONE',  ( -8.000000000000000000, 6.187208123386804056E-15, 24.79289321881345387 ) ) ;
#2043 =( NAMED_UNIT ( * ) SI_UNIT ( $, .STERADIAN. ) SOLID_ANGLE_UNIT ( ) );
#2044 = DIRECTION ( 'NONE',  ( 1.000000000000000000, -1.232595164408000087E-32, 1.368455531567199005E-48 ) ) ;
#2045 = DIRECTION ( 'NONE',  ( 1.000000000000000000, 0.0000000000000000000, 0.0000000000000000000 ) ) ;
#2046 = EDGE_CURVE ( 'NONE', #3093, #590, #2029, .T. ) ;
#2047 = LINE ( 'NONE', #709, #2800 ) ;
#2048 = CIRCLE ( 'NONE', #1427, 6.599999999999999645 ) ;
#2049 = MECHANICAL_DESIGN_GEOMETRIC_PRESENTATION_REPRESENTATION (  '', ( #395 ), #1077 ) ;
#2050 = DIRECTION ( 'NONE',  ( -0.0000000000000000000, 4.440892098500999885E-16, 1.000000000000000000 ) ) ;
#2051 = DIRECTION ( 'NONE',  ( 0.0000000000000000000, 4.414251702295102433E-16, 1.000000000000000000 ) ) ;
#2052 = CARTESIAN_POINT ( 'NONE',  ( 7.426984583261226902, -3.000000000000000000, 24.64589490276911476 ) ) ;
#2053 = CARTESIAN_POINT ( 'NONE',  ( 7.009999999999940279, -2.935966621063875071, 24.98989794855662439 ) ) ;
#2054 = COLOUR_RGB ( '',0.1254901960784313708, 0.1254901960784313708, 0.1254901960784313708 ) ;
#2055 = ORIENTED_EDGE ( 'NONE', *, *, #495, .T. ) ;
#2056 = SURFACE_SIDE_STYLE ('',( #1715 ) ) ;
#2057 = PRESENTATION_LAYER_ASSIGNMENT (  '', '', ( #811 ) ) ;
#2058 = PRESENTATION_LAYER_ASSIGNMENT (  '', '', ( #3422 ) ) ;
#2059 = VERTEX_POINT ( 'NONE', #1888 ) ;
#2060 = CARTESIAN_POINT ( 'NONE',  ( 7.268607257253539622, 2.999999999999999556, 2.190002197686636176 ) ) ;
#2061 = EDGE_CURVE ( 'NONE', #714, #1259, #3197, .T. ) ;
#2062 = EDGE_LOOP ( 'NONE', ( #2715, #2834, #3238, #2772 ) ) ;
#2063 = CARTESIAN_POINT ( 'NONE',  ( 8.009999999999999787, 5.551115123125999639E-16, 5.000000000000000000 ) ) ;
#2064 = ORIENTED_EDGE ( 'NONE', *, *, #2571, .T. ) ;
#2065 = FACE_OUTER_BOUND ( 'NONE', #1687, .T. ) ;
#2066 = CARTESIAN_POINT ( 'NONE',  ( 7.390376603805839828, -2.054075314650326334, 25.01342527861035592 ) ) ;
#2067 = CARTESIAN_POINT ( 'NONE',  ( 7.010000000000018439, -3.000000000000013767, 2.003074475423953338 ) ) ;
#2068 = VERTEX_POINT ( 'NONE', #973 ) ;
#2069 = CARTESIAN_POINT ( 'NONE',  ( 7.416198487095999603, 2.999999999999999556, 1.200000000043895509 ) ) ;
#2070 = CARTESIAN_POINT ( 'NONE',  ( 8.009999999999958931, -1.031335786739802529, 4.031335786740017468 ) ) ;
#2071 = CARTESIAN_POINT ( 'NONE',  ( 7.426984583261116768, 3.000000000000000888, 13.00666666666899829 ) ) ;
#2072 = FACE_OUTER_BOUND ( 'NONE', #2190, .T. ) ;
#2073 = SURFACE_STYLE_USAGE ( .BOTH. , #2056 ) ;
#2074 = ADVANCED_FACE ( 'NONE', ( #2598 ), #1753, .T. ) ;
#2075 = ORIENTED_EDGE ( 'NONE', *, *, #2094, .T. ) ;
#2076 = PRODUCT_DEFINITION_SHAPE ( 'NONE', 'NONE',  #1364 ) ;
#2077 = CARTESIAN_POINT ( 'NONE',  ( 7.010000000000024656, 3.000000000000011546, 25.00862535279626186 ) ) ;
#2078 = ORIENTED_EDGE ( 'NONE', *, *, #2972, .T. ) ;
#2079 = CARTESIAN_POINT ( 'NONE',  ( 8.005726959479121163, 0.2673955545851804949, 9.163574417658313820 ) ) ;
#2080 = VERTEX_POINT ( 'NONE', #756 ) ;
#2081 = EDGE_CURVE ( 'NONE', #3110, #1696, #2739, .T. ) ;
#2082 =( NAMED_UNIT ( * ) SI_UNIT ( $, .STERADIAN. ) SOLID_ANGLE_UNIT ( ) );
#2083 = LINE ( 'NONE', #3312, #251 ) ;
#2084 = CYLINDRICAL_SURFACE ( 'NONE', #3906, 0.2999999999999999889 ) ;
#2085 =( NAMED_UNIT ( * ) SI_UNIT ( $, .STERADIAN. ) SOLID_ANGLE_UNIT ( ) );
#2086 =( NAMED_UNIT ( * ) PLANE_ANGLE_UNIT ( ) SI_UNIT ( $, .RADIAN. ) );
#2087 = DIRECTION ( 'NONE',  ( 1.000000000000000000, 7.253457094217992977E-16, 0.0000000000000000000 ) ) ;
#2088 = CARTESIAN_POINT ( 'NONE',  ( 7.813252668182500749, 2.043730962761195702, 5.443730962764086634 ) ) ;
#2089 = SURFACE_STYLE_USAGE ( .BOTH. , #2971 ) ;
#2090 = SURFACE_STYLE_USAGE ( .BOTH. , #730 ) ;
#2091 = LINE ( 'NONE', #854, #3085 ) ;
#2092 = SURFACE_STYLE_FILL_AREA ( #2018 ) ;
#2093 = EDGE_LOOP ( 'NONE', ( #636, #1941, #2368, #3847, #17, #871 ) ) ;
#2094 = EDGE_CURVE ( 'NONE', #258, #3161, #2116, .T. ) ;
#2095 = CARTESIAN_POINT ( 'NONE',  ( 8.009999999999999787, -0.3000000000000004330, 12.00666666666699989 ) ) ;
#2096 = DIRECTION ( 'NONE',  ( -1.000000000000000000, -0.0000000000000000000, -0.0000000000000000000 ) ) ;
#2097 = ORIENTED_EDGE ( 'NONE', *, *, #2005, .F. ) ;
#2098 = DIRECTION ( 'NONE',  ( 0.0000000000000000000, -1.110223024625000001E-16, -1.000000000000000000 ) ) ;
#2099 = ORIENTED_EDGE ( 'NONE', *, *, #2611, .T. ) ;
#2100 = EDGE_CURVE ( 'NONE', #2601, #2700, #2533, .T. ) ;
#2101 = ADVANCED_FACE ( 'NONE', ( #2344 ), #2731, .T. ) ;
#2102 = FACE_OUTER_BOUND ( 'NONE', #2156, .T. ) ;
#2103 = ORIENTED_EDGE ( 'NONE', *, *, #3261, .F. ) ;
#2104 = CARTESIAN_POINT ( 'NONE',  ( 7.372525351238213176, 3.000000000000000888, 24.72596369413702888 ) ) ;
#2105 = DIRECTION ( 'NONE',  ( -1.232595164408000087E-32, -1.000000000000000000, 1.110223024625000001E-16 ) ) ;
#2106 = FACE_OUTER_BOUND ( 'NONE', #244, .T. ) ;
#2107 = SURFACE_STYLE_USAGE ( .BOTH. , #168 ) ;
#2108 = VECTOR ( 'NONE', #2657, 1000.000000000000000 ) ;
#2109 = PRESENTATION_STYLE_ASSIGNMENT (( #2073 ) ) ;
#2110 = CARTESIAN_POINT ( 'NONE',  ( 7.416198487095690517, 2.999999999999942712, 20.01333333333594311 ) ) ;
#2111 = FILL_AREA_STYLE_COLOUR ( '', #997 ) ;
#2112 = VECTOR ( 'NONE', #1620, 1000.000000000000000 ) ;
#2113 = VECTOR ( 'NONE', #4073, 1000.000000000000000 ) ;
#2114 = CIRCLE ( 'NONE', #806, 8.009999999999999787 ) ;
#2115 = ORIENTED_EDGE ( 'NONE', *, *, #1609, .F. ) ;
#2116 = CIRCLE ( 'NONE', #1011, 8.009999999999999787 ) ;
#2117 = ORIENTED_EDGE ( 'NONE', *, *, #2423, .T. ) ;
#2118 = MECHANICAL_DESIGN_GEOMETRIC_PRESENTATION_REPRESENTATION (  '', ( #811 ), #194 ) ;
#2119 = ORIENTED_EDGE ( 'NONE', *, *, #2011, .T. ) ;
#2120 = EDGE_CURVE ( 'NONE', #4147, #3327, #1065, .T. ) ;
#2121 = AXIS2_PLACEMENT_3D ( 'NONE', #3951, #3206, #683 ) ;
#2122 = CARTESIAN_POINT ( 'NONE',  ( 7.010000000000000675, -2.999999999999980016, 0.2158681941951924033 ) ) ;
#2123 = CIRCLE ( 'NONE', #272, 0.4000000000000001887 ) ;
#2124 = DIRECTION ( 'NONE',  ( 0.0000000000000000000, -0.0000000000000000000, 1.000000000000000000 ) ) ;
#2125 = EDGE_CURVE ( 'NONE', #3297, #1666, #2401, .T. ) ;
#2126 = PRESENTATION_STYLE_ASSIGNMENT (( #1810 ) ) ;
#2127 = ORIENTED_EDGE ( 'NONE', *, *, #3651, .T. ) ;
#2128 = CARTESIAN_POINT ( 'NONE',  ( 7.998652396985982627, 0.1569077140104594148, 16.28072892855349352 ) ) ;
#2129 = CIRCLE ( 'NONE', #275, 7.599999999999999645 ) ;
#2130 = DIRECTION ( 'NONE',  ( 0.0000000000000000000, -1.110223024625000001E-16, -1.000000000000000000 ) ) ;
#2131 = LINE ( 'NONE', #4143, #532 ) ;
#2132 =( NAMED_UNIT ( * ) PLANE_ANGLE_UNIT ( ) SI_UNIT ( $, .RADIAN. ) );
#2133 = EDGE_CURVE ( 'NONE', #3262, #451, #3381, .T. ) ;
#2134 = CARTESIAN_POINT ( 'NONE',  ( -3.750000000000000000, 0.0000000000000000000, 0.4000000000000000222 ) ) ;
#2135 = DIRECTION ( 'NONE',  ( 0.0000000000000000000, 4.440892098500999885E-16, 1.000000000000000000 ) ) ;
#2136 =( BOUNDED_CURVE ( )  B_SPLINE_CURVE ( 3, ( #928, #1275, #1960, #248 ),
 .UNSPECIFIED., .F., .T. ) 
 B_SPLINE_CURVE_WITH_KNOTS ( ( 4, 4 ),
 ( 4.327992205889099608, 4.712388980384727866 ),
 .UNSPECIFIED. ) 
 CURVE ( )  GEOMETRIC_REPRESENTATION_ITEM ( )  RATIONAL_B_SPLINE_CURVE ( ( 1.000000000000000000, 0.9877244516659846596, 0.9877244516659846596, 1.000000000000000000 ) ) 
 REPRESENTATION_ITEM ( '' )  );
#2137 = ORIENTED_EDGE ( 'NONE', *, *, #3866, .F. ) ;
#2138 = CARTESIAN_POINT ( 'NONE',  ( 3.750000000000000000, -1.000000000000000000, 0.0000000000000000000 ) ) ;
#2139 = ORIENTED_EDGE ( 'NONE', *, *, #152, .F. ) ;
#2140 = ORIENTED_EDGE ( 'NONE', *, *, #2362, .F. ) ;
#2141 = DIRECTION ( 'NONE',  ( -0.0000000000000000000, -4.414251702295102433E-16, -1.000000000000000000 ) ) ;
#2142 = FILL_AREA_STYLE_COLOUR ( '', #866 ) ;
#2143 = CARTESIAN_POINT ( 'NONE',  ( 7.847642852565679839, 1.478282978191296845E-14, 24.97244391275639686 ) ) ;
#2144 = CARTESIAN_POINT ( 'NONE',  ( -0.2000000000000000111, -6.799999999999999822, 24.89999999999999858 ) ) ;
#2145 = ORIENTED_EDGE ( 'NONE', *, *, #1819, .T. ) ;
#2146 = DIRECTION ( 'NONE',  ( 0.0000000000000000000, -0.0000000000000000000, 1.000000000000000000 ) ) ;
#2147 = PLANE ( 'NONE',  #3347 ) ;
#2148 = ADVANCED_FACE ( 'NONE', ( #2072 ), #1028, .F. ) ;
#2149 = CARTESIAN_POINT ( 'NONE',  ( 7.009999999999956266, 2.999999999999980016, 0.2158681941953733141 ) ) ;
#2150 = FACE_OUTER_BOUND ( 'NONE', #3428, .T. ) ;
#2151 = SURFACE_STYLE_USAGE ( .BOTH. , #3395 ) ;
#2152 = CARTESIAN_POINT ( 'NONE',  ( 7.416198487095813974, 2.999999999999629186, 6.400000000003870149 ) ) ;
#2153 = CARTESIAN_POINT ( 'NONE',  ( 7.010000000000024656, 3.000000000000011546, 25.00862535279626186 ) ) ;
#2154 = FACE_OUTER_BOUND ( 'NONE', #3578, .T. ) ;
#2155 = VERTEX_POINT ( 'NONE', #1685 ) ;
#2156 = EDGE_LOOP ( 'NONE', ( #3445, #960, #2409, #2407 ) ) ;
#2157 = VERTEX_POINT ( 'NONE', #1734 ) ;
#2158 = FILL_AREA_STYLE ('',( #1476 ) ) ;
#2159 = UNCERTAINTY_MEASURE_WITH_UNIT (LENGTH_MEASURE( 1.000000000000000082E-05 ), #2518, 'distance_accuracy_value', 'NONE');
#2160 = CARTESIAN_POINT ( 'NONE',  ( -0.2000000000000000111, 0.2000000000000000111, 25.00000000000000000 ) ) ;
#2161 = CARTESIAN_POINT ( 'NONE',  ( 7.813252668182562921, -2.043730962760942571, 12.05039762943083481 ) ) ;
#2162 = DIRECTION ( 'NONE',  ( -0.0000000000000000000, -0.0000000000000000000, -1.000000000000000000 ) ) ;
#2163 = ORIENTED_EDGE ( 'NONE', *, *, #471, .T. ) ;
#2164 = DIRECTION ( 'NONE',  ( -1.000000000000000000, -0.0000000000000000000, 0.0000000000000000000 ) ) ;
#2165 = CYLINDRICAL_SURFACE ( 'NONE', #3965, 0.4000000000000001887 ) ;
#2166 = DIRECTION ( 'NONE',  ( 0.0000000000000000000, -4.440892098500999885E-16, -1.000000000000000000 ) ) ;
#2167 = LINE ( 'NONE', #4159, #259 ) ;
#2168 = DIRECTION ( 'NONE',  ( 0.0000000000000000000, 0.0000000000000000000, 1.000000000000000000 ) ) ;
#2169 = FACE_OUTER_BOUND ( 'NONE', #717, .T. ) ;
#2170 = CARTESIAN_POINT ( 'NONE',  ( 7.010000000000019327, 2.999999999999999112, 0.2013746472038723534 ) ) ;
#2171 = CARTESIAN_POINT ( 'NONE',  ( 0.2000000000000000111, 6.799999999999999822, 25.00000000000000000 ) ) ;
#2172 = DIRECTION ( 'NONE',  ( 0.0000000000000000000, -4.440892098500999885E-16, -1.000000000000000000 ) ) ;
#2173 = CARTESIAN_POINT ( 'NONE',  ( 8.009999999999999787, -3.000000000000000000, 20.01333333333599995 ) ) ;
#2174 = VERTEX_POINT ( 'NONE', #2360 ) ;
#2175 = EDGE_CURVE ( 'NONE', #2438, #844, #678, .T. ) ;
#2176 = STYLED_ITEM ( 'NONE', ( #4227 ), #911 ) ;
#2177 = STYLED_ITEM ( 'NONE', ( #1560 ), #341 ) ;
#2178 = EDGE_CURVE ( 'NONE', #3195, #590, #3659, .T. ) ;
#2179 = SURFACE_STYLE_FILL_AREA ( #2482 ) ;
#2180 = ORIENTED_EDGE ( 'NONE', *, *, #2580, .F. ) ;
#2181 = ORIENTED_EDGE ( 'NONE', *, *, #4083, .T. ) ;
#2182 = AXIS2_PLACEMENT_3D ( 'NONE', #2964, #14, #1321 ) ;
#2183 = ADVANCED_FACE ( 'NONE', ( #2015 ), #3319, .T. ) ;
#2184 = CIRCLE ( 'NONE', #676, 8.000000000000000000 ) ;
#2185 = CARTESIAN_POINT ( 'NONE',  ( 7.121520288120060549, -3.000000000000002665, 0.2423325170172878629 ) ) ;
#2186 = CARTESIAN_POINT ( 'NONE',  ( 7.010000000000019327, -3.000000000000014655, 1.396925524576048350 ) ) ;
#2187 = VECTOR ( 'NONE', #4189, 1000.000000000000000 ) ;
#2188 = VECTOR ( 'NONE', #2447, 1000.000000000000000 ) ;
#2189 = CARTESIAN_POINT ( 'NONE',  ( 0.0000000000000000000, 5.373479439186000073E-16, 1.209999999999999964 ) ) ;
#2190 = EDGE_LOOP ( 'NONE', ( #3838, #3603, #3424, #860 ) ) ;
#2191 = CARTESIAN_POINT ( 'NONE',  ( 7.416198487095817526, -2.999999999999940492, 1.200000000058794036 ) ) ;
#2192 = VECTOR ( 'NONE', #4202, 1000.000000000000000 ) ;
#2193 = DIRECTION ( 'NONE',  ( 0.0000000000000000000, 0.0000000000000000000, 1.000000000000000000 ) ) ;
#2194 = DIRECTION ( 'NONE',  ( -1.000000000000000000, -0.0000000000000000000, -0.0000000000000000000 ) ) ;
#2195 =( NAMED_UNIT ( * ) PLANE_ANGLE_UNIT ( ) SI_UNIT ( $, .RADIAN. ) );
#2196 = CARTESIAN_POINT ( 'NONE',  ( 7.416198487095812197, 2.999999999999941824, 6.000000000003561595 ) ) ;
#2197 = DIRECTION ( 'NONE',  ( 0.0000000000000000000, -0.7071067811860475283, -0.7071067811870475062 ) ) ;
#2198 = CARTESIAN_POINT ( 'NONE',  ( 0.2000000000000000111, -0.1999999999630000247, 24.89999999999999858 ) ) ;
#2199 = CARTESIAN_POINT ( 'NONE',  ( 8.004380050947105474, 0.3000000000000035971, 23.01999999999999957 ) ) ;
#2200 = SURFACE_STYLE_FILL_AREA ( #4164 ) ;
#2201 = CARTESIAN_POINT ( 'NONE',  ( 8.010000000000053078, -0.07923995914961430576, 9.306666666668368393 ) ) ;
#2202 = ORIENTED_EDGE ( 'NONE', *, *, #260, .T. ) ;
#2203 =( NAMED_UNIT ( * ) PLANE_ANGLE_UNIT ( ) SI_UNIT ( $, .RADIAN. ) );
#2204 = EDGE_CURVE ( 'NONE', #2741, #714, #1858, .T. ) ;
#2205 = ORIENTED_EDGE ( 'NONE', *, *, #1996, .T. ) ;
#2206 = CARTESIAN_POINT ( 'NONE',  ( 0.0000000000000000000, 9.769962616598921090E-16, 2.199999999970999376 ) ) ;
#2207 = CARTESIAN_POINT ( 'NONE',  ( 8.010000000000040643, 1.031335786739285387, 18.44466912007374404 ) ) ;
#2208 = EDGE_CURVE ( 'NONE', #2457, #1572, #3808, .T. ) ;
#2209 = CARTESIAN_POINT ( 'NONE',  ( 7.995717619699379775, 0.2675069056202941109, 23.17671786913036769 ) ) ;
#2210 = ORIENTED_EDGE ( 'NONE', *, *, #3575, .F. ) ;
#2211 = DIRECTION ( 'NONE',  ( -0.0000000000000000000, 1.000000000000000000, 0.0000000000000000000 ) ) ;
#2212 = CARTESIAN_POINT ( 'NONE',  ( 7.364794913626409034, -3.173001583883220178, 1.210087187269585529 ) ) ;
#2213 = LINE ( 'NONE', #2579, #1067 ) ;
#2214 = FILL_AREA_STYLE ('',( #1552 ) ) ;
#2215 = ORIENTED_EDGE ( 'NONE', *, *, #1736, .F. ) ;
#2216 = PRODUCT ( 'CAPAER_D160_L250_P075_W008X030', 'CAPAER_D160_L250_P075_W008X030', '', ( #3513 ) ) ;
#2217 = DIRECTION ( 'NONE',  ( -7.850462293415529338E-17, -0.7071067811870475062, 0.7071067811860475283 ) ) ;
#2218 = CARTESIAN_POINT ( 'NONE',  ( 0.0000000000000000000, 1.089350831762000122E-14, 24.53000000000000469 ) ) ;
#2219 = CARTESIAN_POINT ( 'NONE',  ( 8.004380050947105474, -0.2999999999999997113, 9.006666666666999888 ) ) ;
#2220 = ORIENTED_EDGE ( 'NONE', *, *, #1557, .F. ) ;
#2221 =( LENGTH_UNIT ( ) NAMED_UNIT ( * ) SI_UNIT ( .MILLI., .METRE. ) );
#2222 = EDGE_LOOP ( 'NONE', ( #2099, #3730, #2366, #3179, #2452, #992 ) ) ;
#2223 = EDGE_LOOP ( 'NONE', ( #2594, #3743, #2097, #4224 ) ) ;
#2224 = LINE ( 'NONE', #3246, #611 ) ;
#2225 = EDGE_CURVE ( 'NONE', #145, #310, #4069, .T. ) ;
#2226 = SURFACE_SIDE_STYLE ('',( #3585 ) ) ;
#2227 = DIRECTION ( 'NONE',  ( 0.0000000000000000000, 1.000000000000000000, -4.331394446883413448E-16 ) ) ;
#2228 = ORIENTED_EDGE ( 'NONE', *, *, #1331, .F. ) ;
#2229 = CARTESIAN_POINT ( 'NONE',  ( 3.750000000000000000, 0.0000000000000000000, 0.0000000000000000000 ) ) ;
#2230 = CARTESIAN_POINT ( 'NONE',  ( 8.004380050947105474, -0.2999999999999992117, 16.01333333333300146 ) ) ;
#2231 = CARTESIAN_POINT ( 'NONE',  ( -3.750000000000000000, 0.0000000000000000000, 0.0000000000000000000 ) ) ;
#2232 = CARTESIAN_POINT ( 'NONE',  ( 7.426984583261214468, 3.000000000000039968, 0.6799999999999989386 ) ) ;
#2233 = APPLICATION_PROTOCOL_DEFINITION ( 'draft international standard', 'automotive_design', 1998, #4078 ) ;
#2234 = ORIENTED_EDGE ( 'NONE', *, *, #724, .T. ) ;
#2235 = CARTESIAN_POINT ( 'NONE',  ( 8.009999999999999787, 1.093716962323936448, 0.6800000000000000488 ) ) ;
#2236 = ORIENTED_EDGE ( 'NONE', *, *, #4112, .T. ) ;
#2237 = COLOUR_RGB ( '',0.0000000000000000000, 0.0000000000000000000, 0.4980392156862745168 ) ;
#2238 = EDGE_LOOP ( 'NONE', ( #3711, #1019, #1871, #2707, #2804, #3595 ) ) ;
#2239 = MECHANICAL_DESIGN_GEOMETRIC_PRESENTATION_REPRESENTATION (  '', ( #182 ), #2593 ) ;
#2240 = EDGE_LOOP ( 'NONE', ( #3468, #2527, #485, #2975 ) ) ;
#2241 = CARTESIAN_POINT ( 'NONE',  ( 3.349999999999999645, 4.898587196589410610E-17, -3.000000000000000000 ) ) ;
#2242 =( GEOMETRIC_REPRESENTATION_CONTEXT ( 3 ) GLOBAL_UNCERTAINTY_ASSIGNED_CONTEXT ( ( #2467 ) ) GLOBAL_UNIT_ASSIGNED_CONTEXT ( ( #1406, #1227, #1880 ) ) REPRESENTATION_CONTEXT ( 'NONE', 'WORKASPACE' ) );
#2243 = AXIS2_PLACEMENT_3D ( 'NONE', #3562, #615, #1268 ) ;
#2244 = FACE_OUTER_BOUND ( 'NONE', #802, .T. ) ;
#2245 = DIRECTION ( 'NONE',  ( 1.000000000000000000, 5.551115123127340702E-17, 5.551115123119490920E-17 ) ) ;
#2246 = PRESENTATION_LAYER_ASSIGNMENT (  '', '', ( #118 ) ) ;
#2247 = ORIENTED_EDGE ( 'NONE', *, *, #3331, .F. ) ;
#2248 = VECTOR ( 'NONE', #3956, 1000.000000000000000 ) ;
#2249 = CARTESIAN_POINT ( 'NONE',  ( 7.426984583261199369, 3.000000000000080380, 1.209999999999998632 ) ) ;
#2250 = UNCERTAINTY_MEASURE_WITH_UNIT (LENGTH_MEASURE( 1.000000000000000082E-05 ), #3441, 'distance_accuracy_value', 'NONE');
#2251 = AXIS2_PLACEMENT_3D ( 'NONE', #3056, #417, #2694 ) ;
#2252 = EDGE_CURVE ( 'NONE', #3572, #1240, #3821, .T. ) ;
#2253 = CARTESIAN_POINT ( 'NONE',  ( 6.906314423044338291, 2.975472753840056495, 1.704618116830065588 ) ) ;
#2254 = EDGE_CURVE ( 'NONE', #844, #2948, #2643, .T. ) ;
#2255 =( NAMED_UNIT ( * ) SI_UNIT ( $, .STERADIAN. ) SOLID_ANGLE_UNIT ( ) );
#2256 = ORIENTED_EDGE ( 'NONE', *, *, #3726, .F. ) ;
#2257 = VECTOR ( 'NONE', #2600, 1000.000000000000000 ) ;
#2258 = DIRECTION ( 'NONE',  ( 1.000000000000000000, 0.0000000000000000000, -0.0000000000000000000 ) ) ;
#2259 = PRODUCT_DEFINITION_FORMATION_WITH_SPECIFIED_SOURCE ( 'ANY', '', #2216, .NOT_KNOWN. ) ;
#2260 = CARTESIAN_POINT ( 'NONE',  ( 3.719304938504155889, 13.83168811457337988, 2.199999999941200990 ) ) ;
#2261 = CARTESIAN_POINT ( 'NONE',  ( 8.000000000000058620, 0.07923997768341033143, 11.70666666666546085 ) ) ;
#2262 = AXIS2_PLACEMENT_3D ( 'NONE', #4076, #4059, #433 ) ;
#2263 = ADVANCED_FACE ( 'NONE', ( #4144 ), #3797, .T. ) ;
#2264 = CARTESIAN_POINT ( 'NONE',  ( -7.500000000000000000, 8.518717178829147225E-16, 0.1999999999999999833 ) ) ;
#2265 = ORIENTED_EDGE ( 'NONE', *, *, #3335, .T. ) ;
#2266 = DIRECTION ( 'NONE',  ( 7.850462293415529338E-17, 0.7071067811870475062, -0.7071067811860475283 ) ) ;
#2267 = ORIENTED_EDGE ( 'NONE', *, *, #1632, .T. ) ;
#2268 = VERTEX_POINT ( 'NONE', #834 ) ;
#2269 = PRESENTATION_STYLE_ASSIGNMENT (( #246 ) ) ;
#2270 = CARTESIAN_POINT ( 'NONE',  ( 7.426984583261242889, 2.999999999999690026, 20.41333333333692934 ) ) ;
#2271 = CYLINDRICAL_SURFACE ( 'NONE', #2742, 8.009999999999999787 ) ;
#2272 = VERTEX_POINT ( 'NONE', #849 ) ;
#2273 = B_SPLINE_CURVE_WITH_KNOTS ( 'NONE', 3,
 ( #193, #879, #559, #2821, #4125, #234, #1553, #2859, #151, #3591, #2628, #347, #1605, #2584 ),
 .UNSPECIFIED., .F., .F.,
 ( 4, 2, 2, 2, 2, 2, 4 ),
 ( 1.361094815542225550E-17, 0.0002450705343487080863, 0.0003676058015230552990, 0.0004901410686974026201, 0.0006126763358717499412, 0.0007352116030460970455, 0.0009802821373947920129 ),
 .UNSPECIFIED. ) ;
#2274 = STYLED_ITEM ( 'NONE', ( #1184 ), #20 ) ;
#2275 = FACE_OUTER_BOUND ( 'NONE', #2914, .T. ) ;
#2276 =( NAMED_UNIT ( * ) PLANE_ANGLE_UNIT ( ) SI_UNIT ( $, .RADIAN. ) );
#2277 = CARTESIAN_POINT ( 'NONE',  ( -8.000000000000000000, 5.908241230244787199E-15, 24.79289321881345387 ) ) ;
#2278 = ORIENTED_EDGE ( 'NONE', *, *, #1278, .T. ) ;
#2279 = CARTESIAN_POINT ( 'NONE',  ( -8.000000000000177636, 11.88060711093541144, 2.199999999941201434 ) ) ;
#2280 = DIRECTION ( 'NONE',  ( 7.850462293415528105E-17, -0.7071067811870475062, -0.7071067811860475283 ) ) ;
#2281 =( NAMED_UNIT ( * ) SI_UNIT ( $, .STERADIAN. ) SOLID_ANGLE_UNIT ( ) );
#2282 = EDGE_LOOP ( 'NONE', ( #4103, #2127, #4018, #1061, #4135, #69 ) ) ;
#2283 = SURFACE_SIDE_STYLE ('',( #308 ) ) ;
#2284 = ADVANCED_FACE ( 'NONE', ( #2169 ), #918, .T. ) ;
#2285 = ORIENTED_EDGE ( 'NONE', *, *, #1950, .F. ) ;
#2286 = ORIENTED_EDGE ( 'NONE', *, *, #206, .F. ) ;
#2287 = CARTESIAN_POINT ( 'NONE',  ( 0.0000000000000000000, 6.999999999948158802, 0.2000000000066362305 ) ) ;
#2288 = LINE ( 'NONE', #1725, #337 ) ;
#2289 = VERTEX_POINT ( 'NONE', #2887 ) ;
#2290 = CARTESIAN_POINT ( 'NONE',  ( 7.500000000000000000, 1.659783421814927412E-14, 25.00000000000000000 ) ) ;
#2291 = CARTESIAN_POINT ( 'NONE',  ( 7.802980979185988097, 2.043848089107988208, 12.45051475577787770 ) ) ;
#2292 = DIRECTION ( 'NONE',  ( -0.0000000000000000000, 4.440892098500999885E-16, 1.000000000000000000 ) ) ;
#2293 = ORIENTED_EDGE ( 'NONE', *, *, #708, .T. ) ;
#2294 = CARTESIAN_POINT ( 'NONE',  ( 7.416198487095911673, -2.999999999999378275, 13.00666666667062188 ) ) ;
#2295 = CARTESIAN_POINT ( 'NONE',  ( 8.004380050947105474, 0.3000000000000105915, 24.53000000000000469 ) ) ;
#2296 = CARTESIAN_POINT ( 'NONE',  ( 0.0000000000000000000, 0.0000000000000000000, 0.0000000000000000000 ) ) ;
#2297 = FACE_OUTER_BOUND ( 'NONE', #553, .T. ) ;
#2298 = EDGE_CURVE ( 'NONE', #1999, #2349, #3474, .T. ) ;
#2299 = CARTESIAN_POINT ( 'NONE',  ( -8.000000000000000000, 1.124786581202162987E-15, 0.7000000000000012879 ) ) ;
#2300 = VERTEX_POINT ( 'NONE', #558 ) ;
#2301 = EDGE_LOOP ( 'NONE', ( #3524, #2978, #3403, #396 ) ) ;
#2302 = ADVANCED_FACE ( 'NONE', ( #257 ), #4211, .T. ) ;
#2303 = FACE_BOUND ( 'NONE', #1504, .T. ) ;
#2304 = PRESENTATION_LAYER_ASSIGNMENT (  '', '', ( #4250 ) ) ;
#2305 = VERTEX_POINT ( 'NONE', #429 ) ;
#2306 = CARTESIAN_POINT ( 'NONE',  ( 7.995717619699377998, -0.2675069056202881157, 18.85661546420262979 ) ) ;
#2307 = ORIENTED_EDGE ( 'NONE', *, *, #1472, .T. ) ;
#2308 = EDGE_CURVE ( 'NONE', #2592, #4009, #174, .T. ) ;
#2309 = CARTESIAN_POINT ( 'NONE',  ( 6.523802572120018795, -1.000000000000000000, 0.4000000000000002442 ) ) ;
#2310 = CIRCLE ( 'NONE', #1432, 0.4000000000000001887 ) ;
#2311 =( GEOMETRIC_REPRESENTATION_CONTEXT ( 3 ) GLOBAL_UNCERTAINTY_ASSIGNED_CONTEXT ( ( #1915 ) ) GLOBAL_UNIT_ASSIGNED_CONTEXT ( ( #679, #2856, #3999 ) ) REPRESENTATION_CONTEXT ( 'NONE', 'WORKASPACE' ) );
#2312 = CARTESIAN_POINT ( 'NONE',  ( -7.499999999999991118, -14.99999999999998757, 25.00000000000001066 ) ) ;
#2313 = B_SPLINE_CURVE_WITH_KNOTS ( 'NONE', 3,
 ( #103, #1733, #3300, #1684, #2632, #3039, #4030, #67, #2343, #3942 ),
 .UNSPECIFIED., .F., .F.,
 ( 4, 2, 2, 2, 4 ),
 ( -0.0004686881403300443335, -0.0002343439406643473618, 2.590013495015232314E-10, 0.0002343444586670463377, 0.0004686886583327431197 ),
 .UNSPECIFIED. ) ;
#2314 = CARTESIAN_POINT ( 'NONE',  ( 7.798049052674326909, 2.167383466396296754, 2.189912812730415048 ) ) ;
#2315 = AXIS2_PLACEMENT_3D ( 'NONE', #1637, #1892, #2941 ) ;
#2316 = AXIS2_PLACEMENT_3D ( 'NONE', #3486, #2862, #3729 ) ;
#2317 = VECTOR ( 'NONE', #3966, 1000.000000000000000 ) ;
#2318 = DIRECTION ( 'NONE',  ( -1.000000000000000000, 0.0000000000000000000, 0.0000000000000000000 ) ) ;
#2319 = AXIS2_PLACEMENT_3D ( 'NONE', #1378, #2012, #846 ) ;
#2320 = CARTESIAN_POINT ( 'NONE',  ( 0.0000000000000000000, 1.088018564133000193E-14, 24.50000000000000000 ) ) ;
#2321 = CARTESIAN_POINT ( 'NONE',  ( -6.523802572120018795, 1.000000000000000000, 0.0000000000000000000 ) ) ;
#2322 = DIRECTION ( 'NONE',  ( -0.0000000000000000000, -4.440892098500999885E-16, -1.000000000000000000 ) ) ;
#2323 = VECTOR ( 'NONE', #3055, 1000.000000000000000 ) ;
#2324 = DIRECTION ( 'NONE',  ( 0.0000000000000000000, 4.440892098500999885E-16, 1.000000000000000000 ) ) ;
#2325 = PRESENTATION_LAYER_ASSIGNMENT (  '', '', ( #3630 ) ) ;
#2326 = DIRECTION ( 'NONE',  ( -0.0000000000000000000, 4.440892098500999885E-16, 1.000000000000000000 ) ) ;
#2327 = ORIENTED_EDGE ( 'NONE', *, *, #2375, .F. ) ;
#2328 = STYLED_ITEM ( 'NONE', ( #3131 ), #2436 ) ;
#2329 = ORIENTED_EDGE ( 'NONE', *, *, #3064, .F. ) ;
#2330 = ORIENTED_EDGE ( 'NONE', *, *, #1631, .F. ) ;
#2331 = AXIS2_PLACEMENT_3D ( 'NONE', #3118, #1484, #470 ) ;
#2332 = EDGE_CURVE ( 'NONE', #1572, #451, #3671, .T. ) ;
#2333 = CARTESIAN_POINT ( 'NONE',  ( 7.312597197302465268, -2.032457369117702140, 1.695381883169891246 ) ) ;
#2334 = FACE_OUTER_BOUND ( 'NONE', #955, .T. ) ;
#2335 = ORIENTED_EDGE ( 'NONE', *, *, #1675, .T. ) ;
#2336 = CARTESIAN_POINT ( 'NONE',  ( 7.994373021069128171, 0.3000000000000014322, 19.01333333333300146 ) ) ;
#2337 = ORIENTED_EDGE ( 'NONE', *, *, #725, .F. ) ;
#2338 = DIRECTION ( 'NONE',  ( 0.0000000000000000000, 1.000000000000000000, -4.472333961502705790E-16 ) ) ;
#2339 = CARTESIAN_POINT ( 'NONE',  ( 8.004380050947105474, -0.2999999999999949929, 24.53000000000000469 ) ) ;
#2340 = FILL_AREA_STYLE_COLOUR ( '', #2869 ) ;
#2341 = DIRECTION ( 'NONE',  ( -2.072416312634000037E-17, 1.000000000000000000, -4.440892098500999885E-16 ) ) ;
#2342 = CARTESIAN_POINT ( 'NONE',  ( 7.121417470576578701, -3.000000000000000444, 24.95769188210065437 ) ) ;
#2343 = CARTESIAN_POINT ( 'NONE',  ( 8.004380050947105474, -0.2999999999999987121, 18.93409346120910897 ) ) ;
#2344 = FACE_OUTER_BOUND ( 'NONE', #3242, .T. ) ;
#2345 = ORIENTED_EDGE ( 'NONE', *, *, #1996, .F. ) ;
#2346 = EDGE_LOOP ( 'NONE', ( #1294, #3345, #614, #2847 ) ) ;
#2347 = CARTESIAN_POINT ( 'NONE',  ( 2.750000000000000000, 0.0000000000000000000, 0.0000000000000000000 ) ) ;
#2348 = FILL_AREA_STYLE ('',( #3684 ) ) ;
#2349 = VERTEX_POINT ( 'NONE', #2027 ) ;
#2350 = ORIENTED_EDGE ( 'NONE', *, *, #2125, .F. ) ;
#2351 = ADVANCED_FACE ( 'NONE', ( #16 ), #3334, .T. ) ;
#2352 = DIRECTION ( 'NONE',  ( 0.0000000000000000000, -4.440892098500999885E-16, -1.000000000000000000 ) ) ;
#2353 = DIRECTION ( 'NONE',  ( 0.0000000000000000000, -1.110223024625000001E-16, -1.000000000000000000 ) ) ;
#2354 = SURFACE_STYLE_FILL_AREA ( #442 ) ;
#2355 = CARTESIAN_POINT ( 'NONE',  ( 8.009999999999999787, -3.000000000000000000, 6.400000000002999734 ) ) ;
#2356 = ORIENTED_EDGE ( 'NONE', *, *, #634, .T. ) ;
#2357 = CARTESIAN_POINT ( 'NONE',  ( 7.009999999999775078, 2.999999999999999556, 1.369311430059784618 ) ) ;
#2358 = CARTESIAN_POINT ( 'NONE',  ( 0.0000000000000000000, 3.108624468950505662E-16, 0.7000000000000012879 ) ) ;
#2359 = DIRECTION ( 'NONE',  ( -0.0000000000000000000, 4.440892098500999885E-16, 1.000000000000000000 ) ) ;
#2360 = CARTESIAN_POINT ( 'NONE',  ( 7.009999999999998899, -3.000000000000012434, 0.2013746472038706603 ) ) ;
#2361 = ORIENTED_EDGE ( 'NONE', *, *, #3944, .F. ) ;
#2362 = EDGE_CURVE ( 'NONE', #3371, #2300, #1925, .T. ) ;
#2363 = ORIENTED_EDGE ( 'NONE', *, *, #3030, .T. ) ;
#2364 =( NAMED_UNIT ( * ) PLANE_ANGLE_UNIT ( ) SI_UNIT ( $, .RADIAN. ) );
#2365 = DIRECTION ( 'NONE',  ( 7.850462293415529338E-17, 0.7071067811870475062, -0.7071067811860475283 ) ) ;
#2366 = ORIENTED_EDGE ( 'NONE', *, *, #2896, .T. ) ;
#2367 = CARTESIAN_POINT ( 'NONE',  ( -4.150000000000000355, 4.898587196589410610E-17, 0.4000000000000000222 ) ) ;
#2368 = ORIENTED_EDGE ( 'NONE', *, *, #1362, .F. ) ;
#2369 = FILL_AREA_STYLE_COLOUR ( '', #3076 ) ;
#2370 = UNCERTAINTY_MEASURE_WITH_UNIT (LENGTH_MEASURE( 1.000000000000000082E-05 ), #632, 'distance_accuracy_value', 'NONE');
#2371 =( GEOMETRIC_REPRESENTATION_CONTEXT ( 3 ) GLOBAL_UNCERTAINTY_ASSIGNED_CONTEXT ( ( #1039 ) ) GLOBAL_UNIT_ASSIGNED_CONTEXT ( ( #3385, #2738, #1840 ) ) REPRESENTATION_CONTEXT ( 'NONE', 'WORKASPACE' ) );
#2372 = CARTESIAN_POINT ( 'NONE',  ( 7.009999999999997122, -2.935788324853344289, 1.970979333857733495 ) ) ;
#2373 = VECTOR ( 'NONE', #926, 1000.000000000000000 ) ;
#2374 = FILL_AREA_STYLE ('',( #3655 ) ) ;
#2375 = EDGE_CURVE ( 'NONE', #2174, #3993, #3632, .T. ) ;
#2376 = EDGE_CURVE ( 'NONE', #1866, #1696, #3697, .T. ) ;
#2377 = CARTESIAN_POINT ( 'NONE',  ( 7.426984583261114103, -3.000000000000000888, 13.40666666666900042 ) ) ;
#2378 = VECTOR ( 'NONE', #3702, 1000.000000000000000 ) ;
#2379 = LINE ( 'NONE', #1419, #1076 ) ;
#2380 = CARTESIAN_POINT ( 'NONE',  ( 8.009999999999999787, 3.000000000000000000, 6.400000000002999734 ) ) ;
#2381 = CARTESIAN_POINT ( 'NONE',  ( 8.009999999999999787, 0.2999999999999999889, 23.01999999999999957 ) ) ;
#2382 = CARTESIAN_POINT ( 'NONE',  ( 7.264360792258957034, -2.999999999999998668, 1.199997841503706919 ) ) ;
#2383 = MECHANICAL_DESIGN_GEOMETRIC_PRESENTATION_REPRESENTATION (  '', ( #1984 ), #3006 ) ;
#2384 = CYLINDRICAL_SURFACE ( 'NONE', #3002, 8.009999999999999787 ) ;
#2385 = CIRCLE ( 'NONE', #402, 6.599999999999999645 ) ;
#2386 = MECHANICAL_DESIGN_GEOMETRIC_PRESENTATION_REPRESENTATION (  '', ( #612 ), #1150 ) ;
#2387 = ADVANCED_FACE ( 'NONE', ( #2008 ), #3313, .T. ) ;
#2388 = ORIENTED_EDGE ( 'NONE', *, *, #2602, .T. ) ;
#2389 = ORIENTED_EDGE ( 'NONE', *, *, #813, .F. ) ;
#2390 = CIRCLE ( 'NONE', #1585, 8.009999999999999787 ) ;
#2391 = CARTESIAN_POINT ( 'NONE',  ( 7.010000000000019327, 2.999999999999999556, 2.003074475423983536 ) ) ;
#2392 = CARTESIAN_POINT ( 'NONE',  ( -7.707103219846240805, -2.639768875443348411E-16, 1.199995508399786415 ) ) ;
#2393 = VERTEX_POINT ( 'NONE', #34 ) ;
#2394 = ORIENTED_EDGE ( 'NONE', *, *, #2100, .T. ) ;
#2395 = FACE_OUTER_BOUND ( 'NONE', #1785, .T. ) ;
#2396 = CARTESIAN_POINT ( 'NONE',  ( 7.009999999999998899, -2.978674893795266954, 25.01046538640058259 ) ) ;
#2397 = CARTESIAN_POINT ( 'NONE',  ( 7.600000000003159784, -1.037733946774692884, 25.01342527861035592 ) ) ;
#2398 = LINE ( 'NONE', #829, #3841 ) ;
#2399 = LINE ( 'NONE', #3078, #1220 ) ;
#2400 = CARTESIAN_POINT ( 'NONE',  ( 7.416198487095685188, -2.999999999999940936, 6.000000000002938982 ) ) ;
#2401 = LINE ( 'NONE', #367, #4193 ) ;
#2402 = DIRECTION ( 'NONE',  ( 1.000000000000000000, -1.232595164408000087E-32, 1.368455531567199005E-48 ) ) ;
#2403 = EDGE_CURVE ( 'NONE', #3122, #1999, #3346, .T. ) ;
#2404 = ORIENTED_EDGE ( 'NONE', *, *, #910, .T. ) ;
#2405 = ADVANCED_FACE ( 'NONE', ( #1700 ), #723, .T. ) ;
#2406 = DIRECTION ( 'NONE',  ( 1.000000000000000000, -1.232595164408000087E-32, 1.368455531567199005E-48 ) ) ;
#2407 = ORIENTED_EDGE ( 'NONE', *, *, #649, .F. ) ;
#2408 = CARTESIAN_POINT ( 'NONE',  ( 7.416198487095714498, 2.999999999999886313, 24.50000000000000000 ) ) ;
#2409 = ORIENTED_EDGE ( 'NONE', *, *, #436, .F. ) ;
#2410 = CARTESIAN_POINT ( 'NONE',  ( 8.000000000000003553, 0.07923997768335230840, 9.306666666666998822 ) ) ;
#2411 = UNCERTAINTY_MEASURE_WITH_UNIT (LENGTH_MEASURE( 1.000000000000000082E-05 ), #686, 'distance_accuracy_value', 'NONE');
#2412 = CARTESIAN_POINT ( 'NONE',  ( 0.0000000000000000000, 6.999999999948158802, 0.2000000000066362305 ) ) ;
#2413 = CARTESIAN_POINT ( 'NONE',  ( 7.010000000000000675, -2.756602386395972992, 1.520465819617015768 ) ) ;
#2414 = CARTESIAN_POINT ( 'NONE',  ( 7.009999999999999787, 3.000000000000000000, 0.1900000000000000022 ) ) ;
#2415 = ORIENTED_EDGE ( 'NONE', *, *, #2817, .F. ) ;
#2416 = CARTESIAN_POINT ( 'NONE',  ( 7.416198487095830849, 2.999999999999999556, 0.6999999999999995115 ) ) ;
#2417 = FILL_AREA_STYLE_COLOUR ( '', #1420 ) ;
#2418 = LINE ( 'NONE', #1751, #2596 ) ;
#2419 =( NAMED_UNIT ( * ) PLANE_ANGLE_UNIT ( ) SI_UNIT ( $, .RADIAN. ) );
#2420 =( LENGTH_UNIT ( ) NAMED_UNIT ( * ) SI_UNIT ( .MILLI., .METRE. ) );
#2421 = CARTESIAN_POINT ( 'NONE',  ( 8.004380050947105474, -0.2999999999999987121, 23.01999999999999957 ) ) ;
#2422 = DIRECTION ( 'NONE',  ( 8.659560562354932858E-17, -0.7071067811865479058, -0.7071067811865472397 ) ) ;
#2423 = EDGE_CURVE ( 'NONE', #980, #2349, #979, .T. ) ;
#2424 = DIRECTION ( 'NONE',  ( -1.000000000000000000, 1.110223024625000001E-16, -1.232595164408000087E-32 ) ) ;
#2425 = DIRECTION ( 'NONE',  ( -0.0000000000000000000, 1.000000000000000000, 0.0000000000000000000 ) ) ;
#2426 =( BOUNDED_CURVE ( )  B_SPLINE_CURVE ( 3, ( #2946, #2291, #3872, #917 ),
 .UNSPECIFIED., .F., .T. ) 
 B_SPLINE_CURVE_WITH_KNOTS ( ( 4, 4 ),
 ( 4.327992205889135136, 4.712388980384759840 ),
 .UNSPECIFIED. ) 
 CURVE ( )  GEOMETRIC_REPRESENTATION_ITEM ( )  RATIONAL_B_SPLINE_CURVE ( ( 1.000000000000000000, 0.9877244516659848816, 0.9877244516659848816, 1.000000000000000000 ) ) 
 REPRESENTATION_ITEM ( '' )  );
#2427 = ORIENTED_EDGE ( 'NONE', *, *, #2780, .T. ) ;
#2428 = CARTESIAN_POINT ( 'NONE',  ( 7.426984583261117656, 3.000000000000000444, 24.53000000000000469 ) ) ;
#2429 = ADVANCED_FACE ( 'NONE', ( #2691 ), #1042, .T. ) ;
#2430 = EDGE_CURVE ( 'NONE', #4014, #4174, #1396, .T. ) ;
#2431 = EDGE_LOOP ( 'NONE', ( #1946, #1691, #1630, #1079 ) ) ;
#2432 = VERTEX_POINT ( 'NONE', #3051 ) ;
#2433 = DIRECTION ( 'NONE',  ( -1.000000000000000000, 0.0000000000000000000, -0.0000000000000000000 ) ) ;
#2434 = FACE_OUTER_BOUND ( 'NONE', #1622, .T. ) ;
#2435 = CARTESIAN_POINT ( 'NONE',  ( 8.009999999999998010, -2.152857081187095022E-15, 0.4289891341530030489 ) ) ;
#2436 = ADVANCED_FACE ( 'NONE', ( #460 ), #3635, .F. ) ;
#2437 =( NAMED_UNIT ( * ) PLANE_ANGLE_UNIT ( ) SI_UNIT ( $, .RADIAN. ) );
#2438 = VERTEX_POINT ( 'NONE', #1792 ) ;
#2439 = DIRECTION ( 'NONE',  ( 0.0000000000000000000, 0.0000000000000000000, 1.000000000000000000 ) ) ;
#2440 = PRESENTATION_LAYER_ASSIGNMENT (  '', '', ( #319 ) ) ;
#2441 = CARTESIAN_POINT ( 'NONE',  ( 7.416198487095813974, 2.999999999999629186, 6.400000000003870149 ) ) ;
#2442 = CARTESIAN_POINT ( 'NONE',  ( 7.009999999999940279, 2.935966621063875515, 0.2101020514431868325 ) ) ;
#2443 = CARTESIAN_POINT ( 'NONE',  ( 6.799999999999999822, -0.1999999999630000247, 25.00000000000000000 ) ) ;
#2444 = SURFACE_STYLE_FILL_AREA ( #1816 ) ;
#2445 = MECHANICAL_DESIGN_GEOMETRIC_PRESENTATION_REPRESENTATION (  '', ( #2176 ), #1137 ) ;
#2446 = MECHANICAL_DESIGN_GEOMETRIC_PRESENTATION_REPRESENTATION (  '', ( #2727 ), #4186 ) ;
#2447 = DIRECTION ( 'NONE',  ( 1.000000000000000000, 5.551115123127340702E-17, 5.551115123119490920E-17 ) ) ;
#2448 = VECTOR ( 'NONE', #681, 1000.000000000000000 ) ;
#2449 = VECTOR ( 'NONE', #3464, 1000.000000000000000 ) ;
#2450 = FILL_AREA_STYLE_COLOUR ( '', #4117 ) ;
#2451 = DIRECTION ( 'NONE',  ( -0.0000000000000000000, -0.0000000000000000000, -1.000000000000000000 ) ) ;
#2452 = ORIENTED_EDGE ( 'NONE', *, *, #3968, .T. ) ;
#2453 = CARTESIAN_POINT ( 'NONE',  ( 7.426984583261116768, 3.000000000000000888, 13.00666666666899829 ) ) ;
#2454 = CIRCLE ( 'NONE', #1845, 6.599999999999999645 ) ;
#2455 = CIRCLE ( 'NONE', #1713, 7.600000000000052047 ) ;
#2456 = CIRCLE ( 'NONE', #2525, 0.4000000000000001887 ) ;
#2457 = VERTEX_POINT ( 'NONE', #1171 ) ;
#2458 = SURFACE_SIDE_STYLE ('',( #2179 ) ) ;
#2459 =( GEOMETRIC_REPRESENTATION_CONTEXT ( 3 ) GLOBAL_UNCERTAINTY_ASSIGNED_CONTEXT ( ( #3718 ) ) GLOBAL_UNIT_ASSIGNED_CONTEXT ( ( #2420, #1178, #792 ) ) REPRESENTATION_CONTEXT ( 'NONE', 'WORKASPACE' ) );
#2460 =( BOUNDED_CURVE ( )  B_SPLINE_CURVE ( 3, ( #2903, #954, #3846, #1258 ),
 .UNSPECIFIED., .F., .T. ) 
 B_SPLINE_CURVE_WITH_KNOTS ( ( 4, 4 ),
 ( 1.570796326794935638, 1.954688134220131435 ),
 .UNSPECIFIED. ) 
 CURVE ( )  GEOMETRIC_REPRESENTATION_ITEM ( )  RATIONAL_B_SPLINE_CURVE ( ( 1.000000000000000000, 0.9877565832834100945, 0.9877565832834100945, 1.000000000000000000 ) ) 
 REPRESENTATION_ITEM ( '' )  );
#2461 = VERTEX_POINT ( 'NONE', #2144 ) ;
#2462 = AXIS2_PLACEMENT_3D ( 'NONE', #1000, #2051, #1046 ) ;
#2463 = ORIENTED_EDGE ( 'NONE', *, *, #3198, .T. ) ;
#2464 = VECTOR ( 'NONE', #4173, 1000.000000000000000 ) ;
#2465 = LINE ( 'NONE', #3406, #674 ) ;
#2466 = EDGE_CURVE ( 'NONE', #4092, #203, #1525, .T. ) ;
#2467 = UNCERTAINTY_MEASURE_WITH_UNIT (LENGTH_MEASURE( 1.000000000000000082E-05 ), #1406, 'distance_accuracy_value', 'NONE');
#2468 = DIRECTION ( 'NONE',  ( 0.0000000000000000000, 0.0000000000000000000, -1.000000000000000000 ) ) ;
#2469 = CARTESIAN_POINT ( 'NONE',  ( 7.416198487095682523, -2.999999999999940936, 20.41333333333594169 ) ) ;
#2470 = DIRECTION ( 'NONE',  ( 1.000000000000000000, -1.368455531567204171E-48, 1.110223024625000001E-16 ) ) ;
#2471 = EDGE_LOOP ( 'NONE', ( #3497, #4067, #496, #3172, #4167, #2145 ) ) ;
#2472 = CARTESIAN_POINT ( 'NONE',  ( 7.994373021069256069, -0.2999999999999981570, 16.09257322377742483 ) ) ;
#2474 = EDGE_CURVE ( 'NONE', #946, #108, #2398, .T. ) ;
#2473 =( NAMED_UNIT ( * ) PLANE_ANGLE_UNIT ( ) SI_UNIT ( $, .RADIAN. ) );
#2475 = CARTESIAN_POINT ( 'NONE',  ( 7.010000000000000675, 2.957331123930022176, 0.2117867596532465868 ) ) ;
#2476 = CARTESIAN_POINT ( 'NONE',  ( 7.500000000000000000, 1.659783421814927412E-14, 25.00000000000000000 ) ) ;
#2477 = CARTESIAN_POINT ( 'NONE',  ( 7.426984583261242001, 2.999999999999689582, 6.400000000003931433 ) ) ;
#2478 = CARTESIAN_POINT ( 'NONE',  ( 7.010000000000024656, -3.000000000000011990, 25.00862535279625831 ) ) ;
#2479 = CARTESIAN_POINT ( 'NONE',  ( 8.009999999999999787, 1.109235342113541091E-15, 17.41333333333237476 ) ) ;
#2480 = FILL_AREA_STYLE ('',( #3741 ) ) ;
#2481 = ORIENTED_EDGE ( 'NONE', *, *, #2602, .F. ) ;
#2482 = FILL_AREA_STYLE ('',( #4132 ) ) ;
#2483 = ORIENTED_EDGE ( 'NONE', *, *, #2094, .F. ) ;
#2484 = ORIENTED_EDGE ( 'NONE', *, *, #3294, .T. ) ;
#2485 = CARTESIAN_POINT ( 'NONE',  ( 7.994373021069128171, -0.2999999999999992673, 9.006666666666999888 ) ) ;
#2486 = DIRECTION ( 'NONE',  ( 0.0000000000000000000, 1.000000000000000000, -4.336808689942017736E-16 ) ) ;
#2487 = ADVANCED_FACE ( 'NONE', ( #1441 ), #3753, .F. ) ;
#2488 = DIRECTION ( 'NONE',  ( 1.110223024625000001E-16, 0.0000000000000000000, -1.000000000000000000 ) ) ;
#2489 = ORIENTED_EDGE ( 'NONE', *, *, #4141, .F. ) ;
#2490 = B_SPLINE_CURVE_WITH_KNOTS ( 'NONE', 3,
 ( #149, #190, #1464, #2775, #2559, #2232 ),
 .UNSPECIFIED., .F., .F.,
 ( 4, 2, 4 ),
 ( 2.598549272379821711E-17, 0.0003421607743461187916, 0.0006843215486922116708 ),
 .UNSPECIFIED. ) ;
#2491 = LINE ( 'NONE', #1767, #3901 ) ;
#2492 = FILL_AREA_STYLE_COLOUR ( '', #3552 ) ;
#2493 =( LENGTH_UNIT ( ) NAMED_UNIT ( * ) SI_UNIT ( .MILLI., .METRE. ) );
#2494 = LINE ( 'NONE', #3478, #1003 ) ;
#2495 = ADVANCED_FACE ( 'NONE', ( #162 ), #3791, .F. ) ;
#2496 = CARTESIAN_POINT ( 'NONE',  ( 3.750000000000000000, -1.000000000000000000, 0.4000000000000002442 ) ) ;
#2497 = EDGE_CURVE ( 'NONE', #1254, #4092, #282, .T. ) ;
#2498 = CARTESIAN_POINT ( 'NONE',  ( 7.568487564922467215, -2.591909716718352907, 1.200000000058793370 ) ) ;
#2499 = DIRECTION ( 'NONE',  ( -1.000000000000000000, 0.0000000000000000000, 0.0000000000000000000 ) ) ;
#2500 = LINE ( 'NONE', #3062, #1017 ) ;
#2501 = ORIENTED_EDGE ( 'NONE', *, *, #4006, .T. ) ;
#2502 = LINE ( 'NONE', #568, #390 ) ;
#2503 = VERTEX_POINT ( 'NONE', #3178 ) ;
#2504 = ORIENTED_EDGE ( 'NONE', *, *, #1522, .F. ) ;
#2505 = CARTESIAN_POINT ( 'NONE',  ( -0.1999999999999996503, 0.2000000000000000111, 25.00000000000000000 ) ) ;
#2506 = UNCERTAINTY_MEASURE_WITH_UNIT (LENGTH_MEASURE( 1.000000000000000082E-05 ), #1256, 'distance_accuracy_value', 'NONE');
#2507 = DIRECTION ( 'NONE',  ( 1.000000000000000000, 0.0000000000000000000, 0.0000000000000000000 ) ) ;
#2508 = CARTESIAN_POINT ( 'NONE',  ( 8.010000000000001563, -0.07923995914889889192, 11.70666666666699918 ) ) ;
#2509 = ORIENTED_EDGE ( 'NONE', *, *, #290, .F. ) ;
#2510 = FACE_OUTER_BOUND ( 'NONE', #3746, .T. ) ;
#2511 = LINE ( 'NONE', #4120, #3145 ) ;
#2512 = DIRECTION ( 'NONE',  ( 1.000000000000000000, 4.718452377085999905E-17, 0.0000000000000000000 ) ) ;
#2513 = CARTESIAN_POINT ( 'NONE',  ( 7.813252668182500749, 2.043730962761195702, 5.043730962764085390 ) ) ;
#2514 = PLANE ( 'NONE',  #2331 ) ;
#2515 = ADVANCED_FACE ( 'NONE', ( #1190 ), #2271, .T. ) ;
#2516 = AXIS2_PLACEMENT_3D ( 'NONE', #134, #3121, #3399 ) ;
#2517 = CARTESIAN_POINT ( 'NONE',  ( 0.0000000000000000000, 0.2000000000000000111, 25.00000000000000000 ) ) ;
#2518 =( LENGTH_UNIT ( ) NAMED_UNIT ( * ) SI_UNIT ( .MILLI., .METRE. ) );
#2519 = CARTESIAN_POINT ( 'NONE',  ( 8.000000000000000000, 4.766557519057205258E-16, 0.7000000000000012879 ) ) ;
#2520 = EDGE_LOOP ( 'NONE', ( #243, #3620, #2535, #3109 ) ) ;
#2521 = MECHANICAL_DESIGN_GEOMETRIC_PRESENTATION_REPRESENTATION (  '', ( #1843 ), #3073 ) ;
#2522 = PRESENTATION_LAYER_ASSIGNMENT (  '', '', ( #2932 ) ) ;
#2523 = VECTOR ( 'NONE', #4268, 1000.000000000000000 ) ;
#2524 = CIRCLE ( 'NONE', #673, 8.009999999999999787 ) ;
#2525 = AXIS2_PLACEMENT_3D ( 'NONE', #2679, #3042, #3661 ) ;
#2526 = ORIENTED_EDGE ( 'NONE', *, *, #3082, .F. ) ;
#2527 = ORIENTED_EDGE ( 'NONE', *, *, #3622, .T. ) ;
#2528 = CARTESIAN_POINT ( 'NONE',  ( 0.2000000000000000111, 1.110223024625000030E-14, 25.00000000000000000 ) ) ;
#2529 = VECTOR ( 'NONE', #3842, 1000.000000000000000 ) ;
#2530 = AXIS2_PLACEMENT_3D ( 'NONE', #3512, #556, #1482 ) ;
#2531 = PRESENTATION_LAYER_ASSIGNMENT (  '', '', ( #1203 ) ) ;
#2532 = CARTESIAN_POINT ( 'NONE',  ( 7.813252668182500749, 2.043730962761201475, 19.45706429609709076 ) ) ;
#2533 = CIRCLE ( 'NONE', #124, 1.000000000000000000 ) ;
#2534 = CARTESIAN_POINT ( 'NONE',  ( -3.750000000000000000, 1.000000000000000000, 0.3999999999999998002 ) ) ;
#2535 = ORIENTED_EDGE ( 'NONE', *, *, #957, .T. ) ;
#2536 = CARTESIAN_POINT ( 'NONE',  ( -7.500000000000000000, 5.606626274358025028E-15, 25.00000000000000000 ) ) ;
#2537 = AXIS2_PLACEMENT_3D ( 'NONE', #1413, #996, #2318 ) ;
#2538 = CARTESIAN_POINT ( 'NONE',  ( 7.309946850779853733, -2.031720733942091961, 1.984557424734634257 ) ) ;
#2539 =( NAMED_UNIT ( * ) SI_UNIT ( $, .STERADIAN. ) SOLID_ANGLE_UNIT ( ) );
#2540 = CARTESIAN_POINT ( 'NONE',  ( 0.0000000000000000000, 0.0000000000000000000, 0.0000000000000000000 ) ) ;
#2541 = AXIS2_PLACEMENT_3D ( 'NONE', #4032, #1449, #368 ) ;
#2542 = CARTESIAN_POINT ( 'NONE',  ( 8.000000000000071054, -1.031419978906515489, 11.03808664557497821 ) ) ;
#2543 = CARTESIAN_POINT ( 'NONE',  ( 8.009999999999999787, 3.000000000000000000, 20.01333333333599995 ) ) ;
#2544 = DIRECTION ( 'NONE',  ( -0.0000000000000000000, -1.000000000000000000, 0.0000000000000000000 ) ) ;
#2545 = CARTESIAN_POINT ( 'NONE',  ( 6.979772460241699505, 3.007120949222234607, 0.1965747213891227141 ) ) ;
#2546 = FACE_BOUND ( 'NONE', #2222, .T. ) ;
#2547 = EDGE_CURVE ( 'NONE', #375, #3792, #3199, .T. ) ;
#2548 = VERTEX_POINT ( 'NONE', #3506 ) ;
#2549 = CARTESIAN_POINT ( 'NONE',  ( 7.009999999999940279, -2.935966621063875071, 24.98989794855662439 ) ) ;
#2550 = EDGE_CURVE ( 'NONE', #3153, #220, #2460, .T. ) ;
#2551 =( NAMED_UNIT ( * ) SI_UNIT ( $, .STERADIAN. ) SOLID_ANGLE_UNIT ( ) );
#2552 = CARTESIAN_POINT ( 'NONE',  ( 0.2000000000000000111, -6.799999999999999822, 25.00000000000000000 ) ) ;
#2553 = CARTESIAN_POINT ( 'NONE',  ( 8.004380050947105474, -0.2999999999999992117, 16.01333333333300146 ) ) ;
#2554 = CARTESIAN_POINT ( 'NONE',  ( 7.998652396985986179, -0.1569077140104546408, 4.732604404779509721 ) ) ;
#2555 = ORIENTED_EDGE ( 'NONE', *, *, #1303, .T. ) ;
#2556 = CYLINDRICAL_SURFACE ( 'NONE', #4253, 0.2999999999999999889 ) ;
#2557 = UNCERTAINTY_MEASURE_WITH_UNIT (LENGTH_MEASURE( 1.000000000000000082E-05 ), #1251, 'distance_accuracy_value', 'NONE');
#2558 = DIRECTION ( 'NONE',  ( 0.0000000000000000000, 1.000000000000000000, -4.440892098500999885E-16 ) ) ;
#2559 = CARTESIAN_POINT ( 'NONE',  ( 7.426984583261231343, 2.999999999999999556, 0.5641050972308879752 ) ) ;
#2560 = DIRECTION ( 'NONE',  ( 0.0000000000000000000, 0.0000000000000000000, 1.000000000000000000 ) ) ;
#2561 = SURFACE_STYLE_USAGE ( .BOTH. , #283 ) ;
#2562 = VERTEX_POINT ( 'NONE', #594 ) ;
#2563 = CARTESIAN_POINT ( 'NONE',  ( 7.010000000000085940, 2.795388940260469024, 1.861868036348391708 ) ) ;
#2564 = CARTESIAN_POINT ( 'NONE',  ( 7.426984583261000417, -3.000000000000000000, 20.01333333333599995 ) ) ;
#2565 = CARTESIAN_POINT ( 'NONE',  ( 6.523802572120034782, 1.000000000000005773, 0.0000000000000000000 ) ) ;
#2566 = SURFACE_STYLE_FILL_AREA ( #325 ) ;
#2567 = EDGE_LOOP ( 'NONE', ( #2641, #604, #1827, #27 ) ) ;
#2568 = LINE ( 'NONE', #1969, #2317 ) ;
#2569 = ORIENTED_EDGE ( 'NONE', *, *, #2690, .F. ) ;
#2570 = ORIENTED_EDGE ( 'NONE', *, *, #1897, .T. ) ;
#2571 = EDGE_CURVE ( 'NONE', #2870, #2718, #1302, .T. ) ;
#2572 = EDGE_CURVE ( 'NONE', #2562, #1385, #4155, .T. ) ;
#2573 = CARTESIAN_POINT ( 'NONE',  ( 7.223512941932551890, 2.999999999999996891, 0.3016059684749539671 ) ) ;
#2574 = CARTESIAN_POINT ( 'NONE',  ( 7.999999999999960032, -1.031419978907296198, 4.031419978907510249 ) ) ;
#2575 = LINE ( 'NONE', #897, #1084 ) ;
#2576 = EDGE_LOOP ( 'NONE', ( #1694, #3551, #3386, #2812 ) ) ;
#2577 =( BOUNDED_CURVE ( )  B_SPLINE_CURVE ( 3, ( #591, #273, #1598, #1188 ),
 .UNSPECIFIED., .F., .T. ) 
 B_SPLINE_CURVE_WITH_KNOTS ( ( 4, 4 ),
 ( 4.327992205889101385, 4.712388980384728754 ),
 .UNSPECIFIED. ) 
 CURVE ( )  GEOMETRIC_REPRESENTATION_ITEM ( )  RATIONAL_B_SPLINE_CURVE ( ( 1.000000000000000000, 0.9877244516659847706, 0.9877244516659847706, 1.000000000000000000 ) ) 
 REPRESENTATION_ITEM ( '' )  );
#2578 = DIRECTION ( 'NONE',  ( -1.232595164408000087E-32, -1.000000000000000000, 1.110223024625000001E-16 ) ) ;
#2579 = CARTESIAN_POINT ( 'NONE',  ( 7.426984583261000417, -3.000000000000000000, 13.00666666666900007 ) ) ;
#2580 = EDGE_CURVE ( 'NONE', #1601, #2562, #276, .T. ) ;
#2581 = FACE_OUTER_BOUND ( 'NONE', #1842, .T. ) ;
#2582 = SURFACE_SIDE_STYLE ('',( #1245 ) ) ;
#2583 = ORIENTED_EDGE ( 'NONE', *, *, #3256, .T. ) ;
#2584 = CARTESIAN_POINT ( 'NONE',  ( 7.009999999999999787, 2.999999999999832578, 2.030688569940373611 ) ) ;
#2585 = DIRECTION ( 'NONE',  ( 0.0000000000000000000, -4.440892098500999885E-16, -1.000000000000000000 ) ) ;
#2586 = CARTESIAN_POINT ( 'NONE',  ( 7.568487564922336652, 2.591909716718309831, 2.199999999941205875 ) ) ;
#2587 = CARTESIAN_POINT ( 'NONE',  ( 7.999999999999927169, -1.031419978907456292, 11.43808664557367116 ) ) ;
#2588 = DIRECTION ( 'NONE',  ( 0.0000000000000000000, 0.0000000000000000000, -1.000000000000000000 ) ) ;
#2589 = ORIENTED_EDGE ( 'NONE', *, *, #2780, .F. ) ;
#2590 = PRESENTATION_LAYER_ASSIGNMENT (  '', '', ( #176 ) ) ;
#2591 = FACE_OUTER_BOUND ( 'NONE', #3976, .T. ) ;
#2592 = VERTEX_POINT ( 'NONE', #1212 ) ;
#2593 =( GEOMETRIC_REPRESENTATION_CONTEXT ( 3 ) GLOBAL_UNCERTAINTY_ASSIGNED_CONTEXT ( ( #1829 ) ) GLOBAL_UNIT_ASSIGNED_CONTEXT ( ( #3865, #1633, #2850 ) ) REPRESENTATION_CONTEXT ( 'NONE', 'WORKASPACE' ) );
#2594 = ORIENTED_EDGE ( 'NONE', *, *, #706, .T. ) ;
#2595 =( GEOMETRIC_REPRESENTATION_CONTEXT ( 3 ) GLOBAL_UNCERTAINTY_ASSIGNED_CONTEXT ( ( #1168 ) ) GLOBAL_UNIT_ASSIGNED_CONTEXT ( ( #1087, #2086, #3436 ) ) REPRESENTATION_CONTEXT ( 'NONE', 'WORKASPACE' ) );
#2596 = VECTOR ( 'NONE', #2692, 1000.000000000000000 ) ;
#2597 = DIRECTION ( 'NONE',  ( 0.0000000000000000000, 1.000000000000000000, -4.336808689942017736E-16 ) ) ;
#2598 = FACE_OUTER_BOUND ( 'NONE', #140, .T. ) ;
#2599 =( GEOMETRIC_REPRESENTATION_CONTEXT ( 3 ) GLOBAL_UNCERTAINTY_ASSIGNED_CONTEXT ( ( #2849 ) ) GLOBAL_UNIT_ASSIGNED_CONTEXT ( ( #517, #205, #2082 ) ) REPRESENTATION_CONTEXT ( 'NONE', 'WORKASPACE' ) );
#2600 = DIRECTION ( 'NONE',  ( -1.000000000000000000, -0.0000000000000000000, -0.0000000000000000000 ) ) ;
#2601 = VERTEX_POINT ( 'NONE', #2534 ) ;
#2602 = EDGE_CURVE ( 'NONE', #844, #3405, #2575, .T. ) ;
#2603 = MECHANICAL_DESIGN_GEOMETRIC_PRESENTATION_REPRESENTATION (  '', ( #397 ), #1285 ) ;
#2604 = CARTESIAN_POINT ( 'NONE',  ( 7.009999999999999787, 2.935966621071685712, 25.01342527848692754 ) ) ;
#2605 = VECTOR ( 'NONE', #2863, 1000.000000000000000 ) ;
#2606 = COLOUR_RGB ( '',0.0000000000000000000, 0.0000000000000000000, 0.4980392156862745168 ) ;
#2607 = CARTESIAN_POINT ( 'NONE',  ( 7.315247543825051935, 2.033194004293305657, 1.993793658394830137 ) ) ;
#2608 = CARTESIAN_POINT ( 'NONE',  ( 8.000000000000021316, 16.00000000000002842, 24.79289321881344677 ) ) ;
#2609 = ORIENTED_EDGE ( 'NONE', *, *, #2896, .F. ) ;
#2610 =( GEOMETRIC_REPRESENTATION_CONTEXT ( 3 ) GLOBAL_UNCERTAINTY_ASSIGNED_CONTEXT ( ( #2769 ) ) GLOBAL_UNIT_ASSIGNED_CONTEXT ( ( #786, #2437, #2085 ) ) REPRESENTATION_CONTEXT ( 'NONE', 'WORKASPACE' ) );
#2611 = EDGE_CURVE ( 'NONE', #3868, #307, #2136, .T. ) ;
#2612 = CARTESIAN_POINT ( 'NONE',  ( 7.009999999999998899, 2.770922327585921163, 1.834599866491508413 ) ) ;
#2613 = CARTESIAN_POINT ( 'NONE',  ( 7.009999999999775078, 2.999999999999999556, 1.369311430059784618 ) ) ;
#2614 = CARTESIAN_POINT ( 'NONE',  ( 3.750000000000000000, 1.000000000000000000, 0.0000000000000000000 ) ) ;
#2615 = SURFACE_SIDE_STYLE ('',( #2566 ) ) ;
#2616 = ORIENTED_EDGE ( 'NONE', *, *, #1825, .T. ) ;
#2617 = FILL_AREA_STYLE_COLOUR ( '', #3140 ) ;
#2618 = VERTEX_POINT ( 'NONE', #3885 ) ;
#2619 = ORIENTED_EDGE ( 'NONE', *, *, #3335, .F. ) ;
#2620 = CARTESIAN_POINT ( 'NONE',  ( 7.995721616002286147, 0.2673955412531353049, 4.843092236413998108 ) ) ;
#2621 = ORIENTED_EDGE ( 'NONE', *, *, #2466, .T. ) ;
#2622 = CARTESIAN_POINT ( 'NONE',  ( 7.113061255559983032, -2.999999999999995559, 2.123444261309006542 ) ) ;
#2623 = ADVANCED_FACE ( 'NONE', ( #2833, #1618 ), #1889, .T. ) ;
#2624 = FACE_OUTER_BOUND ( 'NONE', #3466, .T. ) ;
#2625 = CARTESIAN_POINT ( 'NONE',  ( 7.309946850779875938, 2.031720733942098622, 1.415442575265301928 ) ) ;
#2626 = SURFACE_STYLE_USAGE ( .BOTH. , #2582 ) ;
#2627 = ORIENTED_EDGE ( 'NONE', *, *, #3980, .T. ) ;
#2628 = CARTESIAN_POINT ( 'NONE',  ( 7.009999999999999787, 2.756602386395972104, 1.879534180382977038 ) ) ;
#2629 = CARTESIAN_POINT ( 'NONE',  ( -3.349999999999999645, 0.0000000000000000000, 0.4000000000000000222 ) ) ;
#2630 =( BOUNDED_SURFACE ( )  B_SPLINE_SURFACE ( 3, 3, ( 
 ( #2212, #2637, #1692, #1335 ),
 ( #2960, #578, #354, #3870 ),
 ( #3949, #1655, #1972, #2994 ),
 ( #3644, #2333, #3183, #2976 ),
 ( #1316, #2538, #698, #2884 ),
 ( #3532, #1997, #2656, #1218 ),
 ( #230, #1547, #1893, #3325 ) ),
 .UNSPECIFIED., .F., .F., .T. ) 
 B_SPLINE_SURFACE_WITH_KNOTS ( ( 4, 3, 4 ),
 ( 4, 4 ),
 ( 0.0000000000000000000, 0.5000000000000000000, 1.000000000000000000 ),
 ( 0.0000000000000000000, 1.000000000000000000 ),
 .UNSPECIFIED. ) 
 GEOMETRIC_REPRESENTATION_ITEM ( )  RATIONAL_B_SPLINE_SURFACE ( (
 ( 1.000000000000000000, 0.9862568635146077289, 0.9862568635146077289, 1.000000000000000000),
 ( 0.8025076213744158915, 0.7914786496032998331, 0.7914786496032998331, 0.8025076213744158915),
 ( 0.8025076213744158915, 0.7914786496032998331, 0.7914786496032998331, 0.8025076213744158915),
 ( 1.000000000000000000, 0.9862568635146077289, 0.9862568635146077289, 1.000000000000000000),
 ( 0.8025076213744158915, 0.7914786496032998331, 0.7914786496032998331, 0.8025076213744158915),
 ( 0.8025076213744158915, 0.7914786496032998331, 0.7914786496032998331, 0.8025076213744158915),
 ( 1.000000000000000000, 0.9862568635146077289, 0.9862568635146077289, 1.000000000000000000) ) ) 
 REPRESENTATION_ITEM ( '' )  SURFACE ( )  );
#2631 = CARTESIAN_POINT ( 'NONE',  ( 0.0000000000000000000, 6.799999999998362910, 0.3999999999564322062 ) ) ;
#2632 = CARTESIAN_POINT ( 'NONE',  ( 8.009999999999998010, 0.07923995914892031922, 18.71333333333299365 ) ) ;
#2633 = CARTESIAN_POINT ( 'NONE',  ( 7.792893218813452982, 15.58578643762690241, 0.1999999999999930722 ) ) ;
#2634 = ORIENTED_EDGE ( 'NONE', *, *, #1741, .T. ) ;
#2635 = EDGE_CURVE ( 'NONE', #2592, #2432, #4243, .T. ) ;
#2636 = ORIENTED_EDGE ( 'NONE', *, *, #2120, .T. ) ;
#2637 = CARTESIAN_POINT ( 'NONE',  ( 7.798049052674325132, -2.167383466396295866, 1.210087187269585307 ) ) ;
#2638 =( NAMED_UNIT ( * ) PLANE_ANGLE_UNIT ( ) SI_UNIT ( $, .RADIAN. ) );
#2639 = ORIENTED_EDGE ( 'NONE', *, *, #1680, .F. ) ;
#2640 = DIRECTION ( 'NONE',  ( -0.0000000000000000000, 0.0000000000000000000, -1.000000000000000000 ) ) ;
#2641 = ORIENTED_EDGE ( 'NONE', *, *, #294, .T. ) ;
#2642 = CARTESIAN_POINT ( 'NONE',  ( 7.519999999999999574, 4.529709940470336038E-16, 0.6800000000000000488 ) ) ;
#2643 = B_SPLINE_CURVE_WITH_KNOTS ( 'NONE', 3,
 ( #4124, #1797, #2820, #817 ),
 .UNSPECIFIED., .F., .F.,
 ( 4, 4 ),
 ( 1.734723475976807094E-18, 6.429247250026352508E-05 ),
 .UNSPECIFIED. ) ;
#2644 = DIRECTION ( 'NONE',  ( 1.000000000000000000, 4.718452377085999905E-17, 0.0000000000000000000 ) ) ;
#2645 = LINE ( 'NONE', #1944, #2248 ) ;
#2646 = CARTESIAN_POINT ( 'NONE',  ( 8.009999999999999787, 1.888859439228999884E-15, 17.01333333333300146 ) ) ;
#2647 = CARTESIAN_POINT ( 'NONE',  ( 7.095449838052217295, -2.429912875191940991, 1.699999999999931788 ) ) ;
#2648 = CARTESIAN_POINT ( 'NONE',  ( 0.0000000000000000000, -1.000000000000000000, 0.4000000000000004663 ) ) ;
#2649 = CARTESIAN_POINT ( 'NONE',  ( 7.381312359906432974, -2.999999999999996891, 24.75818691194974264 ) ) ;
#2650 = SURFACE_STYLE_USAGE ( .BOTH. , #4 ) ;
#2651 = ORIENTED_EDGE ( 'NONE', *, *, #2033, .F. ) ;
#2652 = EDGE_CURVE ( 'NONE', #2068, #2959, #3765, .T. ) ;
#2653 =( NAMED_UNIT ( * ) PLANE_ANGLE_UNIT ( ) SI_UNIT ( $, .RADIAN. ) );
#2654 = VERTEX_POINT ( 'NONE', #2367 ) ;
#2655 = EDGE_CURVE ( 'NONE', #494, #970, #3931, .T. ) ;
#2656 = CARTESIAN_POINT ( 'NONE',  ( 7.720811614530473932, -1.054230040664127399, 2.190004327917154825 ) ) ;
#2657 = DIRECTION ( 'NONE',  ( -0.0000000000000000000, -1.000000000000000000, 4.440892098500999885E-16 ) ) ;
#2658 = AXIS2_PLACEMENT_3D ( 'NONE', #2206, #295, #2597 ) ;
#2659 = MECHANICAL_DESIGN_GEOMETRIC_PRESENTATION_REPRESENTATION (  '', ( #2274 ), #2371 ) ;
#2660 = EDGE_LOOP ( 'NONE', ( #3536, #32, #898, #929, #3351, #435, #302, #3249, #210, #1763, #3303, #2180 ) ) ;
#2661 = APPLICATION_PROTOCOL_DEFINITION ( 'draft international standard', 'automotive_design', 1998, #3996 ) ;
#2662 = PLANE ( 'NONE',  #2883 ) ;
#2663 = CARTESIAN_POINT ( 'NONE',  ( 0.0000000000000000000, 8.000000000000000000, 1.199999999999996403 ) ) ;
#2664 = PRESENTATION_LAYER_ASSIGNMENT (  '', '', ( #1070 ) ) ;
#2665 = AXIS2_PLACEMENT_3D ( 'NONE', #3973, #1242, #2558 ) ;
#2666 = CARTESIAN_POINT ( 'NONE',  ( 7.500000000000007105, -14.99999999999998224, 25.00000000000001066 ) ) ;
#2667 = CARTESIAN_POINT ( 'NONE',  ( 7.416198487095709169, -2.999999999999873879, 24.50000000000000000 ) ) ;
#2668 = COLOUR_RGB ( '',0.8000000000000000444, 0.8000000000000000444, 0.8000000000000000444 ) ;
#2669 = CARTESIAN_POINT ( 'NONE',  ( 7.426984583261000417, -3.000000000000000000, 25.01999999999999957 ) ) ;
#2670 = VECTOR ( 'NONE', #87, 1000.000000000000000 ) ;
#2671 = CARTESIAN_POINT ( 'NONE',  ( 0.0000000000000000000, 8.000000000000000000, 0.6999999999999977351 ) ) ;
#2672 = DIRECTION ( 'NONE',  ( 0.0000000000000000000, 0.0000000000000000000, 1.000000000000000000 ) ) ;
#2673 = ADVANCED_BREP_SHAPE_REPRESENTATION ( '', ( #4274, #1083 ), #336 ) ;
#2674 = DIRECTION ( 'NONE',  ( 1.000000000000000000, 0.0000000000000000000, 0.0000000000000000000 ) ) ;
#2675 = DIRECTION ( 'NONE',  ( 0.0000000000000000000, 1.000000000000000000, -4.336808689942017736E-16 ) ) ;
#2676 = MECHANICAL_DESIGN_GEOMETRIC_PRESENTATION_REPRESENTATION (  '', ( #2328 ), #2610 ) ;
#2677 = LINE ( 'NONE', #3992, #3301 ) ;
#2678 = ORIENTED_EDGE ( 'NONE', *, *, #3267, .F. ) ;
#2679 = CARTESIAN_POINT ( 'NONE',  ( -3.750000000000000000, 0.0000000000000000000, -3.000000000000000000 ) ) ;
#2680 = AXIS2_PLACEMENT_3D ( 'NONE', #131, #3396, #3724 ) ;
#2681 = ADVANCED_FACE ( 'NONE', ( #3287 ), #2001, .F. ) ;
#2682 = CARTESIAN_POINT ( 'NONE',  ( 3.349999999999999645, 4.898587196589413075E-17, 0.4000000000000000222 ) ) ;
#2683 = SURFACE_STYLE_USAGE ( .BOTH. , #2995 ) ;
#2684 = ORIENTED_EDGE ( 'NONE', *, *, #471, .F. ) ;
#2685 = CARTESIAN_POINT ( 'NONE',  ( -0.2000000000000000111, -0.1999999999999999278, 25.00000000000000000 ) ) ;
#2686 = ORIENTED_EDGE ( 'NONE', *, *, #96, .T. ) ;
#2687 = DIRECTION ( 'NONE',  ( -1.000000000000000000, -6.028810295070628677E-16, 0.0000000000000000000 ) ) ;
#2688 = DIRECTION ( 'NONE',  ( 1.110223024625000001E-16, 0.0000000000000000000, -1.000000000000000000 ) ) ;
#2689 = CARTESIAN_POINT ( 'NONE',  ( 7.010000000000000675, -2.999999999999832578, 1.369311430059625412 ) ) ;
#2690 = EDGE_CURVE ( 'NONE', #108, #745, #3912, .T. ) ;
#2691 = FACE_OUTER_BOUND ( 'NONE', #2062, .T. ) ;
#2692 = DIRECTION ( 'NONE',  ( 0.0000000000000000000, -4.440892098500999885E-16, -1.000000000000000000 ) ) ;
#2693 = LINE ( 'NONE', #670, #2802 ) ;
#2694 = DIRECTION ( 'NONE',  ( 0.0000000000000000000, 0.7071067811860475283, -0.7071067811870475062 ) ) ;
#2695 = FILL_AREA_STYLE ('',( #3080 ) ) ;
#2696 = VERTEX_POINT ( 'NONE', #1371 ) ;
#2697 = CARTESIAN_POINT ( 'NONE',  ( 3.750000000000000000, 1.000000000000000000, 0.0000000000000000000 ) ) ;
#2698 = VERTEX_POINT ( 'NONE', #3308 ) ;
#2699 = CARTESIAN_POINT ( 'NONE',  ( 8.004380050947105474, -0.3000000000000020428, 24.53000000000000469 ) ) ;
#2700 = VERTEX_POINT ( 'NONE', #3952 ) ;
#2701 = CARTESIAN_POINT ( 'NONE',  ( 7.994373021069128171, 0.3000000000000002665, 5.000000000000000888 ) ) ;
#2702 = ORIENTED_EDGE ( 'NONE', *, *, #1493, .T. ) ;
#2703 = EDGE_CURVE ( 'NONE', #3614, #277, #2288, .T. ) ;
#2704 = FILL_AREA_STYLE ('',( #1394 ) ) ;
#2705 = CARTESIAN_POINT ( 'NONE',  ( -0.2000000000000000111, 6.799999999999999822, 25.00000000000000000 ) ) ;
#2706 = CARTESIAN_POINT ( 'NONE',  ( 7.009999999999999787, 3.000000000000000000, 6.000000000003000267 ) ) ;
#2707 = ORIENTED_EDGE ( 'NONE', *, *, #3336, .F. ) ;
#2708 = SURFACE_STYLE_FILL_AREA ( #3633 ) ;
#2709 = DIRECTION ( 'NONE',  ( 1.000000000000000000, 2.072416312633988636E-17, 0.0000000000000000000 ) ) ;
#2710 = DIRECTION ( 'NONE',  ( -0.0000000000000000000, 4.440892098500999885E-16, 1.000000000000000000 ) ) ;
#2711 = CARTESIAN_POINT ( 'NONE',  ( -6.523802572120034782, -1.000000000000004885, 0.0000000000000000000 ) ) ;
#2712 = DIRECTION ( 'NONE',  ( 0.0000000000000000000, -4.440892098500999885E-16, -1.000000000000000000 ) ) ;
#2713 = CARTESIAN_POINT ( 'NONE',  ( 7.994373021069128171, 0.3000000000000002665, 5.000000000000000888 ) ) ;
#2714 = FACE_BOUND ( 'NONE', #3279, .T. ) ;
#2715 = ORIENTED_EDGE ( 'NONE', *, *, #3861, .F. ) ;
#2716 = VERTEX_POINT ( 'NONE', #338 ) ;
#2717 = SURFACE_STYLE_USAGE ( .BOTH. , #2765 ) ;
#2718 = VERTEX_POINT ( 'NONE', #356 ) ;
#2719 = PLANE ( 'NONE',  #3987 ) ;
#2720 = ORIENTED_EDGE ( 'NONE', *, *, #3961, .T. ) ;
#2721 = CARTESIAN_POINT ( 'NONE',  ( 8.000000000000000000, 3.334990257434265538E-15, 10.40666666666587759 ) ) ;
#2722 = PRODUCT_DEFINITION_CONTEXT ( 'detailed design', #3996, 'design' ) ;
#2723 = AXIS2_PLACEMENT_3D ( 'NONE', #3240, #981, #4230 ) ;
#2724 = DIRECTION ( 'NONE',  ( 0.0000000000000000000, -4.440892098500999885E-16, -1.000000000000000000 ) ) ;
#2725 = DIRECTION ( 'NONE',  ( 0.0000000000000000000, 0.7071067811860475283, -0.7071067811870475062 ) ) ;
#2726 =( LENGTH_UNIT ( ) NAMED_UNIT ( * ) SI_UNIT ( .MILLI., .METRE. ) );
#2727 = STYLED_ITEM ( 'NONE', ( #3304 ), #361 ) ;
#2728 = VECTOR ( 'NONE', #1546, 1000.000000000000000 ) ;
#2729 = VECTOR ( 'NONE', #2422, 999.9999999999998863 ) ;
#2730 = LINE ( 'NONE', #445, #606 ) ;
#2731 = PLANE ( 'NONE',  #3293 ) ;
#2732 = CARTESIAN_POINT ( 'NONE',  ( 9.797174393178825657E-16, -7.999999999999989342, 24.50000000000000355 ) ) ;
#2733 = STYLED_ITEM ( 'NONE', ( #1887 ), #3782 ) ;
#2734 = CIRCLE ( 'NONE', #4191, 0.5000000000000004441 ) ;
#2735 = LINE ( 'NONE', #716, #2729 ) ;
#2736 = AXIS2_PLACEMENT_3D ( 'NONE', #1265, #262, #305 ) ;
#2737 = AXIS2_PLACEMENT_3D ( 'NONE', #3418, #468, #2793 ) ;
#2738 =( NAMED_UNIT ( * ) PLANE_ANGLE_UNIT ( ) SI_UNIT ( $, .RADIAN. ) );
#2739 = B_SPLINE_CURVE_WITH_KNOTS ( 'NONE', 3,
 ( #2990, #4031, #2032, #2649, #2052, #4013 ),
 .UNSPECIFIED., .F., .F.,
 ( 4, 2, 4 ),
 ( 2.359479019930958006E-17, 0.0003421607743461027996, 0.0006843215486921820721 ),
 .UNSPECIFIED. ) ;
#2740 =( BOUNDED_SURFACE ( )  B_SPLINE_SURFACE ( 3, 3, ( 
 ( #1169, #524, #3408, #456 ),
 ( #3810, #143, #2831, #2435 ),
 ( #3752, #2786, #1148, #4153 ),
 ( #896, #1909, #2937, #4263 ) ),
 .UNSPECIFIED., .F., .F., .F. ) 
 B_SPLINE_SURFACE_WITH_KNOTS ( ( 4, 4 ),
 ( 4, 4 ),
 ( 0.0000000000000000000, 1.000000000000000000 ),
 ( 0.0000000000000000000, 1.000000000000000000 ),
 .UNSPECIFIED. ) 
 GEOMETRIC_REPRESENTATION_ITEM ( )  RATIONAL_B_SPLINE_SURFACE ( (
 ( 1.000000000000000000, 0.9862568635146078400, 0.9862568635146078400, 1.000000000000000000),
 ( 0.8417656310491016258, 0.8301971310928815129, 0.8301971310928815129, 0.8417656310491016258),
 ( 0.8417656310491016258, 0.8301971310928815129, 0.8301971310928815129, 0.8417656310491016258),
 ( 1.000000000000000000, 0.9862568635146078400, 0.9862568635146078400, 1.000000000000000000) ) ) 
 REPRESENTATION_ITEM ( '' )  SURFACE ( )  );
#2741 = VERTEX_POINT ( 'NONE', #2685 ) ;
#2742 = AXIS2_PLACEMENT_3D ( 'NONE', #2189, #4223, #2227 ) ;
#2743 = DIRECTION ( 'NONE',  ( 1.000000000000000000, 4.712561472647005100E-17, 0.0000000000000000000 ) ) ;
#2744 = FILL_AREA_STYLE ('',( #561 ) ) ;
#2745 = ORIENTED_EDGE ( 'NONE', *, *, #3412, .T. ) ;
#2746 = COLOUR_RGB ( '',0.0000000000000000000, 0.0000000000000000000, 0.4980392156862745168 ) ;
#2747 = LINE ( 'NONE', #2408, #1590 ) ;
#2748 = ORIENTED_EDGE ( 'NONE', *, *, #3106, .F. ) ;
#2749 = LINE ( 'NONE', #2784, #3356 ) ;
#2750 = CARTESIAN_POINT ( 'NONE',  ( 8.000000000000007105, -15.99999999999998046, 24.79289321881346098 ) ) ;
#2751 = CARTESIAN_POINT ( 'NONE',  ( 7.802980979185795363, -2.043848089108659671, 19.45718142244330906 ) ) ;
#2752 = APPLICATION_CONTEXT ( 'automotive_design' ) ;
#2753 = SURFACE_STYLE_FILL_AREA ( #769 ) ;
#2754 = ORIENTED_EDGE ( 'NONE', *, *, #579, .T. ) ;
#2755 = CARTESIAN_POINT ( 'NONE',  ( 7.994373021069256069, 0.3000000000000017653, 16.09257339958988098 ) ) ;
#2756 = EDGE_CURVE ( 'NONE', #1142, #2767, #1926, .T. ) ;
#2757 =( LENGTH_UNIT ( ) NAMED_UNIT ( * ) SI_UNIT ( .MILLI., .METRE. ) );
#2758 =( LENGTH_UNIT ( ) NAMED_UNIT ( * ) SI_UNIT ( .MILLI., .METRE. ) );
#2759 = CARTESIAN_POINT ( 'NONE',  ( 8.004380050947105474, -0.3000000000000020428, 5.000000000000000888 ) ) ;
#2760 = CARTESIAN_POINT ( 'NONE',  ( 8.005726959479124716, -0.2673955545851795512, 4.843092249008689620 ) ) ;
#2761 = CARTESIAN_POINT ( 'NONE',  ( 7.416198487095817526, -2.999999999999940492, 1.200000000058794036 ) ) ;
#2762 = ADVANCED_FACE ( 'NONE', ( #4266 ), #2662, .T. ) ;
#2763 = LINE ( 'NONE', #1801, #2187 ) ;
#2764 = ORIENTED_EDGE ( 'NONE', *, *, #381, .F. ) ;
#2765 = SURFACE_SIDE_STYLE ('',( #3401 ) ) ;
#2766 = CARTESIAN_POINT ( 'NONE',  ( 3.750000000000000000, -1.000000000000000000, 0.0000000000000000000 ) ) ;
#2767 = VERTEX_POINT ( 'NONE', #2336 ) ;
#2768 = DIRECTION ( 'NONE',  ( 0.0000000000000000000, 1.000000000000000000, -4.384641138729198410E-16 ) ) ;
#2769 = UNCERTAINTY_MEASURE_WITH_UNIT (LENGTH_MEASURE( 1.000000000000000082E-05 ), #786, 'distance_accuracy_value', 'NONE');
#2770 = CARTESIAN_POINT ( 'NONE',  ( -8.000000000000000000, 6.057137405273485577E-15, 24.50000000000000000 ) ) ;
#2771 = CARTESIAN_POINT ( 'NONE',  ( 0.0000000000000000000, 0.0000000000000000000, 25.10000000000000142 ) ) ;
#2772 = ORIENTED_EDGE ( 'NONE', *, *, #2550, .T. ) ;
#2773 = DIRECTION ( 'NONE',  ( 1.000000000000000000, 0.0000000000000000000, 0.0000000000000000000 ) ) ;
#2774 = SURFACE_STYLE_USAGE ( .BOTH. , #4142 ) ;
#2775 = CARTESIAN_POINT ( 'NONE',  ( 7.381312359906442744, 2.999999999999995559, 0.4518130880502607694 ) ) ;
#2776 =( NAMED_UNIT ( * ) SI_UNIT ( $, .STERADIAN. ) SOLID_ANGLE_UNIT ( ) );
#2777 = CARTESIAN_POINT ( 'NONE',  ( 7.009999999999999787, 2.978674893795680401, 0.1995346135994527648 ) ) ;
#2778 = DIRECTION ( 'NONE',  ( -1.232595164408000087E-32, -1.000000000000000000, 1.110223024625000001E-16 ) ) ;
#2779 = DIRECTION ( 'NONE',  ( 0.0000000000000000000, 1.000000000000000000, -4.336808689942017736E-16 ) ) ;
#2780 = EDGE_CURVE ( 'NONE', #346, #950, #700, .T. ) ;
#2781 = ORIENTED_EDGE ( 'NONE', *, *, #2005, .T. ) ;
#2782 = FILL_AREA_STYLE ('',( #3683 ) ) ;
#2783 = VERTEX_POINT ( 'NONE', #2998 ) ;
#2784 = CARTESIAN_POINT ( 'NONE',  ( 8.009999999999999787, -0.2999999999999981570, 16.01333333333300146 ) ) ;
#2785 = CARTESIAN_POINT ( 'NONE',  ( 7.416198487095686076, -2.999999999999941824, 0.7000000000000021760 ) ) ;
#2786 = CARTESIAN_POINT ( 'NONE',  ( 7.631188964814485054, -2.121006508110189426, 0.2375560872416854485 ) ) ;
#2787 = FILL_AREA_STYLE ('',( #1461 ) ) ;
#2788 = ORIENTED_EDGE ( 'NONE', *, *, #4106, .F. ) ;
#2789 = CARTESIAN_POINT ( 'NONE',  ( 8.000000000000000000, -1.482779126730044704E-15, 0.7000000000000012879 ) ) ;
#2790 = FILL_AREA_STYLE_COLOUR ( '', #1985 ) ;
#2791 = DIRECTION ( 'NONE',  ( 1.000000000000000000, -1.110223024625000001E-16, 1.232595164408000087E-32 ) ) ;
#2792 = AXIS2_PLACEMENT_3D ( 'NONE', #3387, #437, #2743 ) ;
#2793 = DIRECTION ( 'NONE',  ( 0.0000000000000000000, -0.0000000000000000000, 1.000000000000000000 ) ) ;
#2794 = AXIS2_PLACEMENT_3D ( 'NONE', #1668, #3599, #2977 ) ;
#2795 = PRESENTATION_LAYER_ASSIGNMENT (  '', '', ( #395 ) ) ;
#2796 = PRESENTATION_STYLE_ASSIGNMENT (( #492 ) ) ;
#2797 = FACE_OUTER_BOUND ( 'NONE', #914, .T. ) ;
#2798 = FACE_OUTER_BOUND ( 'NONE', #1564, .T. ) ;
#2799 = VECTOR ( 'NONE', #2877, 1000.000000000000000 ) ;
#2800 = VECTOR ( 'NONE', #414, 1000.000000000000000 ) ;
#2801 = ORIENTED_EDGE ( 'NONE', *, *, #2225, .T. ) ;
#2802 = VECTOR ( 'NONE', #1027, 1000.000000000000000 ) ;
#2803 = ORIENTED_EDGE ( 'NONE', *, *, #577, .F. ) ;
#2804 = ORIENTED_EDGE ( 'NONE', *, *, #2308, .T. ) ;
#2805 = AXIS2_PLACEMENT_3D ( 'NONE', #1571, #2879, #2919 ) ;
#2806 = DIRECTION ( 'NONE',  ( 1.000000000000000000, -1.110223024625000001E-16, 1.232595164408000087E-32 ) ) ;
#2807 = UNCERTAINTY_MEASURE_WITH_UNIT (LENGTH_MEASURE( 1.000000000000000082E-05 ), #3320, 'distance_accuracy_value', 'NONE');
#2808 = FACE_OUTER_BOUND ( 'NONE', #3151, .T. ) ;
#2809 = VECTOR ( 'NONE', #3822, 1000.000000000000000 ) ;
#2810 = FACE_OUTER_BOUND ( 'NONE', #184, .T. ) ;
#2811 = CARTESIAN_POINT ( 'NONE',  ( 3.750000000000000000, 0.0000000000000000000, 0.0000000000000000000 ) ) ;
#2812 = ORIENTED_EDGE ( 'NONE', *, *, #2835, .F. ) ;
#2813 = CARTESIAN_POINT ( 'NONE',  ( -6.799999999999999822, -0.2000000000000000111, 25.00000000000000000 ) ) ;
#2814 = AXIS2_PLACEMENT_3D ( 'NONE', #1749, #18, #2045 ) ;
#2815 = PRESENTATION_STYLE_ASSIGNMENT (( #443 ) ) ;
#2816 = DIRECTION ( 'NONE',  ( -1.017405167883953203E-16, -1.000000000000000000, 4.440892098500999885E-16 ) ) ;
#2817 = EDGE_CURVE ( 'NONE', #3804, #2981, #1855, .T. ) ;
#2818 = DIRECTION ( 'NONE',  ( -1.000000000000000000, 0.0000000000000000000, 0.0000000000000000000 ) ) ;
#2819 = SURFACE_STYLE_USAGE ( .BOTH. , #167 ) ;
#2820 = CARTESIAN_POINT ( 'NONE',  ( 7.009999999999999787, 2.978678845241854667, 24.98629711969575951 ) ) ;
#2821 = CARTESIAN_POINT ( 'NONE',  ( 7.009999999999998899, 2.757000067145245037, 1.520056759389409651 ) ) ;
#2822 = CARTESIAN_POINT ( 'NONE',  ( 7.426984583261226902, -3.000000000000003997, 0.5643229334000585684 ) ) ;
#2823 =( NAMED_UNIT ( * ) SI_UNIT ( $, .STERADIAN. ) SOLID_ANGLE_UNIT ( ) );
#2824 = DIRECTION ( 'NONE',  ( 1.000000000000000000, -1.232595164408000087E-32, 1.368455531567199005E-48 ) ) ;
#2825 = CARTESIAN_POINT ( 'NONE',  ( 0.0000000000000000000, 1.109774403421170827E-14, 24.98989794855664925 ) ) ;
#2826 = CLOSED_SHELL ( 'NONE', ( #1038, #19, #178, #3239, #4020, #101, #43, #20, #3204, #2436, #309, #2495, #128, #2986, #4060, #2351, #2902, #2405, #852, #172, #2429, #2148, #885, #1311, #392, #964, #1192, #4225, #545, #420, #4240, #599, #398, #2387, #2302, #2864, #3526, #488, #2623, #3969, #1286, #2487, #1791, #419, #1662, #26, #1957, #3652, #4105, #3023, #513, #3500, #1863, #776, #785, #1813, #3368, #804, #2681, #1712, #1765, #2913, #989, #3391, #2762, #2101, #156, #2263, #3924, #1173, #361, #3216, #3123, #1224, #1066, #2284, #508, #628, #780, #2183, #2074, #2515, #1818, #3917, #613, #1970, #1089, #201, #254, #341, #3782, #2943, #906, #1257, #1586, #459, #3533, #911, #3733, #859, #2950 ) ) ;
#2827 = EDGE_LOOP ( 'NONE', ( #526, #2139, #1372, #4244 ) ) ;
#2828 = CARTESIAN_POINT ( 'NONE',  ( 7.009999999999998899, -2.978678845241854223, 24.98629711969575951 ) ) ;
#2829 = ORIENTED_EDGE ( 'NONE', *, *, #2474, .F. ) ;
#2830 = EDGE_LOOP ( 'NONE', ( #3017, #1516, #1015, #1052, #1049, #3272, #3498, #3834, #3587, #499, #1119, #369 ) ) ;
#2831 = CARTESIAN_POINT ( 'NONE',  ( 8.009999999999998010, -1.093716962323938224, 0.4289891341530035485 ) ) ;
#2832 = EDGE_CURVE ( 'NONE', #1142, #30, #3831, .T. ) ;
#2833 = FACE_OUTER_BOUND ( 'NONE', #1968, .T. ) ;
#2834 = ORIENTED_EDGE ( 'NONE', *, *, #1689, .F. ) ;
#2835 = EDGE_CURVE ( 'NONE', #451, #969, #3100, .T. ) ;
#2836 = CARTESIAN_POINT ( 'NONE',  ( 7.426984583261242001, 2.999999999999689582, 6.400000000003931433 ) ) ;
#2837 =( NAMED_UNIT ( * ) PLANE_ANGLE_UNIT ( ) SI_UNIT ( $, .RADIAN. ) );
#2838 = CARTESIAN_POINT ( 'NONE',  ( 8.004380050947107250, 0.3000000000000007661, 4.920759952498107381 ) ) ;
#2839 = DIRECTION ( 'NONE',  ( -0.0000000000000000000, 4.440892098500999885E-16, 1.000000000000000000 ) ) ;
#2840 = EDGE_CURVE ( 'NONE', #2888, #908, #2390, .T. ) ;
#2841 = DIRECTION ( 'NONE',  ( 0.0000000000000000000, -1.110223024625000001E-16, -1.000000000000000000 ) ) ;
#2842 = CARTESIAN_POINT ( 'NONE',  ( 3.719304938504220726, -13.83168811457361436, 1.200000000058798477 ) ) ;
#2843 = CARTESIAN_POINT ( 'NONE',  ( 0.0000000000000000000, 1.000000000000000000, 0.3999999999999995781 ) ) ;
#2844 = DIRECTION ( 'NONE',  ( -1.232595164408000087E-32, -1.000000000000000000, 1.110223024625000001E-16 ) ) ;
#2845 = ORIENTED_EDGE ( 'NONE', *, *, #1099, .T. ) ;
#2846 = SURFACE_STYLE_USAGE ( .BOTH. , #2458 ) ;
#2847 = ORIENTED_EDGE ( 'NONE', *, *, #2208, .T. ) ;
#2848 = ORIENTED_EDGE ( 'NONE', *, *, #213, .T. ) ;
#2849 = UNCERTAINTY_MEASURE_WITH_UNIT (LENGTH_MEASURE( 1.000000000000000082E-05 ), #517, 'distance_accuracy_value', 'NONE');
#2850 =( NAMED_UNIT ( * ) SI_UNIT ( $, .STERADIAN. ) SOLID_ANGLE_UNIT ( ) );
#2851 = CARTESIAN_POINT ( 'NONE',  ( 7.207205455282978512, -3.105106739995320719, 24.97244391275639686 ) ) ;
#2852 = CARTESIAN_POINT ( 'NONE',  ( 8.004380050947105474, -0.3000000000000023204, 12.00666666666699989 ) ) ;
#2853 = ORIENTED_EDGE ( 'NONE', *, *, #687, .F. ) ;
#2854 = CARTESIAN_POINT ( 'NONE',  ( 8.009999999999999787, 0.2999999999999999889, 9.006666666666999888 ) ) ;
#2855 = UNCERTAINTY_MEASURE_WITH_UNIT (LENGTH_MEASURE( 1.000000000000000082E-05 ), #1611, 'distance_accuracy_value', 'NONE');
#2856 =( NAMED_UNIT ( * ) PLANE_ANGLE_UNIT ( ) SI_UNIT ( $, .RADIAN. ) );
#2857 = EDGE_CURVE ( 'NONE', #3649, #3226, #2500, .T. ) ;
#2858 = CARTESIAN_POINT ( 'NONE',  ( 3.750000000000000000, 1.000000000000000000, 0.0000000000000000000 ) ) ;
#2859 = CARTESIAN_POINT ( 'NONE',  ( 7.009999999999998899, 2.666283395640625997, 1.740465757117668266 ) ) ;
#2860 = EDGE_CURVE ( 'NONE', #277, #891, #1102, .T. ) ;
#2861 = PRESENTATION_LAYER_ASSIGNMENT (  '', '', ( #1843 ) ) ;
#2862 = DIRECTION ( 'NONE',  ( 1.000000000000000000, -1.368455531567204171E-48, 1.110223024625000001E-16 ) ) ;
#2863 = DIRECTION ( 'NONE',  ( -0.0000000000000000000, -0.0000000000000000000, -1.000000000000000000 ) ) ;
#2864 = ADVANCED_FACE ( 'NONE', ( #1200 ), #3803, .T. ) ;
#2865 = PRESENTATION_STYLE_ASSIGNMENT (( #3538 ) ) ;
#2866 = ORIENTED_EDGE ( 'NONE', *, *, #2860, .T. ) ;
#2867 = STYLED_ITEM ( 'NONE', ( #374 ), #1224 ) ;
#2868 = DIRECTION ( 'NONE',  ( 1.000000000000000000, 0.0000000000000000000, 0.0000000000000000000 ) ) ;
#2869 = COLOUR_RGB ( '',0.0000000000000000000, 0.0000000000000000000, 0.4980392156862745168 ) ;
#2870 = VERTEX_POINT ( 'NONE', #1408 ) ;
#2871 = ORIENTED_EDGE ( 'NONE', *, *, #3384, .F. ) ;
#2872 = LINE ( 'NONE', #1541, #3005 ) ;
#2873 = AXIS2_PLACEMENT_3D ( 'NONE', #3311, #358, #2687 ) ;
#2874 = COLOUR_RGB ( '',0.1254901960784313708, 0.1254901960784313708, 0.1254901960784313708 ) ;
#2875 = PRESENTATION_LAYER_ASSIGNMENT (  '', '', ( #189 ) ) ;
#2876 = DIRECTION ( 'NONE',  ( 0.0000000000000000000, -0.0000000000000000000, 1.000000000000000000 ) ) ;
#2877 = DIRECTION ( 'NONE',  ( 0.0000000000000000000, 0.0000000000000000000, 1.000000000000000000 ) ) ;
#2878 = VECTOR ( 'NONE', #1452, 1000.000000000000000 ) ;
#2879 = DIRECTION ( 'NONE',  ( 0.0000000000000000000, -4.440892098500999885E-16, -1.000000000000000000 ) ) ;
#2880 = ORIENTED_EDGE ( 'NONE', *, *, #3802, .F. ) ;
#2881 = DIRECTION ( 'NONE',  ( -1.000000000000000000, 0.0000000000000000000, 0.0000000000000000000 ) ) ;
#2882 = STYLED_ITEM ( 'NONE', ( #3739 ), #2673 ) ;
#2883 = AXIS2_PLACEMENT_3D ( 'NONE', #3978, #1299, #1018 ) ;
#2884 = CARTESIAN_POINT ( 'NONE',  ( 7.517288907488202554, -7.954381499059196612E-16, 1.984557424734633369 ) ) ;
#2885 = CARTESIAN_POINT ( 'NONE',  ( 7.416198487095999603, 2.999999999999999556, 1.200000000043895509 ) ) ;
#2886 = CARTESIAN_POINT ( 'NONE',  ( 7.520014429427298808, 1.026812401795932805, 1.704618116830066477 ) ) ;
#2887 = CARTESIAN_POINT ( 'NONE',  ( 0.2000000000000000111, -6.799999999999999822, 24.89999999999999858 ) ) ;
#2888 = VERTEX_POINT ( 'NONE', #1883 ) ;
#2889 =( GEOMETRIC_REPRESENTATION_CONTEXT ( 3 ) GLOBAL_UNCERTAINTY_ASSIGNED_CONTEXT ( ( #826 ) ) GLOBAL_UNIT_ASSIGNED_CONTEXT ( ( #3962, #3539, #1931 ) ) REPRESENTATION_CONTEXT ( 'NONE', 'WORKASPACE' ) );
#2890 = DIRECTION ( 'NONE',  ( 0.0000000000000000000, -1.000000000000000000, 0.0000000000000000000 ) ) ;
#2891 = CARTESIAN_POINT ( 'NONE',  ( 3.583133383391845506, 13.32528100046689090, 1.199995508399780864 ) ) ;
#2892 = CARTESIAN_POINT ( 'NONE',  ( 7.994373021069128171, -0.2999999999999994893, 12.00666666666699989 ) ) ;
#2893 = LINE ( 'NONE', #3302, #3370 ) ;
#2894 = EDGE_CURVE ( 'NONE', #2618, #635, #1457, .T. ) ;
#2895 = ORIENTED_EDGE ( 'NONE', *, *, #1614, .F. ) ;
#2896 = EDGE_CURVE ( 'NONE', #980, #781, #2747, .T. ) ;
#2897 = DIRECTION ( 'NONE',  ( 0.0000000000000000000, 0.7071067811860475283, 0.7071067811870475062 ) ) ;
#2898 = B_SPLINE_CURVE_WITH_KNOTS ( 'NONE', 3,
 ( #1774, #3341, #2382, #2761 ),
 .UNSPECIFIED., .F., .F.,
 ( 4, 4 ),
 ( 3.293103784800263589E-16, 0.0004491889752785823905 ),
 .UNSPECIFIED. ) ;
#2899 = ORIENTED_EDGE ( 'NONE', *, *, #551, .T. ) ;
#2900 = ORIENTED_EDGE ( 'NONE', *, *, #1660, .F. ) ;
#2901 = CARTESIAN_POINT ( 'NONE',  ( 7.113061255559699703, 2.999999999999999112, 1.276555738691323771 ) ) ;
#2902 = ADVANCED_FACE ( 'NONE', ( #856 ), #2719, .T. ) ;
#2903 = CARTESIAN_POINT ( 'NONE',  ( 8.009999999999999787, 2.217970710961243084E-16, 3.399999999999379074 ) ) ;
#2904 = ORIENTED_EDGE ( 'NONE', *, *, #3980, .F. ) ;
#2905 = CARTESIAN_POINT ( 'NONE',  ( 7.813252668182566474, 2.043730962760942127, 12.45039762943083161 ) ) ;
#2906 = SURFACE_STYLE_FILL_AREA ( #934 ) ;
#2907 = LINE ( 'NONE', #4228, #51 ) ;
#2908 = ORIENTED_EDGE ( 'NONE', *, *, #2430, .T. ) ;
#2909 = CARTESIAN_POINT ( 'NONE',  ( 3.486844815057414948, 12.96719435034771983, 1.992896780188439632 ) ) ;
#2910 = CARTESIAN_POINT ( 'NONE',  ( 7.426984583261114103, -3.000000000000000000, 6.000000000002999379 ) ) ;
#2911 = VERTEX_POINT ( 'NONE', #3191 ) ;
#2912 = DIRECTION ( 'NONE',  ( 0.0000000000000000000, 0.0000000000000000000, -1.000000000000000000 ) ) ;
#2913 = ADVANCED_FACE ( 'NONE', ( #542 ), #3451, .T. ) ;
#2914 = EDGE_LOOP ( 'NONE', ( #841, #2930, #3862, #90 ) ) ;
#2915 = EDGE_LOOP ( 'NONE', ( #1205, #2055, #4233, #3245 ) ) ;
#2916 = DIRECTION ( 'NONE',  ( -1.000000000000000000, 0.0000000000000000000, 0.0000000000000000000 ) ) ;
#2917 = FILL_AREA_STYLE ('',( #1938 ) ) ;
#2918 = CARTESIAN_POINT ( 'NONE',  ( 8.004380050947103697, -0.2999999999999981570, 16.09257338083489230 ) ) ;
#2919 = DIRECTION ( 'NONE',  ( 0.0000000000000000000, 1.000000000000000000, -4.331394446883413448E-16 ) ) ;
#2920 = ORIENTED_EDGE ( 'NONE', *, *, #3425, .F. ) ;
#2921 = LINE ( 'NONE', #1979, #3138 ) ;
#2922 = DIRECTION ( 'NONE',  ( 1.000000000000000000, -1.110223024625000001E-16, 1.232595164408000087E-32 ) ) ;
#2923 = CARTESIAN_POINT ( 'NONE',  ( -7.792893218813460976, 15.58578643762694149, 24.99999999999999289 ) ) ;
#2924 = ORIENTED_EDGE ( 'NONE', *, *, #3744, .T. ) ;
#2925 = SURFACE_SIDE_STYLE ('',( #3210 ) ) ;
#2926 = CARTESIAN_POINT ( 'NONE',  ( 3.486844815057435820, 12.96719435034779089, 1.699999999999925127 ) ) ;
#2927 = CARTESIAN_POINT ( 'NONE',  ( 7.416198487095683411, -2.999999999999941380, 13.40666666666894180 ) ) ;
#2928 = ORIENTED_EDGE ( 'NONE', *, *, #119, .T. ) ;
#2929 =( GEOMETRIC_REPRESENTATION_CONTEXT ( 3 ) GLOBAL_UNCERTAINTY_ASSIGNED_CONTEXT ( ( #529 ) ) GLOBAL_UNIT_ASSIGNED_CONTEXT ( ( #107, #1454, #3142 ) ) REPRESENTATION_CONTEXT ( 'NONE', 'WORKASPACE' ) );
#2930 = ORIENTED_EDGE ( 'NONE', *, *, #2756, .F. ) ;
#2931 = AXIS2_PLACEMENT_3D ( 'NONE', #3377, #1746, #2688 ) ;
#2932 = STYLED_ITEM ( 'NONE', ( #3446 ), #309 ) ;
#2933 = ORIENTED_EDGE ( 'NONE', *, *, #1453, .F. ) ;
#2934 = EDGE_CURVE ( 'NONE', #2870, #2767, #2893, .T. ) ;
#2935 = COLOUR_RGB ( '',0.1254901960784313708, 0.1254901960784313708, 0.1254901960784313708 ) ;
#2936 = DIRECTION ( 'NONE',  ( 0.0000000000000000000, 0.0000000000000000000, 1.000000000000000000 ) ) ;
#2937 = CARTESIAN_POINT ( 'NONE',  ( 7.599999999999980105, -1.037733946774270777, 0.1965747213891244349 ) ) ;
#2938 = AXIS2_PLACEMENT_3D ( 'NONE', #3065, #2141, #2768 ) ;
#2939 = ORIENTED_EDGE ( 'NONE', *, *, #3643, .T. ) ;
#2940 = VECTOR ( 'NONE', #161, 1000.000000000000000 ) ;
#2941 = DIRECTION ( 'NONE',  ( 0.0000000000000000000, 1.000000000000000000, 0.0000000000000000000 ) ) ;
#2942 = AXIS2_PLACEMENT_3D ( 'NONE', #1109, #1874, #3758 ) ;
#2943 = ADVANCED_FACE ( 'NONE', ( #3580 ), #1967, .F. ) ;
#2944 = AXIS2_PLACEMENT_3D ( 'NONE', #2380, #1350, #1664 ) ;
#2945 = SURFACE_STYLE_USAGE ( .BOTH. , #1603 ) ;
#2946 = CARTESIAN_POINT ( 'NONE',  ( 7.416198487095916114, 2.999999999999380496, 13.40666666667062223 ) ) ;
#2947 = CARTESIAN_POINT ( 'NONE',  ( 7.426984583261117656, 3.000000000000000888, 20.01333333333599995 ) ) ;
#2948 = VERTEX_POINT ( 'NONE', #1665 ) ;
#2949 = DIRECTION ( 'NONE',  ( 0.0000000000000000000, 0.0000000000000000000, 1.000000000000000000 ) ) ;
#2950 = ADVANCED_FACE ( 'NONE', ( #3558 ), #1266, .T. ) ;
#2951 = CARTESIAN_POINT ( 'NONE',  ( 3.486844815057435820, -12.96719435034779089, 1.699999999999936451 ) ) ;
#2952 = LINE ( 'NONE', #1966, #3291 ) ;
#2953 = VECTOR ( 'NONE', #2402, 1000.000000000000000 ) ;
#2954 = DIRECTION ( 'NONE',  ( 0.0000000000000000000, -1.110223024625000001E-16, -1.000000000000000000 ) ) ;
#2955 = EDGE_LOOP ( 'NONE', ( #1117, #3447, #4220, #2589 ) ) ;
#2956 = FACE_OUTER_BOUND ( 'NONE', #2520, .T. ) ;
#2957 = VERTEX_POINT ( 'NONE', #2053 ) ;
#2958 = B_SPLINE_CURVE_WITH_KNOTS ( 'NONE', 3,
 ( #2013, #3275, #3922, #3605 ),
 .UNSPECIFIED., .F., .F.,
 ( 4, 4 ),
 ( 3.313503480574042708E-16, 0.0004491889752795960654 ),
 .UNSPECIFIED. ) ;
#2959 = VERTEX_POINT ( 'NONE', #2713 ) ;
#2960 = CARTESIAN_POINT ( 'NONE',  ( 7.099254127275214543, -3.058597673718794763, 1.204632058290071139 ) ) ;
#2961 = DIRECTION ( 'NONE',  ( 0.0000000000000000000, 0.7071067811860475283, 0.7071067811870475062 ) ) ;
#2962 = VERTEX_POINT ( 'NONE', #713 ) ;
#2963 = CARTESIAN_POINT ( 'NONE',  ( 8.004380050947105474, 0.3000000000000023204, 9.006666666666999888 ) ) ;
#2964 = CARTESIAN_POINT ( 'NONE',  ( 7.009999999999999787, 3.000000000000000000, 0.1900000000000000022 ) ) ;
#2965 = EDGE_CURVE ( 'NONE', #375, #2503, #1158, .T. ) ;
#2966 = CARTESIAN_POINT ( 'NONE',  ( 7.010000000000029985, -2.733431741320703434, 1.629384233783637503 ) ) ;
#2967 = ORIENTED_EDGE ( 'NONE', *, *, #3961, .F. ) ;
#2968 =( NAMED_UNIT ( * ) PLANE_ANGLE_UNIT ( ) SI_UNIT ( $, .RADIAN. ) );
#2969 = DIRECTION ( 'NONE',  ( 1.000000000000000000, 0.0000000000000000000, 0.0000000000000000000 ) ) ;
#2970 = DIRECTION ( 'NONE',  ( -1.110223024625000001E-16, 0.0000000000000000000, 1.000000000000000000 ) ) ;
#2971 = SURFACE_SIDE_STYLE ('',( #773 ) ) ;
#2972 = EDGE_CURVE ( 'NONE', #35, #3327, #2898, .T. ) ;
#2973 = FILL_AREA_STYLE_COLOUR ( '', #1088 ) ;
#2974 = ORIENTED_EDGE ( 'NONE', *, *, #3843, .T. ) ;
#2975 = ORIENTED_EDGE ( 'NONE', *, *, #2832, .F. ) ;
#2976 = CARTESIAN_POINT ( 'NONE',  ( 7.520014429427300584, -8.059183417491034116E-16, 1.695381883169890358 ) ) ;
#2977 = DIRECTION ( 'NONE',  ( 0.0000000000000000000, -0.0000000000000000000, -1.000000000000000000 ) ) ;
#2978 = ORIENTED_EDGE ( 'NONE', *, *, #1609, .T. ) ;
#2979 =( NAMED_UNIT ( * ) PLANE_ANGLE_UNIT ( ) SI_UNIT ( $, .RADIAN. ) );
#2980 = CARTESIAN_POINT ( 'NONE',  ( 7.994373021069257845, 0.3000000000000005440, 4.920760109555573081 ) ) ;
#2981 = VERTEX_POINT ( 'NONE', #2732 ) ;
#2982 = FACE_OUTER_BOUND ( 'NONE', #1185, .T. ) ;
#2983 =( NAMED_UNIT ( * ) PLANE_ANGLE_UNIT ( ) SI_UNIT ( $, .RADIAN. ) );
#2984 = FILL_AREA_STYLE_COLOUR ( '', #1781 ) ;
#2985 = DIRECTION ( 'NONE',  ( 0.0000000000000000000, 1.110223024625000001E-16, 1.000000000000000000 ) ) ;
#2986 = ADVANCED_FACE ( 'NONE', ( #3706 ), #3041, .T. ) ;
#2987 = CARTESIAN_POINT ( 'NONE',  ( 8.450062914083991045E-16, -6.799999999998362910, 0.3999999999564382014 ) ) ;
#2988 = DIRECTION ( 'NONE',  ( -0.0000000000000000000, -1.000000000000000000, 4.440892098500999885E-16 ) ) ;
#2989 = LINE ( 'NONE', #2031, #59 ) ;
#2990 = CARTESIAN_POINT ( 'NONE',  ( 7.010000000000024656, -3.000000000000011990, 25.00862535279625831 ) ) ;
#2991 = DIRECTION ( 'NONE',  ( -0.0000000000000000000, -1.110223024625000001E-16, -1.000000000000000000 ) ) ;
#2992 = ORIENTED_EDGE ( 'NONE', *, *, #1416, .T. ) ;
#2993 = CARTESIAN_POINT ( 'NONE',  ( 9.797174393178831574E-16, -7.999999999999998224, 2.199999999971002929 ) ) ;
#2994 = CARTESIAN_POINT ( 'NONE',  ( 7.522739951366395950, -8.163985335922870634E-16, 1.406206341605147792 ) ) ;
#2995 = SURFACE_SIDE_STYLE ('',( #655 ) ) ;
#2996 = VECTOR ( 'NONE', #2936, 1000.000000000000000 ) ;
#2997 = ORIENTED_EDGE ( 'NONE', *, *, #2652, .F. ) ;
#2998 = CARTESIAN_POINT ( 'NONE',  ( 7.426984583261343253, 2.999999999999439559, 13.40666666667068085 ) ) ;
#2999 = VERTEX_POINT ( 'NONE', #693 ) ;
#3000 = CARTESIAN_POINT ( 'NONE',  ( 0.0000000000000000000, 0.0000000000000000000, 0.4000000000000000222 ) ) ;
#3001 = B_SPLINE_CURVE_WITH_KNOTS ( 'NONE', 3,
 ( #3176, #549, #4199, #2573, #1542, #1599 ),
 .UNSPECIFIED., .F., .F.,
 ( 4, 2, 4 ),
 ( 2.855900480265452172E-17, 0.0003391503965455381362, 0.0006783007930910476494 ),
 .UNSPECIFIED. ) ;
#3002 = AXIS2_PLACEMENT_3D ( 'NONE', #3740, #46, #1358 ) ;
#3003 = CARTESIAN_POINT ( 'NONE',  ( 7.792893218813452094, 1.484606355920022426E-14, 25.00000000000000000 ) ) ;
#3004 = CARTESIAN_POINT ( 'NONE',  ( 7.010000000000000675, -2.924711998376809952, 1.402904694570805244 ) ) ;
#3005 = VECTOR ( 'NONE', #894, 1000.000000000000000 ) ;
#3006 =( GEOMETRIC_REPRESENTATION_CONTEXT ( 3 ) GLOBAL_UNCERTAINTY_ASSIGNED_CONTEXT ( ( #3376 ) ) GLOBAL_UNIT_ASSIGNED_CONTEXT ( ( #3761, #2837, #1130 ) ) REPRESENTATION_CONTEXT ( 'NONE', 'WORKASPACE' ) );
#3007 = AXIS2_PLACEMENT_3D ( 'NONE', #642, #977, #1943 ) ;
#3008 = CARTESIAN_POINT ( 'NONE',  ( 8.009999999999999787, 3.000000000000000888, 20.01333333333599995 ) ) ;
#3009 = PRESENTATION_STYLE_ASSIGNMENT (( #3673 ) ) ;
#3010 = VECTOR ( 'NONE', #2451, 1000.000000000000000 ) ;
#3011 = DIRECTION ( 'NONE',  ( 0.0000000000000000000, 1.000000000000000000, -4.336808689942017736E-16 ) ) ;
#3012 = SURFACE_SIDE_STYLE ('',( #3338 ) ) ;
#3013 = LINE ( 'NONE', #3658, #268 ) ;
#3014 = AXIS2_PLACEMENT_3D ( 'NONE', #4101, #217, #170 ) ;
#3015 = COLOUR_RGB ( '',0.1254901960784313708, 0.1254901960784313708, 0.1254901960784313708 ) ;
#3016 = LINE ( 'NONE', #88, #4130 ) ;
#3017 = ORIENTED_EDGE ( 'NONE', *, *, #1099, .F. ) ;
#3018 =( BOUNDED_CURVE ( )  B_SPLINE_CURVE ( 3, ( #335, #3930, #2574, #1959 ),
 .UNSPECIFIED., .F., .F. ) 
 B_SPLINE_CURVE_WITH_KNOTS ( ( 4, 4 ),
 ( 4.327992205889057864, 4.712388980384650594 ),
 .UNSPECIFIED. ) 
 CURVE ( )  GEOMETRIC_REPRESENTATION_ITEM ( )  RATIONAL_B_SPLINE_CURVE ( ( 1.000000000000000000, 0.9877244516659869911, 0.9877244516659869911, 1.000000000000000000 ) ) 
 REPRESENTATION_ITEM ( '' )  );
#3019 = CARTESIAN_POINT ( 'NONE',  ( -0.2000000000000000111, 6.799999999999999822, 24.89999999999999858 ) ) ;
#3020 = STYLED_ITEM ( 'NONE', ( #1990 ), #2943 ) ;
#3022 = EDGE_CURVE ( 'NONE', #3925, #3093, #3016, .T. ) ;
#3021 = CARTESIAN_POINT ( 'NONE',  ( 7.847642852567141780, 1.071548077667025867, 24.97244391275455655 ) ) ;
#3023 = ADVANCED_FACE ( 'NONE', ( #1382 ), #1686, .F. ) ;
#3024 = ORIENTED_EDGE ( 'NONE', *, *, #3802, .T. ) ;
#3025 = CARTESIAN_POINT ( 'NONE',  ( 6.523802572120018795, -1.000000000000000000, 0.0000000000000000000 ) ) ;
#3026 = DIRECTION ( 'NONE',  ( 1.000000000000000000, -1.110223024625000001E-16, 1.232595164408000087E-32 ) ) ;
#3027 = ORIENTED_EDGE ( 'NONE', *, *, #1681, .T. ) ;
#3028 = DIRECTION ( 'NONE',  ( 0.0000000000000000000, 1.000000000000000000, 0.0000000000000000000 ) ) ;
#3029 = ORIENTED_EDGE ( 'NONE', *, *, #3613, .F. ) ;
#3030 = EDGE_CURVE ( 'NONE', #3530, #3712, #544, .T. ) ;
#3031 = LINE ( 'NONE', #33, #1916 ) ;
#3032 = UNCERTAINTY_MEASURE_WITH_UNIT (LENGTH_MEASURE( 1.000000000000000082E-05 ), #1147, 'distance_accuracy_value', 'NONE');
#3033 = CARTESIAN_POINT ( 'NONE',  ( 0.2000000000000000111, 6.799999999999999822, 24.89999999999999858 ) ) ;
#3034 = CARTESIAN_POINT ( 'NONE',  ( 7.426984583261114103, -3.000000000000000888, 13.40666666666900042 ) ) ;
#3035 = CARTESIAN_POINT ( 'NONE',  ( 8.009999999999999787, -3.000000000000000000, 13.40666666666900042 ) ) ;
#3036 = SURFACE_SIDE_STYLE ('',( #1702 ) ) ;
#3037 = CARTESIAN_POINT ( 'NONE',  ( 8.009999999999999787, 1.777837136765999870E-15, 16.01333333333300146 ) ) ;
#3038 = CARTESIAN_POINT ( 'NONE',  ( -3.750000000000000000, 0.0000000000000000000, 0.4000000000000000222 ) ) ;
#3039 = CARTESIAN_POINT ( 'NONE',  ( 8.009999999999998010, -0.07923995914890703818, 18.71333333333299365 ) ) ;
#3040 = CARTESIAN_POINT ( 'NONE',  ( 0.0000000000000000000, 1.109774403421170827E-14, 24.98989794855664925 ) ) ;
#3041 = CYLINDRICAL_SURFACE ( 'NONE', #2680, 8.000000000000000000 ) ;
#3042 = DIRECTION ( 'NONE',  ( 0.0000000000000000000, 0.0000000000000000000, 1.000000000000000000 ) ) ;
#3043 = CARTESIAN_POINT ( 'NONE',  ( 7.789067973218448238, 2.164887272413462238, 24.78101086584427293 ) ) ;
#3044 = FILL_AREA_STYLE_COLOUR ( '', #2935 ) ;
#3045 = EDGE_LOOP ( 'NONE', ( #699, #270 ) ) ;
#3046 = ORIENTED_EDGE ( 'NONE', *, *, #3775, .T. ) ;
#3047 = SURFACE_STYLE_USAGE ( .BOTH. , #426 ) ;
#3048 = DIRECTION ( 'NONE',  ( 7.850462293415529338E-17, 0.7071067811870475062, -0.7071067811860475283 ) ) ;
#3049 = EDGE_CURVE ( 'NONE', #2068, #1572, #106, .T. ) ;
#3050 =( NAMED_UNIT ( * ) PLANE_ANGLE_UNIT ( ) SI_UNIT ( $, .RADIAN. ) );
#3051 = CARTESIAN_POINT ( 'NONE',  ( 7.010000000000000675, -2.999999999999831690, 2.030688569940375388 ) ) ;
#3052 =( NAMED_UNIT ( * ) SI_UNIT ( $, .STERADIAN. ) SOLID_ANGLE_UNIT ( ) );
#3053 = DIRECTION ( 'NONE',  ( 0.0000000000000000000, 1.000000000000000000, 0.0000000000000000000 ) ) ;
#3054 = CARTESIAN_POINT ( 'NONE',  ( 0.0000000000000000000, 0.0000000000000000000, 0.1965747213890000067 ) ) ;
#3055 = DIRECTION ( 'NONE',  ( -1.000000000000000000, -0.0000000000000000000, -0.0000000000000000000 ) ) ;
#3056 = CARTESIAN_POINT ( 'NONE',  ( 8.009999999999999787, -3.000000000000000000, 6.000000000003000267 ) ) ;
#3057 =( LENGTH_UNIT ( ) NAMED_UNIT ( * ) SI_UNIT ( .MILLI., .METRE. ) );
#3058 = ORIENTED_EDGE ( 'NONE', *, *, #2934, .F. ) ;
#3059 = DIRECTION ( 'NONE',  ( 0.0000000000000000000, 0.0000000000000000000, 1.000000000000000000 ) ) ;
#3060 =( BOUNDED_CURVE ( )  B_SPLINE_CURVE ( 3, ( #3527, #573, #4241, #952 ),
 .UNSPECIFIED., .F., .T. ) 
 B_SPLINE_CURVE_WITH_KNOTS ( ( 4, 4 ),
 ( 0.5000000000000000000, 1.000000000000000000 ),
 .UNSPECIFIED. ) 
 CURVE ( )  GEOMETRIC_REPRESENTATION_ITEM ( )  RATIONAL_B_SPLINE_CURVE ( ( 1.000000000000000000, 0.3333333333333333703, 0.3333333333333333703, 1.000000000000000000 ) ) 
 REPRESENTATION_ITEM ( '' )  );
#3061 = ORIENTED_EDGE ( 'NONE', *, *, #2308, .F. ) ;
#3062 = CARTESIAN_POINT ( 'NONE',  ( 8.009999999999999787, -2.999999999998877787, 13.00666666667012272 ) ) ;
#3063 = ORIENTED_EDGE ( 'NONE', *, *, #2081, .T. ) ;
#3064 = EDGE_CURVE ( 'NONE', #4203, #158, #343, .T. ) ;
#3065 = CARTESIAN_POINT ( 'NONE',  ( 0.0000000000000000000, 1.771028759966690874E-16, 0.3999999999564352038 ) ) ;
#3066 = UNCERTAINTY_MEASURE_WITH_UNIT (LENGTH_MEASURE( 1.000000000000000082E-05 ), #2758, 'distance_accuracy_value', 'NONE');
#3067 = AXIS2_PLACEMENT_3D ( 'NONE', #2231, #3292, #3890 ) ;
#3068 = PRESENTATION_STYLE_ASSIGNMENT (( #3751 ) ) ;
#3069 = DIRECTION ( 'NONE',  ( 0.0000000000000000000, -1.110223024625000001E-16, -1.000000000000000000 ) ) ;
#3070 = EDGE_CURVE ( 'NONE', #575, #4258, #2677, .T. ) ;
#3071 = DIRECTION ( 'NONE',  ( -0.0000000000000000000, 4.440892098500999885E-16, 1.000000000000000000 ) ) ;
#3072 = EDGE_CURVE ( 'NONE', #2911, #2696, #1509, .T. ) ;
#3073 =( GEOMETRIC_REPRESENTATION_CONTEXT ( 3 ) GLOBAL_UNCERTAINTY_ASSIGNED_CONTEXT ( ( #3032 ) ) GLOBAL_UNIT_ASSIGNED_CONTEXT ( ( #1147, #3772, #783 ) ) REPRESENTATION_CONTEXT ( 'NONE', 'WORKASPACE' ) );
#3074 = CARTESIAN_POINT ( 'NONE',  ( 7.998656388633772707, -0.1567179398039588167, 16.28084017268336225 ) ) ;
#3075 = DIRECTION ( 'NONE',  ( 0.0000000000000000000, 0.0000000000000000000, 1.000000000000000000 ) ) ;
#3076 = COLOUR_RGB ( '',0.1254901960784313708, 0.1254901960784313708, 0.1254901960784313708 ) ;
#3077 = STYLED_ITEM ( 'NONE', ( #1005 ), #419 ) ;
#3078 = CARTESIAN_POINT ( 'NONE',  ( -0.2000000000000000111, -0.2000000000000000111, 24.89999999999999858 ) ) ;
#3079 = PRESENTATION_STYLE_ASSIGNMENT (( #1836 ) ) ;
#3080 = FILL_AREA_STYLE_COLOUR ( '', #2746 ) ;
#3081 = AXIS2_PLACEMENT_3D ( 'NONE', #3252, #428, #3069 ) ;
#3082 = EDGE_CURVE ( 'NONE', #801, #494, #3764, .T. ) ;
#3083 = VECTOR ( 'NONE', #2166, 1000.000000000000000 ) ;
#3084 =( LENGTH_UNIT ( ) NAMED_UNIT ( * ) SI_UNIT ( .MILLI., .METRE. ) );
#3085 = VECTOR ( 'NONE', #2424, 1000.000000000000000 ) ;
#3086 = DIRECTION ( 'NONE',  ( 0.0000000000000000000, 0.0000000000000000000, 1.000000000000000000 ) ) ;
#3087 = ORIENTED_EDGE ( 'NONE', *, *, #333, .F. ) ;
#3088 = AXIS2_PLACEMENT_3D ( 'NONE', #2355, #411, #82 ) ;
#3089 = DIRECTION ( 'NONE',  ( 1.000000000000000000, 0.0000000000000000000, 0.0000000000000000000 ) ) ;
#3090 = VERTEX_POINT ( 'NONE', #1799 ) ;
#3091 = STYLED_ITEM ( 'NONE', ( #1558 ), #2913 ) ;
#3092 = DIRECTION ( 'NONE',  ( 0.0000000000000000000, 0.0000000000000000000, 1.000000000000000000 ) ) ;
#3093 = VERTEX_POINT ( 'NONE', #1132 ) ;
#3094 = DIRECTION ( 'NONE',  ( -0.0000000000000000000, -1.110223024625000001E-16, -1.000000000000000000 ) ) ;
#3095 = CARTESIAN_POINT ( 'NONE',  ( 8.009999999999999787, 1.433311402607997658E-14, 24.53000000000000469 ) ) ;
#3096 = FILL_AREA_STYLE_COLOUR ( '', #3015 ) ;
#3097 = VERTEX_POINT ( 'NONE', #2152 ) ;
#3098 = CARTESIAN_POINT ( 'NONE',  ( 8.000000000000000000, -1.612849844843363380E-15, 0.4071067811865481945 ) ) ;
#3099 = EDGE_CURVE ( 'NONE', #1337, #4026, #886, .T. ) ;
#3100 = B_SPLINE_CURVE_WITH_KNOTS ( 'NONE', 3,
 ( #2219, #887, #4166, #3404, #2201, #1742, #3520, #2079, #3492, #219 ),
 .UNSPECIFIED., .F., .F.,
 ( 4, 2, 2, 2, 4 ),
 ( 0.0000000000000000000, 0.0002343444575363309976, 0.0004686889150726619951, 0.0007030333726089929656, 0.0009373778301453239903 ),
 .UNSPECIFIED. ) ;
#3101 = CARTESIAN_POINT ( 'NONE',  ( -7.500000000000000000, 5.606626274358025028E-15, 25.00000000000000000 ) ) ;
#3102 =( LENGTH_UNIT ( ) NAMED_UNIT ( * ) SI_UNIT ( .MILLI., .METRE. ) );
#3103 = FACE_OUTER_BOUND ( 'NONE', #4139, .T. ) ;
#3104 = CARTESIAN_POINT ( 'NONE',  ( 7.416198487095781111, -2.999999999999941824, 2.199999999956104180 ) ) ;
#3105 = SURFACE_SIDE_STYLE ('',( #1839 ) ) ;
#3106 = EDGE_CURVE ( 'NONE', #1055, #154, #373, .T. ) ;
#3107 = VERTEX_POINT ( 'NONE', #2496 ) ;
#3108 = DIRECTION ( 'NONE',  ( 1.000000000000000000, 0.0000000000000000000, 0.0000000000000000000 ) ) ;
#3109 = ORIENTED_EDGE ( 'NONE', *, *, #2046, .T. ) ;
#3110 = VERTEX_POINT ( 'NONE', #2478 ) ;
#3111 = CARTESIAN_POINT ( 'NONE',  ( 7.994373021069257845, 0.3000000000000009881, 9.085906732923877627 ) ) ;
#3112 = CARTESIAN_POINT ( 'NONE',  ( 8.000000000000000000, 1.485358715618195005E-14, 24.79289321881345387 ) ) ;
#3113 = CARTESIAN_POINT ( 'NONE',  ( 7.426984583261214468, -3.000000000000039968, 1.210000000040938772 ) ) ;
#3114 = ORIENTED_EDGE ( 'NONE', *, *, #2580, .T. ) ;
#3115 = FILL_AREA_STYLE ('',( #2492 ) ) ;
#3116 = CYLINDRICAL_SURFACE ( 'NONE', #3067, 1.000000000000000000 ) ;
#3117 = DIRECTION ( 'NONE',  ( -0.0000000000000000000, -4.440892098500999885E-16, -1.000000000000000000 ) ) ;
#3118 = CARTESIAN_POINT ( 'NONE',  ( -6.799999999999999822, -0.2000000000000000111, 25.00000000000000000 ) ) ;
#3119 = CARTESIAN_POINT ( 'NONE',  ( 7.802980979185766053, 2.043848089108740496, 12.05051475577638520 ) ) ;
#3120 = CARTESIAN_POINT ( 'NONE',  ( 7.802980979185798915, 2.043848089108662336, 19.05718142244331048 ) ) ;
#3121 = DIRECTION ( 'NONE',  ( -1.000000000000000000, 1.368455531567204171E-48, -1.110223024625000001E-16 ) ) ;
#3122 = VERTEX_POINT ( 'NONE', #819 ) ;
#3123 = ADVANCED_FACE ( 'NONE', ( #3103 ), #2514, .T. ) ;
#3124 = FACE_OUTER_BOUND ( 'NONE', #1743, .T. ) ;
#3125 = ORIENTED_EDGE ( 'NONE', *, *, #3030, .F. ) ;
#3126 = EDGE_LOOP ( 'NONE', ( #1718, #2583 ) ) ;
#3127 = SURFACE_SIDE_STYLE ('',( #1104 ) ) ;
#3128 = EDGE_CURVE ( 'NONE', #1315, #4014, #2273, .T. ) ;
#3129 = SURFACE_SIDE_STYLE ('',( #160 ) ) ;
#3130 = CYLINDRICAL_SURFACE ( 'NONE', #3357, 7.599999999999999645 ) ;
#3131 = PRESENTATION_STYLE_ASSIGNMENT (( #4114 ) ) ;
#3132 = ORIENTED_EDGE ( 'NONE', *, *, #910, .F. ) ;
#3133 = DIRECTION ( 'NONE',  ( -1.000000000000000000, 0.0000000000000000000, 0.0000000000000000000 ) ) ;
#3134 = STYLED_ITEM ( 'NONE', ( #1529 ), #128 ) ;
#3135 = SURFACE_SIDE_STYLE ('',( #530 ) ) ;
#3136 = FACE_OUTER_BOUND ( 'NONE', #3787, .T. ) ;
#3137 = DIRECTION ( 'NONE',  ( 1.000000000000000000, 2.072416312634000346E-17, 0.0000000000000000000 ) ) ;
#3138 = VECTOR ( 'NONE', #4178, 1000.000000000000000 ) ;
#3139 = VECTOR ( 'NONE', #1658, 1000.000000000000000 ) ;
#3140 = COLOUR_RGB ( '',0.0000000000000000000, 0.0000000000000000000, 0.4980392156862745168 ) ;
#3141 = CARTESIAN_POINT ( 'NONE',  ( 7.999999999999928946, 1.031419978907460289, 11.03808664557367436 ) ) ;
#3142 =( NAMED_UNIT ( * ) SI_UNIT ( $, .STERADIAN. ) SOLID_ANGLE_UNIT ( ) );
#3143 = MECHANICAL_DESIGN_GEOMETRIC_PRESENTATION_REPRESENTATION (  '', ( #1577 ), #2599 ) ;
#3144 = VECTOR ( 'NONE', #1830, 1000.000000000000000 ) ;
#3145 = VECTOR ( 'NONE', #3477, 1000.000000000000000 ) ;
#3146 = VERTEX_POINT ( 'NONE', #3893 ) ;
#3147 = AXIS2_PLACEMENT_3D ( 'NONE', #86, #2322, #1401 ) ;
#3148 =( NAMED_UNIT ( * ) PLANE_ANGLE_UNIT ( ) SI_UNIT ( $, .RADIAN. ) );
#3149 =( GEOMETRIC_REPRESENTATION_CONTEXT ( 3 ) GLOBAL_UNCERTAINTY_ASSIGNED_CONTEXT ( ( #2506 ) ) GLOBAL_UNIT_ASSIGNED_CONTEXT ( ( #1256, #23, #3677 ) ) REPRESENTATION_CONTEXT ( 'NONE', 'WORKASPACE' ) );
#3150 = EDGE_CURVE ( 'NONE', #3225, #3747, #473, .T. ) ;
#3151 = EDGE_LOOP ( 'NONE', ( #975, #1029, #4041, #1162 ) ) ;
#3152 =( GEOMETRIC_REPRESENTATION_CONTEXT ( 3 ) GLOBAL_UNCERTAINTY_ASSIGNED_CONTEXT ( ( #1207 ) ) GLOBAL_UNIT_ASSIGNED_CONTEXT ( ( #191, #3417, #1465 ) ) REPRESENTATION_CONTEXT ( 'NONE', 'WORKASPACE' ) );
#3153 = VERTEX_POINT ( 'NONE', #583 ) ;
#3154 = VECTOR ( 'NONE', #3328, 1000.000000000000000 ) ;
#3155 = UNCERTAINTY_MEASURE_WITH_UNIT (LENGTH_MEASURE( 1.000000000000000082E-05 ), #4137, 'distance_accuracy_value', 'NONE');
#3156 = CARTESIAN_POINT ( 'NONE',  ( 7.372062864821194772, -2.999999999999991118, 0.4733280737495932367 ) ) ;
#3157 = PRESENTATION_LAYER_ASSIGNMENT (  '', '', ( #818 ) ) ;
#3158 = CARTESIAN_POINT ( 'NONE',  ( 7.356312816649489328, -3.169347210956598992, 24.53000000000000469 ) ) ;
#3159 = EDGE_CURVE ( 'NONE', #3405, #3530, #2129, .T. ) ;
#3160 = CARTESIAN_POINT ( 'NONE',  ( 0.0000000000000000000, 8.881784197292837994E-17, 0.2000000000066393113 ) ) ;
#3161 = VERTEX_POINT ( 'NONE', #1924 ) ;
#3162 = CARTESIAN_POINT ( 'NONE',  ( 7.792893218813452982, -1.658389315040613162E-15, 0.2000000000000000111 ) ) ;
#3163 = UNCERTAINTY_MEASURE_WITH_UNIT (LENGTH_MEASURE( 1.000000000000000082E-05 ), #3519, 'distance_accuracy_value', 'NONE');
#3164 =( NAMED_UNIT ( * ) SI_UNIT ( $, .STERADIAN. ) SOLID_ANGLE_UNIT ( ) );
#3165 = FACE_OUTER_BOUND ( 'NONE', #1250, .T. ) ;
#3166 = CARTESIAN_POINT ( 'NONE',  ( 8.005722968101657955, 0.2675069208300985268, 4.843282146796918042 ) ) ;
#3167 = SURFACE_STYLE_FILL_AREA ( #3781 ) ;
#3168 = CARTESIAN_POINT ( 'NONE',  ( 7.123178900696522042, -2.999999999999996891, 0.2241936565576495011 ) ) ;
#3169 =( NAMED_UNIT ( * ) PLANE_ANGLE_UNIT ( ) SI_UNIT ( $, .RADIAN. ) );
#3170 = DIRECTION ( 'NONE',  ( -1.000000000000000000, -0.0000000000000000000, -0.0000000000000000000 ) ) ;
#3171 = ORIENTED_EDGE ( 'NONE', *, *, #2175, .T. ) ;
#3172 = ORIENTED_EDGE ( 'NONE', *, *, #152, .T. ) ;
#3173 = ORIENTED_EDGE ( 'NONE', *, *, #2081, .F. ) ;
#3174 = CARTESIAN_POINT ( 'NONE',  ( 7.426984583261124762, 3.000000000000039968, 1.210000000054873404 ) ) ;
#3175 = EDGE_CURVE ( 'NONE', #950, #2080, #2123, .T. ) ;
#3176 = CARTESIAN_POINT ( 'NONE',  ( 7.416198487095830849, 2.999999999999999556, 0.6999999999999995115 ) ) ;
#3177 = CARTESIAN_POINT ( 'NONE',  ( 8.009999999999999787, -1.093716962323926900, 24.53000000000000824 ) ) ;
#3178 = CARTESIAN_POINT ( 'NONE',  ( 7.416198487095690517, 2.999999999999942712, 24.50000000000000000 ) ) ;
#3179 = ORIENTED_EDGE ( 'NONE', *, *, #1720, .T. ) ;
#3180 =( BOUNDED_CURVE ( )  B_SPLINE_CURVE ( 3, ( #2536, #1277, #1260, #2290 ),
 .UNSPECIFIED., .F., .F. ) 
 B_SPLINE_CURVE_WITH_KNOTS ( ( 4, 4 ),
 ( 0.5000000000000000000, 1.000000000000000000 ),
 .UNSPECIFIED. ) 
 CURVE ( )  GEOMETRIC_REPRESENTATION_ITEM ( )  RATIONAL_B_SPLINE_CURVE ( ( 1.000000000000000000, 0.3333333333333333703, 0.3333333333333333703, 1.000000000000000000 ) ) 
 REPRESENTATION_ITEM ( '' )  );
#3181 = LINE ( 'NONE', #3887, #869 ) ;
#3182 = EDGE_CURVE ( 'NONE', #3649, #3324, #1450, .T. ) ;
#3183 = CARTESIAN_POINT ( 'NONE',  ( 7.520014429427299696, -1.026812401795933027, 1.695381883169891246 ) ) ;
#3184 = CARTESIAN_POINT ( 'NONE',  ( 3.750000000000000000, -1.000000000000000000, 0.0000000000000000000 ) ) ;
#3185 = LINE ( 'NONE', #1876, #1356 ) ;
#3186 = CARTESIAN_POINT ( 'NONE',  ( 8.000000000000023093, 16.00000000000003197, 24.49999999999999645 ) ) ;
#3187 = CARTESIAN_POINT ( 'NONE',  ( 8.004380050947105474, 0.3000000000000035971, 23.01999999999999957 ) ) ;
#3188 = CARTESIAN_POINT ( 'NONE',  ( 7.009999999999998899, -3.000000000000012434, 0.2013746472038706603 ) ) ;
#3189 =( LENGTH_UNIT ( ) NAMED_UNIT ( * ) SI_UNIT ( .MILLI., .METRE. ) );
#3190 = CARTESIAN_POINT ( 'NONE',  ( 7.009999999999998899, -2.978674893798714862, 0.1995346135997173309 ) ) ;
#3191 = CARTESIAN_POINT ( 'NONE',  ( 7.009999999999940279, 2.935966621068510918, 0.1965747213893635492 ) ) ;
#3192 = ORIENTED_EDGE ( 'NONE', *, *, #1453, .T. ) ;
#3193 = DIRECTION ( 'NONE',  ( 0.0000000000000000000, 0.0000000000000000000, 1.000000000000000000 ) ) ;
#3194 = ORIENTED_EDGE ( 'NONE', *, *, #1007, .F. ) ;
#3195 = VERTEX_POINT ( 'NONE', #3938 ) ;
#3196 = CARTESIAN_POINT ( 'NONE',  ( 8.009999999999999787, -3.000000000000000000, 6.000000000003000267 ) ) ;
#3197 = LINE ( 'NONE', #247, #263 ) ;
#3198 = EDGE_CURVE ( 'NONE', #2718, #1142, #901, .T. ) ;
#3199 = LINE ( 'NONE', #3546, #4197 ) ;
#3200 = ORIENTED_EDGE ( 'NONE', *, *, #2756, .T. ) ;
#3201 = FACE_OUTER_BOUND ( 'NONE', #2301, .T. ) ;
#3202 = SURFACE_STYLE_FILL_AREA ( #990 ) ;
#3203 = PRESENTATION_STYLE_ASSIGNMENT (( #1578 ) ) ;
#3204 = ADVANCED_FACE ( 'NONE', ( #1043 ), #83, .F. ) ;
#3205 = CARTESIAN_POINT ( 'NONE',  ( 7.009999999999998899, -2.999999999999981792, 24.98413180580480741 ) ) ;
#3206 = DIRECTION ( 'NONE',  ( 0.0000000000000000000, 0.0000000000000000000, 1.000000000000000000 ) ) ;
#3207 =( BOUNDED_CURVE ( )  B_SPLINE_CURVE ( 3, ( #2476, #580, #3779, #3101 ),
 .UNSPECIFIED., .F., .T. ) 
 B_SPLINE_CURVE_WITH_KNOTS ( ( 4, 4 ),
 ( 0.0000000000000000000, 0.5000000000000000000 ),
 .UNSPECIFIED. ) 
 CURVE ( )  GEOMETRIC_REPRESENTATION_ITEM ( )  RATIONAL_B_SPLINE_CURVE ( ( 1.000000000000000000, 0.3333333333333333703, 0.3333333333333333703, 1.000000000000000000 ) ) 
 REPRESENTATION_ITEM ( '' )  );
#3208 = CARTESIAN_POINT ( 'NONE',  ( 8.009999999999960707, 1.031335786739810745, 18.04466912007302781 ) ) ;
#3209 = ORIENTED_EDGE ( 'NONE', *, *, #4141, .T. ) ;
#3210 = SURFACE_STYLE_FILL_AREA ( #4212 ) ;
#3211 = VECTOR ( 'NONE', #1918, 1000.000000000000000 ) ;
#3212 = VECTOR ( 'NONE', #1882, 1000.000000000000000 ) ;
#3213 = CARTESIAN_POINT ( 'NONE',  ( -8.000000000000314415, 6.033887322465803675E-16, 1.200000000058792482 ) ) ;
#3214 = CARTESIAN_POINT ( 'NONE',  ( 7.599999999999980105, 1.037733946774269445, 0.1965747213891235468 ) ) ;
#3215 = FACE_OUTER_BOUND ( 'NONE', #1627, .T. ) ;
#3216 = ADVANCED_FACE ( 'NONE', ( #100 ), #1324, .T. ) ;
#3217 = CARTESIAN_POINT ( 'NONE',  ( 8.000000000000000000, 3.465850337924017018E-16, 0.4071067811865481945 ) ) ;
#3218 = VERTEX_POINT ( 'NONE', #3360 ) ;
#3219 = CIRCLE ( 'NONE', #3561, 0.5000000000000004441 ) ;
#3220 = COLOUR_RGB ( '',0.8000000000000000444, 0.8000000000000000444, 0.8000000000000000444 ) ;
#3221 = PLANE ( 'NONE',  #933 ) ;
#3222 =( GEOMETRIC_REPRESENTATION_CONTEXT ( 3 ) GLOBAL_UNCERTAINTY_ASSIGNED_CONTEXT ( ( #1788 ) ) GLOBAL_UNIT_ASSIGNED_CONTEXT ( ( #2726, #2010, #3052 ) ) REPRESENTATION_CONTEXT ( 'NONE', 'WORKASPACE' ) );
#3223 = VECTOR ( 'NONE', #2245, 1000.000000000000000 ) ;
#3224 = MECHANICAL_DESIGN_GEOMETRIC_PRESENTATION_REPRESENTATION (  '', ( #3077 ), #1216 ) ;
#3225 = VERTEX_POINT ( 'NONE', #1679 ) ;
#3226 = VERTEX_POINT ( 'NONE', #412 ) ;
#3227 = CIRCLE ( 'NONE', #1643, 8.009999999999999787 ) ;
#3228 = CARTESIAN_POINT ( 'NONE',  ( 8.009999999999999787, 9.413827333223867698E-15, 17.01333333333238684 ) ) ;
#3229 = COLOUR_RGB ( '',0.8000000000000000444, 0.8000000000000000444, 0.8000000000000000444 ) ;
#3230 = CARTESIAN_POINT ( 'NONE',  ( 7.995721616002287924, -0.2673955412531306974, 23.17690776358600857 ) ) ;
#3231 = ORIENTED_EDGE ( 'NONE', *, *, #49, .F. ) ;
#3232 = DIRECTION ( 'NONE',  ( 0.0000000000000000000, 1.000000000000000000, 0.0000000000000000000 ) ) ;
#3233 =( GEOMETRIC_REPRESENTATION_CONTEXT ( 3 ) GLOBAL_UNCERTAINTY_ASSIGNED_CONTEXT ( ( #747 ) ) GLOBAL_UNIT_ASSIGNED_CONTEXT ( ( #1921, #2979, #1338 ) ) REPRESENTATION_CONTEXT ( 'NONE', 'WORKASPACE' ) );
#3234 = MECHANICAL_DESIGN_GEOMETRIC_PRESENTATION_REPRESENTATION (  '', ( #3020 ), #1370 ) ;
#3235 = FACE_OUTER_BOUND ( 'NONE', #690, .T. ) ;
#3236 = CARTESIAN_POINT ( 'NONE',  ( 7.516887105636092414, 2.089237541527886322, 2.195367941709930548 ) ) ;
#3237 =( NAMED_UNIT ( * ) SI_UNIT ( $, .STERADIAN. ) SOLID_ANGLE_UNIT ( ) );
#3238 = ORIENTED_EDGE ( 'NONE', *, *, #518, .T. ) ;
#3239 = ADVANCED_FACE ( 'NONE', ( #4052 ), #3776, .T. ) ;
#3240 = CARTESIAN_POINT ( 'NONE',  ( 0.0000000000000000000, 0.0000000000000000000, 25.01342527836400009 ) ) ;
#3241 = CARTESIAN_POINT ( 'NONE',  ( 7.207205455281576079, 3.105106739994715870, 0.2375560872416833391 ) ) ;
#3242 = EDGE_LOOP ( 'NONE', ( #3646, #2634, #731, #2181 ) ) ;
#3243 = FACE_OUTER_BOUND ( 'NONE', #763, .T. ) ;
#3244 = ORIENTED_EDGE ( 'NONE', *, *, #49, .T. ) ;
#3245 = ORIENTED_EDGE ( 'NONE', *, *, #1503, .F. ) ;
#3246 = CARTESIAN_POINT ( 'NONE',  ( 0.2000000000000000111, 6.799999999999999822, 24.89999999999999858 ) ) ;
#3247 = CARTESIAN_POINT ( 'NONE',  ( 8.010000000000060183, 0.07923995914898819548, 16.31333333333453695 ) ) ;
#3248 = CARTESIAN_POINT ( 'NONE',  ( 7.994373021069256069, -0.2999999999999974909, 23.09923989044443005 ) ) ;
#3249 = ORIENTED_EDGE ( 'NONE', *, *, #1352, .F. ) ;
#3250 = CARTESIAN_POINT ( 'NONE',  ( 7.426984583261343253, 2.999999999999439559, 13.40666666667068085 ) ) ;
#3251 = FILL_AREA_STYLE ('',( #1280 ) ) ;
#3252 = CARTESIAN_POINT ( 'NONE',  ( 8.009999999999999787, 3.000000000000000000, 6.000000000003000267 ) ) ;
#3253 = CARTESIAN_POINT ( 'NONE',  ( -7.500000000000000000, 6.319091062631428273E-15, 25.00000000000000000 ) ) ;
#3254 = CARTESIAN_POINT ( 'NONE',  ( 8.572527593967985664E-16, -6.999999999948158802, 0.2000000000066423922 ) ) ;
#3255 = CARTESIAN_POINT ( 'NONE',  ( 8.000000000000000000, 3.334990257434265538E-15, 10.40666666666587759 ) ) ;
#3256 = EDGE_CURVE ( 'NONE', #2080, #950, #1492, .T. ) ;
#3257 = CARTESIAN_POINT ( 'NONE',  ( -7.792893218813452982, 8.816708253288121508E-16, 0.2000000000000000111 ) ) ;
#3258 = ORIENTED_EDGE ( 'NONE', *, *, #1819, .F. ) ;
#3259 = CARTESIAN_POINT ( 'NONE',  ( 8.009999999999999787, 3.000000000000000000, 6.000000000003000267 ) ) ;
#3260 = ORIENTED_EDGE ( 'NONE', *, *, #2298, .T. ) ;
#3261 = EDGE_CURVE ( 'NONE', #1103, #4156, #2491, .T. ) ;
#3262 = VERTEX_POINT ( 'NONE', #4094 ) ;
#3263 = SURFACE_SIDE_STYLE ('',( #1273 ) ) ;
#3264 = PRESENTATION_STYLE_ASSIGNMENT (( #3545 ) ) ;
#3265 = CARTESIAN_POINT ( 'NONE',  ( 7.995717619699377998, -0.2675069056202902251, 4.843282130869630109 ) ) ;
#3266 = ORIENTED_EDGE ( 'NONE', *, *, #2703, .F. ) ;
#3267 = EDGE_CURVE ( 'NONE', #1136, #595, #1833, .T. ) ;
#3268 = CYLINDRICAL_SURFACE ( 'NONE', #735, 8.009999999999999787 ) ;
#3269 =( LENGTH_UNIT ( ) NAMED_UNIT ( * ) SI_UNIT ( .MILLI., .METRE. ) );
#3270 = CARTESIAN_POINT ( 'NONE',  ( 7.720811614530542322, 9.011940154592395406E-16, 1.209995672082793572 ) ) ;
#3271 = CARTESIAN_POINT ( 'NONE',  ( 8.000000000000000000, -8.016501841560918744E-16, 24.50000000000000000 ) ) ;
#3272 = ORIENTED_EDGE ( 'NONE', *, *, #1037, .F. ) ;
#3273 = DIRECTION ( 'NONE',  ( -0.0000000000000000000, -0.0000000000000000000, -1.000000000000000000 ) ) ;
#3274 = PLANE ( 'NONE',  #1287 ) ;
#3275 = CARTESIAN_POINT ( 'NONE',  ( 7.115219163984968453, -3.000000000000001332, 2.140391455172915514 ) ) ;
#3276 = FACE_OUTER_BOUND ( 'NONE', #863, .T. ) ;
#3277 = DIRECTION ( 'NONE',  ( 0.0000000000000000000, -0.0000000000000000000, -1.000000000000000000 ) ) ;
#3278 = ORIENTED_EDGE ( 'NONE', *, *, #1798, .F. ) ;
#3279 = EDGE_LOOP ( 'NONE', ( #2621, #2205, #1761, #1267 ) ) ;
#3280 = AXIS2_PLACEMENT_3D ( 'NONE', #2160, #2507, #2468 ) ;
#3281 = AXIS2_PLACEMENT_3D ( 'NONE', #299, #1215, #3915 ) ;
#3282 = FACE_OUTER_BOUND ( 'NONE', #782, .T. ) ;
#3283 = VECTOR ( 'NONE', #669, 1000.000000000000000 ) ;
#3284 = AXIS2_PLACEMENT_3D ( 'NONE', #560, #2778, #835 ) ;
#3285 = LINE ( 'NONE', #1274, #3223 ) ;
#3286 = PRESENTATION_LAYER_ASSIGNMENT (  '', '', ( #2733 ) ) ;
#3287 = FACE_OUTER_BOUND ( 'NONE', #1097, .T. ) ;
#3288 = ORIENTED_EDGE ( 'NONE', *, *, #3128, .T. ) ;
#3289 = AXIS2_PLACEMENT_3D ( 'NONE', #2540, #534, #2818 ) ;
#3290 = SURFACE_STYLE_USAGE ( .BOTH. , #1697 ) ;
#3291 = VECTOR ( 'NONE', #922, 1000.000000000000000 ) ;
#3292 = DIRECTION ( 'NONE',  ( -0.0000000000000000000, -0.0000000000000000000, -1.000000000000000000 ) ) ;
#3293 = AXIS2_PLACEMENT_3D ( 'NONE', #2381, #4057, #1047 ) ;
#3294 = EDGE_CURVE ( 'NONE', #1521, #787, #1778, .T. ) ;
#3295 = CARTESIAN_POINT ( 'NONE',  ( 7.999999999999960032, -1.031419978907293533, 4.431419978907508828 ) ) ;
#3296 = CARTESIAN_POINT ( 'NONE',  ( 7.010000000000557563, -2.873334337150176054, 1.466785020752256807 ) ) ;
#3297 = VERTEX_POINT ( 'NONE', #3793 ) ;
#3298 = VECTOR ( 'NONE', #689, 1000.000000000000000 ) ;
#3299 = CARTESIAN_POINT ( 'NONE',  ( -3.750000000000000000, -1.000000000000000000, 0.0000000000000000000 ) ) ;
#3300 = CARTESIAN_POINT ( 'NONE',  ( 8.005722968101657955, 0.2675069208301003032, 18.85661548012992128 ) ) ;
#3301 = VECTOR ( 'NONE', #2839, 1000.000000000000000 ) ;
#3302 = CARTESIAN_POINT ( 'NONE',  ( 7.994373021068999385, 0.2999999999999999889, 23.01999999999999957 ) ) ;
#3303 = ORIENTED_EDGE ( 'NONE', *, *, #2572, .F. ) ;
#3304 = PRESENTATION_STYLE_ASSIGNMENT (( #652 ) ) ;
#3305 = CARTESIAN_POINT ( 'NONE',  ( 7.789067973218448238, 2.164887272413463126, 24.53000000000000469 ) ) ;
#3306 = ORIENTED_EDGE ( 'NONE', *, *, #2376, .T. ) ;
#3307 = ORIENTED_EDGE ( 'NONE', *, *, #1373, .T. ) ;
#3308 = CARTESIAN_POINT ( 'NONE',  ( 7.009999999999999787, -2.935966621067748417, 25.01342527861067566 ) ) ;
#3309 = ORIENTED_EDGE ( 'NONE', *, *, #1325, .T. ) ;
#3310 = EDGE_CURVE ( 'NONE', #5, #3409, #3450, .T. ) ;
#3311 = CARTESIAN_POINT ( 'NONE',  ( -7.500000000000000000, 6.358577920027017356E-15, 24.50000000000000000 ) ) ;
#3312 = CARTESIAN_POINT ( 'NONE',  ( 0.0000000000000000000, -0.2000000000000000111, 25.00000000000000000 ) ) ;
#3313 = PLANE ( 'NONE',  #61 ) ;
#3314 = EDGE_CURVE ( 'NONE', #2289, #2461, #831, .T. ) ;
#3315 = EDGE_CURVE ( 'NONE', #1101, #946, #3482, .T. ) ;
#3316 = CARTESIAN_POINT ( 'NONE',  ( 0.1999999999999996503, -0.1999999999630000247, 25.00000000000000000 ) ) ;
#3317 = CARTESIAN_POINT ( 'NONE',  ( 0.2000000000000000111, 0.1999999999999999278, 25.00000000000000000 ) ) ;
#3318 = CARTESIAN_POINT ( 'NONE',  ( -8.000000000000000000, 1.124786581202162987E-15, 0.7000000000000012879 ) ) ;
#3319 = CYLINDRICAL_SURFACE ( 'NONE', #1648, 8.000000000000000000 ) ;
#3320 =( LENGTH_UNIT ( ) NAMED_UNIT ( * ) SI_UNIT ( .MILLI., .METRE. ) );
#3321 = VERTEX_POINT ( 'NONE', #2836 ) ;
#3322 =( BOUNDED_SURFACE ( )  B_SPLINE_SURFACE ( 3, 3, ( 
 ( #1051, #7, #677, #1994 ),
 ( #72, #3021, #418, #3967 ),
 ( #3680, #734, #3043, #1667 ),
 ( #1333, #1314, #3305, #1009 ) ),
 .UNSPECIFIED., .F., .F., .T. ) 
 B_SPLINE_SURFACE_WITH_KNOTS ( ( 4, 4 ),
 ( 4, 4 ),
 ( 0.0000000000000000000, 1.000000000000000000 ),
 ( 0.0000000000000000000, 1.000000000000000000 ),
 .UNSPECIFIED. ) 
 GEOMETRIC_REPRESENTATION_ITEM ( )  RATIONAL_B_SPLINE_SURFACE ( (
 ( 1.000000000000000000, 0.9862568635146079510, 0.9862568635146079510, 1.000000000000000000),
 ( 0.8417656310518717433, 0.8301971310956136607, 0.8301971310956136607, 0.8417656310518717433),
 ( 0.8417656310518717433, 0.8301971310956136607, 0.8301971310956136607, 0.8417656310518717433),
 ( 1.000000000000000000, 0.9862568635146079510, 0.9862568635146079510, 1.000000000000000000) ) ) 
 REPRESENTATION_ITEM ( '' )  SURFACE ( )  );
#3323 = PLANE ( 'NONE',  #2243 ) ;
#3324 = VERTEX_POINT ( 'NONE', #873 ) ;
#3325 = CARTESIAN_POINT ( 'NONE',  ( 8.009999999999829257, -7.879925769182693565E-16, 2.189999999945125175 ) ) ;
#3326 = FACE_OUTER_BOUND ( 'NONE', #2827, .T. ) ;
#3327 = VERTEX_POINT ( 'NONE', #2191 ) ;
#3328 = DIRECTION ( 'NONE',  ( 0.0000000000000000000, 0.0000000000000000000, 1.000000000000000000 ) ) ;
#3329 = ORIENTED_EDGE ( 'NONE', *, *, #4215, .T. ) ;
#3330 = FILL_AREA_STYLE_COLOUR ( '', #940 ) ;
#3331 = EDGE_CURVE ( 'NONE', #2461, #701, #3508, .T. ) ;
#3332 = CARTESIAN_POINT ( 'NONE',  ( -7.792893218813443212, -15.58578643762689353, 25.00000000000001066 ) ) ;
#3333 = CARTESIAN_POINT ( 'NONE',  ( 7.009999999999999787, -2.924877254934857618, 1.997169042374622450 ) ) ;
#3334 = PLANE ( 'NONE',  #944 ) ;
#3335 = EDGE_CURVE ( 'NONE', #4003, #2888, #229, .T. ) ;
#3336 = EDGE_CURVE ( 'NONE', #2592, #2888, #15, .T. ) ;
#3337 = DIRECTION ( 'NONE',  ( 0.0000000000000000000, -4.440892098500999885E-16, -1.000000000000000000 ) ) ;
#3338 = SURFACE_STYLE_FILL_AREA ( #2030 ) ;
#3339 = CARTESIAN_POINT ( 'NONE',  ( 0.0000000000000000000, 9.769962616598921090E-16, 2.199999999970999376 ) ) ;
#3340 = CARTESIAN_POINT ( 'NONE',  ( 7.416198487095710057, -2.999999999999882760, 1.200000000000001288 ) ) ;
#3341 = CARTESIAN_POINT ( 'NONE',  ( 7.115219163984734863, -3.000000000000003553, 1.259608544827332643 ) ) ;
#3342 = ORIENTED_EDGE ( 'NONE', *, *, #2611, .F. ) ;
#3343 = CARTESIAN_POINT ( 'NONE',  ( 7.416198487095782887, 2.999999999999940492, 2.199999999956102403 ) ) ;
#3344 = EDGE_CURVE ( 'NONE', #2157, #2654, #3588, .T. ) ;
#3345 = ORIENTED_EDGE ( 'NONE', *, *, #2835, .T. ) ;
#3346 =( BOUNDED_CURVE ( )  B_SPLINE_CURVE ( 3, ( #1024, #3654, #1376, #705 ),
 .UNSPECIFIED., .F., .T. ) 
 B_SPLINE_CURVE_WITH_KNOTS ( ( 4, 4 ),
 ( 4.328497172959496098, 4.712388980384727866 ),
 .UNSPECIFIED. ) 
 CURVE ( )  GEOMETRIC_REPRESENTATION_ITEM ( )  RATIONAL_B_SPLINE_CURVE ( ( 1.000000000000000000, 0.9877565832834078741, 0.9877565832834078741, 1.000000000000000000 ) ) 
 REPRESENTATION_ITEM ( '' )  );
#3347 = AXIS2_PLACEMENT_3D ( 'NONE', #874, #4072, #1768 ) ;
#3348 = DIRECTION ( 'NONE',  ( -0.0000000000000000000, 4.440892098500999885E-16, 1.000000000000000000 ) ) ;
#3349 = DIRECTION ( 'NONE',  ( 0.0000000000000000000, -4.440892098500999885E-16, -1.000000000000000000 ) ) ;
#3350 =( GEOMETRIC_REPRESENTATION_CONTEXT ( 3 ) GLOBAL_UNCERTAINTY_ASSIGNED_CONTEXT ( ( #3509 ) ) GLOBAL_UNIT_ASSIGNED_CONTEXT ( ( #1805, #2364, #1721 ) ) REPRESENTATION_CONTEXT ( 'NONE', 'WORKASPACE' ) );
#3351 = ORIENTED_EDGE ( 'NONE', *, *, #968, .F. ) ;
#3352 = ORIENTED_EDGE ( 'NONE', *, *, #930, .T. ) ;
#3353 = VECTOR ( 'NONE', #1760, 1000.000000000000000 ) ;
#3354 = COLOUR_RGB ( '',0.1254901960784313708, 0.1254901960784313708, 0.1254901960784313708 ) ;
#3355 = DIRECTION ( 'NONE',  ( 0.0000000000000000000, 0.7071067811860475283, 0.7071067811870475062 ) ) ;
#3356 = VECTOR ( 'NONE', #2806, 1000.000000000000000 ) ;
#3357 = AXIS2_PLACEMENT_3D ( 'NONE', #2771, #1500, #3790 ) ;
#3358 =( GEOMETRIC_REPRESENTATION_CONTEXT ( 3 ) GLOBAL_UNCERTAINTY_ASSIGNED_CONTEXT ( ( #1523 ) ) GLOBAL_UNIT_ASSIGNED_CONTEXT ( ( #2493, #231, #212 ) ) REPRESENTATION_CONTEXT ( 'NONE', 'WORKASPACE' ) );
#3359 = CARTESIAN_POINT ( 'NONE',  ( 7.010000000000555787, -2.793862177169561534, 1.539728327273802710 ) ) ;
#3360 = CARTESIAN_POINT ( 'NONE',  ( 7.009999999999940279, 2.935966621063875515, 0.2101020514431868325 ) ) ;
#3361 = AXIS2_PLACEMENT_3D ( 'NONE', #3339, #2359, #1708 ) ;
#3362 = PRESENTATION_LAYER_ASSIGNMENT (  '', '', ( #1989 ) ) ;
#3363 = CARTESIAN_POINT ( 'NONE',  ( -0.2000000000000000111, -0.1999999999999997335, 24.89999999999999858 ) ) ;
#3364 = SURFACE_STYLE_USAGE ( .BOTH. , #3012 ) ;
#3365 = DIRECTION ( 'NONE',  ( -1.000000000000000000, 1.368455531567204171E-48, -1.110223024625000001E-16 ) ) ;
#3366 = CARTESIAN_POINT ( 'NONE',  ( 8.009999999999999787, -0.2999999999999989897, 9.006666666666999888 ) ) ;
#3367 = SURFACE_STYLE_FILL_AREA ( #2695 ) ;
#3368 = ADVANCED_FACE ( 'NONE', ( #4175 ), #576, .F. ) ;
#3369 =( NAMED_UNIT ( * ) PLANE_ANGLE_UNIT ( ) SI_UNIT ( $, .RADIAN. ) );
#3370 = VECTOR ( 'NONE', #2954, 1000.000000000000000 ) ;
#3371 = VERTEX_POINT ( 'NONE', #1574 ) ;
#3372 = DIRECTION ( 'NONE',  ( 0.0000000000000000000, 0.0000000000000000000, 1.000000000000000000 ) ) ;
#3373 = CARTESIAN_POINT ( 'NONE',  ( 8.009999999999999787, -6.205973235307027380E-13, 2.999999999999378719 ) ) ;
#3374 = EDGE_LOOP ( 'NONE', ( #1330, #1726, #1213, #2345 ) ) ;
#3375 = FILL_AREA_STYLE ('',( #3330 ) ) ;
#3376 = UNCERTAINTY_MEASURE_WITH_UNIT (LENGTH_MEASURE( 1.000000000000000082E-05 ), #3761, 'distance_accuracy_value', 'NONE');
#3377 = CARTESIAN_POINT ( 'NONE',  ( 7.009999999999999787, 3.000000000000000000, 0.1900000000000000022 ) ) ;
#3378 = CARTESIAN_POINT ( 'NONE',  ( 7.009999999999999787, -2.852923644164673700, 1.958334094542401260 ) ) ;
#3379 = ORIENTED_EDGE ( 'NONE', *, *, #4006, .F. ) ;
#3380 = CARTESIAN_POINT ( 'NONE',  ( -3.750000000000000000, -1.000000000000000000, 0.0000000000000000000 ) ) ;
#3381 = LINE ( 'NONE', #3366, #3700 ) ;
#3382 = CARTESIAN_POINT ( 'NONE',  ( 8.009999999999999787, 2.545867162916999969E-15, 23.01999999999999957 ) ) ;
#3383 = FILL_AREA_STYLE ('',( #3708 ) ) ;
#3384 = EDGE_CURVE ( 'NONE', #1383, #787, #1942, .T. ) ;
#3385 =( LENGTH_UNIT ( ) NAMED_UNIT ( * ) SI_UNIT ( .MILLI., .METRE. ) );
#3386 = ORIENTED_EDGE ( 'NONE', *, *, #1170, .F. ) ;
#3387 = CARTESIAN_POINT ( 'NONE',  ( 8.009992666696000185, 1.132427485117665903E-15, 1.699999999999999956 ) ) ;
#3388 = CARTESIAN_POINT ( 'NONE',  ( 0.2000000000000000111, -6.799999999999999822, 25.00000000000000000 ) ) ;
#3389 = ORIENTED_EDGE ( 'NONE', *, *, #1550, .T. ) ;
#3390 = DIRECTION ( 'NONE',  ( -0.0000000000000000000, -4.440892098500999885E-16, -1.000000000000000000 ) ) ;
#3391 = ADVANCED_FACE ( 'NONE', ( #3201 ), #3869, .T. ) ;
#3392 = CARTESIAN_POINT ( 'NONE',  ( 7.416198487095667424, 3.000000000000000000, 24.61473074183916410 ) ) ;
#3393 = CARTESIAN_POINT ( 'NONE',  ( 7.416198487095660319, -2.999999999999996447, 24.61473074183916410 ) ) ;
#3394 = SURFACE_SIDE_STYLE ('',( #2444 ) ) ;
#3395 = SURFACE_SIDE_STYLE ('',( #150 ) ) ;
#3396 = DIRECTION ( 'NONE',  ( 0.0000000000000000000, -4.440892098500999885E-16, -1.000000000000000000 ) ) ;
#3397 = CARTESIAN_POINT ( 'NONE',  ( 8.004380050947105474, -0.2999999999999997113, 9.006666666666999888 ) ) ;
#3398 = CYLINDRICAL_SURFACE ( 'NONE', #3014, 7.599999999999999645 ) ;
#3399 = DIRECTION ( 'NONE',  ( -1.110223024625000001E-16, 0.0000000000000000000, 1.000000000000000000 ) ) ;
#3400 = ORIENTED_EDGE ( 'NONE', *, *, #1530, .T. ) ;
#3401 = SURFACE_STYLE_FILL_AREA ( #2782 ) ;
#3402 = CARTESIAN_POINT ( 'NONE',  ( 7.568487564922467215, 2.591909716718354240, 1.200000000058791594 ) ) ;
#3403 = ORIENTED_EDGE ( 'NONE', *, *, #658, .F. ) ;
#3404 = CARTESIAN_POINT ( 'NONE',  ( 8.008654079674665027, -0.1569077015086272342, 9.274062275104874686 ) ) ;
#3405 = VERTEX_POINT ( 'NONE', #2604 ) ;
#3406 = CARTESIAN_POINT ( 'NONE',  ( -3.750000000000000000, 1.000000000000000000, 0.0000000000000000000 ) ) ;
#3407 = AXIS2_PLACEMENT_3D ( 'NONE', #4221, #1255, #224 ) ;
#3408 = CARTESIAN_POINT ( 'NONE',  ( 8.009999999999999787, -1.093716962323938224, 0.6799999999999994937 ) ) ;
#3409 = VERTEX_POINT ( 'NONE', #1301 ) ;
#3410 = PRESENTATION_LAYER_ASSIGNMENT (  '', '', ( #4255 ) ) ;
#3411 = VECTOR ( 'NONE', #1738, 1000.000000000000000 ) ;
#3412 = EDGE_CURVE ( 'NONE', #2783, #1240, #4234, .T. ) ;
#3413 = FACE_OUTER_BOUND ( 'NONE', #742, .T. ) ;
#3414 = AXIS2_PLACEMENT_3D ( 'NONE', #1531, #3117, #2512 ) ;
#3415 =( GEOMETRIC_REPRESENTATION_CONTEXT ( 3 ) GLOBAL_UNCERTAINTY_ASSIGNED_CONTEXT ( ( #3889 ) ) GLOBAL_UNIT_ASSIGNED_CONTEXT ( ( #3057, #3369, #1735 ) ) REPRESENTATION_CONTEXT ( 'NONE', 'WORKASPACE' ) );
#3416 = CARTESIAN_POINT ( 'NONE',  ( 7.500000000000000000, 1.659783421814927412E-14, 25.00000000000000000 ) ) ;
#3417 =( NAMED_UNIT ( * ) PLANE_ANGLE_UNIT ( ) SI_UNIT ( $, .RADIAN. ) );
#3418 = CARTESIAN_POINT ( 'NONE',  ( 6.799999999999999822, -0.1999999999630000247, 25.00000000000000000 ) ) ;
#3419 =( GEOMETRIC_REPRESENTATION_CONTEXT ( 3 ) GLOBAL_UNCERTAINTY_ASSIGNED_CONTEXT ( ( #98 ) ) GLOBAL_UNIT_ASSIGNED_CONTEXT ( ( #659, #480, #803 ) ) REPRESENTATION_CONTEXT ( 'NONE', 'WORKASPACE' ) );
#3420 = COLOUR_RGB ( '',1.000000000000000000, 0.6666666666666666297, 0.0000000000000000000 ) ;
#3421 = CARTESIAN_POINT ( 'NONE',  ( -6.523802572120033894, -1.000000000000009770, 0.0000000000000000000 ) ) ;
#3422 = STYLED_ITEM ( 'NONE', ( #1448 ), #2263 ) ;
#3423 = CARTESIAN_POINT ( 'NONE',  ( 8.009999999999999787, 6.577076323691025593E-15, 10.00666666666588256 ) ) ;
#3424 = ORIENTED_EDGE ( 'NONE', *, *, #1180, .F. ) ;
#3425 = EDGE_CURVE ( 'NONE', #478, #949, #1365, .T. ) ;
#3426 = VECTOR ( 'NONE', #3170, 1000.000000000000000 ) ;
#3427 = CARTESIAN_POINT ( 'NONE',  ( 7.426984583261234008, 3.000000000000000000, 24.64567706659993718 ) ) ;
#3428 = EDGE_LOOP ( 'NONE', ( #352, #353, #2078, #1783, #1191, #2327, #3863, #1031 ) ) ;
#3429 = VERTEX_POINT ( 'NONE', #4226 ) ;
#3430 = DIRECTION ( 'NONE',  ( 0.0000000000000000000, 1.000000000000000000, -4.440892098500999885E-16 ) ) ;
#3431 = LINE ( 'NONE', #1124, #1208 ) ;
#3432 = CARTESIAN_POINT ( 'NONE',  ( 7.426984583261341477, -2.999999999999438671, 13.00666666667068405 ) ) ;
#3433 = EDGE_CURVE ( 'NONE', #346, #3786, #4045, .T. ) ;
#3434 = SURFACE_STYLE_FILL_AREA ( #2787 ) ;
#3435 = ORIENTED_EDGE ( 'NONE', *, *, #3823, .T. ) ;
#3436 =( NAMED_UNIT ( * ) SI_UNIT ( $, .STERADIAN. ) SOLID_ANGLE_UNIT ( ) );
#3437 = CARTESIAN_POINT ( 'NONE',  ( 7.121417470576582254, 3.000000000000001332, 24.95769188210065437 ) ) ;
#3438 = PLANE ( 'NONE',  #2942 ) ;
#3439 =( LENGTH_UNIT ( ) NAMED_UNIT ( * ) SI_UNIT ( .MILLI., .METRE. ) );
#3440 = CARTESIAN_POINT ( 'NONE',  ( 8.008654079674665027, 0.1569077015086309257, 4.732604391562126089 ) ) ;
#3441 =( LENGTH_UNIT ( ) NAMED_UNIT ( * ) SI_UNIT ( .MILLI., .METRE. ) );
#3442 =( NAMED_UNIT ( * ) SI_UNIT ( $, .STERADIAN. ) SOLID_ANGLE_UNIT ( ) );
#3443 = DIRECTION ( 'NONE',  ( 1.000000000000000000, 7.253457094218001852E-16, 0.0000000000000000000 ) ) ;
#3444 = EDGE_CURVE ( 'NONE', #857, #1539, #3180, .T. ) ;
#3445 = ORIENTED_EDGE ( 'NONE', *, *, #930, .F. ) ;
#3446 = PRESENTATION_STYLE_ASSIGNMENT (( #890 ) ) ;
#3447 = ORIENTED_EDGE ( 'NONE', *, *, #12, .T. ) ;
#3448 = ORIENTED_EDGE ( 'NONE', *, *, #3575, .T. ) ;
#3449 = CARTESIAN_POINT ( 'NONE',  ( 8.009999999999999787, 1.669517065965135440E-14, 24.53000000000000469 ) ) ;
#3450 = B_SPLINE_CURVE_WITH_KNOTS ( 'NONE', 3,
 ( #810, #2755, #3777, #2128, #1812, #3755, #3074, #1480, #2472, #1153 ),
 .UNSPECIFIED., .F., .F.,
 ( 4, 2, 2, 2, 4 ),
 ( -0.0004686882413487663667, -0.0002343439908533268804, 2.596421126059914042E-10, 0.0002343445101375520381, 0.0004686887606329915787 ),
 .UNSPECIFIED. ) ;
#3451 =( BOUNDED_SURFACE ( )  B_SPLINE_SURFACE ( 3, 3, ( 
 ( #2519, #1591, #945, #2299 ),
 ( #3217, #965, #671, #1949 ),
 ( #4216, #2633, #3607, #3257 ),
 ( #264, #1293, #3900, #2264 ) ),
 .UNSPECIFIED., .F., .F., .F. ) 
 B_SPLINE_SURFACE_WITH_KNOTS ( ( 4, 4 ),
 ( 4, 4 ),
 ( 0.0000000000000000000, 1.000000000000000000 ),
 ( 0.0000000000000000000, 1.000000000000000000 ),
 .UNSPECIFIED. ) 
 GEOMETRIC_REPRESENTATION_ITEM ( )  RATIONAL_B_SPLINE_SURFACE ( (
 ( 1.000000000000000000, 0.3333333333333334259, 0.3333333333333334259, 1.000000000000000000),
 ( 0.8047378541243643824, 0.2682459513747881830, 0.2682459513747881830, 0.8047378541243643824),
 ( 0.8047378541243643824, 0.2682459513747881830, 0.2682459513747881830, 0.8047378541243643824),
 ( 1.000000000000000000, 0.3333333333333334259, 0.3333333333333334259, 1.000000000000000000) ) ) 
 REPRESENTATION_ITEM ( '' )  SURFACE ( )  );
#3452 = UNCERTAINTY_MEASURE_WITH_UNIT (LENGTH_MEASURE( 1.000000000000000082E-05 ), #1747, 'distance_accuracy_value', 'NONE');
#3453 = CARTESIAN_POINT ( 'NONE',  ( 7.416198487095663872, -3.000000000000000000, 0.5851140374108309006 ) ) ;
#3454 = CARTESIAN_POINT ( 'NONE',  ( 7.631188964815974529, -2.121006508110597100, 24.97244391275639686 ) ) ;
#3455 =( NAMED_UNIT ( * ) SI_UNIT ( $, .STERADIAN. ) SOLID_ANGLE_UNIT ( ) );
#3456 = ORIENTED_EDGE ( 'NONE', *, *, #3939, .T. ) ;
#3457 = CARTESIAN_POINT ( 'NONE',  ( 7.792893218813449430, -15.58578643762690596, 0.2000000000000068945 ) ) ;
#3458 = SURFACE_SIDE_STYLE ('',( #4118 ) ) ;
#3459 = LINE ( 'NONE', #833, #3083 ) ;
#3460 = LINE ( 'NONE', #3534, #675 ) ;
#3461 = FILL_AREA_STYLE ('',( #878 ) ) ;
#3462 = CARTESIAN_POINT ( 'NONE',  ( 8.000000000000040856, 1.031419978906771062, 4.031419978908228785 ) ) ;
#3463 = EDGE_CURVE ( 'NONE', #2349, #2783, #956, .T. ) ;
#3464 = DIRECTION ( 'NONE',  ( -1.000000000000000000, 1.232595164408000087E-32, -1.368455531567199005E-48 ) ) ;
#3465 = SURFACE_STYLE_USAGE ( .BOTH. , #3105 ) ;
#3466 = EDGE_LOOP ( 'NONE', ( #1951, #1977, #2427, #1518 ) ) ;
#3467 = EDGE_CURVE ( 'NONE', #4009, #35, #3181, .T. ) ;
#3468 = ORIENTED_EDGE ( 'NONE', *, *, #3198, .F. ) ;
#3469 = ORIENTED_EDGE ( 'NONE', *, *, #3835, .T. ) ;
#3470 = FILL_AREA_STYLE_COLOUR ( '', #1423 ) ;
#3471 = CARTESIAN_POINT ( 'NONE',  ( 7.789067973218443797, -2.164887272413459129, 24.78101086584560164 ) ) ;
#3472 = DIRECTION ( 'NONE',  ( -1.000000000000000000, 0.0000000000000000000, 0.0000000000000000000 ) ) ;
#3473 = ORIENTED_EDGE ( 'NONE', *, *, #2547, .F. ) ;
#3474 =( BOUNDED_CURVE ( )  B_SPLINE_CURVE ( 3, ( #1283, #3208, #938, #2947 ),
 .UNSPECIFIED., .F., .T. ) 
 B_SPLINE_CURVE_WITH_KNOTS ( ( 4, 4 ),
 ( 1.570796326794935860, 1.954688134220129880 ),
 .UNSPECIFIED. ) 
 CURVE ( )  GEOMETRIC_REPRESENTATION_ITEM ( )  RATIONAL_B_SPLINE_CURVE ( ( 1.000000000000000000, 0.9877565832834102055, 0.9877565832834102055, 1.000000000000000000 ) ) 
 REPRESENTATION_ITEM ( '' )  );
#3475 = CIRCLE ( 'NONE', #862, 7.599999999999928590 ) ;
#3476 = LINE ( 'NONE', #1814, #3814 ) ;
#3477 = DIRECTION ( 'NONE',  ( -0.0000000000000000000, 1.110223024625000001E-16, 1.000000000000000000 ) ) ;
#3478 = CARTESIAN_POINT ( 'NONE',  ( 7.416198487095714498, 2.999999999999884537, 24.50000000000000000 ) ) ;
#3479 = AXIS2_PLACEMENT_3D ( 'NONE', #3663, #3059, #3108 ) ;
#3480 = CARTESIAN_POINT ( 'NONE',  ( 8.010000000000040643, 1.031335786739278726, 4.031335786740736005 ) ) ;
#3481 = CARTESIAN_POINT ( 'NONE',  ( 8.005722968101659731, -0.2675069208300935308, 23.17671785320308331 ) ) ;
#3482 = CIRCLE ( 'NONE', #1641, 8.000000000000310862 ) ;
#3483 = COLOUR_RGB ( '',0.8000000000000000444, 0.8000000000000000444, 0.8000000000000000444 ) ;
#3484 = PRESENTATION_LAYER_ASSIGNMENT (  '', '', ( #3077 ) ) ;
#3485 = PLANE ( 'NONE',  #3974 ) ;
#3486 = CARTESIAN_POINT ( 'NONE',  ( 7.009999999999999787, 3.000000000000000000, 0.1900000000000000022 ) ) ;
#3487 = FACE_OUTER_BOUND ( 'NONE', #3667, .T. ) ;
#3488 = DIRECTION ( 'NONE',  ( 0.0000000000000000000, 1.000000000000000000, -4.336808689942017736E-16 ) ) ;
#3489 = VECTOR ( 'NONE', #3981, 1000.000000000000000 ) ;
#3490 = EDGE_CURVE ( 'NONE', #2305, #891, #4113, .T. ) ;
#3491 =( REPRESENTATION_RELATIONSHIP ('NONE','NONE', #3894, #1755 ) REPRESENTATION_RELATIONSHIP_WITH_TRANSFORMATION ( #1551 )SHAPE_REPRESENTATION_RELATIONSHIP( ) );
#3492 = CARTESIAN_POINT ( 'NONE',  ( 8.004380050947103697, 0.3000000000000009881, 9.085906538790894160 ) ) ;
#3493 = COLOUR_RGB ( '',0.0000000000000000000, 0.0000000000000000000, 0.4980392156862745168 ) ;
#3494 = VERTEX_POINT ( 'NONE', #4204 ) ;
#3495 = AXIS2_PLACEMENT_3D ( 'NONE', #4146, #2499, #448 ) ;
#3496 = COLOUR_RGB ( '',0.0000000000000000000, 0.0000000000000000000, 0.4980392156862745168 ) ;
#3497 = ORIENTED_EDGE ( 'NONE', *, *, #3182, .T. ) ;
#3498 = ORIENTED_EDGE ( 'NONE', *, *, #1639, .F. ) ;
#3499 = AXIS2_PLACEMENT_3D ( 'NONE', #2414, #2470, #2488 ) ;
#3500 = ADVANCED_FACE ( 'NONE', ( #2275 ), #2556, .F. ) ;
#3501 =( LENGTH_UNIT ( ) NAMED_UNIT ( * ) SI_UNIT ( .MILLI., .METRE. ) );
#3502 = UNCERTAINTY_MEASURE_WITH_UNIT (LENGTH_MEASURE( 1.000000000000000082E-05 ), #1107, 'distance_accuracy_value', 'NONE');
#3503 = CARTESIAN_POINT ( 'NONE',  ( 8.000000000000000000, 1.822126349211515140E-15, 2.999999999999376499 ) ) ;
#3504 = PRESENTATION_LAYER_ASSIGNMENT (  '', '', ( #3020 ) ) ;
#3505 = CARTESIAN_POINT ( 'NONE',  ( 7.600000000003158007, 1.478431501324968933E-14, 25.01342527861035236 ) ) ;
#3506 = CARTESIAN_POINT ( 'NONE',  ( 6.799999999999999822, -0.1999999999629998859, 24.89999999999999858 ) ) ;
#3507 = ORIENTED_EDGE ( 'NONE', *, *, #3613, .T. ) ;
#3508 = LINE ( 'NONE', #3934, #1704 ) ;
#3509 = UNCERTAINTY_MEASURE_WITH_UNIT (LENGTH_MEASURE( 1.000000000000000082E-05 ), #1805, 'distance_accuracy_value', 'NONE');
#3510 = PLANE ( 'NONE',  #2665 ) ;
#3511 = PLANE ( 'NONE',  #533 ) ;
#3512 = CARTESIAN_POINT ( 'NONE',  ( 8.009999999999999787, -3.000000000000000000, 0.1900000000000000022 ) ) ;
#3513 = PRODUCT_CONTEXT ( 'NONE', #3933, 'mechanical' ) ;
#3514 = CARTESIAN_POINT ( 'NONE',  ( 7.500000000000020428, 15.00000000000002842, 24.99999999999999289 ) ) ;
#3515 = PRESENTATION_STYLE_ASSIGNMENT (( #2107 ) ) ;
#3516 = DIRECTION ( 'NONE',  ( -0.0000000000000000000, 4.440892098500999885E-16, 1.000000000000000000 ) ) ;
#3517 = FACE_OUTER_BOUND ( 'NONE', #2830, .T. ) ;
#3518 = CARTESIAN_POINT ( 'NONE',  ( 8.009999999999999787, -3.000000000000000000, 20.41333333333599853 ) ) ;
#3519 =( LENGTH_UNIT ( ) NAMED_UNIT ( * ) SI_UNIT ( .MILLI., .METRE. ) );
#3520 = CARTESIAN_POINT ( 'NONE',  ( 8.008658066414160004, 0.1567179236786850338, 9.274173521403302090 ) ) ;
#3521 = ORIENTED_EDGE ( 'NONE', *, *, #1930, .T. ) ;
#3522 = EDGE_CURVE ( 'NONE', #949, #258, #931, .T. ) ;
#3523 = ORIENTED_EDGE ( 'NONE', *, *, #3522, .T. ) ;
#3524 = ORIENTED_EDGE ( 'NONE', *, *, #602, .T. ) ;
#3525 = CARTESIAN_POINT ( 'NONE',  ( 7.416198487095683411, -2.999999999999938272, 24.50000000000000000 ) ) ;
#3526 = ADVANCED_FACE ( 'NONE', ( #641, #1962 ), #3268, .T. ) ;
#3527 = CARTESIAN_POINT ( 'NONE',  ( -7.500000000000000000, -1.110223024630012719E-17, 0.1999999999999999833 ) ) ;
#3528 = LINE ( 'NONE', #620, #330 ) ;
#3529 = DIRECTION ( 'NONE',  ( -1.110223024625000001E-16, 0.0000000000000000000, 1.000000000000000000 ) ) ;
#3530 = VERTEX_POINT ( 'NONE', #2040 ) ;
#3531 = CARTESIAN_POINT ( 'NONE',  ( 7.426984583261000417, -3.000000000000000000, 0.1900000000000000022 ) ) ;
#3532 = CARTESIAN_POINT ( 'NONE',  ( 7.090724773396602565, -3.054922940928032293, 2.190004327917155713 ) ) ;
#3533 = ADVANCED_FACE ( 'NONE', ( #2065 ), #1320, .F. ) ;
#3534 = CARTESIAN_POINT ( 'NONE',  ( -0.2000000000000000111, 6.799999999999999822, 25.00000000000000000 ) ) ;
#3535 = CARTESIAN_POINT ( 'NONE',  ( -0.2000000000000000111, 6.799999999999999822, 25.00000000000000000 ) ) ;
#3536 = ORIENTED_EDGE ( 'NONE', *, *, #1769, .F. ) ;
#3537 = CARTESIAN_POINT ( 'NONE',  ( 7.009999999999999787, -2.935966621073093030, 0.1965747215326563158 ) ) ;
#3538 = SURFACE_STYLE_USAGE ( .BOTH. , #1556 ) ;
#3539 =( NAMED_UNIT ( * ) PLANE_ANGLE_UNIT ( ) SI_UNIT ( $, .RADIAN. ) );
#3540 = EDGE_LOOP ( 'NONE', ( #3608, #157, #1165, #3266 ) ) ;
#3541 = SURFACE_SIDE_STYLE ('',( #175 ) ) ;
#3542 = ORIENTED_EDGE ( 'NONE', *, *, #389, .F. ) ;
#3543 = EDGE_LOOP ( 'NONE', ( #2137, #2489, #3564, #1723 ) ) ;
#3544 = CARTESIAN_POINT ( 'NONE',  ( 0.0000000000000000000, 8.000000000000312639, 1.200000000058789151 ) ) ;
#3545 = SURFACE_STYLE_USAGE ( .BOTH. , #2226 ) ;
#3546 = CARTESIAN_POINT ( 'NONE',  ( 0.0000000000000000000, 8.000000000000010658, 24.49999999999999645 ) ) ;
#3547 = ORIENTED_EDGE ( 'NONE', *, *, #3070, .T. ) ;
#3548 = EDGE_CURVE ( 'NONE', #892, #3614, #2454, .T. ) ;
#3549 = DIRECTION ( 'NONE',  ( 0.0000000000000000000, 0.0000000000000000000, 1.000000000000000000 ) ) ;
#3550 = CARTESIAN_POINT ( 'NONE',  ( 8.009999999999999787, 2.999999999999380051, 20.41333333333662026 ) ) ;
#3551 = ORIENTED_EDGE ( 'NONE', *, *, #3707, .F. ) ;
#3552 = COLOUR_RGB ( '',0.8000000000000000444, 0.8000000000000000444, 0.8000000000000000444 ) ;
#3553 = CARTESIAN_POINT ( 'NONE',  ( 0.2000000000000000111, 0.2000000000000000111, 25.00000000000000000 ) ) ;
#3554 = CONICAL_SURFACE ( 'NONE', #3896, 6.999999999948158802, 0.7853981633974482790 ) ;
#3555 = STYLED_ITEM ( 'NONE', ( #3728 ), #254 ) ;
#3556 = CARTESIAN_POINT ( 'NONE',  ( -7.499992332352040769, -11.13805777946259212, 1.407103219811421724 ) ) ;
#3557 = CARTESIAN_POINT ( 'NONE',  ( 8.009999999999998010, 3.513382427087498780E-16, 0.4289891341530039925 ) ) ;
#3558 = FACE_OUTER_BOUND ( 'NONE', #1391, .T. ) ;
#3559 = AXIS2_PLACEMENT_3D ( 'NONE', #2854, #2578, #915 ) ;
#3560 = EDGE_LOOP ( 'NONE', ( #645, #3715, #2350, #3379 ) ) ;
#3561 = AXIS2_PLACEMENT_3D ( 'NONE', #384, #4056, #2087 ) ;
#3562 = CARTESIAN_POINT ( 'NONE',  ( 8.009999999999999787, 1.933268360214000072E-15, 17.41333333333300004 ) ) ;
#3563 = CIRCLE ( 'NONE', #3414, 8.000000000000310862 ) ;
#3564 = ORIENTED_EDGE ( 'NONE', *, *, #452, .F. ) ;
#3565 = ORIENTED_EDGE ( 'NONE', *, *, #3106, .T. ) ;
#3566 = DIRECTION ( 'NONE',  ( -0.0000000000000000000, -4.440892098500999885E-16, -1.000000000000000000 ) ) ;
#3567 = CIRCLE ( 'NONE', #4260, 0.4000000000000001887 ) ;
#3568 = MECHANICAL_DESIGN_GEOMETRIC_PRESENTATION_REPRESENTATION (  '', ( #3422 ), #2459 ) ;
#3569 = DIRECTION ( 'NONE',  ( -0.0000000000000000000, -4.414251702295102433E-16, -1.000000000000000000 ) ) ;
#3570 = AXIS2_PLACEMENT_3D ( 'NONE', #3518, #2280, #3594 ) ;
#3571 = VECTOR ( 'NONE', #4025, 1000.000000000000000 ) ;
#3572 = VERTEX_POINT ( 'NONE', #2721 ) ;
#3573 = CARTESIAN_POINT ( 'NONE',  ( -4.150000000000000355, 4.898587196589413075E-17, 0.4000000000000000222 ) ) ;
#3574 = COLOUR_RGB ( '',0.1254901960784313708, 0.1254901960784313708, 0.1254901960784313708 ) ;
#3575 = EDGE_CURVE ( 'NONE', #1101, #745, #1020, .T. ) ;
#3576 =( LENGTH_UNIT ( ) NAMED_UNIT ( * ) SI_UNIT ( .MILLI., .METRE. ) );
#3577 = DIRECTION ( 'NONE',  ( 0.0000000000000000000, 4.414251702295102433E-16, 1.000000000000000000 ) ) ;
#3578 = EDGE_LOOP ( 'NONE', ( #1456, #664, #2702, #2636 ) ) ;
#3579 = CARTESIAN_POINT ( 'NONE',  ( 7.789067973218444685, 2.164887272413463126, 0.6799999999999994937 ) ) ;
#3580 = FACE_OUTER_BOUND ( 'NONE', #3543, .T. ) ;
#3581 = ORIENTED_EDGE ( 'NONE', *, *, #3490, .F. ) ;
#3582 = EDGE_CURVE ( 'NONE', #478, #3886, #1074, .T. ) ;
#3583 = EDGE_LOOP ( 'NONE', ( #3927, #1559, #640, #3590 ) ) ;
#3584 = ORIENTED_EDGE ( 'NONE', *, *, #1632, .F. ) ;
#3585 = SURFACE_STYLE_FILL_AREA ( #953 ) ;
#3586 = CARTESIAN_POINT ( 'NONE',  ( 0.0000000000000000000, 0.2000000000000000111, 25.00000000000000000 ) ) ;
#3587 = ORIENTED_EDGE ( 'NONE', *, *, #1825, .F. ) ;
#3588 = LINE ( 'NONE', #3573, #2728 ) ;
#3589 = CARTESIAN_POINT ( 'NONE',  ( 8.000000000000000000, 1.999762033151556121E-15, 3.399999999999377298 ) ) ;
#3590 = ORIENTED_EDGE ( 'NONE', *, *, #1557, .T. ) ;
#3591 = CARTESIAN_POINT ( 'NONE',  ( 7.010000000000258247, 2.726919929783495178, 1.849876588788508247 ) ) ;
#3592 = DIRECTION ( 'NONE',  ( 0.0000000000000000000, 0.0000000000000000000, 1.000000000000000000 ) ) ;
#3593 = CARTESIAN_POINT ( 'NONE',  ( -0.2000000000000000111, 1.110223024625000030E-14, 25.00000000000000000 ) ) ;
#3594 = DIRECTION ( 'NONE',  ( 0.0000000000000000000, 0.7071067811860475283, -0.7071067811870475062 ) ) ;
#3595 = ORIENTED_EDGE ( 'NONE', *, *, #1891, .T. ) ;
#3596 = CARTESIAN_POINT ( 'NONE',  ( 0.0000000000000000000, 5.329070518200999688E-16, 1.199999999999999956 ) ) ;
#3597 = ORIENTED_EDGE ( 'NONE', *, *, #1146, .F. ) ;
#3598 = ORIENTED_EDGE ( 'NONE', *, *, #3072, .T. ) ;
#3599 = DIRECTION ( 'NONE',  ( 0.0000000000000000000, -1.000000000000000000, 0.0000000000000000000 ) ) ;
#3600 = ORIENTED_EDGE ( 'NONE', *, *, #1122, .T. ) ;
#3601 = CARTESIAN_POINT ( 'NONE',  ( 0.0000000000000000000, 8.881784197292837994E-17, 0.2000000000066393113 ) ) ;
#3602 = CARTESIAN_POINT ( 'NONE',  ( -8.000000000000000000, 5.778170512131468720E-15, 24.50000000000000000 ) ) ;
#3603 = ORIENTED_EDGE ( 'NONE', *, *, #1387, .F. ) ;
#3604 = LINE ( 'NONE', #1986, #1974 ) ;
#3605 = CARTESIAN_POINT ( 'NONE',  ( 7.416198487095781111, -2.999999999999941824, 2.199999999956104180 ) ) ;
#3606 = DIRECTION ( 'NONE',  ( -1.000000000000000000, 1.110223024625000001E-16, -1.232595164408000087E-32 ) ) ;
#3607 = CARTESIAN_POINT ( 'NONE',  ( -7.792893218813451206, 15.58578643762690596, 0.1999999999999930722 ) ) ;
#3608 = ORIENTED_EDGE ( 'NONE', *, *, #3548, .F. ) ;
#3609 = B_SPLINE_CURVE_WITH_KNOTS ( 'NONE', 3,
 ( #483, #843, #784, #1790 ),
 .UNSPECIFIED., .F., .F.,
 ( 4, 4 ),
 ( 3.272704800487378022E-16, 0.0004491889752795978001 ),
 .UNSPECIFIED. ) ;
#3610 = CIRCLE ( 'NONE', #3407, 1.000000000000000000 ) ;
#3611 = AXIS2_PLACEMENT_3D ( 'NONE', #4081, #171, #1135 ) ;
#3612 =( NAMED_UNIT ( * ) PLANE_ANGLE_UNIT ( ) SI_UNIT ( $, .RADIAN. ) );
#3613 = EDGE_CURVE ( 'NONE', #1315, #291, #3031, .T. ) ;
#3614 = VERTEX_POINT ( 'NONE', #2309 ) ;
#3615 = AXIS2_PLACEMENT_3D ( 'NONE', #1032, #3372, #3089 ) ;
#3616 = MECHANICAL_DESIGN_GEOMETRIC_PRESENTATION_REPRESENTATION (  '', ( #1211 ), #1910 ) ;
#3617 = SURFACE_STYLE_USAGE ( .BOTH. , #654 ) ;
#3618 = PRESENTATION_LAYER_ASSIGNMENT (  '', '', ( #2867 ) ) ;
#3619 = VECTOR ( 'NONE', #3995, 1000.000000000000000 ) ;
#3620 = ORIENTED_EDGE ( 'NONE', *, *, #3744, .F. ) ;
#3621 = CONTEXT_DEPENDENT_SHAPE_REPRESENTATION ( #3491, #4039 ) ;
#3622 = EDGE_CURVE ( 'NONE', #2718, #1337, #78, .T. ) ;
#3623 = CIRCLE ( 'NONE', #4190, 0.4000000000000001887 ) ;
#3624 = ORIENTED_EDGE ( 'NONE', *, *, #294, .F. ) ;
#3625 = CIRCLE ( 'NONE', #4121, 8.000000000000000000 ) ;
#3626 = DIRECTION ( 'NONE',  ( 0.0000000000000000000, 1.000000000000000000, -4.331394446883413448E-16 ) ) ;
#3627 = MECHANICAL_DESIGN_GEOMETRIC_PRESENTATION_REPRESENTATION (  '', ( #1221 ), #740 ) ;
#3628 = CIRCLE ( 'NONE', #3983, 1.000000000000000000 ) ;
#3629 = PLANE ( 'NONE',  #2931 ) ;
#3630 = STYLED_ITEM ( 'NONE', ( #712 ), #2183 ) ;
#3631 = CARTESIAN_POINT ( 'NONE',  ( 7.099254127275198556, 3.058597673718787213, 2.195367941709930548 ) ) ;
#3632 = LINE ( 'NONE', #750, #3298 ) ;
#3633 = FILL_AREA_STYLE ('',( #2340 ) ) ;
#3634 =( GEOMETRIC_REPRESENTATION_CONTEXT ( 3 ) GLOBAL_UNCERTAINTY_ASSIGNED_CONTEXT ( ( #481 ) ) GLOBAL_UNIT_ASSIGNED_CONTEXT ( ( #3439, #4097, #1447 ) ) REPRESENTATION_CONTEXT ( 'NONE', 'WORKASPACE' ) );
#3635 = CONICAL_SURFACE ( 'NONE', #1366, 6.999999999948158802, 0.7853981633974482790 ) ;
#3636 = CARTESIAN_POINT ( 'NONE',  ( 7.010000000000000675, -2.999999999999980016, 0.2158681941951924033 ) ) ;
#3637 = CARTESIAN_POINT ( 'NONE',  ( 7.568487564922336652, -2.591909716718308054, 2.199999999941207651 ) ) ;
#3638 = DIRECTION ( 'NONE',  ( -0.0000000000000000000, -0.0000000000000000000, -1.000000000000000000 ) ) ;
#3639 = DIRECTION ( 'NONE',  ( 1.000000000000000000, 7.253457094218001852E-16, 0.0000000000000000000 ) ) ;
#3640 = ORIENTED_EDGE ( 'NONE', *, *, #3895, .F. ) ;
#3641 = DIRECTION ( 'NONE',  ( 0.0000000000000000000, -4.440892098500999885E-16, -1.000000000000000000 ) ) ;
#3642 = ORIENTED_EDGE ( 'NONE', *, *, #1157, .T. ) ;
#3643 = EDGE_CURVE ( 'NONE', #857, #2268, #4049, .T. ) ;
#3644 = CARTESIAN_POINT ( 'NONE',  ( 6.906314423044339179, -2.975472753840056939, 1.695381883169891690 ) ) ;
#3645 = PLANE ( 'NONE',  #2794 ) ;
#3646 = ORIENTED_EDGE ( 'NONE', *, *, #2934, .T. ) ;
#3647 = SHAPE_DEFINITION_REPRESENTATION ( #4075, #1755 ) ;
#3648 = CARTESIAN_POINT ( 'NONE',  ( 7.994373021069257845, 0.3000000000000021538, 18.93409344288857810 ) ) ;
#3649 = VERTEX_POINT ( 'NONE', #1374 ) ;
#3650 = CARTESIAN_POINT ( 'NONE',  ( 0.0000000000000000000, 1.089350831762000122E-14, 24.53000000000000469 ) ) ;
#3651 = EDGE_CURVE ( 'NONE', #3925, #3712, #3227, .T. ) ;
#3652 = ADVANCED_FACE ( 'NONE', ( #4004, #2982 ), #4044, .F. ) ;
#3653 = SURFACE_STYLE_FILL_AREA ( #2704 ) ;
#3654 = CARTESIAN_POINT ( 'NONE',  ( 7.813252668182498972, -2.043730962761197034, 19.05706429609709218 ) ) ;
#3655 = FILL_AREA_STYLE_COLOUR ( '', #3994 ) ;
#3656 =( NAMED_UNIT ( * ) SI_UNIT ( $, .STERADIAN. ) SOLID_ANGLE_UNIT ( ) );
#3657 = CARTESIAN_POINT ( 'NONE',  ( 7.010000000000024656, 3.000000000000011546, 25.00862535279626186 ) ) ;
#3658 = CARTESIAN_POINT ( 'NONE',  ( 8.009999999999999787, 0.3000000000000025424, 23.01999999999999957 ) ) ;
#3659 = LINE ( 'NONE', #1421, #2670 ) ;
#3660 = ORIENTED_EDGE ( 'NONE', *, *, #2175, .F. ) ;
#3661 = DIRECTION ( 'NONE',  ( 1.000000000000000000, 0.0000000000000000000, 0.0000000000000000000 ) ) ;
#3662 = ORIENTED_EDGE ( 'NONE', *, *, #1094, .T. ) ;
#3663 = CARTESIAN_POINT ( 'NONE',  ( -3.750000000000000000, 0.0000000000000000000, -3.000000000000000000 ) ) ;
#3664 = CARTESIAN_POINT ( 'NONE',  ( 7.009999999999999787, 3.000000000000000000, 6.000000000003000267 ) ) ;
#3665 = ORIENTED_EDGE ( 'NONE', *, *, #3707, .T. ) ;
#3666 = DIRECTION ( 'NONE',  ( 1.000000000000000000, -1.110223024625000001E-16, 1.232595164408000087E-32 ) ) ;
#3667 = EDGE_LOOP ( 'NONE', ( #3812, #3435, #1932, #2555 ) ) ;
#3668 = FILL_AREA_STYLE ('',( #2369 ) ) ;
#3669 = CARTESIAN_POINT ( 'NONE',  ( 7.010000000000001563, -2.681828650183329721, 1.781821118401989201 ) ) ;
#3670 = EDGE_CURVE ( 'NONE', #787, #2601, #2465, .T. ) ;
#3671 = LINE ( 'NONE', #2339, #405 ) ;
#3672 = ORIENTED_EDGE ( 'NONE', *, *, #3643, .F. ) ;
#3673 = SURFACE_STYLE_USAGE ( .BOTH. , #3036 ) ;
#3674 = CARTESIAN_POINT ( 'NONE',  ( -0.2000000000000000111, -6.799999999999999822, 25.00000000000000000 ) ) ;
#3675 = CARTESIAN_POINT ( 'NONE',  ( 8.009999999999999787, 2.999999999998879119, 13.40666666667012130 ) ) ;
#3676 = CARTESIAN_POINT ( 'NONE',  ( 8.004380050947105474, -0.3000000000000023204, 12.00666666666699989 ) ) ;
#3677 =( NAMED_UNIT ( * ) SI_UNIT ( $, .STERADIAN. ) SOLID_ANGLE_UNIT ( ) );
#3678 = EDGE_CURVE ( 'NONE', #3409, #203, #2749, .T. ) ;
#3679 = ORIENTED_EDGE ( 'NONE', *, *, #1875, .F. ) ;
#3680 = CARTESIAN_POINT ( 'NONE',  ( 8.009999999999999787, -7.463552213912942924E-16, 24.78101086584426938 ) ) ;
#3681 = ORIENTED_EDGE ( 'NONE', *, *, #1675, .F. ) ;
#3682 = MECHANICAL_DESIGN_GEOMETRIC_PRESENTATION_REPRESENTATION (  '', ( #176 ), #2311 ) ;
#3683 = FILL_AREA_STYLE_COLOUR ( '', #1567 ) ;
#3684 = FILL_AREA_STYLE_COLOUR ( '', #3483 ) ;
#3685 = AXIS2_PLACEMENT_3D ( 'NONE', #497, #3193, #2868 ) ;
#3686 = VERTEX_POINT ( 'NONE', #842 ) ;
#3687 = CARTESIAN_POINT ( 'NONE',  ( 7.994373021069128171, -0.2999999999999991562, 19.01333333333300146 ) ) ;
#3688 = EDGE_LOOP ( 'NONE', ( #3785, #4195, #1846, #425 ) ) ;
#3689 = DIRECTION ( 'NONE',  ( 0.0000000000000000000, -4.440892098500999885E-16, -1.000000000000000000 ) ) ;
#3690 = VECTOR ( 'NONE', #278, 1000.000000000000000 ) ;
#3691 = MECHANICAL_DESIGN_GEOMETRIC_PRESENTATION_REPRESENTATION (  '', ( #4255 ), #3903 ) ;
#3692 = AXIS2_PLACEMENT_3D ( 'NONE', #3596, #3641, #1933 ) ;
#3693 = CARTESIAN_POINT ( 'NONE',  ( 7.010000000000000675, -2.666283395640627774, 1.659534242882315880 ) ) ;
#3694 = MECHANICAL_DESIGN_GEOMETRIC_PRESENTATION_REPRESENTATION (  '', ( #2733 ), #4256 ) ;
#3695 = VECTOR ( 'NONE', #1041, 1000.000000000000000 ) ;
#3696 = PRESENTATION_LAYER_ASSIGNMENT (  '', '', ( #1008 ) ) ;
#3697 = LINE ( 'NONE', #2669, #684 ) ;
#3698 = CIRCLE ( 'NONE', #2736, 8.000000000000000000 ) ;
#3699 = EDGE_CURVE ( 'NONE', #154, #476, #3717, .T. ) ;
#3700 = VECTOR ( 'NONE', #3960, 1000.000000000000000 ) ;
#3701 = CARTESIAN_POINT ( 'NONE',  ( 7.009999999999998899, -2.957331123930030614, 0.2117867596532498620 ) ) ;
#3702 = DIRECTION ( 'NONE',  ( 0.0000000000000000000, -1.110223024625000001E-16, -1.000000000000000000 ) ) ;
#3703 = LINE ( 'NONE', #432, #3909 ) ;
#3704 = DIRECTION ( 'NONE',  ( -1.110223024625000001E-16, -0.0000000000000000000, 1.000000000000000000 ) ) ;
#3705 = MECHANICAL_DESIGN_GEOMETRIC_PRESENTATION_REPRESENTATION (  '', ( #1506 ), #541 ) ;
#3706 = FACE_OUTER_BOUND ( 'NONE', #1232, .T. ) ;
#3707 = EDGE_CURVE ( 'NONE', #2999, #3262, #1073, .T. ) ;
#3708 = FILL_AREA_STYLE_COLOUR ( '', #2668 ) ;
#3709 =( GEOMETRIC_REPRESENTATION_CONTEXT ( 3 ) GLOBAL_UNCERTAINTY_ASSIGNED_CONTEXT ( ( #2807 ) ) GLOBAL_UNIT_ASSIGNED_CONTEXT ( ( #3320, #1093, #1754 ) ) REPRESENTATION_CONTEXT ( 'NONE', 'WORKASPACE' ) );
#3710 = EDGE_CURVE ( 'NONE', #737, #1355, #1710, .T. ) ;
#3711 = ORIENTED_EDGE ( 'NONE', *, *, #4194, .F. ) ;
#3712 = VERTEX_POINT ( 'NONE', #3449 ) ;
#3713 = CARTESIAN_POINT ( 'NONE',  ( -6.523802572120000143, 1.000000000000000000, 0.0000000000000000000 ) ) ;
#3714 = DIRECTION ( 'NONE',  ( 0.0000000000000000000, -0.0000000000000000000, -1.000000000000000000 ) ) ;
#3715 = ORIENTED_EDGE ( 'NONE', *, *, #715, .F. ) ;
#3716 = ORIENTED_EDGE ( 'NONE', *, *, #3463, .T. ) ;
#3717 = LINE ( 'NONE', #1459, #4119 ) ;
#3718 = UNCERTAINTY_MEASURE_WITH_UNIT (LENGTH_MEASURE( 1.000000000000000082E-05 ), #2420, 'distance_accuracy_value', 'NONE');
#3719 = SURFACE_STYLE_USAGE ( .BOTH. , #13 ) ;
#3720 = DIRECTION ( 'NONE',  ( -0.0000000000000000000, 4.440892098500999885E-16, 1.000000000000000000 ) ) ;
#3721 = CARTESIAN_POINT ( 'NONE',  ( 7.115285966897131331, 2.999999999999999556, 1.259538895231626654 ) ) ;
#3722 = CARTESIAN_POINT ( 'NONE',  ( 7.994373021068999385, -0.2999999999999999889, 16.01333333333300146 ) ) ;
#3723 = DIRECTION ( 'NONE',  ( -0.0000000000000000000, 4.440892098500999885E-16, 1.000000000000000000 ) ) ;
#3724 = DIRECTION ( 'NONE',  ( 0.0000000000000000000, 1.000000000000000000, -4.336808689942017736E-16 ) ) ;
#3725 = CARTESIAN_POINT ( 'NONE',  ( 0.0000000000000000000, 5.329070518200999688E-16, 1.199999999999999956 ) ) ;
#3726 = EDGE_CURVE ( 'NONE', #3097, #3321, #500, .T. ) ;
#3727 = VERTEX_POINT ( 'NONE', #766 ) ;
#3728 = PRESENTATION_STYLE_ASSIGNMENT (( #2717 ) ) ;
#3729 = DIRECTION ( 'NONE',  ( 1.110223024625000001E-16, 0.0000000000000000000, -1.000000000000000000 ) ) ;
#3730 = ORIENTED_EDGE ( 'NONE', *, *, #3895, .T. ) ;
#3731 = SURFACE_SIDE_STYLE ('',( #241 ) ) ;
#3732 = ORIENTED_EDGE ( 'NONE', *, *, #2652, .T. ) ;
#3733 = ADVANCED_FACE ( 'NONE', ( #2395 ), #141, .T. ) ;
#3734 = CARTESIAN_POINT ( 'NONE',  ( 8.000000000000000000, 1.472351643806863552E-14, 24.50000000000000000 ) ) ;
#3735 = CARTESIAN_POINT ( 'NONE',  ( 8.009999999999999787, 6.577076323691025593E-15, 10.00666666666588256 ) ) ;
#3736 = ORIENTED_EDGE ( 'NONE', *, *, #2332, .F. ) ;
#3737 = CARTESIAN_POINT ( 'NONE',  ( -6.523802572120034782, -1.000000000000004885, 0.4000000000000000222 ) ) ;
#3738 = CARTESIAN_POINT ( 'NONE',  ( 7.223512941932556330, -3.000000000000000444, 24.89839403152504005 ) ) ;
#3739 = PRESENTATION_STYLE_ASSIGNMENT (( #2819 ) ) ;
#3740 = CARTESIAN_POINT ( 'NONE',  ( 0.0000000000000000000, 1.089350831762000122E-14, 24.53000000000000469 ) ) ;
#3741 = FILL_AREA_STYLE_COLOUR ( '', #1154 ) ;
#3742 = CARTESIAN_POINT ( 'NONE',  ( 7.426984583261212691, -3.000000000000042633, 0.6800000000000002709 ) ) ;
#3743 = ORIENTED_EDGE ( 'NONE', *, *, #1769, .T. ) ;
#3744 = EDGE_CURVE ( 'NONE', #1187, #3195, #2577, .T. ) ;
#3745 = CARTESIAN_POINT ( 'NONE',  ( 7.381435199425856908, 2.999999999999998668, 24.75789286843648185 ) ) ;
#3746 = EDGE_LOOP ( 'NONE', ( #2781, #3114, #3046, #3231 ) ) ;
#3747 = VERTEX_POINT ( 'NONE', #1565 ) ;
#3748 =( BOUNDED_CURVE ( )  B_SPLINE_CURVE ( 3, ( #3432, #2161, #1210, #3735 ),
 .UNSPECIFIED., .F., .T. ) 
 B_SPLINE_CURVE_WITH_KNOTS ( ( 4, 4 ),
 ( 4.328497172959529848, 4.712388980384758952 ),
 .UNSPECIFIED. ) 
 CURVE ( )  GEOMETRIC_REPRESENTATION_ITEM ( )  RATIONAL_B_SPLINE_CURVE ( ( 1.000000000000000000, 0.9877565832834079851, 0.9877565832834079851, 1.000000000000000000 ) ) 
 REPRESENTATION_ITEM ( '' )  );
#3749 = UNCERTAINTY_MEASURE_WITH_UNIT (LENGTH_MEASURE( 1.000000000000000082E-05 ), #3873, 'distance_accuracy_value', 'NONE');
#3750 = PRESENTATION_LAYER_ASSIGNMENT (  '', '', ( #252 ) ) ;
#3751 = SURFACE_STYLE_USAGE ( .BOTH. , #1849 ) ;
#3752 = CARTESIAN_POINT ( 'NONE',  ( 7.207205455281573414, -3.105106739994717202, 0.2375560872416858649 ) ) ;
#3753 = PLANE ( 'NONE',  #3499 ) ;
#3754 = ORIENTED_EDGE ( 'NONE', *, *, #3861, .T. ) ;
#3755 = CARTESIAN_POINT ( 'NONE',  ( 8.000000000000000000, -0.07923997768333526648, 16.31333333333300928 ) ) ;
#3756 =( NAMED_UNIT ( * ) SI_UNIT ( $, .STERADIAN. ) SOLID_ANGLE_UNIT ( ) );
#3757 = VECTOR ( 'NONE', #2164, 1000.000000000000000 ) ;
#3758 = DIRECTION ( 'NONE',  ( 0.0000000000000000000, 1.110223024625000001E-16, 1.000000000000000000 ) ) ;
#3759 = VECTOR ( 'NONE', #2124, 1000.000000000000000 ) ;
#3760 = AXIS2_PLACEMENT_3D ( 'NONE', #370, #2266, #2897 ) ;
#3761 =( LENGTH_UNIT ( ) NAMED_UNIT ( * ) SI_UNIT ( .MILLI., .METRE. ) );
#3762 = CARTESIAN_POINT ( 'NONE',  ( 0.0000000000000000000, 0.0000000000000000000, 0.0000000000000000000 ) ) ;
#3763 = DIRECTION ( 'NONE',  ( -0.0000000000000000000, -1.000000000000000000, 4.440892098500999885E-16 ) ) ;
#3764 = LINE ( 'NONE', #850, #2809 ) ;
#3765 = B_SPLINE_CURVE_WITH_KNOTS ( 'NONE', 3,
 ( #1239, #639, #3265, #2554, #403, #1695, #1056, #2620, #2980, #2701 ),
 .UNSPECIFIED., .F., .F.,
 ( 4, 2, 2, 2, 4 ),
 ( 8.824766327896537836E-19, 0.0002343445090011648298, 0.0004686890180023287381, 0.0007030335270034927548, 0.0009373780360046568257 ),
 .UNSPECIFIED. ) ;
#3766 = FILL_AREA_STYLE ('',( #2450 ) ) ;
#3767 = ORIENTED_EDGE ( 'NONE', *, *, #3099, .F. ) ;
#3768 = SURFACE_SIDE_STYLE ('',( #1594 ) ) ;
#3769 = EDGE_LOOP ( 'NONE', ( #2329, #1545, #3642, #672, #4272, #888, #1234, #3920 ) ) ;
#3770 = ORIENTED_EDGE ( 'NONE', *, *, #1325, .F. ) ;
#3771 = DIRECTION ( 'NONE',  ( 0.0000000000000000000, -4.440892098500999885E-16, -1.000000000000000000 ) ) ;
#3772 =( NAMED_UNIT ( * ) PLANE_ANGLE_UNIT ( ) SI_UNIT ( $, .RADIAN. ) );
#3773 = CARTESIAN_POINT ( 'NONE',  ( 7.113061255560027440, -2.999999999999996447, 1.276555738690945629 ) ) ;
#3774 = EDGE_CURVE ( 'NONE', #291, #258, #4131, .T. ) ;
#3775 = EDGE_CURVE ( 'NONE', #2562, #3854, #2872, .T. ) ;
#3776 =( BOUNDED_SURFACE ( )  B_SPLINE_SURFACE ( 3, 3, ( 
 ( #1443, #788, #4157, #2789 ),
 ( #1505, #845, #1794, #3098 ),
 ( #146, #4140, #3457, #3162 ),
 ( #503, #4116, #164, #1174 ) ),
 .UNSPECIFIED., .F., .F., .F. ) 
 B_SPLINE_SURFACE_WITH_KNOTS ( ( 4, 4 ),
 ( 4, 4 ),
 ( 0.0000000000000000000, 1.000000000000000000 ),
 ( 0.0000000000000000000, 1.000000000000000000 ),
 .UNSPECIFIED. ) 
 GEOMETRIC_REPRESENTATION_ITEM ( )  RATIONAL_B_SPLINE_SURFACE ( (
 ( 1.000000000000000000, 0.3333333333333334259, 0.3333333333333334259, 1.000000000000000000),
 ( 0.8047378541243643824, 0.2682459513747881830, 0.2682459513747881830, 0.8047378541243643824),
 ( 0.8047378541243643824, 0.2682459513747881830, 0.2682459513747881830, 0.8047378541243643824),
 ( 1.000000000000000000, 0.3333333333333334259, 0.3333333333333334259, 1.000000000000000000) ) ) 
 REPRESENTATION_ITEM ( '' )  SURFACE ( )  );
#3777 = CARTESIAN_POINT ( 'NONE',  ( 7.995717619699379775, 0.2675069056202933893, 16.17005120246336958 ) ) ;
#3778 = CARTESIAN_POINT ( 'NONE',  ( 7.009999999999999787, 2.978678845241850226, 0.2137028803042399505 ) ) ;
#3779 = CARTESIAN_POINT ( 'NONE',  ( -7.499999999999992895, -14.99999999999999112, 25.00000000000001066 ) ) ;
#3780 = FILL_AREA_STYLE_COLOUR ( '', #64 ) ;
#3781 = FILL_AREA_STYLE ('',( #1859 ) ) ;
#3782 = ADVANCED_FACE ( 'NONE', ( #1236 ), #1906, .T. ) ;
#3783 = DIRECTION ( 'NONE',  ( 0.0000000000000000000, 0.0000000000000000000, 1.000000000000000000 ) ) ;
#3784 = FILL_AREA_STYLE ('',( #2111 ) ) ;
#3785 = ORIENTED_EDGE ( 'NONE', *, *, #235, .T. ) ;
#3786 = VERTEX_POINT ( 'NONE', #2241 ) ;
#3787 = EDGE_LOOP ( 'NONE', ( #2228, #4065, #1072, #2619, #3469, #1758 ) ) ;
#3788 = UNCERTAINTY_MEASURE_WITH_UNIT (LENGTH_MEASURE( 1.000000000000000082E-05 ), #3501, 'distance_accuracy_value', 'NONE');
#3789 = CARTESIAN_POINT ( 'NONE',  ( 7.223312841981847754, -2.999999999999991118, 0.3015482590666944684 ) ) ;
#3790 = DIRECTION ( 'NONE',  ( 1.000000000000000000, 0.0000000000000000000, 0.0000000000000000000 ) ) ;
#3791 = CYLINDRICAL_SURFACE ( 'NONE', #4128, 1.000000000000000000 ) ;
#3792 = VERTEX_POINT ( 'NONE', #4171 ) ;
#3793 = CARTESIAN_POINT ( 'NONE',  ( 7.009999999999999787, -2.935966621073093030, 0.1965747215326563158 ) ) ;
#3794 = B_SPLINE_CURVE_WITH_KNOTS ( 'NONE', 3,
 ( #239, #3190, #585, #3537 ),
 .UNSPECIFIED., .F., .F.,
 ( 4, 4 ),
 ( 3.043500531374953567E-18, 6.421302751971776340E-05 ),
 .UNSPECIFIED. ) ;
#3795 = EDGE_CURVE ( 'NONE', #801, #3146, #1206, .T. ) ;
#3796 = DIRECTION ( 'NONE',  ( -0.0000000000000000000, -0.0000000000000000000, 1.000000000000000000 ) ) ;
#3797 = PLANE ( 'NONE',  #2737 ) ;
#3798 = CARTESIAN_POINT ( 'NONE',  ( 8.008658066414160004, 0.1567179236786863383, 23.28750685473630710 ) ) ;
#3799 =( NAMED_UNIT ( * ) PLANE_ANGLE_UNIT ( ) SI_UNIT ( $, .RADIAN. ) );
#3800 = CARTESIAN_POINT ( 'NONE',  ( -8.000000000000314415, 11.88060711093561217, 1.200000000058787375 ) ) ;
#3801 = CARTESIAN_POINT ( 'NONE',  ( 7.426984583261117656, 3.000000000000000444, 24.53000000000000469 ) ) ;
#3802 = EDGE_CURVE ( 'NONE', #3218, #1269, #1983, .T. ) ;
#3803 = PLANE ( 'NONE',  #1440 ) ;
#3804 = VERTEX_POINT ( 'NONE', #3525 ) ;
#3805 = ORIENTED_EDGE ( 'NONE', *, *, #3670, .T. ) ;
#3806 = ORIENTED_EDGE ( 'NONE', *, *, #1414, .F. ) ;
#3807 = FILL_AREA_STYLE_COLOUR ( '', #329 ) ;
#3808 = B_SPLINE_CURVE_WITH_KNOTS ( 'NONE', 3,
 ( #192, #2838, #3166, #3440, #1511, #1466, #1195, #2760, #506, #1483 ),
 .UNSPECIFIED., .F., .F.,
 ( 4, 2, 2, 2, 4 ),
 ( -0.0004686881403300525734, -0.0002343439406643555475, 2.590013414784271550E-10, 0.0002343444586670385315, 0.0004686886583327357471 ),
 .UNSPECIFIED. ) ;
#3809 = SURFACE_STYLE_FILL_AREA ( #522 ) ;
#3810 = CARTESIAN_POINT ( 'NONE',  ( 7.356312816649492881, -3.169347210956601657, 0.4289891341530044921 ) ) ;
#3811 = CARTESIAN_POINT ( 'NONE',  ( 7.994373021069128171, 0.3000000000000018763, 23.01999999999999957 ) ) ;
#3812 = ORIENTED_EDGE ( 'NONE', *, *, #1146, .T. ) ;
#3813 = DIRECTION ( 'NONE',  ( 1.000000000000000000, -1.232595164408000087E-32, 1.368455531567199005E-48 ) ) ;
#3814 = VECTOR ( 'NONE', #1175, 1000.000000000000000 ) ;
#3815 = CARTESIAN_POINT ( 'NONE',  ( 7.802980979185919708, 2.043848089108242227, 5.443848089111132715 ) ) ;
#3816 = CARTESIAN_POINT ( 'NONE',  ( 8.009999999999999787, 1.104742140110999918E-15, 10.00666666666699989 ) ) ;
#3817 = CARTESIAN_POINT ( 'NONE',  ( 0.0000000000000000000, 9.330405401330342158E-17, 0.2101020514433749320 ) ) ;
#3818 = SHAPE_DEFINITION_REPRESENTATION ( #2076, #3894 ) ;
#3819 = PRESENTATION_LAYER_ASSIGNMENT (  '', '', ( #796 ) ) ;
#3820 = MECHANICAL_DESIGN_GEOMETRIC_PRESENTATION_REPRESENTATION (  '', ( #3555 ), #3350 ) ;
#3821 = LINE ( 'NONE', #1837, #2188 ) ;
#3822 = DIRECTION ( 'NONE',  ( -0.0000000000000000000, 1.000000000000000000, 0.0000000000000000000 ) ) ;
#3823 = EDGE_CURVE ( 'NONE', #1259, #57, #618, .T. ) ;
#3824 = AXIS2_PLACEMENT_3D ( 'NONE', #1014, #2365, #2961 ) ;
#3825 = PRESENTATION_LAYER_ASSIGNMENT (  '', '', ( #1004 ) ) ;
#3826 = PLANE ( 'NONE',  #3284 ) ;
#3827 = CARTESIAN_POINT ( 'NONE',  ( -3.750000000000000000, 1.000000000000000000, 0.0000000000000000000 ) ) ;
#3828 = CARTESIAN_POINT ( 'NONE',  ( 7.599999999999980105, 2.398933241678991949E-16, 0.1965747213891240464 ) ) ;
#3829 = VECTOR ( 'NONE', #4238, 1000.000000000000000 ) ;
#3830 = PRESENTATION_LAYER_ASSIGNMENT (  '', '', ( #1984 ) ) ;
#3831 = LINE ( 'NONE', #440, #4265 ) ;
#3832 = CIRCLE ( 'NONE', #1782, 0.5000000000000004441 ) ;
#3833 = EDGE_CURVE ( 'NONE', #970, #2962, #2224, .T. ) ;
#3834 = ORIENTED_EDGE ( 'NONE', *, *, #2972, .F. ) ;
#3835 = EDGE_CURVE ( 'NONE', #4003, #4258, #571, .T. ) ;
#3836 = PLANE ( 'NONE',  #607 ) ;
#3837 = STYLED_ITEM ( 'NONE', ( #316 ), #2284 ) ;
#3838 = ORIENTED_EDGE ( 'NONE', *, *, #3835, .F. ) ;
#3839 = PRESENTATION_LAYER_ASSIGNMENT (  '', '', ( #2882 ) ) ;
#3840 = ORIENTED_EDGE ( 'NONE', *, *, #986, .T. ) ;
#3841 = VECTOR ( 'NONE', #1831, 1000.000000000000000 ) ;
#3842 = DIRECTION ( 'NONE',  ( 0.0000000000000000000, 1.000000000000000000, -4.440892098500999885E-16 ) ) ;
#3843 = EDGE_CURVE ( 'NONE', #635, #2654, #3623, .T. ) ;
#3844 = CARTESIAN_POINT ( 'NONE',  ( 7.994373021068999385, 0.2999999999999999889, 16.01333333333300146 ) ) ;
#3845 = AXIS2_PLACEMENT_3D ( 'NONE', #3382, #41, #1048 ) ;
#3846 = CARTESIAN_POINT ( 'NONE',  ( 7.813252668182375515, -2.043730962761614478, 5.443730962763262404 ) ) ;
#3847 = ORIENTED_EDGE ( 'NONE', *, *, #758, .F. ) ;
#3848 = DIRECTION ( 'NONE',  ( 1.110223024625000001E-16, 0.0000000000000000000, -1.000000000000000000 ) ) ;
#3849 = UNCERTAINTY_MEASURE_WITH_UNIT (LENGTH_MEASURE( 1.000000000000000082E-05 ), #3084, 'distance_accuracy_value', 'NONE');
#3850 = FACE_OUTER_BOUND ( 'NONE', #1143, .T. ) ;
#3851 = SURFACE_SIDE_STYLE ('',( #2906 ) ) ;
#3852 = DIRECTION ( 'NONE',  ( 0.0000000000000000000, -4.440892098500999885E-16, -1.000000000000000000 ) ) ;
#3853 = CARTESIAN_POINT ( 'NONE',  ( -7.792893218813452094, 6.132297858428193329E-15, 25.00000000000000000 ) ) ;
#3854 = VERTEX_POINT ( 'NONE', #1776 ) ;
#3855 = CARTESIAN_POINT ( 'NONE',  ( 8.000000000000000000, 2.131159615638706925E-15, 10.00666666666587901 ) ) ;
#3856 = CARTESIAN_POINT ( 'NONE',  ( 7.009999999999998010, 2.978674893797886636, 25.01046538640035877 ) ) ;
#3857 = SURFACE_STYLE_FILL_AREA ( #2744 ) ;
#3858 =( NAMED_UNIT ( * ) SI_UNIT ( $, .STERADIAN. ) SOLID_ANGLE_UNIT ( ) );
#3859 = ORIENTED_EDGE ( 'NONE', *, *, #228, .F. ) ;
#3860 = CARTESIAN_POINT ( 'NONE',  ( 4.150000000000000355, 0.0000000000000000000, -3.000000000000000000 ) ) ;
#3861 = EDGE_CURVE ( 'NONE', #3686, #220, #1160, .T. ) ;
#3862 = ORIENTED_EDGE ( 'NONE', *, *, #2832, .T. ) ;
#3863 = ORIENTED_EDGE ( 'NONE', *, *, #572, .F. ) ;
#3864 = CARTESIAN_POINT ( 'NONE',  ( 0.0000000000000000000, 0.0000000000000000000, 0.0000000000000000000 ) ) ;
#3865 =( LENGTH_UNIT ( ) NAMED_UNIT ( * ) SI_UNIT ( .MILLI., .METRE. ) );
#3866 = EDGE_CURVE ( 'NONE', #892, #4196, #540, .T. ) ;
#3867 = CARTESIAN_POINT ( 'NONE',  ( 8.010000000000003340, 0.07923995914892767445, 11.70666666666700628 ) ) ;
#3868 = VERTEX_POINT ( 'NONE', #777 ) ;
#3869 = PLANE ( 'NONE',  #3559 ) ;
#3870 = CARTESIAN_POINT ( 'NONE',  ( 7.730098892854619486, -1.257384782385773196E-15, 1.204632058290070029 ) ) ;
#3871 = LINE ( 'NONE', #3550, #3211 ) ;
#3872 = CARTESIAN_POINT ( 'NONE',  ( 8.000000000000072831, 1.031419978906515933, 11.43808664557497323 ) ) ;
#3873 =( LENGTH_UNIT ( ) NAMED_UNIT ( * ) SI_UNIT ( .MILLI., .METRE. ) );
#3874 = ORIENTED_EDGE ( 'NONE', *, *, #758, .T. ) ;
#3875 = CARTESIAN_POINT ( 'NONE',  ( 7.994373021068999385, -0.2999999999999999889, 23.01999999999999957 ) ) ;
#3876 = CARTESIAN_POINT ( 'NONE',  ( -7.707103219846104913, 11.44563316480184767, 2.200004491600127121 ) ) ;
#3877 = CARTESIAN_POINT ( 'NONE',  ( 7.802980979185765165, -2.043848089108738275, 12.45051475577638733 ) ) ;
#3878 = ORIENTED_EDGE ( 'NONE', *, *, #1414, .T. ) ;
#3879 = DIRECTION ( 'NONE',  ( 0.0000000000000000000, -1.110223024625000001E-16, -1.000000000000000000 ) ) ;
#3880 = ORIENTED_EDGE ( 'NONE', *, *, #147, .F. ) ;
#3881 = ORIENTED_EDGE ( 'NONE', *, *, #2690, .T. ) ;
#3882 = CARTESIAN_POINT ( 'NONE',  ( 7.268714259674387002, 2.999999999999999556, 1.209997803798193550 ) ) ;
#3883 = EDGE_CURVE ( 'NONE', #1737, #5, #2091, .T. ) ;
#3884 = LINE ( 'NONE', #1958, #2373 ) ;
#3885 = CARTESIAN_POINT ( 'NONE',  ( -3.349999999999999645, 0.0000000000000000000, -3.000000000000000000 ) ) ;
#3886 = VERTEX_POINT ( 'NONE', #836 ) ;
#3887 = CARTESIAN_POINT ( 'NONE',  ( 7.009999999999999787, -3.000000000000000000, 0.1900000000000000022 ) ) ;
#3888 = EDGE_CURVE ( 'NONE', #4196, #277, #2385, .T. ) ;
#3889 = UNCERTAINTY_MEASURE_WITH_UNIT (LENGTH_MEASURE( 1.000000000000000082E-05 ), #3057, 'distance_accuracy_value', 'NONE');
#3890 = DIRECTION ( 'NONE',  ( -1.000000000000000000, 0.0000000000000000000, 0.0000000000000000000 ) ) ;
#3891 = CARTESIAN_POINT ( 'NONE',  ( 7.802980979185798027, -2.043848089108661004, 5.443848089110306709 ) ) ;
#3892 = ORIENTED_EDGE ( 'NONE', *, *, #1491, .F. ) ;
#3893 = CARTESIAN_POINT ( 'NONE',  ( -0.1999999999999999278, 0.2000000000000000111, 25.00000000000000000 ) ) ;
#3894 = SHAPE_REPRESENTATION ( 'User Library-CAPAER_D160_L250_P075_W008X030', ( #1369, #2121 ), #3233 ) ;
#3895 = EDGE_CURVE ( 'NONE', #307, #980, #236, .T. ) ;
#3896 = AXIS2_PLACEMENT_3D ( 'NONE', #482, #3569, #895 ) ;
#3897 = COLOUR_RGB ( '',0.1254901960784313708, 0.1254901960784313708, 0.1254901960784313708 ) ;
#3898 = CARTESIAN_POINT ( 'NONE',  ( 3.486844815057454472, -12.96719435034786372, 1.407103219811422612 ) ) ;
#3899 = CARTESIAN_POINT ( 'NONE',  ( 8.009999999999999787, 4.628094597865319900E-16, 0.6800000000000004929 ) ) ;
#3900 = CARTESIAN_POINT ( 'NONE',  ( -7.499999999999998224, 14.99999999999999645, 0.1999999999999933220 ) ) ;
#3901 = VECTOR ( 'NONE', #3813, 1000.000000000000000 ) ;
#3902 = ORIENTED_EDGE ( 'NONE', *, *, #1595, .F. ) ;
#3903 =( GEOMETRIC_REPRESENTATION_CONTEXT ( 3 ) GLOBAL_UNCERTAINTY_ASSIGNED_CONTEXT ( ( #4151 ) ) GLOBAL_UNIT_ASSIGNED_CONTEXT ( ( #3189, #3169, #2823 ) ) REPRESENTATION_CONTEXT ( 'NONE', 'WORKASPACE' ) );
#3904 =( GEOMETRIC_REPRESENTATION_CONTEXT ( 3 ) GLOBAL_UNCERTAINTY_ASSIGNED_CONTEXT ( ( #3849 ) ) GLOBAL_UNIT_ASSIGNED_CONTEXT ( ( #3084, #759, #132 ) ) REPRESENTATION_CONTEXT ( 'NONE', 'WORKASPACE' ) );
#3905 = MECHANICAL_DESIGN_GEOMETRIC_PRESENTATION_REPRESENTATION (  '', ( #118 ), #3419 ) ;
#3906 = AXIS2_PLACEMENT_3D ( 'NONE', #360, #1412, #1023 ) ;
#3907 = ORIENTED_EDGE ( 'NONE', *, *, #1612, .T. ) ;
#3908 = ORIENTED_EDGE ( 'NONE', *, *, #1950, .T. ) ;
#3909 = VECTOR ( 'NONE', #1752, 1000.000000000000000 ) ;
#3910 = LINE ( 'NONE', #3844, #44 ) ;
#3911 = FILL_AREA_STYLE_COLOUR ( '', #1786 ) ;
#3912 = CIRCLE ( 'NONE', #197, 8.000000000000000000 ) ;
#3913 = CARTESIAN_POINT ( 'NONE',  ( 7.009999999999999787, -3.000000000000000000, 0.1900000000000000022 ) ) ;
#3914 = ORIENTED_EDGE ( 'NONE', *, *, #1237, .T. ) ;
#3915 = DIRECTION ( 'NONE',  ( 1.000000000000000000, 0.0000000000000000000, 0.0000000000000000000 ) ) ;
#3916 = DIRECTION ( 'NONE',  ( 0.0000000000000000000, 0.0000000000000000000, 1.000000000000000000 ) ) ;
#3917 = ADVANCED_FACE ( 'NONE', ( #2797 ), #3398, .F. ) ;
#3918 = CARTESIAN_POINT ( 'NONE',  ( 7.517288907488226535, 9.828396356795457661E-16, 1.415442575265302594 ) ) ;
#3919 = EDGE_CURVE ( 'NONE', #2962, #1385, #474, .T. ) ;
#3920 = ORIENTED_EDGE ( 'NONE', *, *, #1493, .F. ) ;
#3921 = CARTESIAN_POINT ( 'NONE',  ( 7.009999999999998899, 2.722340768336104944, 1.736744068598900403 ) ) ;
#3922 = CARTESIAN_POINT ( 'NONE',  ( 7.264360792258537813, -2.999999999999999556, 2.200002158496277449 ) ) ;
#3923 = CARTESIAN_POINT ( 'NONE',  ( 7.995721616002286147, 0.2673955412531352493, 11.84975890308099444 ) ) ;
#3924 = ADVANCED_FACE ( 'NONE', ( #3487 ), #1515, .T. ) ;
#3925 = VERTEX_POINT ( 'NONE', #3801 ) ;
#3926 =( BOUNDED_SURFACE ( )  B_SPLINE_SURFACE ( 3, 3, ( 
 ( #748, #2066, #2397, #3505 ),
 ( #2851, #3454, #1460, #2143 ),
 ( #501, #3471, #1869, #868 ),
 ( #3158, #1809, #3177, #3095 ) ),
 .UNSPECIFIED., .F., .F., .F. ) 
 B_SPLINE_SURFACE_WITH_KNOTS ( ( 4, 4 ),
 ( 4, 4 ),
 ( 0.0000000000000000000, 1.000000000000000000 ),
 ( 0.0000000000000000000, 1.000000000000000000 ),
 .UNSPECIFIED. ) 
 GEOMETRIC_REPRESENTATION_ITEM ( )  RATIONAL_B_SPLINE_SURFACE ( (
 ( 1.000000000000000000, 0.9862568635146077289, 0.9862568635146077289, 1.000000000000000000),
 ( 0.8417656310505186035, 0.8301971310942789506, 0.8301971310942789506, 0.8417656310505186035),
 ( 0.8417656310505186035, 0.8301971310942789506, 0.8301971310942789506, 0.8417656310505186035),
 ( 1.000000000000000000, 0.9862568635146077289, 0.9862568635146077289, 1.000000000000000000) ) ) 
 REPRESENTATION_ITEM ( '' )  SURFACE ( )  );
#3927 = ORIENTED_EDGE ( 'NONE', *, *, #3267, .T. ) ;
#3928 = ORIENTED_EDGE ( 'NONE', *, *, #3939, .F. ) ;
#3929 = CARTESIAN_POINT ( 'NONE',  ( 7.416198487095688741, 2.999999999999941824, 13.00666666666894145 ) ) ;
#3930 = CARTESIAN_POINT ( 'NONE',  ( 7.802980979185796251, -2.043848089108665000, 5.043848089110310795 ) ) ;
#3931 = LINE ( 'NONE', #376, #948 ) ;
#3932 = ORIENTED_EDGE ( 'NONE', *, *, #2655, .T. ) ;
#3933 = APPLICATION_CONTEXT ( 'automotive_design' ) ;
#3934 = CARTESIAN_POINT ( 'NONE',  ( -0.2000000000000000111, -6.799999999999999822, 24.89999999999999858 ) ) ;
#3935 = CARTESIAN_POINT ( 'NONE',  ( 7.364794913626410811, 3.173001583883221066, 2.189912812730414160 ) ) ;
#3936 = FILL_AREA_STYLE ('',( #1583 ) ) ;
#3937 = ORIENTED_EDGE ( 'NONE', *, *, #1231, .F. ) ;
#3938 = CARTESIAN_POINT ( 'NONE',  ( 8.000000000000000000, 6.446575321117225813E-15, 17.41333333333237832 ) ) ;
#3939 = EDGE_CURVE ( 'NONE', #3747, #3371, #1534, .T. ) ;
#3940 = DIRECTION ( 'NONE',  ( 0.0000000000000000000, -0.0000000000000000000, -1.000000000000000000 ) ) ;
#3941 = LINE ( 'NONE', #2564, #3283 ) ;
#3942 = CARTESIAN_POINT ( 'NONE',  ( 8.004380050947105474, -0.3000000000000024314, 19.01333333333300146 ) ) ;
#3943 = VERTEX_POINT ( 'NONE', #4163 ) ;
#3944 = EDGE_CURVE ( 'NONE', #2300, #2601, #2763, .T. ) ;
#3945 = FACE_OUTER_BOUND ( 'NONE', #1300, .T. ) ;
#3946 = FACE_OUTER_BOUND ( 'NONE', #1561, .T. ) ;
#3947 =( BOUNDED_SURFACE ( )  B_SPLINE_SURFACE ( 3, 3, ( 
 ( #3402, #510, #3800, #3213, #261, #2842, #2498 ),
 ( #1588, #2891, #4213, #2392, #1100, #365, #1624 ),
 ( #2, #1607, #1646, #1683, #3556, #3898, #609 ),
 ( #1927, #2926, #21, #285, #921, #2951, #2647 ),
 ( #982, #2909, #349, #1327, #962, #304, #4231 ),
 ( #4251, #1289, #3876, #1248, #630, #1965, #1264 ),
 ( #2586, #2260, #2279, #1663, #1947, #1309, #3637 ) ),
 .UNSPECIFIED., .F., .F., .T. ) 
 B_SPLINE_SURFACE_WITH_KNOTS ( ( 4, 3, 4 ),
 ( 4, 3, 4 ),
 ( 0.0000000000000000000, 0.5000000000000000000, 1.000000000000000000 ),
 ( 0.0000000000000000000, 0.5000000000000000000, 1.000000000000000000 ),
 .UNSPECIFIED. ) 
 GEOMETRIC_REPRESENTATION_ITEM ( )  RATIONAL_B_SPLINE_SURFACE ( (
 ( 1.000000000000000000, 0.4428160101819550998, 0.4428160101819550998, 1.000000000000000000, 0.4428160101819550998, 0.4428160101819550998, 1.000000000000000000),
 ( 0.8047342395464602838, 0.3563492052127732457, 0.3563492052127732457, 0.8047342395464602838, 0.3563492052127732457, 0.3563492052127732457, 0.8047342395464602838),
 ( 0.8047342395464602838, 0.3563492052127732457, 0.3563492052127732457, 0.8047342395464602838, 0.3563492052127732457, 0.3563492052127732457, 0.8047342395464602838),
 ( 1.000000000000000000, 0.4428160101819550998, 0.4428160101819550998, 1.000000000000000000, 0.4428160101819550998, 0.4428160101819550998, 1.000000000000000000),
 ( 0.8047342395464600617, 0.3563492052127731347, 0.3563492052127731347, 0.8047342395464600617, 0.3563492052127731347, 0.3563492052127731347, 0.8047342395464600617),
 ( 0.8047342395464600617, 0.3563492052127731347, 0.3563492052127731347, 0.8047342395464600617, 0.3563492052127731347, 0.3563492052127731347, 0.8047342395464600617),
 ( 1.000000000000000000, 0.4428160101819550998, 0.4428160101819550998, 1.000000000000000000, 0.4428160101819550998, 0.4428160101819550998, 1.000000000000000000) ) ) 
 REPRESENTATION_ITEM ( '' )  SURFACE ( )  );
#3948 = ORIENTED_EDGE ( 'NONE', *, *, #1952, .F. ) ;
#3949 = CARTESIAN_POINT ( 'NONE',  ( 6.908817518172008398, -2.976551171487507474, 1.406206341605148902 ) ) ;
#3950 = ORIENTED_EDGE ( 'NONE', *, *, #1681, .F. ) ;
#3951 = CARTESIAN_POINT ( 'NONE',  ( 0.0000000000000000000, 0.0000000000000000000, 0.0000000000000000000 ) ) ;
#3952 = CARTESIAN_POINT ( 'NONE',  ( -3.750000000000000000, -1.000000000000000000, 0.4000000000000002442 ) ) ;
#3953 = EDGE_LOOP ( 'NONE', ( #1991, #2202, #1903, #1619 ) ) ;
#3954 = CARTESIAN_POINT ( 'NONE',  ( 3.750000000000000000, 0.0000000000000000000, 0.0000000000000000000 ) ) ;
#3955 = CARTESIAN_POINT ( 'NONE',  ( -7.500000000000000000, 6.580622524952067596E-15, 25.00000000000000000 ) ) ;
#3956 = DIRECTION ( 'NONE',  ( 1.000000000000000000, 0.0000000000000000000, 0.0000000000000000000 ) ) ;
#3957 = DIRECTION ( 'NONE',  ( -7.850462293415528105E-17, 0.7071067811870475062, 0.7071067811860475283 ) ) ;
#3958 = DIRECTION ( 'NONE',  ( -1.000000000000000000, 0.0000000000000000000, 0.0000000000000000000 ) ) ;
#3959 = CARTESIAN_POINT ( 'NONE',  ( -7.499999999999998224, 15.00000000000000178, 0.1999999999999933220 ) ) ;
#3960 = DIRECTION ( 'NONE',  ( 1.000000000000000000, -1.110223024625000001E-16, 1.232595164408000087E-32 ) ) ;
#3961 = EDGE_CURVE ( 'NONE', #3727, #1806, #2952, .T. ) ;
#3962 =( LENGTH_UNIT ( ) NAMED_UNIT ( * ) SI_UNIT ( .MILLI., .METRE. ) );
#3963 = ORIENTED_EDGE ( 'NONE', *, *, #893, .T. ) ;
#3964 = AXIS2_PLACEMENT_3D ( 'NONE', #722, #3048, #3355 ) ;
#3965 = AXIS2_PLACEMENT_3D ( 'NONE', #125, #3075, #832 ) ;
#3966 = DIRECTION ( 'NONE',  ( 0.0000000000000000000, -1.110223024625000001E-16, -1.000000000000000000 ) ) ;
#3968 = EDGE_CURVE ( 'NONE', #3572, #3727, #407, .T. ) ;
#3967 = CARTESIAN_POINT ( 'NONE',  ( 7.207205455284331208, 3.105106739995900256, 24.97244391275456010 ) ) ;
#3969 = ADVANCED_FACE ( 'NONE', ( #3276 ), #1881, .T. ) ;
#3970 = PRESENTATION_LAYER_ASSIGNMENT (  '', '', ( #3555 ) ) ;
#3971 = VERTEX_POINT ( 'NONE', #1608 ) ;
#3972 = AXIS2_PLACEMENT_3D ( 'NONE', #1415, #363, #1398 ) ;
#3973 = CARTESIAN_POINT ( 'NONE',  ( 0.0000000000000000000, 1.776356839400000100E-16, 0.4000000000000000222 ) ) ;
#3974 = AXIS2_PLACEMENT_3D ( 'NONE', #1513, #2217, #2197 ) ;
#3975 = PLANE ( 'NONE',  #936 ) ;
#3976 = EDGE_LOOP ( 'NONE', ( #2210, #907, #1407, #3881 ) ) ;
#3977 = AXIS2_PLACEMENT_3D ( 'NONE', #4109, #1808, #3430 ) ;
#3978 = CARTESIAN_POINT ( 'NONE',  ( 8.009999999999999787, 0.2999999999999999889, 16.01333333333300146 ) ) ;
#3979 = VERTEX_POINT ( 'NONE', #2614 ) ;
#3980 = EDGE_CURVE ( 'NONE', #3371, #2716, #610, .T. ) ;
#3981 = DIRECTION ( 'NONE',  ( 1.000000000000000000, -1.110223024625000001E-16, 1.232595164408000087E-32 ) ) ;
#3982 = MECHANICAL_DESIGN_GEOMETRIC_PRESENTATION_REPRESENTATION (  '', ( #1203 ), #265 ) ;
#3983 = AXIS2_PLACEMENT_3D ( 'NONE', #755, #3638, #1380 ) ;
#3984 = COLOUR_RGB ( '',0.0000000000000000000, 0.0000000000000000000, 0.4980392156862745168 ) ;
#3985 = CARTESIAN_POINT ( 'NONE',  ( 7.010000000000000675, -2.851570336351302970, 1.442606541969533973 ) ) ;
#3986 = DIRECTION ( 'NONE',  ( 7.850462293415528105E-17, -0.7071067811870475062, -0.7071067811860475283 ) ) ;
#3987 = AXIS2_PLACEMENT_3D ( 'NONE', #2173, #4042, #2098 ) ;
#3988 = FILL_AREA_STYLE ('',( #382 ) ) ;
#3989 = DIRECTION ( 'NONE',  ( 1.000000000000000000, 0.0000000000000000000, 0.0000000000000000000 ) ) ;
#3990 = CARTESIAN_POINT ( 'NONE',  ( 7.416198487095686076, -2.999999999999941824, 0.7000000000000021760 ) ) ;
#3991 = MECHANICAL_DESIGN_GEOMETRIC_PRESENTATION_REPRESENTATION (  '', ( #889 ), #3709 ) ;
#3992 = CARTESIAN_POINT ( 'NONE',  ( 7.416198487095709169, -2.999999999999873879, 24.50000000000000000 ) ) ;
#3993 = VERTEX_POINT ( 'NONE', #324 ) ;
#3994 = COLOUR_RGB ( '',0.8000000000000000444, 0.8000000000000000444, 0.8000000000000000444 ) ;
#3995 = DIRECTION ( 'NONE',  ( -0.0000000000000000000, -0.0000000000000000000, -1.000000000000000000 ) ) ;
#3996 = APPLICATION_CONTEXT ( 'automotive_design' ) ;
#3997 = ORIENTED_EDGE ( 'NONE', *, *, #4083, .F. ) ;
#3998 = B_SPLINE_CURVE_WITH_KNOTS ( 'NONE', 3,
 ( #2036, #2060, #738, #2391 ),
 .UNSPECIFIED., .F., .F.,
 ( 4, 4 ),
 ( 2.296757176902692654E-15, 0.0004684977904061852832 ),
 .UNSPECIFIED. ) ;
#3999 =( NAMED_UNIT ( * ) SI_UNIT ( $, .STERADIAN. ) SOLID_ANGLE_UNIT ( ) );
#4000 = DIRECTION ( 'NONE',  ( 0.0000000000000000000, -1.110223024625000001E-16, -1.000000000000000000 ) ) ;
#4001 = ORIENTED_EDGE ( 'NONE', *, *, #2026, .T. ) ;
#4002 = CARTESIAN_POINT ( 'NONE',  ( 7.995721616002286147, 0.2673955412531356934, 18.85642556974699957 ) ) ;
#4003 = VERTEX_POINT ( 'NONE', #2910 ) ;
#4004 = FACE_BOUND ( 'NONE', #2660, .T. ) ;
#4005 = FACE_OUTER_BOUND ( 'NONE', #2022, .T. ) ;
#4006 = EDGE_CURVE ( 'NONE', #2174, #3297, #3794, .T. ) ;
#4007 = CARTESIAN_POINT ( 'NONE',  ( 7.999999999999960032, -1.031419978907291091, 18.44475331224050763 ) ) ;
#4008 = DIRECTION ( 'NONE',  ( -0.0000000000000000000, 1.110223024625000001E-16, 1.000000000000000000 ) ) ;
#4009 = VERTEX_POINT ( 'NONE', #1228 ) ;
#4010 = CARTESIAN_POINT ( 'NONE',  ( 8.009999999999926956, -1.031335786739968841, 11.43800245340618282 ) ) ;
#4011 = CARTESIAN_POINT ( 'NONE',  ( 0.1999999999999999278, -0.1999999999629998859, 24.89999999999999858 ) ) ;
#4012 = DIRECTION ( 'NONE',  ( 0.0000000000000000000, -4.440892098500999885E-16, -1.000000000000000000 ) ) ;
#4013 = CARTESIAN_POINT ( 'NONE',  ( 7.426984583261113215, -3.000000000000000000, 24.53000000000000469 ) ) ;
#4014 = VERTEX_POINT ( 'NONE', #1555 ) ;
#4015 = SURFACE_STYLE_FILL_AREA ( #3383 ) ;
#4016 = EDGE_LOOP ( 'NONE', ( #3878, #1604, #1306, #516 ) ) ;
#4017 = CARTESIAN_POINT ( 'NONE',  ( 8.004380050947105474, 0.3000000000000013767, 12.00666666666699989 ) ) ;
#4018 = ORIENTED_EDGE ( 'NONE', *, *, #1595, .T. ) ;
#4019 = ORIENTED_EDGE ( 'NONE', *, *, #2857, .T. ) ;
#4020 = ADVANCED_FACE ( 'NONE', ( #1589 ), #680, .T. ) ;
#4021 = CARTESIAN_POINT ( 'NONE',  ( 0.0000000000000000000, 1.089350831762000122E-14, 24.53000000000000469 ) ) ;
#4022 = UNCERTAINTY_MEASURE_WITH_UNIT (LENGTH_MEASURE( 1.000000000000000082E-05 ), #3102, 'distance_accuracy_value', 'NONE');
#4023 = PLANE ( 'NONE',  #3964 ) ;
#4024 = FACE_OUTER_BOUND ( 'NONE', #919, .T. ) ;
#4025 = DIRECTION ( 'NONE',  ( 0.0000000000000000000, -1.110223024625000001E-16, -1.000000000000000000 ) ) ;
#4026 = VERTEX_POINT ( 'NONE', #2199 ) ;
#4027 = PRESENTATION_STYLE_ASSIGNMENT (( #707 ) ) ;
#4028 = FACE_OUTER_BOUND ( 'NONE', #2020, .T. ) ;
#4029 = DIRECTION ( 'NONE',  ( 0.0000000000000000000, -0.0000000000000000000, 1.000000000000000000 ) ) ;
#4030 = CARTESIAN_POINT ( 'NONE',  ( 8.008658066414158228, -0.1567179236786835905, 18.74582647859670104 ) ) ;
#4031 = CARTESIAN_POINT ( 'NONE',  ( 7.123335240446522221, -3.000000000000000444, 24.98577482238854586 ) ) ;
#4032 = CARTESIAN_POINT ( 'NONE',  ( 0.0000000000000000000, 1.088018564133000193E-14, 24.50000000000000000 ) ) ;
#4033 = EDGE_CURVE ( 'NONE', #11, #575, #3698, .T. ) ;
#4034 = FACE_OUTER_BOUND ( 'NONE', #2093, .T. ) ;
#4035 = ORIENTED_EDGE ( 'NONE', *, *, #1934, .T. ) ;
#4036 = B_SPLINE_CURVE_WITH_KNOTS ( 'NONE', 3,
 ( #410, #3333, #3378, #117, #1106, #3669, #80, #3693, #379, #1058, #2413, #3985, #3004, #2689 ),
 .UNSPECIFIED., .F., .F.,
 ( 4, 2, 2, 2, 2, 2, 4 ),
 ( 4.804667341157804957E-17, 0.0002450705343487337277, 0.0003676058015230772541, 0.0004901410686974208347, 0.0006126763358717644695, 0.0007352116030461078875, 0.0009802821373947941813 ),
 .UNSPECIFIED. ) ;
#4037 = ORIENTED_EDGE ( 'NONE', *, *, #1272, .F. ) ;
#4038 = AXIS2_PLACEMENT_3D ( 'NONE', #855, #2172, #3488 ) ;
#4039 = PRODUCT_DEFINITION_SHAPE ( 'NONE', 'NONE',  #4275 ) ;
#4040 = LINE ( 'NONE', #2347, #800 ) ;
#4041 = ORIENTED_EDGE ( 'NONE', *, *, #3795, .F. ) ;
#4042 = DIRECTION ( 'NONE',  ( -1.232595164408000087E-32, -1.000000000000000000, 1.110223024625000001E-16 ) ) ;
#4043 = EDGE_LOOP ( 'NONE', ( #2967, #1961, #4071, #3874 ) ) ;
#4044 = PLANE ( 'NONE',  #3977 ) ;
#4045 = CIRCLE ( 'NONE', #3281, 0.4000000000000001887 ) ;
#4046 = VECTOR ( 'NONE', #3026, 1000.000000000000000 ) ;
#4047 =( NAMED_UNIT ( * ) SI_UNIT ( $, .STERADIAN. ) SOLID_ANGLE_UNIT ( ) );
#4048 = CARTESIAN_POINT ( 'NONE',  ( -6.799999999999999822, 0.1999999999999998168, 24.89999999999999858 ) ) ;
#4049 = CIRCLE ( 'NONE', #2873, 0.5000000000000004441 ) ;
#4050 = VECTOR ( 'NONE', #1771, 1000.000000000000000 ) ;
#4051 =( NAMED_UNIT ( * ) PLANE_ANGLE_UNIT ( ) SI_UNIT ( $, .RADIAN. ) );
#4052 = FACE_OUTER_BOUND ( 'NONE', #3769, .T. ) ;
#4053 = VECTOR ( 'NONE', #4201, 1000.000000000000000 ) ;
#4054 = EDGE_CURVE ( 'NONE', #1923, #1201, #105, .T. ) ;
#4055 = CARTESIAN_POINT ( 'NONE',  ( 7.009999999999998899, -2.935966621063984761, 0.2101020514431948538 ) ) ;
#4056 = DIRECTION ( 'NONE',  ( -7.253457094217999880E-16, 1.000000000000000000, -4.440892098500999885E-16 ) ) ;
#4057 = DIRECTION ( 'NONE',  ( -1.232595164408000087E-32, -1.000000000000000000, 1.110223024625000001E-16 ) ) ;
#4058 = AXIS2_PLACEMENT_3D ( 'NONE', #2063, #3666, #3028 ) ;
#4059 = DIRECTION ( 'NONE',  ( -7.243024147354999819E-16, 1.000000000000000000, -4.440892098500999885E-16 ) ) ;
#4060 = ADVANCED_FACE ( 'NONE', ( #963 ), #1290, .T. ) ;
#4061 = SURFACE_STYLE_USAGE ( .BOTH. , #1777 ) ;
#4062 = ORIENTED_EDGE ( 'NONE', *, *, #1180, .T. ) ;
#4063 = CARTESIAN_POINT ( 'NONE',  ( 8.000000000000000000, 4.078621982446799257E-15, 17.01333333333237974 ) ) ;
#4064 = FACE_OUTER_BOUND ( 'NONE', #439, .T. ) ;
#4065 = ORIENTED_EDGE ( 'NONE', *, *, #2635, .F. ) ;
#4066 = CARTESIAN_POINT ( 'NONE',  ( 8.009999999999999787, -3.000000000000000000, 25.01999999999999957 ) ) ;
#4067 = ORIENTED_EDGE ( 'NONE', *, *, #593, .T. ) ;
#4068 = CARTESIAN_POINT ( 'NONE',  ( 7.994373021069128171, 0.3000000000000006550, 9.006666666666999888 ) ) ;
#4069 =( BOUNDED_CURVE ( )  B_SPLINE_CURVE ( 3, ( #215, #2513, #3480, #129 ),
 .UNSPECIFIED., .F., .T. ) 
 B_SPLINE_CURVE_WITH_KNOTS ( ( 4, 4 ),
 ( 4.328497172959497874, 4.712388980384728754 ),
 .UNSPECIFIED. ) 
 CURVE ( )  GEOMETRIC_REPRESENTATION_ITEM ( )  RATIONAL_B_SPLINE_CURVE ( ( 1.000000000000000000, 0.9877565832834078741, 0.9877565832834078741, 1.000000000000000000 ) ) 
 REPRESENTATION_ITEM ( '' )  );
#4070 = PRESENTATION_STYLE_ASSIGNMENT (( #2025 ) ) ;
#4071 = ORIENTED_EDGE ( 'NONE', *, *, #2252, .T. ) ;
#4072 = DIRECTION ( 'NONE',  ( -1.000000000000000000, 0.0000000000000000000, 0.0000000000000000000 ) ) ;
#4073 = DIRECTION ( 'NONE',  ( -1.000000000000000000, -5.551115123127340702E-17, -5.551115123119490920E-17 ) ) ;
#4074 =( LENGTH_UNIT ( ) NAMED_UNIT ( * ) SI_UNIT ( .MILLI., .METRE. ) );
#4075 = PRODUCT_DEFINITION_SHAPE ( 'NONE', 'NONE',  #421 ) ;
#4076 = CARTESIAN_POINT ( 'NONE',  ( 7.519999999999999574, 1.634026247643095950E-14, 24.53000000000000469 ) ) ;
#4077 = EDGE_CURVE ( 'NONE', #3107, #3225, #3628, .T. ) ;
#4078 = APPLICATION_CONTEXT ( 'automotive_design' ) ;
#4079 = PLANE ( 'NONE',  #1071 ) ;
#4080 = CARTESIAN_POINT ( 'NONE',  ( 7.999999999999960032, 1.031419978907296420, 18.04475331224051260 ) ) ;
#4081 = CARTESIAN_POINT ( 'NONE',  ( 0.0000000000000000000, 5.329070518200999688E-16, 1.199999999999999956 ) ) ;
#4082 = ORIENTED_EDGE ( 'NONE', *, *, #1416, .F. ) ;
#4083 = EDGE_CURVE ( 'NONE', #4026, #2870, #3013, .T. ) ;
#4084 = EDGE_CURVE ( 'NONE', #2548, #1474, #2693, .T. ) ;
#4085 = CARTESIAN_POINT ( 'NONE',  ( 7.426984583261124762, 3.000000000000039968, 1.210000000054873404 ) ) ;
#4086 = ORIENTED_EDGE ( 'NONE', *, *, #3444, .F. ) ;
#4087 = DIRECTION ( 'NONE',  ( 0.0000000000000000000, -4.440892098500999885E-16, -1.000000000000000000 ) ) ;
#4088 = ORIENTED_EDGE ( 'NONE', *, *, #2004, .T. ) ;
#4089 = DIRECTION ( 'NONE',  ( 0.0000000000000000000, 0.0000000000000000000, -1.000000000000000000 ) ) ;
#4090 = CARTESIAN_POINT ( 'NONE',  ( 3.750000000000000000, -1.000000000000000000, 0.0000000000000000000 ) ) ;
#4091 = SURFACE_SIDE_STYLE ('',( #3434 ) ) ;
#4092 = VERTEX_POINT ( 'NONE', #3676 ) ;
#4093 =( BOUNDED_CURVE ( )  B_SPLINE_CURVE ( 3, ( #3423, #475, #1803, #2453 ),
 .UNSPECIFIED., .F., .T. ) 
 B_SPLINE_CURVE_WITH_KNOTS ( ( 4, 4 ),
 ( 1.570796326794966946, 1.954688134220130324 ),
 .UNSPECIFIED. ) 
 CURVE ( )  GEOMETRIC_REPRESENTATION_ITEM ( )  RATIONAL_B_SPLINE_CURVE ( ( 1.000000000000000000, 0.9877565832834120929, 0.9877565832834120929, 1.000000000000000000 ) ) 
 REPRESENTATION_ITEM ( '' )  );
#4094 = CARTESIAN_POINT ( 'NONE',  ( 7.994373021069128171, -0.2999999999999992673, 9.006666666666999888 ) ) ;
#4095 = CARTESIAN_POINT ( 'NONE',  ( 7.009999999999999787, 2.999999999999980904, 24.98413180580480741 ) ) ;
#4096 = LINE ( 'NONE', #214, #1913 ) ;
#4097 =( NAMED_UNIT ( * ) PLANE_ANGLE_UNIT ( ) SI_UNIT ( $, .RADIAN. ) );
#4098 =( NAMED_UNIT ( * ) PLANE_ANGLE_UNIT ( ) SI_UNIT ( $, .RADIAN. ) );
#4099 = CARTESIAN_POINT ( 'NONE',  ( 8.004380050947103697, -0.2999999999999974354, 23.09924004750189752 ) ) ;
#4100 = FACE_OUTER_BOUND ( 'NONE', #388, .T. ) ;
#4101 = CARTESIAN_POINT ( 'NONE',  ( 0.0000000000000000000, 0.0000000000000000000, 0.0000000000000000000 ) ) ;
#4102 = PLANE ( 'NONE',  #2516 ) ;
#4103 = ORIENTED_EDGE ( 'NONE', *, *, #3022, .F. ) ;
#4104 =( LENGTH_UNIT ( ) NAMED_UNIT ( * ) SI_UNIT ( .MILLI., .METRE. ) );
#4105 = ADVANCED_FACE ( 'NONE', ( #416 ), #711, .T. ) ;
#4106 = EDGE_CURVE ( 'NONE', #3786, #346, #3567, .T. ) ;
#4107 = ORIENTED_EDGE ( 'NONE', *, *, #2572, .T. ) ;
#4108 = EDGE_LOOP ( 'NONE', ( #587, #1270, #3194, #3840 ) ) ;
#4109 = CARTESIAN_POINT ( 'NONE',  ( 0.0000000000000000000, 1.110223024625000030E-14, 25.00000000000000000 ) ) ;
#4110 = UNCERTAINTY_MEASURE_WITH_UNIT (LENGTH_MEASURE( 1.000000000000000082E-05 ), #3576, 'distance_accuracy_value', 'NONE');
#4111 = CARTESIAN_POINT ( 'NONE',  ( 0.0000000000000000000, 1.088018564133000193E-14, 24.50000000000000000 ) ) ;
#4112 = EDGE_CURVE ( 'NONE', #2981, #11, #2989, .T. ) ;
#4113 = CIRCLE ( 'NONE', #1354, 1.000000000000000000 ) ;
#4114 = SURFACE_STYLE_USAGE ( .BOTH. , #4091 ) ;
#4115 = ORIENTED_EDGE ( 'NONE', *, *, #3384, .T. ) ;
#4116 = CARTESIAN_POINT ( 'NONE',  ( -7.500000000000001776, -14.99999999999999645, 0.2000000000000066447 ) ) ;
#4117 = COLOUR_RGB ( '',0.8000000000000000444, 0.8000000000000000444, 0.8000000000000000444 ) ;
#4118 = SURFACE_STYLE_FILL_AREA ( #1129 ) ;
#4119 = VECTOR ( 'NONE', #3771, 1000.000000000000000 ) ;
#4120 = CARTESIAN_POINT ( 'NONE',  ( 7.426984583261000417, 3.000000000000000000, 6.000000000003000267 ) ) ;
#4121 = AXIS2_PLACEMENT_3D ( 'NONE', #2007, #3720, #2338 ) ;
#4122 = AXIS2_PLACEMENT_3D ( 'NONE', #3037, #84, #3053 ) ;
#4123 = CARTESIAN_POINT ( 'NONE',  ( 7.009999999999998899, -2.935966621063984761, 0.2101020514431948538 ) ) ;
#4124 = CARTESIAN_POINT ( 'NONE',  ( 7.009999999999999787, 2.935966621063983872, 24.98989794855680557 ) ) ;
#4125 = CARTESIAN_POINT ( 'NONE',  ( 7.010000000000000675, 2.727775664181022464, 1.549067852995909211 ) ) ;
#4126 = AXIS2_PLACEMENT_3D ( 'NONE', #385, #3365, #2970 ) ;
#4127 = AXIS2_PLACEMENT_3D ( 'NONE', #3535, #582, #1896 ) ;
#4128 = AXIS2_PLACEMENT_3D ( 'NONE', #2811, #2162, #3472 ) ;
#4129 = EDGE_LOOP ( 'NONE', ( #2463, #3200, #3058, #2064 ) ) ;
#4130 = VECTOR ( 'NONE', #2991, 1000.000000000000000 ) ;
#4131 = B_SPLINE_CURVE_WITH_KNOTS ( 'NONE', 3,
 ( #222, #2901, #3882, #3174 ),
 .UNSPECIFIED., .F., .F.,
 ( 4, 4 ),
 ( 2.804208802721504730E-17, 0.0004682407727659524408 ),
 .UNSPECIFIED. ) ;
#4132 = FILL_AREA_STYLE_COLOUR ( '', #3897 ) ;
#4133 = ORIENTED_EDGE ( 'NONE', *, *, #3710, .F. ) ;
#4134 = VECTOR ( 'NONE', #1377, 1000.000000000000000 ) ;
#4135 = ORIENTED_EDGE ( 'NONE', *, *, #1013, .F. ) ;
#4136 = CARTESIAN_POINT ( 'NONE',  ( 7.995717619699379775, 0.2675069056202920570, 9.163384535797371555 ) ) ;
#4137 =( LENGTH_UNIT ( ) NAMED_UNIT ( * ) SI_UNIT ( .MILLI., .METRE. ) );
#4138 = LINE ( 'NONE', #1125, #2940 ) ;
#4139 = EDGE_LOOP ( 'NONE', ( #2267, #1475, #2678, #633 ) ) ;
#4140 = CARTESIAN_POINT ( 'NONE',  ( -7.792893218813454759, -15.58578643762689886, 0.2000000000000068945 ) ) ;
#4141 = EDGE_CURVE ( 'NONE', #2700, #892, #1988, .T. ) ;
#4142 = SURFACE_SIDE_STYLE ('',( #4158 ) ) ;
#4143 = CARTESIAN_POINT ( 'NONE',  ( 0.0000000000000000000, -1.000000000000000000, 0.4000000000000004663 ) ) ;
#4144 = FACE_OUTER_BOUND ( 'NONE', #2223, .T. ) ;
#4145 = DIRECTION ( 'NONE',  ( -1.000000000000000000, 0.0000000000000000000, 0.0000000000000000000 ) ) ;
#4146 = CARTESIAN_POINT ( 'NONE',  ( 0.2000000000000000111, -0.1999999999630000247, 25.00000000000000000 ) ) ;
#4147 = VERTEX_POINT ( 'NONE', #3990 ) ;
#4148 = EDGE_LOOP ( 'NONE', ( #905, #2363, #1202, #2034, #2803 ) ) ;
#4149 = EDGE_LOOP ( 'NONE', ( #1435, #824, #271, #357 ) ) ;
#4150 = CARTESIAN_POINT ( 'NONE',  ( 8.000000000000001776, -0.07923997768333965186, 9.306666666667000598 ) ) ;
#4151 = UNCERTAINTY_MEASURE_WITH_UNIT (LENGTH_MEASURE( 1.000000000000000082E-05 ), #3189, 'distance_accuracy_value', 'NONE');
#4152 = CARTESIAN_POINT ( 'NONE',  ( -7.999999999999990230, -15.99999999999998757, 24.79289321881346098 ) ) ;
#4153 = CARTESIAN_POINT ( 'NONE',  ( 7.847642852564145954, -2.159794926088845220E-15, 0.2375560872416845049 ) ) ;
#4154 = EDGE_CURVE ( 'NONE', #1081, #1313, #943, .T. ) ;
#4155 = LINE ( 'NONE', #3586, #2257 ) ;
#4156 = VERTEX_POINT ( 'NONE', #2071 ) ;
#4157 = CARTESIAN_POINT ( 'NONE',  ( 7.999999999999996447, -15.99999999999999822, 0.7000000000000083933 ) ) ;
#4158 = SURFACE_STYLE_FILL_AREA ( #1193 ) ;
#4159 = CARTESIAN_POINT ( 'NONE',  ( 7.009999999999880771, 2.935966621063950122, 0.0000000000000000000 ) ) ;
#4160 = SHAPE_REPRESENTATION_RELATIONSHIP ( 'NONE' , 'NONE' ,  #1755, #2673 ) ;
#4161 =( NAMED_UNIT ( * ) SI_UNIT ( $, .STERADIAN. ) SOLID_ANGLE_UNIT ( ) );
#4162 = LINE ( 'NONE', #1554, #1428 ) ;
#4163 = CARTESIAN_POINT ( 'NONE',  ( 0.2000000000000000111, 6.799999999999999822, 25.00000000000000000 ) ) ;
#4164 = FILL_AREA_STYLE ('',( #240 ) ) ;
#4165 = EDGE_CURVE ( 'NONE', #284, #30, #2313, .T. ) ;
#4166 = CARTESIAN_POINT ( 'NONE',  ( 8.005722968101659731, -0.2675069208300959178, 9.163384519870083622 ) ) ;
#4167 = ORIENTED_EDGE ( 'NONE', *, *, #1689, .T. ) ;
#4168 = FACE_OUTER_BOUND ( 'NONE', #1802, .T. ) ;
#4169 = ORIENTED_EDGE ( 'NONE', *, *, #1530, .F. ) ;
#4170 = ORIENTED_EDGE ( 'NONE', *, *, #3314, .F. ) ;
#4171 = CARTESIAN_POINT ( 'NONE',  ( 0.0000000000000000000, 8.000000000000001776, 2.199999999970995823 ) ) ;
#4172 = LINE ( 'NONE', #4090, #3759 ) ;
#4173 = DIRECTION ( 'NONE',  ( 0.0000000000000000000, 1.000000000000000000, -4.440892098500999885E-16 ) ) ;
#4174 = VERTEX_POINT ( 'NONE', #983 ) ;
#4175 = FACE_OUTER_BOUND ( 'NONE', #2576, .T. ) ;
#4176 = PRESENTATION_LAYER_ASSIGNMENT (  '', '', ( #2176 ) ) ;
#4177 = MECHANICAL_DESIGN_GEOMETRIC_PRESENTATION_REPRESENTATION (  '', ( #3134 ), #450 ) ;
#4178 = DIRECTION ( 'NONE',  ( 0.0000000000000000000, 0.0000000000000000000, 1.000000000000000000 ) ) ;
#4179 = DIRECTION ( 'NONE',  ( 0.0000000000000000000, 0.0000000000000000000, 1.000000000000000000 ) ) ;
#4180 = AXIS2_PLACEMENT_3D ( 'NONE', #2358, #2710, #771 ) ;
#4181 =( GEOMETRIC_REPRESENTATION_CONTEXT ( 3 ) GLOBAL_UNCERTAINTY_ASSIGNED_CONTEXT ( ( #1217 ) ) GLOBAL_UNIT_ASSIGNED_CONTEXT ( ( #4104, #3148, #202 ) ) REPRESENTATION_CONTEXT ( 'NONE', 'WORKASPACE' ) );
#4182 = PRESENTATION_STYLE_ASSIGNMENT (( #2561 ) ) ;
#4183 = PRESENTATION_LAYER_ASSIGNMENT (  '', '', ( #1211 ) ) ;
#4184 = EDGE_CURVE ( 'NONE', #3792, #11, #1501, .T. ) ;
#4185 = VECTOR ( 'NONE', #1026, 1000.000000000000000 ) ;
#4186 =( GEOMETRIC_REPRESENTATION_CONTEXT ( 3 ) GLOBAL_UNCERTAINTY_ASSIGNED_CONTEXT ( ( #2557 ) ) GLOBAL_UNIT_ASSIGNED_CONTEXT ( ( #1251, #2653, #2017 ) ) REPRESENTATION_CONTEXT ( 'NONE', 'WORKASPACE' ) );
#4187 = PLANE ( 'NONE',  #603 ) ;
#4188 = DIRECTION ( 'NONE',  ( 0.0000000000000000000, -1.000000000000000000, 0.0000000000000000000 ) ) ;
#4189 = DIRECTION ( 'NONE',  ( 1.000000000000000000, 0.0000000000000000000, 0.0000000000000000000 ) ) ;
#4190 = AXIS2_PLACEMENT_3D ( 'NONE', #2134, #3783, #1115 ) ;
#4191 = AXIS2_PLACEMENT_3D ( 'NONE', #1417, #2341, #2709 ) ;
#4192 = EDGE_LOOP ( 'NONE', ( #1862, #2899, #298, #3523, #2075, #1826 ) ) ;
#4193 = VECTOR ( 'NONE', #3704, 1000.000000000000000 ) ;
#4194 = EDGE_CURVE ( 'NONE', #3161, #2059, #462, .T. ) ;
#4195 = ORIENTED_EDGE ( 'NONE', *, *, #3099, .T. ) ;
#4196 = VERTEX_POINT ( 'NONE', #2711 ) ;
#4197 = VECTOR ( 'NONE', #1600, 1000.000000000000000 ) ;
#4198 = DIRECTION ( 'NONE',  ( -0.0000000000000000000, -0.0000000000000000000, -1.000000000000000000 ) ) ;
#4199 = CARTESIAN_POINT ( 'NONE',  ( 7.372525351238200741, 2.999999999999997335, 0.4740363058629655235 ) ) ;
#4200 =( GEOMETRIC_REPRESENTATION_CONTEXT ( 3 ) GLOBAL_UNCERTAINTY_ASSIGNED_CONTEXT ( ( #223 ) ) GLOBAL_UNIT_ASSIGNED_CONTEXT ( ( #1196, #2132, #4161 ) ) REPRESENTATION_CONTEXT ( 'NONE', 'WORKASPACE' ) );
#4201 = DIRECTION ( 'NONE',  ( 0.0000000000000000000, 0.7071067811865471286, -0.7071067811865479058 ) ) ;
#4202 = DIRECTION ( 'NONE',  ( 0.0000000000000000000, 1.110223024625000001E-16, 1.000000000000000000 ) ) ;
#4203 = VERTEX_POINT ( 'NONE', #3318 ) ;
#4204 = CARTESIAN_POINT ( 'NONE',  ( 7.009999999999956266, 2.999999999999980016, 0.2158681941953733141 ) ) ;
#4205 = B_SPLINE_CURVE_WITH_KNOTS ( 'NONE', 3,
 ( #85, #3393, #102, #3738, #2342, #1400 ),
 .UNSPECIFIED., .F., .F.,
 ( 4, 2, 4 ),
 ( 3.576224061345498009E-18, 0.0003391503965455256136, 0.0006783007930910476494 ),
 .UNSPECIFIED. ) ;
#4206 = CARTESIAN_POINT ( 'NONE',  ( 7.426984583261214468, 3.000000000000039968, 0.6799999999999989386 ) ) ;
#4207 = CARTESIAN_POINT ( 'NONE',  ( 7.426984583261113215, -3.000000000000000000, 24.53000000000000469 ) ) ;
#4208 = PRESENTATION_LAYER_ASSIGNMENT (  '', '', ( #279 ) ) ;
#4209 = SURFACE_STYLE_FILL_AREA ( #3936 ) ;
#4210 = EDGE_LOOP ( 'NONE', ( #2920, #199, #515, #3598, #3027 ) ) ;
#4211 =( BOUNDED_SURFACE ( )  B_SPLINE_SURFACE ( 3, 3, ( 
 ( #626, #3514, #1945, #3253 ),
 ( #1621, #1223, #2923, #3853 ),
 ( #4248, #2608, #959, #2277 ),
 ( #3271, #3186, #233, #3602 ) ),
 .UNSPECIFIED., .F., .F., .F. ) 
 B_SPLINE_SURFACE_WITH_KNOTS ( ( 4, 4 ),
 ( 4, 4 ),
 ( 0.0000000000000000000, 1.000000000000000000 ),
 ( 0.0000000000000000000, 1.000000000000000000 ),
 .UNSPECIFIED. ) 
 GEOMETRIC_REPRESENTATION_ITEM ( )  RATIONAL_B_SPLINE_SURFACE ( (
 ( 1.000000000000000000, 0.3333333333333326487, 0.3333333333333326487, 1.000000000000000000),
 ( 0.8047378541243649375, 0.2682459513747877389, 0.2682459513747877389, 0.8047378541243649375),
 ( 0.8047378541243649375, 0.2682459513747877389, 0.2682459513747877389, 0.8047378541243649375),
 ( 1.000000000000000000, 0.3333333333333326487, 0.3333333333333326487, 1.000000000000000000) ) ) 
 REPRESENTATION_ITEM ( '' )  SURFACE ( )  );
#4212 = FILL_AREA_STYLE ('',( #998 ) ) ;
#4213 = CARTESIAN_POINT ( 'NONE',  ( -7.707103219846241693, 11.44563316480205195, 1.199995508399781308 ) ) ;
#4214 = CARTESIAN_POINT ( 'NONE',  ( 7.994373021069256069, -0.2999999999999985456, 11.92742660041012037 ) ) ;
#4215 = EDGE_CURVE ( 'NONE', #3429, #2155, #1731, .T. ) ;
#4216 = CARTESIAN_POINT ( 'NONE',  ( 7.792893218813452982, 2.503190322627888056E-16, 0.2000000000000000111 ) ) ;
#4217 = ORIENTED_EDGE ( 'NONE', *, *, #2061, .T. ) ;
#4218 = CARTESIAN_POINT ( 'NONE',  ( 7.416198487095708280, -2.999999999999877431, 24.50000000000000000 ) ) ;
#4219 = ORIENTED_EDGE ( 'NONE', *, *, #3699, .T. ) ;
#4220 = ORIENTED_EDGE ( 'NONE', *, *, #3175, .F. ) ;
#4221 = CARTESIAN_POINT ( 'NONE',  ( 3.750000000000000000, 0.0000000000000000000, 0.0000000000000000000 ) ) ;
#4222 = CARTESIAN_POINT ( 'NONE',  ( 8.004380050947103697, 0.3000000000000017653, 16.09257320545689751 ) ) ;
#4223 = DIRECTION ( 'NONE',  ( 0.0000000000000000000, -4.440892098500999885E-16, -1.000000000000000000 ) ) ;
#4224 = ORIENTED_EDGE ( 'NONE', *, *, #4084, .T. ) ;
#4225 = ADVANCED_FACE ( 'NONE', ( #2297 ), #1064, .T. ) ;
#4226 = CARTESIAN_POINT ( 'NONE',  ( 7.500000000000000000, 1.887379141862500075E-16, 0.1999999999999999833 ) ) ;
#4227 = PRESENTATION_STYLE_ASSIGNMENT (( #2945 ) ) ;
#4228 = CARTESIAN_POINT ( 'NONE',  ( 8.009999999999999787, 0.3000000000000020983, 19.01333333333300146 ) ) ;
#4229 = DIRECTION ( 'NONE',  ( -0.0000000000000000000, -0.0000000000000000000, -1.000000000000000000 ) ) ;
#4230 = DIRECTION ( 'NONE',  ( 1.000000000000000000, 0.0000000000000000000, 0.0000000000000000000 ) ) ;
#4231 = CARTESIAN_POINT ( 'NONE',  ( 7.095449838052177327, -2.429912875191926780, 1.992896780188444961 ) ) ;
#4232 = DIRECTION ( 'NONE',  ( 0.0000000000000000000, 1.000000000000000000, -4.331394446883413448E-16 ) ) ;
#4233 = ORIENTED_EDGE ( 'NONE', *, *, #2894, .T. ) ;
#4234 =( BOUNDED_CURVE ( )  B_SPLINE_CURVE ( 3, ( #3250, #2905, #976, #1914 ),
 .UNSPECIFIED., .F., .T. ) 
 B_SPLINE_CURVE_WITH_KNOTS ( ( 4, 4 ),
 ( 4.328497172959531625, 4.712388980384759840 ),
 .UNSPECIFIED. ) 
 CURVE ( )  GEOMETRIC_REPRESENTATION_ITEM ( )  RATIONAL_B_SPLINE_CURVE ( ( 1.000000000000000000, 0.9877565832834079851, 0.9877565832834079851, 1.000000000000000000 ) ) 
 REPRESENTATION_ITEM ( '' )  );
#4235 = DIRECTION ( 'NONE',  ( -0.0000000000000000000, 4.440892098500999885E-16, 1.000000000000000000 ) ) ;
#4236 = ORIENTED_EDGE ( 'NONE', *, *, #3699, .F. ) ;
#4237 = EDGE_LOOP ( 'NONE', ( #1780, #138, #2526, #227, #404, #2220, #2247, #4170, #221, #840, #3244, #694 ) ) ;
#4238 = DIRECTION ( 'NONE',  ( -0.0000000000000000000, 0.0000000000000000000, 1.000000000000000000 ) ) ;
#4239 = EDGE_CURVE ( 'NONE', #1136, #1811, #3703, .T. ) ;
#4240 = ADVANCED_FACE ( 'NONE', ( #1328 ), #2014, .T. ) ;
#4241 = CARTESIAN_POINT ( 'NONE',  ( 7.500000000000000888, -15.00000000000000178, 0.2000000000000066447 ) ) ;
#4242 = DIRECTION ( 'NONE',  ( 1.000000000000000000, 0.0000000000000000000, 0.0000000000000000000 ) ) ;
#4243 = LINE ( 'NONE', #3913, #2192 ) ;
#4244 = ORIENTED_EDGE ( 'NONE', *, *, #4246, .T. ) ;
#4245 = CARTESIAN_POINT ( 'NONE',  ( 7.426984583261024397, -2.999999999999998224, 2.189999999959065136 ) ) ;
#4246 = EDGE_CURVE ( 'NONE', #3321, #3153, #1110, .T. ) ;
#4247 = CARTESIAN_POINT ( 'NONE',  ( 7.720811614530541434, 1.054230040664136947, 1.209995672082793350 ) ) ;
#4248 = CARTESIAN_POINT ( 'NONE',  ( 8.000000000000000000, -6.715794660427731982E-16, 24.79289321881345387 ) ) ;
#4249 = CARTESIAN_POINT ( 'NONE',  ( 7.010000000000019327, 2.999999999999999556, 2.003074475423983536 ) ) ;
#4250 = STYLED_ITEM ( 'NONE', ( #1499 ), #1066 ) ;
#4251 = CARTESIAN_POINT ( 'NONE',  ( 7.291389360122105145, 2.497014465408706307, 2.200004491600131562 ) ) ;
#4252 = CARTESIAN_POINT ( 'NONE',  ( 7.994373021069128171, 0.3000000000000008771, 12.00666666666699989 ) ) ;
#4253 = AXIS2_PLACEMENT_3D ( 'NONE', #596, #623, #3232 ) ;
#4254 = EDGE_LOOP ( 'NONE', ( #2509, #2483, #1584, #765, #2286, #1363 ) ) ;
#4255 = STYLED_ITEM ( 'NONE', ( #903 ), #1311 ) ;
#4256 =( GEOMETRIC_REPRESENTATION_CONTEXT ( 3 ) GLOBAL_UNCERTAINTY_ASSIGNED_CONTEXT ( ( #3788 ) ) GLOBAL_UNIT_ASSIGNED_CONTEXT ( ( #3501, #548, #2551 ) ) REPRESENTATION_CONTEXT ( 'NONE', 'WORKASPACE' ) );
#4257 = PRESENTATION_LAYER_ASSIGNMENT (  '', '', ( #1221 ) ) ;
#4258 = VERTEX_POINT ( 'NONE', #2400 ) ;
#4259 = ORIENTED_EDGE ( 'NONE', *, *, #2254, .T. ) ;
#4260 = AXIS2_PLACEMENT_3D ( 'NONE', #22, #728, #2674 ) ;
#4261 = PRESENTATION_LAYER_ASSIGNMENT (  '', '', ( #612 ) ) ;
#4262 = CARTESIAN_POINT ( 'NONE',  ( 8.009999999999999787, 6.577076323691025593E-15, 10.00666666666588256 ) ) ;
#4263 = CARTESIAN_POINT ( 'NONE',  ( 7.599999999999980105, -1.727599288431314037E-15, 0.1965747213891239631 ) ) ;
#4264 = PRODUCT_DEFINITION_FORMATION_WITH_SPECIFIED_SOURCE ( 'ANY', '', #523, .NOT_KNOWN. ) ;
#4265 = VECTOR ( 'NONE', #139, 1000.000000000000000 ) ;
#4266 = FACE_OUTER_BOUND ( 'NONE', #4149, .T. ) ;
#4267 = ORIENTED_EDGE ( 'NONE', *, *, #1612, .F. ) ;
#4268 = DIRECTION ( 'NONE',  ( 1.000000000000000000, 0.0000000000000000000, 0.0000000000000000000 ) ) ;
#4269 =( GEOMETRIC_REPRESENTATION_CONTEXT ( 3 ) GLOBAL_UNCERTAINTY_ASSIGNED_CONTEXT ( ( #1868 ) ) GLOBAL_UNIT_ASSIGNED_CONTEXT ( ( #1230, #1080, #904 ) ) REPRESENTATION_CONTEXT ( 'NONE', 'WORKASPACE' ) );
#4270 =( NAMED_UNIT ( * ) SI_UNIT ( $, .STERADIAN. ) SOLID_ANGLE_UNIT ( ) );
#4271 = CARTESIAN_POINT ( 'NONE',  ( 8.009999999999916298, 1.093716962323928010, 1.210000000054874070 ) ) ;
#4272 = ORIENTED_EDGE ( 'NONE', *, *, #1660, .T. ) ;
#4273 = DIRECTION ( 'NONE',  ( 1.000000000000000000, 0.0000000000000000000, 0.0000000000000000000 ) ) ;
#4274 = MANIFOLD_SOLID_BREP ( 'Imported1', #2826 ) ;
#4275 = NEXT_ASSEMBLY_USAGE_OCCURRENCE ( 'NAUO1', ' ', ' ', #1364, #421, $ ) ;
ENDSEC;
END-ISO-10303-21;
