ISO-10303-21;
HEADER;
FILE_DESCRIPTION (( 'STEP AP214' ),
    '1' );
FILE_NAME ('F75671A5-D13B-4B63-81A6-0061419CDD64.STEP',
    '2026-07-14T11:32:08',
    ( '' ),
    ( '' ),
    'SwSTEP 2.0',
    'SolidWorks 2022',
    '' );
FILE_SCHEMA (( 'AUTOMOTIVE_DESIGN' ));
ENDSEC;

DATA;
#1 = CARTESIAN_POINT ( 'NONE',  ( 2.499999999999998668, 14.09999999999999964, 0.0000000000000000000 ) ) ;
#2 = CARTESIAN_POINT ( 'NONE',  ( 3.900000000000000355, 5.200000000000001954, 3.000000000000000000 ) ) ;
#3 = ORIENTED_EDGE ( 'NONE', *, *, #804, .F. ) ;
#4 = VERTEX_POINT ( 'NONE', #855 ) ;
#5 = LINE ( 'NONE', #1430, #4402 ) ;
#6 = EDGE_LOOP ( 'NONE', ( #2024, #1221, #3671, #4730 ) ) ;
#7 = ORIENTED_EDGE ( 'NONE', *, *, #2994, .T. ) ;
#8 = SURFACE_SIDE_STYLE ('',( #4069 ) ) ;
#9 = DIRECTION ( 'NONE',  ( 1.000000000000000000, 0.0000000000000000000, 1.971276677246368807E-16 ) ) ;
#10 = ADVANCED_FACE ( 'NONE', ( #368 ), #420, .F. ) ;
#11 = DIRECTION ( 'NONE',  ( 0.0000000000000000000, -0.0000000000000000000, 1.000000000000000000 ) ) ;
#12 = CARTESIAN_POINT ( 'NONE',  ( -0.2999999999999999889, 7.000000000000000888, -2.699999999999999289 ) ) ;
#13 = DIRECTION ( 'NONE',  ( -0.0000000000000000000, -0.0000000000000000000, 1.000000000000000000 ) ) ;
#14 = LINE ( 'NONE', #1489, #4472 ) ;
#15 = DIRECTION ( 'NONE',  ( 0.0000000000000000000, -1.224646799147353207E-16, 1.000000000000000000 ) ) ;
#16 = VERTEX_POINT ( 'NONE', #759 ) ;
#17 = ADVANCED_FACE ( 'NONE', ( #3331 ), #1172, .F. ) ;
#18 = VERTEX_POINT ( 'NONE', #1567 ) ;
#19 = ORIENTED_EDGE ( 'NONE', *, *, #2244, .T. ) ;
#20 = PRESENTATION_STYLE_ASSIGNMENT (( #1494 ) ) ;
#21 = CARTESIAN_POINT ( 'NONE',  ( 10.00000000000000000, -6.123233995736766282E-16, 0.0000000000000000000 ) ) ;
#22 = DIRECTION ( 'NONE',  ( 0.0000000000000000000, 0.0000000000000000000, -1.000000000000000000 ) ) ;
#23 = FACE_OUTER_BOUND ( 'NONE', #1472, .T. ) ;
#24 = EDGE_CURVE ( 'NONE', #1704, #4010, #4527, .T. ) ;
#25 = ORIENTED_EDGE ( 'NONE', *, *, #4515, .T. ) ;
#26 = ORIENTED_EDGE ( 'NONE', *, *, #877, .F. ) ;
#27 = CARTESIAN_POINT ( 'NONE',  ( 9.700000000000002842, -6.870268543216652303E-16, -3.199999999999999734 ) ) ;
#28 = VERTEX_POINT ( 'NONE', #810 ) ;
#29 = STYLED_ITEM ( 'NONE', ( #4138 ), #561 ) ;
#30 = CARTESIAN_POINT ( 'NONE',  ( 3.232466345374056209E-17, 12.09999999999999964, -0.5000000000000003331 ) ) ;
#31 = ORIENTED_EDGE ( 'NONE', *, *, #1183, .F. ) ;
#32 = SURFACE_SIDE_STYLE ('',( #1947 ) ) ;
#33 = DIRECTION ( 'NONE',  ( 0.0000000000000000000, 0.0000000000000000000, -1.000000000000000000 ) ) ;
#34 = FILL_AREA_STYLE ('',( #360 ) ) ;
#35 = MECHANICAL_DESIGN_GEOMETRIC_PRESENTATION_REPRESENTATION (  '', ( #4447 ), #1723 ) ;
#36 = CARTESIAN_POINT ( 'NONE',  ( 10.00000000000000000, 0.0000000000000000000, 0.0000000000000000000 ) ) ;
#37 = FILL_AREA_STYLE ('',( #3010 ) ) ;
#38 = LINE ( 'NONE', #4073, #1929 ) ;
#39 = MECHANICAL_DESIGN_GEOMETRIC_PRESENTATION_REPRESENTATION (  '', ( #356 ), #1206 ) ;
#40 = CARTESIAN_POINT ( 'NONE',  ( 8.600000000000001421, 6.441097277853656600, -3.824777611091935370 ) ) ;
#41 = ORIENTED_EDGE ( 'NONE', *, *, #1027, .T. ) ;
#42 = ORIENTED_EDGE ( 'NONE', *, *, #46, .T. ) ;
#43 = ORIENTED_EDGE ( 'NONE', *, *, #3411, .T. ) ;
#44 = AXIS2_PLACEMENT_3D ( 'NONE', #318, #3999, #3634 ) ;
#45 = VECTOR ( 'NONE', #2063, 1000.000000000000000 ) ;
#46 = EDGE_CURVE ( 'NONE', #2919, #2460, #4177, .T. ) ;
#47 = DIRECTION ( 'NONE',  ( -1.000000000000000000, 0.0000000000000000000, 0.0000000000000000000 ) ) ;
#48 = SURFACE_STYLE_USAGE ( .BOTH. , #344 ) ;
#49 = SURFACE_STYLE_USAGE ( .BOTH. , #1865 ) ;
#50 = EDGE_LOOP ( 'NONE', ( #969, #2032, #2295, #4641 ) ) ;
#51 = EDGE_LOOP ( 'NONE', ( #3340, #75, #4332, #991 ) ) ;
#52 = EDGE_CURVE ( 'NONE', #610, #2862, #537, .T. ) ;
#53 = COLOUR_RGB ( '',0.6666666666666666297, 0.6666666666666666297, 0.6666666666666666297 ) ;
#54 = ADVANCED_FACE ( 'NONE', ( #3148 ), #3508, .F. ) ;
#55 = FACE_OUTER_BOUND ( 'NONE', #2023, .T. ) ;
#56 = DIRECTION ( 'NONE',  ( 0.0000000000000000000, -1.224646799147353207E-16, 1.000000000000000000 ) ) ;
#57 = AXIS2_PLACEMENT_3D ( 'NONE', #4592, #1299, #3446 ) ;
#58 = ORIENTED_EDGE ( 'NONE', *, *, #4737, .T. ) ;
#59 = COLOUR_RGB ( '',0.6666666666666666297, 0.6666666666666666297, 0.6666666666666666297 ) ;
#60 = CARTESIAN_POINT ( 'NONE',  ( 7.500000000000000000, 11.09999999999999787, 1.900000000000000133 ) ) ;
#61 = VERTEX_POINT ( 'NONE', #555 ) ;
#62 = LINE ( 'NONE', #385, #2599 ) ;
#63 = COLOUR_RGB ( '',0.6666666666666666297, 0.6666666666666666297, 0.6666666666666666297 ) ;
#64 = VECTOR ( 'NONE', #436, 1000.000000000000000 ) ;
#65 = CARTESIAN_POINT ( 'NONE',  ( 3.850000000000000089, 7.000000000000000888, -2.500000000000000444 ) ) ;
#66 = SURFACE_SIDE_STYLE ('',( #2241 ) ) ;
#67 = VECTOR ( 'NONE', #784, 1000.000000000000000 ) ;
#68 = SURFACE_STYLE_USAGE ( .BOTH. , #4473 ) ;
#69 = STYLED_ITEM ( 'NONE', ( #4634 ), #2934 ) ;
#70 = LINE ( 'NONE', #2313, #3296 ) ;
#71 = CARTESIAN_POINT ( 'NONE',  ( 1.149999999999999911, 7.852324513975114614E-16, -4.399999999999999467 ) ) ;
#72 =( GEOMETRIC_REPRESENTATION_CONTEXT ( 3 ) GLOBAL_UNCERTAINTY_ASSIGNED_CONTEXT ( ( #3478 ) ) GLOBAL_UNIT_ASSIGNED_CONTEXT ( ( #4702, #1380, #266 ) ) REPRESENTATION_CONTEXT ( 'NONE', 'WORKASPACE' ) );
#73 = DIRECTION ( 'NONE',  ( -1.931294138418879331E-32, -1.000000000000000000, -3.045692073574210286E-48 ) ) ;
#74 = VERTEX_POINT ( 'NONE', #1622 ) ;
#75 = ORIENTED_EDGE ( 'NONE', *, *, #4057, .F. ) ;
#76 = ORIENTED_EDGE ( 'NONE', *, *, #2666, .T. ) ;
#77 = AXIS2_PLACEMENT_3D ( 'NONE', #87, #56, #4277 ) ;
#78 =( NAMED_UNIT ( * ) PLANE_ANGLE_UNIT ( ) SI_UNIT ( $, .RADIAN. ) );
#79 = LINE ( 'NONE', #3793, #4558 ) ;
#80 = DIRECTION ( 'NONE',  ( 1.000000000000000000, -0.0000000000000000000, 0.0000000000000000000 ) ) ;
#81 = PRESENTATION_LAYER_ASSIGNMENT (  '', '', ( #2383 ) ) ;
#82 = UNCERTAINTY_MEASURE_WITH_UNIT (LENGTH_MEASURE( 1.000000000000000082E-05 ), #2236, 'distance_accuracy_value', 'NONE');
#83 = PLANE ( 'NONE',  #3150 ) ;
#84 = ORIENTED_EDGE ( 'NONE', *, *, #4801, .F. ) ;
#85 = EDGE_CURVE ( 'NONE', #3061, #74, #3811, .T. ) ;
#86 = CARTESIAN_POINT ( 'NONE',  ( 8.727129896139459220, 8.000000000000000000, -2.349999999999965450 ) ) ;
#87 = CARTESIAN_POINT ( 'NONE',  ( 4.449999999999998401, 8.000000000000000000, 2.850000000000000977 ) ) ;
#88 = EDGE_LOOP ( 'NONE', ( #2645, #4806, #3817, #26, #2097, #720, #3661, #2630 ) ) ;
#89 = ADVANCED_FACE ( 'NONE', ( #2717 ), #574, .F. ) ;
#90 = EDGE_CURVE ( 'NONE', #1014, #1092, #2734, .T. ) ;
#91 = VERTEX_POINT ( 'NONE', #1653 ) ;
#92 = DIRECTION ( 'NONE',  ( -0.0000000000000000000, -1.000000000000000000, -0.0000000000000000000 ) ) ;
#93 = DIRECTION ( 'NONE',  ( 0.0000000000000000000, 0.1646435029425313001, -0.9863531400765207513 ) ) ;
#94 = DIRECTION ( 'NONE',  ( 0.0000000000000000000, 0.0000000000000000000, 1.000000000000000000 ) ) ;
#95 = ADVANCED_FACE ( 'NONE', ( #1317 ), #2337, .F. ) ;
#96 = DIRECTION ( 'NONE',  ( 0.0000000000000000000, 1.000000000000000000, 1.224646799147353207E-16 ) ) ;
#97 = DIRECTION ( 'NONE',  ( 0.0000000000000000000, 0.0000000000000000000, 1.000000000000000000 ) ) ;
#98 = DIRECTION ( 'NONE',  ( 0.0000000000000000000, -1.000000000000000000, 1.858632295689436102E-16 ) ) ;
#99 = DIRECTION ( 'NONE',  ( 0.0000000000000000000, -1.000000000000000000, -1.224646799147353207E-16 ) ) ;
#100 = ORIENTED_EDGE ( 'NONE', *, *, #1639, .T. ) ;
#101 = ORIENTED_EDGE ( 'NONE', *, *, #1262, .F. ) ;
#102 = CARTESIAN_POINT ( 'NONE',  ( 5.822949016875156758, 13.10000000000000142, 0.5000000000000000000 ) ) ;
#103 = DIRECTION ( 'NONE',  ( 0.0000000000000000000, 1.000000000000000000, 1.224646799147353207E-16 ) ) ;
#104 = SURFACE_STYLE_FILL_AREA ( #1303 ) ;
#105 = ORIENTED_EDGE ( 'NONE', *, *, #3131, .F. ) ;
#106 =( LENGTH_UNIT ( ) NAMED_UNIT ( * ) SI_UNIT ( .MILLI., .METRE. ) );
#107 = EDGE_CURVE ( 'NONE', #2707, #2992, #2133, .T. ) ;
#108 = DIRECTION ( 'NONE',  ( 0.0000000000000000000, 0.0000000000000000000, 1.000000000000000000 ) ) ;
#109 = VERTEX_POINT ( 'NONE', #121 ) ;
#110 = DIRECTION ( 'NONE',  ( 0.0000000000000000000, 0.0000000000000000000, 1.000000000000000000 ) ) ;
#111 = EDGE_LOOP ( 'NONE', ( #1270, #3172 ) ) ;
#112 = EDGE_CURVE ( 'NONE', #2086, #4566, #3085, .T. ) ;
#113 = AXIS2_PLACEMENT_3D ( 'NONE', #4468, #1156, #2653 ) ;
#114 = CARTESIAN_POINT ( 'NONE',  ( 5.400000000000001243, 11.00000000000000000, 2.198703003632520924E-15 ) ) ;
#115 = CARTESIAN_POINT ( 'NONE',  ( 10.00000000000000000, 0.0000000000000000000, -5.200000000000001066 ) ) ;
#116 = VECTOR ( 'NONE', #4541, 1000.000000000000000 ) ;
#117 = EDGE_CURVE ( 'NONE', #3862, #1704, #920, .T. ) ;
#118 = FILL_AREA_STYLE ('',( #853 ) ) ;
#119 = ORIENTED_EDGE ( 'NONE', *, *, #4120, .T. ) ;
#120 = ORIENTED_EDGE ( 'NONE', *, *, #3379, .T. ) ;
#121 = CARTESIAN_POINT ( 'NONE',  ( 1.049999999999999378, 2.000000000000000000, 2.850000000000000089 ) ) ;
#122 = PLANE ( 'NONE',  #1577 ) ;
#123 = FILL_AREA_STYLE ('',( #1936 ) ) ;
#124 = VECTOR ( 'NONE', #624, 1000.000000000000000 ) ;
#125 = UNCERTAINTY_MEASURE_WITH_UNIT (LENGTH_MEASURE( 1.000000000000000082E-05 ), #1474, 'distance_accuracy_value', 'NONE');
#126 = DIRECTION ( 'NONE',  ( -0.0000000000000000000, -0.0000000000000000000, 1.000000000000000000 ) ) ;
#127 = ORIENTED_EDGE ( 'NONE', *, *, #4705, .F. ) ;
#128 = CIRCLE ( 'NONE', #44, 1.750000000000000000 ) ;
#129 = AXIS2_PLACEMENT_3D ( 'NONE', #4044, #3923, #1795 ) ;
#130 =( NAMED_UNIT ( * ) PLANE_ANGLE_UNIT ( ) SI_UNIT ( $, .RADIAN. ) );
#131 = LINE ( 'NONE', #454, #2067 ) ;
#132 = AXIS2_PLACEMENT_3D ( 'NONE', #3133, #1328, #4121 ) ;
#133 = ORIENTED_EDGE ( 'NONE', *, *, #2666, .F. ) ;
#134 = VECTOR ( 'NONE', #402, 1000.000000000000000 ) ;
#135 = VERTEX_POINT ( 'NONE', #3534 ) ;
#136 = CARTESIAN_POINT ( 'NONE',  ( 1.099999999999999867, 5.199999999999998401, 3.350000000000004974 ) ) ;
#137 = AXIS2_PLACEMENT_3D ( 'NONE', #4376, #2453, #255 ) ;
#138 = AXIS2_PLACEMENT_3D ( 'NONE', #40, #15, #1138 ) ;
#139 = SURFACE_SIDE_STYLE ('',( #3119 ) ) ;
#140 = EDGE_CURVE ( 'NONE', #341, #1185, #4556, .T. ) ;
#141 = PLANE ( 'NONE',  #3142 ) ;
#142 = MECHANICAL_DESIGN_GEOMETRIC_PRESENTATION_REPRESENTATION (  '', ( #2846 ), #1606 ) ;
#143 = VECTOR ( 'NONE', #2715, 1000.000000000000000 ) ;
#144 = DIRECTION ( 'NONE',  ( 1.000000000000000000, 0.0000000000000000000, -0.0000000000000000000 ) ) ;
#145 = ORIENTED_EDGE ( 'NONE', *, *, #24, .F. ) ;
#146 = VERTEX_POINT ( 'NONE', #3173 ) ;
#147 = VECTOR ( 'NONE', #2490, 1000.000000000000000 ) ;
#148 =( LENGTH_UNIT ( ) NAMED_UNIT ( * ) SI_UNIT ( .MILLI., .METRE. ) );
#149 = EDGE_CURVE ( 'NONE', #2862, #244, #4643, .T. ) ;
#150 = EDGE_CURVE ( 'NONE', #1839, #3361, #2422, .T. ) ;
#151 = DIRECTION ( 'NONE',  ( 1.000000000000000000, 0.0000000000000000000, 0.0000000000000000000 ) ) ;
#152 = CARTESIAN_POINT ( 'NONE',  ( 7.500000000000000000, 11.09999999999999787, -1.900000000000000133 ) ) ;
#153 = FILL_AREA_STYLE_COLOUR ( '', #3024 ) ;
#154 = DIRECTION ( 'NONE',  ( -0.0000000000000000000, -1.000000000000000000, -0.0000000000000000000 ) ) ;
#155 = LINE ( 'NONE', #1942, #4026 ) ;
#156 = EDGE_LOOP ( 'NONE', ( #2872, #2202, #2863, #1557, #4664, #868 ) ) ;
#157 = ORIENTED_EDGE ( 'NONE', *, *, #1788, .F. ) ;
#158 =( LENGTH_UNIT ( ) NAMED_UNIT ( * ) SI_UNIT ( .MILLI., .METRE. ) );
#159 = LINE ( 'NONE', #3055, #4474 ) ;
#160 = DIRECTION ( 'NONE',  ( 0.0000000000000000000, 1.224646799147353207E-16, -1.000000000000000000 ) ) ;
#161 = DIRECTION ( 'NONE',  ( 4.352066336947023036E-32, -1.000000000000000000, -1.546607676137689766E-47 ) ) ;
#162 = PLANE ( 'NONE',  #3724 ) ;
#163 = EDGE_CURVE ( 'NONE', #445, #1645, #2497, .T. ) ;
#164 = UNCERTAINTY_MEASURE_WITH_UNIT (LENGTH_MEASURE( 1.000000000000000082E-05 ), #4460, 'distance_accuracy_value', 'NONE');
#165 = SURFACE_STYLE_FILL_AREA ( #4191 ) ;
#166 = ORIENTED_EDGE ( 'NONE', *, *, #3250, .T. ) ;
#167 = SURFACE_SIDE_STYLE ('',( #234 ) ) ;
#168 = ADVANCED_FACE ( 'NONE', ( #2061 ), #3556, .F. ) ;
#169 = CARTESIAN_POINT ( 'NONE',  ( 8.900000000000000355, 5.200000000000001954, 3.000000000000000000 ) ) ;
#170 = EDGE_CURVE ( 'NONE', #4756, #1993, #1414, .T. ) ;
#171 = CARTESIAN_POINT ( 'NONE',  ( 1.049999999999998934, 5.299999999999999822, 2.850000000000000089 ) ) ;
#172 = ORIENTED_EDGE ( 'NONE', *, *, #4370, .F. ) ;
#173 = ORIENTED_EDGE ( 'NONE', *, *, #862, .T. ) ;
#174 = FACE_OUTER_BOUND ( 'NONE', #3646, .T. ) ;
#175 = DIRECTION ( 'NONE',  ( 0.0000000000000000000, 1.000000000000000000, 0.0000000000000000000 ) ) ;
#176 = DIRECTION ( 'NONE',  ( -1.000000000000000000, 0.0000000000000000000, -3.573610705253190010E-16 ) ) ;
#177 = LINE ( 'NONE', #2355, #4633 ) ;
#178 = DIRECTION ( 'NONE',  ( 0.0000000000000000000, -0.0000000000000000000, 1.000000000000000000 ) ) ;
#179 = EDGE_LOOP ( 'NONE', ( #4441, #3663, #3278, #3599 ) ) ;
#180 = ORIENTED_EDGE ( 'NONE', *, *, #386, .T. ) ;
#181 = FILL_AREA_STYLE ('',( #4213 ) ) ;
#182 =( GEOMETRIC_REPRESENTATION_CONTEXT ( 3 ) GLOBAL_UNCERTAINTY_ASSIGNED_CONTEXT ( ( #988 ) ) GLOBAL_UNIT_ASSIGNED_CONTEXT ( ( #2951, #3030, #432 ) ) REPRESENTATION_CONTEXT ( 'NONE', 'WORKASPACE' ) );
#183 = CARTESIAN_POINT ( 'NONE',  ( 7.500000000000000000, 13.10000000000000142, -0.5000000000000000000 ) ) ;
#184 = LINE ( 'NONE', #3537, #1589 ) ;
#185 = FACE_OUTER_BOUND ( 'NONE', #2596, .T. ) ;
#186 = CIRCLE ( 'NONE', #953, 1.750000000000000000 ) ;
#187 = DIRECTION ( 'NONE',  ( 0.0000000000000000000, 1.000000000000000000, 0.0000000000000000000 ) ) ;
#188 = ORIENTED_EDGE ( 'NONE', *, *, #2564, .T. ) ;
#189 = ADVANCED_FACE ( 'NONE', ( #3632 ), #1776, .T. ) ;
#190 = AXIS2_PLACEMENT_3D ( 'NONE', #4377, #3576, #1369 ) ;
#191 = DIRECTION ( 'NONE',  ( 0.0000000000000000000, 0.1646435029425317720, -0.9863531400765207513 ) ) ;
#192 =( NAMED_UNIT ( * ) SI_UNIT ( $, .STERADIAN. ) SOLID_ANGLE_UNIT ( ) );
#193 = STYLED_ITEM ( 'NONE', ( #3891 ), #1309 ) ;
#194 = STYLED_ITEM ( 'NONE', ( #473 ), #3546 ) ;
#195 = ORIENTED_EDGE ( 'NONE', *, *, #149, .F. ) ;
#196 = EDGE_CURVE ( 'NONE', #4463, #2358, #1698, .T. ) ;
#197 = EDGE_CURVE ( 'NONE', #4108, #1664, #4334, .T. ) ;
#198 = VERTEX_POINT ( 'NONE', #1717 ) ;
#199 = VECTOR ( 'NONE', #3628, 1000.000000000000000 ) ;
#200 = CARTESIAN_POINT ( 'NONE',  ( 8.900000000000000355, 2.000000000000001776, 3.000000000000000000 ) ) ;
#201 = DIRECTION ( 'NONE',  ( -1.000000000000000000, 0.0000000000000000000, -3.573610705253190010E-16 ) ) ;
#202 = MECHANICAL_DESIGN_GEOMETRIC_PRESENTATION_REPRESENTATION (  '', ( #2515 ), #906 ) ;
#203 = VECTOR ( 'NONE', #682, 1000.000000000000000 ) ;
#204 = FACE_OUTER_BOUND ( 'NONE', #3137, .T. ) ;
#205 = DIRECTION ( 'NONE',  ( -1.000000000000000000, 0.0000000000000000000, 0.0000000000000000000 ) ) ;
#206 = EDGE_LOOP ( 'NONE', ( #3387, #3926, #636, #4526 ) ) ;
#207 = ORIENTED_EDGE ( 'NONE', *, *, #3516, .T. ) ;
#208 = STYLED_ITEM ( 'NONE', ( #1994 ), #54 ) ;
#209 = CARTESIAN_POINT ( 'NONE',  ( 0.0000000000000000000, 14.09999999999999964, 2.899999999999999911 ) ) ;
#210 = AXIS2_PLACEMENT_3D ( 'NONE', #3629, #205, #931 ) ;
#211 =( LENGTH_UNIT ( ) NAMED_UNIT ( * ) SI_UNIT ( .MILLI., .METRE. ) );
#212 = CARTESIAN_POINT ( 'NONE',  ( 6.299999999999999822, 8.000000000000000000, -4.253643450194938502 ) ) ;
#213 = UNCERTAINTY_MEASURE_WITH_UNIT (LENGTH_MEASURE( 1.000000000000000082E-05 ), #954, 'distance_accuracy_value', 'NONE');
#214 = COLOUR_RGB ( '',0.6666666666666666297, 0.6666666666666666297, 0.6666666666666666297 ) ;
#215 = DIRECTION ( 'NONE',  ( 0.0000000000000000000, 0.0000000000000000000, 1.000000000000000000 ) ) ;
#216 = ORIENTED_EDGE ( 'NONE', *, *, #553, .T. ) ;
#217 = DIRECTION ( 'NONE',  ( 0.0000000000000000000, 0.0000000000000000000, 1.000000000000000000 ) ) ;
#218 = VECTOR ( 'NONE', #2095, 1000.000000000000000 ) ;
#219 = CARTESIAN_POINT ( 'NONE',  ( 4.449999999999999289, -1.745121688784978277E-16, 2.850000000000000089 ) ) ;
#220 = DIRECTION ( 'NONE',  ( 1.000000000000000000, 0.0000000000000000000, 0.0000000000000000000 ) ) ;
#221 = CARTESIAN_POINT ( 'NONE',  ( 6.400000000000000355, 8.000000000000000000, -3.824777611091935370 ) ) ;
#222 = ADVANCED_FACE ( 'NONE', ( #3214 ), #3971, .T. ) ;
#223 = ORIENTED_EDGE ( 'NONE', *, *, #4049, .T. ) ;
#224 = MECHANICAL_DESIGN_GEOMETRIC_PRESENTATION_REPRESENTATION (  '', ( #1304 ), #856 ) ;
#225 = VERTEX_POINT ( 'NONE', #802 ) ;
#226 = EDGE_CURVE ( 'NONE', #1118, #3742, #2658, .T. ) ;
#227 = DIRECTION ( 'NONE',  ( -0.0000000000000000000, -1.000000000000000000, -0.0000000000000000000 ) ) ;
#228 = DIRECTION ( 'NONE',  ( 0.0000000000000000000, -1.000000000000000000, -0.0000000000000000000 ) ) ;
#229 = EDGE_CURVE ( 'NONE', #634, #198, #3737, .T. ) ;
#230 = LINE ( 'NONE', #4331, #2303 ) ;
#231 = ORIENTED_EDGE ( 'NONE', *, *, #1944, .F. ) ;
#232 = ORIENTED_EDGE ( 'NONE', *, *, #914, .F. ) ;
#233 = CARTESIAN_POINT ( 'NONE',  ( 0.3999999999999993006, 0.0000000000000000000, 0.0000000000000000000 ) ) ;
#234 = SURFACE_STYLE_FILL_AREA ( #4240 ) ;
#235 = MANIFOLD_SOLID_BREP ( 'Cut-Extrude20', #4011 ) ;
#236 = SURFACE_SIDE_STYLE ('',( #4721 ) ) ;
#237 = DIRECTION ( 'NONE',  ( 1.000000000000000000, 0.0000000000000000000, 0.0000000000000000000 ) ) ;
#238 = ORIENTED_EDGE ( 'NONE', *, *, #2925, .F. ) ;
#239 = ORIENTED_EDGE ( 'NONE', *, *, #2556, .T. ) ;
#240 =( NAMED_UNIT ( * ) SI_UNIT ( $, .STERADIAN. ) SOLID_ANGLE_UNIT ( ) );
#241 = LINE ( 'NONE', #2434, #1438 ) ;
#242 = CARTESIAN_POINT ( 'NONE',  ( 7.500000000000000000, 11.09999999999999787, 0.0000000000000000000 ) ) ;
#243 = ORIENTED_EDGE ( 'NONE', *, *, #1996, .F. ) ;
#244 = VERTEX_POINT ( 'NONE', #2187 ) ;
#245 = EDGE_CURVE ( 'NONE', #4192, #2321, #1104, .T. ) ;
#246 = CARTESIAN_POINT ( 'NONE',  ( 4.449999999999999289, 1.438959988998141639E-16, -2.350000000000001421 ) ) ;
#247 = DIRECTION ( 'NONE',  ( 3.573610705253190010E-16, 1.224646799147353207E-16, -1.000000000000000000 ) ) ;
#248 = LINE ( 'NONE', #2875, #2579 ) ;
#249 = LINE ( 'NONE', #1049, #964 ) ;
#250 = EDGE_CURVE ( 'NONE', #3263, #891, #1086, .T. ) ;
#251 = CARTESIAN_POINT ( 'NONE',  ( 0.0000000000000000000, 0.0000000000000000000, 0.0000000000000000000 ) ) ;
#252 = CARTESIAN_POINT ( 'NONE',  ( 6.054168820838883501E-16, -2.464404086265605809, -6.075618615209994466 ) ) ;
#253 = ORIENTED_EDGE ( 'NONE', *, *, #453, .F. ) ;
#254 = ORIENTED_EDGE ( 'NONE', *, *, #3022, .F. ) ;
#255 = DIRECTION ( 'NONE',  ( 0.0000000000000000000, 0.0000000000000000000, -1.000000000000000000 ) ) ;
#256 = DIRECTION ( 'NONE',  ( 0.0000000000000000000, 0.0000000000000000000, 1.000000000000000000 ) ) ;
#257 = ADVANCED_FACE ( 'NONE', ( #3006 ), #390, .F. ) ;
#258 = PLANE ( 'NONE',  #4534 ) ;
#259 =( LENGTH_UNIT ( ) NAMED_UNIT ( * ) SI_UNIT ( .MILLI., .METRE. ) );
#260 = UNCERTAINTY_MEASURE_WITH_UNIT (LENGTH_MEASURE( 1.000000000000000082E-05 ), #2155, 'distance_accuracy_value', 'NONE');
#261 = PLANE ( 'NONE',  #3397 ) ;
#262 = AXIS2_PLACEMENT_3D ( 'NONE', #4791, #2632, #1482 ) ;
#263 = ORIENTED_EDGE ( 'NONE', *, *, #3467, .F. ) ;
#264 = ORIENTED_EDGE ( 'NONE', *, *, #2208, .T. ) ;
#265 = CARTESIAN_POINT ( 'NONE',  ( 2.499999999999998668, 13.10000000000000142, 0.0000000000000000000 ) ) ;
#266 =( NAMED_UNIT ( * ) SI_UNIT ( $, .STERADIAN. ) SOLID_ANGLE_UNIT ( ) );
#267 = AXIS2_PLACEMENT_3D ( 'NONE', #1398, #2887, #4360 ) ;
#268 = DIRECTION ( 'NONE',  ( 0.0000000000000000000, 1.000000000000000000, 0.0000000000000000000 ) ) ;
#269 =( NAMED_UNIT ( * ) PLANE_ANGLE_UNIT ( ) SI_UNIT ( $, .RADIAN. ) );
#270 = ORIENTED_EDGE ( 'NONE', *, *, #3967, .T. ) ;
#271 =( GEOMETRIC_REPRESENTATION_CONTEXT ( 3 ) GLOBAL_UNCERTAINTY_ASSIGNED_CONTEXT ( ( #4197 ) ) GLOBAL_UNIT_ASSIGNED_CONTEXT ( ( #1908, #78, #1679 ) ) REPRESENTATION_CONTEXT ( 'NONE', 'WORKASPACE' ) );
#272 = ORIENTED_EDGE ( 'NONE', *, *, #2564, .F. ) ;
#273 = DIRECTION ( 'NONE',  ( 0.0000000000000000000, 1.000000000000000000, 0.0000000000000000000 ) ) ;
#274 = CARTESIAN_POINT ( 'NONE',  ( 1.299999999999999822, 7.000000000000000888, -4.253643450194972253 ) ) ;
#275 = CARTESIAN_POINT ( 'NONE',  ( 1.049999999999998934, 1.999999999999999556, -2.149999999999999911 ) ) ;
#276 = VECTOR ( 'NONE', #1334, 1000.000000000000000 ) ;
#277 = PRESENTATION_LAYER_ASSIGNMENT (  '', '', ( #4458 ) ) ;
#278 = DIRECTION ( 'NONE',  ( 0.0000000000000000000, -1.000000000000000000, -1.224646799147352961E-16 ) ) ;
#279 = VECTOR ( 'NONE', #2592, 1000.000000000000000 ) ;
#280 = STYLED_ITEM ( 'NONE', ( #2628 ), #4031 ) ;
#281 = DIRECTION ( 'NONE',  ( 0.0000000000000000000, 0.9695125564162684340, 0.2450416351381778102 ) ) ;
#282 = ORIENTED_EDGE ( 'NONE', *, *, #3250, .F. ) ;
#283 = ORIENTED_EDGE ( 'NONE', *, *, #4434, .F. ) ;
#284 = SURFACE_STYLE_FILL_AREA ( #2904 ) ;
#285 = CARTESIAN_POINT ( 'NONE',  ( 1.399999999999998579, 8.000000000000000000, -5.045130994854378770 ) ) ;
#286 =( GEOMETRIC_REPRESENTATION_CONTEXT ( 3 ) GLOBAL_UNCERTAINTY_ASSIGNED_CONTEXT ( ( #4146 ) ) GLOBAL_UNIT_ASSIGNED_CONTEXT ( ( #1074, #1017, #3980 ) ) REPRESENTATION_CONTEXT ( 'NONE', 'WORKASPACE' ) );
#287 = DIRECTION ( 'NONE',  ( 0.0000000000000000000, 0.0000000000000000000, -1.000000000000000000 ) ) ;
#288 = DIRECTION ( 'NONE',  ( -0.0000000000000000000, -1.000000000000000000, -1.224646799147353207E-16 ) ) ;
#289 = DIRECTION ( 'NONE',  ( 1.000000000000000000, 0.0000000000000000000, 0.0000000000000000000 ) ) ;
#290 = EDGE_LOOP ( 'NONE', ( #2098, #76, #2368, #2986 ) ) ;
#291 = EDGE_CURVE ( 'NONE', #225, #4043, #1486, .T. ) ;
#292 = ORIENTED_EDGE ( 'NONE', *, *, #291, .T. ) ;
#293 = VECTOR ( 'NONE', #2065, 1000.000000000000000 ) ;
#294 = EDGE_CURVE ( 'NONE', #3330, #2730, #1130, .T. ) ;
#295 = ORIENTED_EDGE ( 'NONE', *, *, #3284, .F. ) ;
#296 = LINE ( 'NONE', #1452, #4217 ) ;
#297 = PRESENTATION_LAYER_ASSIGNMENT (  '', '', ( #1915 ) ) ;
#298 = SURFACE_SIDE_STYLE ('',( #3543 ) ) ;
#299 = DIRECTION ( 'NONE',  ( -6.255012533570216466E-17, 0.0000000000000000000, 1.000000000000000000 ) ) ;
#300 =( GEOMETRIC_REPRESENTATION_CONTEXT ( 3 ) GLOBAL_UNCERTAINTY_ASSIGNED_CONTEXT ( ( #3715 ) ) GLOBAL_UNIT_ASSIGNED_CONTEXT ( ( #2191, #2245, #3058 ) ) REPRESENTATION_CONTEXT ( 'NONE', 'WORKASPACE' ) );
#301 = EDGE_CURVE ( 'NONE', #2321, #3001, #2375, .T. ) ;
#302 = ORIENTED_EDGE ( 'NONE', *, *, #812, .F. ) ;
#303 = VECTOR ( 'NONE', #1045, 1000.000000000000000 ) ;
#304 = ORIENTED_EDGE ( 'NONE', *, *, #2306, .T. ) ;
#305 = FACE_OUTER_BOUND ( 'NONE', #3718, .T. ) ;
#306 = VECTOR ( 'NONE', #3355, 1000.000000000000000 ) ;
#307 = DIRECTION ( 'NONE',  ( 2.414117673023595674E-32, -1.000000000000000000, -1.224646799147353207E-16 ) ) ;
#308 = MECHANICAL_DESIGN_GEOMETRIC_PRESENTATION_REPRESENTATION (  '', ( #2945 ), #3868 ) ;
#309 = FACE_OUTER_BOUND ( 'NONE', #2983, .T. ) ;
#310 = DIRECTION ( 'NONE',  ( 0.0000000000000000000, -0.0000000000000000000, -1.000000000000000000 ) ) ;
#311 = VECTOR ( 'NONE', #4426, 1000.000000000000000 ) ;
#312 = CARTESIAN_POINT ( 'NONE',  ( 5.549999999999998934, 8.000000000000000000, -2.349999999999965450 ) ) ;
#313 = DIRECTION ( 'NONE',  ( 1.314184451497581013E-16, -1.000000000000000000, 0.0000000000000000000 ) ) ;
#314 = ORIENTED_EDGE ( 'NONE', *, *, #3110, .F. ) ;
#315 = UNCERTAINTY_MEASURE_WITH_UNIT (LENGTH_MEASURE( 1.000000000000000082E-05 ), #3994, 'distance_accuracy_value', 'NONE');
#316 =( NAMED_UNIT ( * ) SI_UNIT ( $, .STERADIAN. ) SOLID_ANGLE_UNIT ( ) );
#317 = CARTESIAN_POINT ( 'NONE',  ( -3.474901321277073786E-15, 12.09999999999999964, 0.4999999999999940603 ) ) ;
#318 = CARTESIAN_POINT ( 'NONE',  ( 2.499999999999998668, 12.09999999999999964, 0.0000000000000000000 ) ) ;
#319 = CARTESIAN_POINT ( 'NONE',  ( 3.600000000000000089, 1.612742585576168564, -5.045130994854378770 ) ) ;
#320 = ORIENTED_EDGE ( 'NONE', *, *, #4584, .F. ) ;
#321 = VERTEX_POINT ( 'NONE', #4231 ) ;
#322 = CARTESIAN_POINT ( 'NONE',  ( -0.2999999999999999889, 7.000000000000000888, -2.699999999999999734 ) ) ;
#323 = EDGE_CURVE ( 'NONE', #1839, #91, #547, .T. ) ;
#324 = PLANE ( 'NONE',  #3151 ) ;
#325 = FILL_AREA_STYLE_COLOUR ( '', #1661 ) ;
#326 = ORIENTED_EDGE ( 'NONE', *, *, #2103, .T. ) ;
#327 = EDGE_LOOP ( 'NONE', ( #43, #3072, #2381, #4119, #1548, #207, #3829, #3027, #2058, #4106, #430, #302, #355, #3130, #1427, #2644 ) ) ;
#328 = EDGE_CURVE ( 'NONE', #1397, #3233, #3141, .T. ) ;
#329 = CARTESIAN_POINT ( 'NONE',  ( 7.505624112914681234, 4.898587196589418006E-17, -0.5999999999999998668 ) ) ;
#330 = DIRECTION ( 'NONE',  ( 0.0000000000000000000, 0.0000000000000000000, -1.000000000000000000 ) ) ;
#331 =( NAMED_UNIT ( * ) PLANE_ANGLE_UNIT ( ) SI_UNIT ( $, .RADIAN. ) );
#332 = LINE ( 'NONE', #1794, #3837 ) ;
#333 = LINE ( 'NONE', #2016, #45 ) ;
#334 = CARTESIAN_POINT ( 'NONE',  ( 10.00000000000000000, -6.123233995736766282E-16, 5.000000000000000000 ) ) ;
#335 = CARTESIAN_POINT ( 'NONE',  ( -0.2999999999999999889, 7.000000000000000888, 4.299999999999999822 ) ) ;
#336 = CARTESIAN_POINT ( 'NONE',  ( 1.399999999999998579, 8.000000000000000000, -4.253643450194973141 ) ) ;
#337 = DIRECTION ( 'NONE',  ( 7.660181077863341269E-33, 1.000000000000000000, 4.791452865145261271E-49 ) ) ;
#338 = CARTESIAN_POINT ( 'NONE',  ( 3.949999999999998845, 5.299999999999999822, -2.149999999999999911 ) ) ;
#339 = CARTESIAN_POINT ( 'NONE',  ( 1.299999999999999822, 7.000000000000000000, -2.500000000000000444 ) ) ;
#340 = ORIENTED_EDGE ( 'NONE', *, *, #4350, .F. ) ;
#341 = VERTEX_POINT ( 'NONE', #1584 ) ;
#342 = DIRECTION ( 'NONE',  ( 0.0000000000000000000, -1.000000000000000000, 0.0000000000000000000 ) ) ;
#343 = FACE_OUTER_BOUND ( 'NONE', #1375, .T. ) ;
#344 = SURFACE_SIDE_STYLE ('',( #4433 ) ) ;
#345 = PRESENTATION_LAYER_ASSIGNMENT (  '', '', ( #3900 ) ) ;
#346 = VERTEX_POINT ( 'NONE', #1250 ) ;
#347 = EDGE_CURVE ( 'NONE', #3742, #3051, #2711, .T. ) ;
#348 = MECHANICAL_DESIGN_GEOMETRIC_PRESENTATION_REPRESENTATION (  '', ( #2412 ), #271 ) ;
#349 = VERTEX_POINT ( 'NONE', #2007 ) ;
#350 = DIRECTION ( 'NONE',  ( -1.000000000000000000, -1.264537828726647086E-32, 1.032573497605242224E-16 ) ) ;
#351 = DIRECTION ( 'NONE',  ( 0.0000000000000000000, 1.000000000000000000, 1.224646799147353207E-16 ) ) ;
#352 = ADVANCED_FACE ( 'NONE', ( #4170 ), #3486, .T. ) ;
#353 = ADVANCED_FACE ( 'NONE', ( #1968 ), #4518, .T. ) ;
#354 = DIRECTION ( 'NONE',  ( 0.0000000000000000000, -1.000000000000000000, 0.0000000000000000000 ) ) ;
#355 = ORIENTED_EDGE ( 'NONE', *, *, #3958, .T. ) ;
#356 = STYLED_ITEM ( 'NONE', ( #3167 ), #1290 ) ;
#357 = FACE_OUTER_BOUND ( 'NONE', #3810, .T. ) ;
#358 = CARTESIAN_POINT ( 'NONE',  ( 8.600000000000001421, 7.000000000000000888, -4.399999999999998579 ) ) ;
#359 = AXIS2_PLACEMENT_3D ( 'NONE', #557, #1655, #4275 ) ;
#360 = FILL_AREA_STYLE_COLOUR ( '', #3477 ) ;
#361 = DIRECTION ( 'NONE',  ( -0.0000000000000000000, 0.0000000000000000000, 1.000000000000000000 ) ) ;
#362 = PRESENTATION_LAYER_ASSIGNMENT (  '', '', ( #280 ) ) ;
#363 = LINE ( 'NONE', #3367, #3914 ) ;
#364 = DIRECTION ( 'NONE',  ( 0.0000000000000000000, 0.0000000000000000000, 1.000000000000000000 ) ) ;
#365 = PLANE ( 'NONE',  #138 ) ;
#366 = ORIENTED_EDGE ( 'NONE', *, *, #717, .T. ) ;
#367 = EDGE_LOOP ( 'NONE', ( #2831, #4552, #1520, #375 ) ) ;
#368 = FACE_OUTER_BOUND ( 'NONE', #409, .T. ) ;
#369 = VECTOR ( 'NONE', #3497, 1000.000000000000000 ) ;
#370 = COLOUR_RGB ( '',0.6666666666666666297, 0.6666666666666666297, 0.6666666666666666297 ) ;
#371 = PRESENTATION_STYLE_ASSIGNMENT (( #3689 ) ) ;
#372 = DIRECTION ( 'NONE',  ( 0.0000000000000000000, -1.000000000000000000, -1.224646799147353207E-16 ) ) ;
#373 = CARTESIAN_POINT ( 'NONE',  ( 8.600000000000001421, 1.612742585576166343, -5.045130994854378770 ) ) ;
#374 = PRESENTATION_LAYER_ASSIGNMENT (  '', '', ( #3314 ) ) ;
#375 = ORIENTED_EDGE ( 'NONE', *, *, #52, .T. ) ;
#376 = PRESENTATION_LAYER_ASSIGNMENT (  '', '', ( #2616 ) ) ;
#377 = COLOUR_RGB ( '',0.6666666666666666297, 0.6666666666666666297, 0.6666666666666666297 ) ;
#378 = ORIENTED_EDGE ( 'NONE', *, *, #4271, .T. ) ;
#379 = DIRECTION ( 'NONE',  ( 0.0000000000000000000, 0.0000000000000000000, 1.000000000000000000 ) ) ;
#380 = EDGE_CURVE ( 'NONE', #2797, #2260, #949, .T. ) ;
#381 = CARTESIAN_POINT ( 'NONE',  ( 1.299999999999999822, 7.000000000000000888, -4.253643450194973141 ) ) ;
#382 = ORIENTED_EDGE ( 'NONE', *, *, #2636, .F. ) ;
#383 = ORIENTED_EDGE ( 'NONE', *, *, #2933, .T. ) ;
#384 = AXIS2_PLACEMENT_3D ( 'NONE', #735, #1524, #3722 ) ;
#385 = CARTESIAN_POINT ( 'NONE',  ( 3.727129896139459664, 7.000000000000000000, 8.572527594031474176E-16 ) ) ;
#386 = EDGE_CURVE ( 'NONE', #1645, #4463, #4678, .T. ) ;
#387 = DIRECTION ( 'NONE',  ( 0.0000000000000000000, 0.0000000000000000000, -1.000000000000000000 ) ) ;
#388 = COLOUR_RGB ( '',0.6666666666666666297, 0.6666666666666666297, 0.6666666666666666297 ) ;
#389 = CARTESIAN_POINT ( 'NONE',  ( 3.600000000000000533, 8.000000000000000000, -3.824777611091934926 ) ) ;
#390 = PLANE ( 'NONE',  #3930 ) ;
#391 = FACE_OUTER_BOUND ( 'NONE', #1175, .T. ) ;
#392 = VECTOR ( 'NONE', #3348, 1000.000000000000000 ) ;
#393 = EDGE_CURVE ( 'NONE', #2559, #4540, #4367, .T. ) ;
#394 = FACE_OUTER_BOUND ( 'NONE', #3869, .T. ) ;
#395 = CARTESIAN_POINT ( 'NONE',  ( 6.099999999999999645, 5.200000000000001954, 3.000000000000000000 ) ) ;
#396 =( NAMED_UNIT ( * ) PLANE_ANGLE_UNIT ( ) SI_UNIT ( $, .RADIAN. ) );
#397 = ORIENTED_EDGE ( 'NONE', *, *, #1728, .T. ) ;
#398 = ORIENTED_EDGE ( 'NONE', *, *, #2111, .T. ) ;
#399 = VERTEX_POINT ( 'NONE', #275 ) ;
#400 = DIRECTION ( 'NONE',  ( 0.0000000000000000000, 1.224646799147353207E-16, -1.000000000000000000 ) ) ;
#401 = CARTESIAN_POINT ( 'NONE',  ( 6.049999999999998046, 5.299999999999999822, -2.149999999999999911 ) ) ;
#402 = DIRECTION ( 'NONE',  ( -0.0000000000000000000, -1.224646799147352961E-16, 1.000000000000000000 ) ) ;
#403 = DIRECTION ( 'NONE',  ( 0.0000000000000000000, -1.224646799147353207E-16, 1.000000000000000000 ) ) ;
#404 = APPLICATION_CONTEXT ( 'automotive_design' ) ;
#405 = ORIENTED_EDGE ( 'NONE', *, *, #294, .T. ) ;
#406 = EDGE_LOOP ( 'NONE', ( #188, #4717, #2832, #4568 ) ) ;
#407 = DIRECTION ( 'NONE',  ( 0.0000000000000000000, 1.000000000000000000, 0.0000000000000000000 ) ) ;
#408 = FILL_AREA_STYLE_COLOUR ( '', #4624 ) ;
#409 = EDGE_LOOP ( 'NONE', ( #397, #772, #992, #522 ) ) ;
#410 =( NAMED_UNIT ( * ) SI_UNIT ( $, .STERADIAN. ) SOLID_ANGLE_UNIT ( ) );
#411 = ORIENTED_EDGE ( 'NONE', *, *, #4227, .F. ) ;
#412 = CARTESIAN_POINT ( 'NONE',  ( 8.727129896139459220, 7.000000000000000888, -4.253643450194936726 ) ) ;
#413 = DIRECTION ( 'NONE',  ( -1.000000000000000000, -0.0000000000000000000, -0.0000000000000000000 ) ) ;
#414 = ADVANCED_FACE ( 'NONE', ( #1310 ), #4652, .F. ) ;
#415 = PLANE ( 'NONE',  #1342 ) ;
#416 = DIRECTION ( 'NONE',  ( 0.0000000000000000000, 0.0000000000000000000, 1.000000000000000000 ) ) ;
#417 = CARTESIAN_POINT ( 'NONE',  ( 10.00000000000000000, -5.575204553118325272E-16, 3.800000000000000266 ) ) ;
#418 = ORIENTED_EDGE ( 'NONE', *, *, #2629, .F. ) ;
#419 = VERTEX_POINT ( 'NONE', #4267 ) ;
#420 = PLANE ( 'NONE',  #1668 ) ;
#421 = EDGE_CURVE ( 'NONE', #18, #198, #2446, .T. ) ;
#422 = EDGE_CURVE ( 'NONE', #1491, #4805, #4329, .T. ) ;
#423 = DIRECTION ( 'NONE',  ( 0.0000000000000000000, 1.000000000000000000, 0.0000000000000000000 ) ) ;
#424 = DIRECTION ( 'NONE',  ( -1.000000000000000000, -0.0000000000000000000, -0.0000000000000000000 ) ) ;
#425 = DIRECTION ( 'NONE',  ( 1.000000000000000000, -0.0000000000000000000, 0.0000000000000000000 ) ) ;
#426 = FILL_AREA_STYLE ('',( #2991 ) ) ;
#427 = ORIENTED_EDGE ( 'NONE', *, *, #4562, .T. ) ;
#428 = ORIENTED_EDGE ( 'NONE', *, *, #117, .F. ) ;
#429 = FACE_OUTER_BOUND ( 'NONE', #1715, .T. ) ;
#430 = ORIENTED_EDGE ( 'NONE', *, *, #4576, .T. ) ;
#431 = VECTOR ( 'NONE', #1360, 1000.000000000000000 ) ;
#432 =( NAMED_UNIT ( * ) SI_UNIT ( $, .STERADIAN. ) SOLID_ANGLE_UNIT ( ) );
#433 = ORIENTED_EDGE ( 'NONE', *, *, #163, .T. ) ;
#434 = VECTOR ( 'NONE', #3300, 1000.000000000000114 ) ;
#435 = CARTESIAN_POINT ( 'NONE',  ( 4.177050983124835248, 12.09999999999999964, 0.5000000000000230926 ) ) ;
#436 = DIRECTION ( 'NONE',  ( 0.0000000000000000000, 0.0000000000000000000, 1.000000000000000000 ) ) ;
#437 = AXIS2_PLACEMENT_3D ( 'NONE', #4194, #605, #1274 ) ;
#438 = FACE_BOUND ( 'NONE', #3363, .T. ) ;
#439 = LINE ( 'NONE', #4802, #1733 ) ;
#440 = EDGE_CURVE ( 'NONE', #3329, #2249, #4593, .T. ) ;
#441 = VECTOR ( 'NONE', #3804, 1000.000000000000000 ) ;
#442 = CARTESIAN_POINT ( 'NONE',  ( 6.400000000000000355, 8.000000000000000000, -3.824777611091935370 ) ) ;
#443 = ORIENTED_EDGE ( 'NONE', *, *, #3636, .T. ) ;
#444 = ORIENTED_EDGE ( 'NONE', *, *, #1337, .T. ) ;
#445 = VERTEX_POINT ( 'NONE', #947 ) ;
#446 = DIRECTION ( 'NONE',  ( 0.0000000000000000000, 1.224646799147352961E-16, -1.000000000000000000 ) ) ;
#447 = DIRECTION ( 'NONE',  ( 1.000000000000000000, 0.0000000000000000000, 0.0000000000000000000 ) ) ;
#448 = EDGE_CURVE ( 'NONE', #3755, #1260, #248, .T. ) ;
#449 = ADVANCED_FACE ( 'NONE', ( #309 ), #2414, .F. ) ;
#450 = CIRCLE ( 'NONE', #1826, 1.750000000000000000 ) ;
#451 =( GEOMETRIC_REPRESENTATION_CONTEXT ( 3 ) GLOBAL_UNCERTAINTY_ASSIGNED_CONTEXT ( ( #4052 ) ) GLOBAL_UNIT_ASSIGNED_CONTEXT ( ( #3157, #1258, #562 ) ) REPRESENTATION_CONTEXT ( 'NONE', 'WORKASPACE' ) );
#452 = ORIENTED_EDGE ( 'NONE', *, *, #478, .T. ) ;
#453 = EDGE_CURVE ( 'NONE', #1041, #788, #2101, .T. ) ;
#454 = CARTESIAN_POINT ( 'NONE',  ( 0.0000000000000000000, 2.000000000000000888, 3.202747531882601084 ) ) ;
#455 = VERTEX_POINT ( 'NONE', #2471 ) ;
#456 = SURFACE_STYLE_FILL_AREA ( #1681 ) ;
#457 = VERTEX_POINT ( 'NONE', #3239 ) ;
#458 = CARTESIAN_POINT ( 'NONE',  ( 6.399999999999999467, 1.612742585576166121, -5.045130994854378770 ) ) ;
#459 = AXIS2_PLACEMENT_3D ( 'NONE', #2289, #1465, #96 ) ;
#460 = STYLED_ITEM ( 'NONE', ( #1208 ), #2500 ) ;
#461 = CARTESIAN_POINT ( 'NONE',  ( 1.049999999999998934, 1.999999999999999556, -2.149999999999999911 ) ) ;
#462 = FACE_OUTER_BOUND ( 'NONE', #4316, .T. ) ;
#463 = CARTESIAN_POINT ( 'NONE',  ( 10.00000000000000000, -3.673940397442059868E-16, 3.000000000000000000 ) ) ;
#464 = STYLED_ITEM ( 'NONE', ( #1200 ), #2901 ) ;
#465 = SURFACE_SIDE_STYLE ('',( #2265 ) ) ;
#466 = LINE ( 'NONE', #3421, #3602 ) ;
#467 = UNCERTAINTY_MEASURE_WITH_UNIT (LENGTH_MEASURE( 1.000000000000000082E-05 ), #541, 'distance_accuracy_value', 'NONE');
#468 = VERTEX_POINT ( 'NONE', #1046 ) ;
#469 = EDGE_LOOP ( 'NONE', ( #3196, #1354, #2231 ) ) ;
#470 = CARTESIAN_POINT ( 'NONE',  ( 6.099999999999999645, 5.200000000000001954, 3.000000000000000000 ) ) ;
#471 = DIRECTION ( 'NONE',  ( 0.0000000000000000000, 1.000000000000000000, 0.0000000000000000000 ) ) ;
#472 = EDGE_CURVE ( 'NONE', #4235, #927, #977, .T. ) ;
#473 = PRESENTATION_STYLE_ASSIGNMENT (( #2667 ) ) ;
#474 = CARTESIAN_POINT ( 'NONE',  ( 3.900000000000000355, 5.200000000000001954, 3.000000000000000000 ) ) ;
#475 = PRODUCT_DEFINITION_FORMATION_WITH_SPECIFIED_SOURCE ( 'ANY', '', #2764, .NOT_KNOWN. ) ;
#476 = SURFACE_STYLE_USAGE ( .BOTH. , #1190 ) ;
#477 = ORIENTED_EDGE ( 'NONE', *, *, #2744, .F. ) ;
#478 = EDGE_CURVE ( 'NONE', #1906, #3040, #1771, .T. ) ;
#479 = PLANE ( 'NONE',  #4543 ) ;
#480 = PLANE ( 'NONE',  #1926 ) ;
#481 = ORIENTED_EDGE ( 'NONE', *, *, #2047, .F. ) ;
#482 = EDGE_CURVE ( 'NONE', #3262, #74, #3552, .T. ) ;
#483 = ORIENTED_EDGE ( 'NONE', *, *, #3610, .T. ) ;
#484 =( LENGTH_UNIT ( ) NAMED_UNIT ( * ) SI_UNIT ( .MILLI., .METRE. ) );
#485 = FACE_OUTER_BOUND ( 'NONE', #3568, .T. ) ;
#486 = DIRECTION ( 'NONE',  ( 0.0000000000000000000, 1.000000000000000000, 1.224646799147353207E-16 ) ) ;
#487 = FILL_AREA_STYLE ('',( #3487 ) ) ;
#488 = SURFACE_SIDE_STYLE ('',( #4572 ) ) ;
#489 = ORIENTED_EDGE ( 'NONE', *, *, #3873, .F. ) ;
#490 = FACE_OUTER_BOUND ( 'NONE', #1833, .T. ) ;
#491 =( LENGTH_UNIT ( ) NAMED_UNIT ( * ) SI_UNIT ( .MILLI., .METRE. ) );
#492 = DIRECTION ( 'NONE',  ( -1.000000000000000000, -0.0000000000000000000, -0.0000000000000000000 ) ) ;
#493 = ORIENTED_EDGE ( 'NONE', *, *, #4033, .F. ) ;
#494 = DIRECTION ( 'NONE',  ( -1.000000000000000000, 0.0000000000000000000, 0.0000000000000000000 ) ) ;
#495 = EDGE_CURVE ( 'NONE', #4139, #4650, #3625, .T. ) ;
#496 = ORIENTED_EDGE ( 'NONE', *, *, #1825, .T. ) ;
#497 = LINE ( 'NONE', #3583, #1888 ) ;
#498 = ORIENTED_EDGE ( 'NONE', *, *, #4605, .F. ) ;
#499 = EDGE_CURVE ( 'NONE', #3040, #61, #4352, .T. ) ;
#500 = VECTOR ( 'NONE', #2161, 1000.000000000000114 ) ;
#501 = EDGE_CURVE ( 'NONE', #349, #1974, #1741, .T. ) ;
#502 = DIRECTION ( 'NONE',  ( -1.000000000000000000, 1.931294138418879331E-32, -1.577021341797097314E-16 ) ) ;
#503 = FACE_OUTER_BOUND ( 'NONE', #1329, .T. ) ;
#504 = AXIS2_PLACEMENT_3D ( 'NONE', #3954, #637, #3257 ) ;
#505 =( NAMED_UNIT ( * ) PLANE_ANGLE_UNIT ( ) SI_UNIT ( $, .RADIAN. ) );
#506 =( NAMED_UNIT ( * ) PLANE_ANGLE_UNIT ( ) SI_UNIT ( $, .RADIAN. ) );
#507 = ORIENTED_EDGE ( 'NONE', *, *, #2293, .F. ) ;
#508 = AXIS2_PLACEMENT_3D ( 'NONE', #3346, #803, #1131 ) ;
#509 = ORIENTED_EDGE ( 'NONE', *, *, #4371, .F. ) ;
#510 = CARTESIAN_POINT ( 'NONE',  ( 1.399999999999998579, 1.612742585576169452, -5.045130994854378770 ) ) ;
#511 = FILL_AREA_STYLE_COLOUR ( '', #3208 ) ;
#512 = STYLED_ITEM ( 'NONE', ( #1778 ), #1466 ) ;
#513 = DIRECTION ( 'NONE',  ( 0.0000000000000000000, -0.7371541402007416588, -0.6757246285173461597 ) ) ;
#514 = UNCERTAINTY_MEASURE_WITH_UNIT (LENGTH_MEASURE( 1.000000000000000082E-05 ), #823, 'distance_accuracy_value', 'NONE');
#515 =( NAMED_UNIT ( * ) SI_UNIT ( $, .STERADIAN. ) SOLID_ANGLE_UNIT ( ) );
#516 = ORIENTED_EDGE ( 'NONE', *, *, #3475, .T. ) ;
#517 = CIRCLE ( 'NONE', #4080, 0.4000000000000004108 ) ;
#518 = VECTOR ( 'NONE', #1849, 1000.000000000000000 ) ;
#519 = DIRECTION ( 'NONE',  ( -1.000000000000000000, -0.0000000000000000000, -0.0000000000000000000 ) ) ;
#520 = MECHANICAL_DESIGN_GEOMETRIC_PRESENTATION_REPRESENTATION (  '', ( #594 ), #1600 ) ;
#521 =( GEOMETRIC_REPRESENTATION_CONTEXT ( 3 ) GLOBAL_UNCERTAINTY_ASSIGNED_CONTEXT ( ( #3128 ) ) GLOBAL_UNIT_ASSIGNED_CONTEXT ( ( #2791, #945, #2329 ) ) REPRESENTATION_CONTEXT ( 'NONE', 'WORKASPACE' ) );
#522 = ORIENTED_EDGE ( 'NONE', *, *, #1785, .T. ) ;
#523 = PRESENTATION_LAYER_ASSIGNMENT (  '', '', ( #3231 ) ) ;
#524 = ORIENTED_EDGE ( 'NONE', *, *, #328, .F. ) ;
#525 = EDGE_CURVE ( 'NONE', #3330, #2117, #3988, .T. ) ;
#526 =( NAMED_UNIT ( * ) SI_UNIT ( $, .STERADIAN. ) SOLID_ANGLE_UNIT ( ) );
#527 = VECTOR ( 'NONE', #4339, 1000.000000000000000 ) ;
#528 = DIRECTION ( 'NONE',  ( -1.000000000000000000, 0.0000000000000000000, 0.0000000000000000000 ) ) ;
#529 = CARTESIAN_POINT ( 'NONE',  ( 6.049999999999999822, 8.000000000000000000, 2.850000000000036060 ) ) ;
#530 = EDGE_CURVE ( 'NONE', #4749, #3015, #3267, .T. ) ;
#531 = VECTOR ( 'NONE', #2977, 1000.000000000000000 ) ;
#532 = DIRECTION ( 'NONE',  ( -1.000000000000000000, -8.704132673894049356E-32, 7.107463702966606345E-16 ) ) ;
#533 = DIRECTION ( 'NONE',  ( 0.0000000000000000000, 0.0000000000000000000, 1.000000000000000000 ) ) ;
#534 = ORIENTED_EDGE ( 'NONE', *, *, #250, .F. ) ;
#535 = ORIENTED_EDGE ( 'NONE', *, *, #2793, .F. ) ;
#536 = AXIS2_PLACEMENT_3D ( 'NONE', #2078, #175, #3205 ) ;
#537 = LINE ( 'NONE', #3492, #2691 ) ;
#538 = ADVANCED_FACE ( 'NONE', ( #701 ), #3388, .T. ) ;
#539 = FACE_OUTER_BOUND ( 'NONE', #3180, .T. ) ;
#540 = VECTOR ( 'NONE', #4262, 1000.000000000000000 ) ;
#541 =( LENGTH_UNIT ( ) NAMED_UNIT ( * ) SI_UNIT ( .MILLI., .METRE. ) );
#542 = VECTOR ( 'NONE', #4382, 1000.000000000000000 ) ;
#543 = CARTESIAN_POINT ( 'NONE',  ( 0.0000000000000000000, 0.0000000000000000000, -2.699999999999999289 ) ) ;
#544 = ORIENTED_EDGE ( 'NONE', *, *, #3883, .T. ) ;
#545 = ORIENTED_EDGE ( 'NONE', *, *, #1294, .T. ) ;
#546 = LINE ( 'NONE', #2005, #2682 ) ;
#547 = LINE ( 'NONE', #2731, #2139 ) ;
#548 = CARTESIAN_POINT ( 'NONE',  ( 3.949999999999998845, 5.299999999999999822, 2.850000000000000089 ) ) ;
#549 = DIRECTION ( 'NONE',  ( 0.0000000000000000000, -1.000000000000000000, -1.224646799147353454E-16 ) ) ;
#550 = FACE_OUTER_BOUND ( 'NONE', #3720, .T. ) ;
#551 = FACE_OUTER_BOUND ( 'NONE', #732, .T. ) ;
#552 = ORIENTED_EDGE ( 'NONE', *, *, #824, .F. ) ;
#553 = EDGE_CURVE ( 'NONE', #1974, #2349, #3731, .T. ) ;
#554 = ORIENTED_EDGE ( 'NONE', *, *, #4227, .T. ) ;
#555 = CARTESIAN_POINT ( 'NONE',  ( 6.400000000000000355, 8.000000000000000000, -4.253643450194938502 ) ) ;
#556 = LINE ( 'NONE', #3125, #2114 ) ;
#557 = CARTESIAN_POINT ( 'NONE',  ( 1.049999999999998490, 5.299999999999999822, -2.149999999999999911 ) ) ;
#558 = UNCERTAINTY_MEASURE_WITH_UNIT (LENGTH_MEASURE( 1.000000000000000082E-05 ), #4172, 'distance_accuracy_value', 'NONE');
#559 = FILL_AREA_STYLE ('',( #1214 ) ) ;
#560 = ADVANCED_FACE ( 'NONE', ( #3675 ), #2259, .F. ) ;
#561 = ADVANCED_FACE ( 'NONE', ( #4421 ), #3754, .F. ) ;
#562 =( NAMED_UNIT ( * ) SI_UNIT ( $, .STERADIAN. ) SOLID_ANGLE_UNIT ( ) );
#563 = DIRECTION ( 'NONE',  ( -1.000000000000000000, 1.368839958155344163E-17, 2.284887597771726823E-18 ) ) ;
#564 = VERTEX_POINT ( 'NONE', #60 ) ;
#565 = ORIENTED_EDGE ( 'NONE', *, *, #85, .T. ) ;
#566 = SURFACE_STYLE_FILL_AREA ( #3138 ) ;
#567 = CARTESIAN_POINT ( 'NONE',  ( 7.500000000000000000, 14.09999999999999964, 1.900000000000000133 ) ) ;
#568 = DIRECTION ( 'NONE',  ( -0.0000000000000000000, 1.000000000000000000, 1.224646799147353207E-16 ) ) ;
#569 = LINE ( 'NONE', #1311, #4603 ) ;
#570 = VECTOR ( 'NONE', #1690, 1000.000000000000000 ) ;
#571 = DIRECTION ( 'NONE',  ( 0.0000000000000000000, 0.0000000000000000000, -1.000000000000000000 ) ) ;
#572 = LINE ( 'NONE', #3531, #1529 ) ;
#573 = VERTEX_POINT ( 'NONE', #1534 ) ;
#574 = PLANE ( 'NONE',  #1067 ) ;
#575 = FILL_AREA_STYLE_COLOUR ( '', #1814 ) ;
#576 = ADVANCED_FACE ( 'NONE', ( #3288, #745 ), #4761, .T. ) ;
#577 = CARTESIAN_POINT ( 'NONE',  ( 3.727129896139459664, 8.000000000000000000, -4.253643450194972253 ) ) ;
#578 = LINE ( 'NONE', #2882, #1817 ) ;
#579 = COLOUR_RGB ( '',0.6666666666666666297, 0.6666666666666666297, 0.6666666666666666297 ) ;
#580 = VERTEX_POINT ( 'NONE', #2548 ) ;
#581 = DIRECTION ( 'NONE',  ( 1.000000000000000000, 0.0000000000000000000, -0.0000000000000000000 ) ) ;
#582 = VECTOR ( 'NONE', #3323, 1000.000000000000000 ) ;
#583 = EDGE_CURVE ( 'NONE', #2260, #2797, #3202, .T. ) ;
#584 = DIRECTION ( 'NONE',  ( 0.0000000000000000000, 1.000000000000000000, 0.0000000000000000000 ) ) ;
#585 = CARTESIAN_POINT ( 'NONE',  ( 9.600000000000001421, -9.184850993605148438E-17, 3.000000000000000000 ) ) ;
#586 = CARTESIAN_POINT ( 'NONE',  ( 1.299999999999999822, 7.000000000000000000, 8.572527594031474176E-16 ) ) ;
#587 = ORIENTED_EDGE ( 'NONE', *, *, #3047, .T. ) ;
#588 = ORIENTED_EDGE ( 'NONE', *, *, #3572, .T. ) ;
#589 = EDGE_CURVE ( 'NONE', #1983, #2968, #3415, .T. ) ;
#590 = COLOUR_RGB ( '',0.6666666666666666297, 0.6666666666666666297, 0.6666666666666666297 ) ;
#591 = VECTOR ( 'NONE', #3500, 1000.000000000000000 ) ;
#592 = SURFACE_STYLE_USAGE ( .BOTH. , #2350 ) ;
#593 = LINE ( 'NONE', #1739, #3241 ) ;
#594 = STYLED_ITEM ( 'NONE', ( #3200 ), #2021 ) ;
#595 = PRESENTATION_LAYER_ASSIGNMENT (  '', '', ( #3848 ) ) ;
#596 = DIRECTION ( 'NONE',  ( 0.0000000000000000000, 0.7371541402007413257, 0.6757246285173463818 ) ) ;
#597 = DIRECTION ( 'NONE',  ( 0.0000000000000000000, 1.224646799147352961E-16, -1.000000000000000000 ) ) ;
#598 = COLOUR_RGB ( '',0.6666666666666666297, 0.6666666666666666297, 0.6666666666666666297 ) ;
#599 = CIRCLE ( 'NONE', #3540, 0.4000000000000004663 ) ;
#600 = LINE ( 'NONE', #2449, #3093 ) ;
#601 = ORIENTED_EDGE ( 'NONE', *, *, #4204, .F. ) ;
#602 = VERTEX_POINT ( 'NONE', #1196 ) ;
#603 = SURFACE_SIDE_STYLE ('',( #284 ) ) ;
#604 = VECTOR ( 'NONE', #4797, 1000.000000000000000 ) ;
#605 = DIRECTION ( 'NONE',  ( 1.000000000000000000, -0.0000000000000000000, 0.0000000000000000000 ) ) ;
#606 = DIRECTION ( 'NONE',  ( 0.0000000000000000000, -1.000000000000000000, 0.0000000000000000000 ) ) ;
#607 = AXIS2_PLACEMENT_3D ( 'NONE', #1480, #2160, #330 ) ;
#608 = DIRECTION ( 'NONE',  ( 1.000000000000000000, 0.0000000000000000000, 0.0000000000000000000 ) ) ;
#609 = EDGE_LOOP ( 'NONE', ( #120, #2270, #498, #1835 ) ) ;
#610 = VERTEX_POINT ( 'NONE', #2348 ) ;
#611 = VERTEX_POINT ( 'NONE', #2040 ) ;
#612 = EDGE_CURVE ( 'NONE', #1374, #3283, #1246, .T. ) ;
#613 = CYLINDRICAL_SURFACE ( 'NONE', #2671, 0.1999999999999996503 ) ;
#614 = VECTOR ( 'NONE', #3813, 1000.000000000000000 ) ;
#615 = CARTESIAN_POINT ( 'NONE',  ( 7.500000000000000000, 12.09999999999999964, 0.0000000000000000000 ) ) ;
#616 = DIRECTION ( 'NONE',  ( -1.000000000000000000, -2.628368902995162025E-16, 0.0000000000000000000 ) ) ;
#617 = EDGE_CURVE ( 'NONE', #2316, #455, #2343, .T. ) ;
#618 = PRESENTATION_LAYER_ASSIGNMENT (  '', '', ( #2455 ) ) ;
#619 = ORIENTED_EDGE ( 'NONE', *, *, #3475, .F. ) ;
#620 = LINE ( 'NONE', #2180, #1898 ) ;
#621 = CARTESIAN_POINT ( 'NONE',  ( 7.500000000000000000, 11.09999999999999787, 1.750000000000000000 ) ) ;
#622 = ADVANCED_FACE ( 'NONE', ( #2726 ), #613, .T. ) ;
#623 = DIRECTION ( 'NONE',  ( -0.0000000000000000000, -1.000000000000000000, -0.0000000000000000000 ) ) ;
#624 = DIRECTION ( 'NONE',  ( 0.0000000000000000000, 0.0000000000000000000, -1.000000000000000000 ) ) ;
#625 = DIRECTION ( 'NONE',  ( 0.0000000000000000000, 1.000000000000000000, 0.0000000000000000000 ) ) ;
#626 = DIRECTION ( 'NONE',  ( 0.0000000000000000000, 0.0000000000000000000, -1.000000000000000000 ) ) ;
#627 = ORIENTED_EDGE ( 'NONE', *, *, #3997, .F. ) ;
#628 = ORIENTED_EDGE ( 'NONE', *, *, #831, .F. ) ;
#629 = DIRECTION ( 'NONE',  ( -0.0000000000000000000, 1.239088197126290817E-16, 1.000000000000000000 ) ) ;
#630 = LINE ( 'NONE', #2141, #2591 ) ;
#631 = DIRECTION ( 'NONE',  ( 1.000000000000000000, -0.0000000000000000000, -3.212450881438531748E-16 ) ) ;
#632 = PRESENTATION_STYLE_ASSIGNMENT (( #1089 ) ) ;
#633 = CARTESIAN_POINT ( 'NONE',  ( 8.727129896139459220, 8.000000000000000000, -4.253643450194937614 ) ) ;
#634 = VERTEX_POINT ( 'NONE', #2431 ) ;
#635 = ORIENTED_EDGE ( 'NONE', *, *, #150, .T. ) ;
#636 = ORIENTED_EDGE ( 'NONE', *, *, #2201, .F. ) ;
#637 = DIRECTION ( 'NONE',  ( 0.0000000000000000000, 1.000000000000000000, 0.0000000000000000000 ) ) ;
#638 = LINE ( 'NONE', #940, #540 ) ;
#639 = FACE_OUTER_BOUND ( 'NONE', #1859, .T. ) ;
#640 = CARTESIAN_POINT ( 'NONE',  ( 4.449999999999999289, 8.000000000000000000, 9.797174393178825657E-16 ) ) ;
#641 = EDGE_LOOP ( 'NONE', ( #1140, #4418, #2650, #4505 ) ) ;
#642 = ORIENTED_EDGE ( 'NONE', *, *, #3496, .T. ) ;
#643 = LINE ( 'NONE', #3961, #2604 ) ;
#644 = EDGE_CURVE ( 'NONE', #1447, #786, #2070, .T. ) ;
#645 =( NAMED_UNIT ( * ) SI_UNIT ( $, .STERADIAN. ) SOLID_ANGLE_UNIT ( ) );
#646 = DIRECTION ( 'NONE',  ( 0.0000000000000000000, 1.224646799147353454E-16, -1.000000000000000000 ) ) ;
#647 = LINE ( 'NONE', #1361, #3526 ) ;
#648 = EDGE_CURVE ( 'NONE', #2066, #1767, #3050, .T. ) ;
#649 = ADVANCED_FACE ( 'NONE', ( #3435 ), #1945, .T. ) ;
#650 = LINE ( 'NONE', #2795, #1511 ) ;
#651 = CARTESIAN_POINT ( 'NONE',  ( 6.149999999999999467, 2.933808594438105023E-16, -2.500000000000001332 ) ) ;
#652 = ORIENTED_EDGE ( 'NONE', *, *, #4174, .F. ) ;
#653 = ORIENTED_EDGE ( 'NONE', *, *, #3665, .T. ) ;
#654 = SURFACE_STYLE_FILL_AREA ( #3190 ) ;
#655 = DIRECTION ( 'NONE',  ( 1.000000000000000000, 0.0000000000000000000, 6.949802642554230403E-15 ) ) ;
#656 = EDGE_CURVE ( 'NONE', #3744, #3927, #881, .T. ) ;
#657 = FACE_OUTER_BOUND ( 'NONE', #3790, .T. ) ;
#658 = DIRECTION ( 'NONE',  ( 1.000000000000000000, -0.0000000000000000000, 0.0000000000000000000 ) ) ;
#659 = CARTESIAN_POINT ( 'NONE',  ( 10.00000000000000000, 14.09999999999999964, 2.899999999999999911 ) ) ;
#660 = ORIENTED_EDGE ( 'NONE', *, *, #1312, .T. ) ;
#661 = DIRECTION ( 'NONE',  ( 0.0000000000000000000, -1.224646799147353207E-16, 1.000000000000000000 ) ) ;
#662 = DIRECTION ( 'NONE',  ( 1.000000000000000000, 1.264537828726647086E-32, -1.032573497605242224E-16 ) ) ;
#663 = AXIS2_PLACEMENT_3D ( 'NONE', #3721, #3017, #789 ) ;
#664 = ORIENTED_EDGE ( 'NONE', *, *, #1407, .T. ) ;
#665 = ORIENTED_EDGE ( 'NONE', *, *, #3405, .F. ) ;
#666 = CARTESIAN_POINT ( 'NONE',  ( 0.8229490168751563139, 12.09999999999999964, -0.5000000000000000000 ) ) ;
#667 = VECTOR ( 'NONE', #228, 1000.000000000000000 ) ;
#668 = CARTESIAN_POINT ( 'NONE',  ( 7.500000000000000000, 11.09999999999999787, 0.0000000000000000000 ) ) ;
#669 = CARTESIAN_POINT ( 'NONE',  ( 0.5499999999999983791, 0.0000000000000000000, 2.850000000000000977 ) ) ;
#670 = EDGE_CURVE ( 'NONE', #3927, #1666, #867, .T. ) ;
#671 = AXIS2_PLACEMENT_3D ( 'NONE', #1135, #4102, #2580 ) ;
#672 = VECTOR ( 'NONE', #1198, 1000.000000000000000 ) ;
#673 = LINE ( 'NONE', #3941, #1585 ) ;
#674 = CARTESIAN_POINT ( 'NONE',  ( 8.600000000000001421, 4.165217391304367744, -4.399999999999997691 ) ) ;
#675 = MECHANICAL_DESIGN_GEOMETRIC_PRESENTATION_REPRESENTATION (  '', ( #2126 ), #1363 ) ;
#676 = VECTOR ( 'NONE', #4325, 1000.000000000000000 ) ;
#677 = DIRECTION ( 'NONE',  ( 1.000000000000000000, -0.0000000000000000000, -3.212450881438531748E-16 ) ) ;
#678 = ORIENTED_EDGE ( 'NONE', *, *, #3958, .F. ) ;
#679 = ADVANCED_FACE ( 'NONE', ( #3839 ), #847, .T. ) ;
#680 = CARTESIAN_POINT ( 'NONE',  ( 3.727129896139459664, 7.194799944990708196E-17, -2.350000000000001421 ) ) ;
#681 = MECHANICAL_DESIGN_GEOMETRIC_PRESENTATION_REPRESENTATION (  '', ( #3848 ), #3922 ) ;
#682 = DIRECTION ( 'NONE',  ( 0.0000000000000000000, 1.000000000000000000, 0.0000000000000000000 ) ) ;
#683 = ORIENTED_EDGE ( 'NONE', *, *, #2441, .F. ) ;
#684 = STYLED_ITEM ( 'NONE', ( #3575 ), #189 ) ;
#685 = EDGE_LOOP ( 'NONE', ( #4412, #3993, #3358, #2012, #405, #619, #2224, #2690 ) ) ;
#686 = PRESENTATION_LAYER_ASSIGNMENT (  '', '', ( #2763 ) ) ;
#687 = ORIENTED_EDGE ( 'NONE', *, *, #3798, .T. ) ;
#688 = EDGE_CURVE ( 'NONE', #4030, #4224, #3071, .T. ) ;
#689 = CARTESIAN_POINT ( 'NONE',  ( 6.149999999999999467, 7.000000000000000000, -2.500000000000000444 ) ) ;
#690 =( GEOMETRIC_REPRESENTATION_CONTEXT ( 3 ) GLOBAL_UNCERTAINTY_ASSIGNED_CONTEXT ( ( #3272 ) ) GLOBAL_UNIT_ASSIGNED_CONTEXT ( ( #2880, #3655, #1440 ) ) REPRESENTATION_CONTEXT ( 'NONE', 'WORKASPACE' ) );
#691 = CARTESIAN_POINT ( 'NONE',  ( 1.399999999999998579, 4.165217391304374850, -4.399999999999997691 ) ) ;
#692 = VECTOR ( 'NONE', #4302, 1000.000000000000000 ) ;
#693 = SURFACE_STYLE_USAGE ( .BOTH. , #4009 ) ;
#694 = ORIENTED_EDGE ( 'NONE', *, *, #3849, .T. ) ;
#695 = VECTOR ( 'NONE', #307, 1000.000000000000000 ) ;
#696 = ORIENTED_EDGE ( 'NONE', *, *, #1818, .T. ) ;
#697 = CARTESIAN_POINT ( 'NONE',  ( 2.505624112914680346, 0.0000000000000000000, -0.1999999999999996503 ) ) ;
#698 = AXIS2_PLACEMENT_3D ( 'NONE', #813, #2943, #3692 ) ;
#699 = CARTESIAN_POINT ( 'NONE',  ( 1.399999999999998801, 6.441097277853660152, -3.824777611091935370 ) ) ;
#700 = VECTOR ( 'NONE', #1605, 1000.000000000000000 ) ;
#701 = FACE_OUTER_BOUND ( 'NONE', #111, .T. ) ;
#702 = CARTESIAN_POINT ( 'NONE',  ( 0.0000000000000000000, 12.09999999999999964, 0.0000000000000000000 ) ) ;
#703 = PLANE ( 'NONE',  #359 ) ;
#704 = AXIS2_PLACEMENT_3D ( 'NONE', #3762, #4103, #1930 ) ;
#705 = PLANE ( 'NONE',  #2514 ) ;
#706 = CARTESIAN_POINT ( 'NONE',  ( 0.0000000000000000000, 12.09999999999999964, -0.5000000000000000000 ) ) ;
#707 = DIRECTION ( 'NONE',  ( -1.000000000000000000, 0.0000000000000000000, -0.0000000000000000000 ) ) ;
#708 = DIRECTION ( 'NONE',  ( 1.000000000000000000, -0.0000000000000000000, 0.0000000000000000000 ) ) ;
#709 = EDGE_CURVE ( 'NONE', #1716, #4192, #497, .T. ) ;
#710 = LINE ( 'NONE', #3539, #1145 ) ;
#711 = ORIENTED_EDGE ( 'NONE', *, *, #1202, .F. ) ;
#712 = ORIENTED_EDGE ( 'NONE', *, *, #4667, .T. ) ;
#713 = LINE ( 'NONE', #2964, #1195 ) ;
#714 = CARTESIAN_POINT ( 'NONE',  ( -0.2999999999999999889, 6.870268543216652303E-16, 0.0000000000000000000 ) ) ;
#715 = CARTESIAN_POINT ( 'NONE',  ( 3.600000000000000977, 8.000000000000000000, -4.253643450194971365 ) ) ;
#716 = EDGE_CURVE ( 'NONE', #4587, #2948, #2151, .T. ) ;
#717 = EDGE_CURVE ( 'NONE', #4455, #3567, #2814, .T. ) ;
#718 = FACE_OUTER_BOUND ( 'NONE', #4687, .T. ) ;
#719 = VERTEX_POINT ( 'NONE', #4342 ) ;
#720 = ORIENTED_EDGE ( 'NONE', *, *, #3879, .T. ) ;
#721 = DIRECTION ( 'NONE',  ( 0.0000000000000000000, 1.224646799147353207E-16, -1.000000000000000000 ) ) ;
#722 = DIRECTION ( 'NONE',  ( -1.000000000000000000, 0.0000000000000000000, -0.0000000000000000000 ) ) ;
#723 = FILL_AREA_STYLE_COLOUR ( '', #4665 ) ;
#724 = ORIENTED_EDGE ( 'NONE', *, *, #3438, .T. ) ;
#725 = CARTESIAN_POINT ( 'NONE',  ( 10.00000000000000000, 6.999999999999999112, 3.800000000000000266 ) ) ;
#726 = CARTESIAN_POINT ( 'NONE',  ( 8.900000000000000355, 2.000000000000001776, 3.000000000000000000 ) ) ;
#727 = CARTESIAN_POINT ( 'NONE',  ( 3.900000000000000799, 5.200000000000001954, 3.000000000000000000 ) ) ;
#728 = FACE_OUTER_BOUND ( 'NONE', #206, .T. ) ;
#729 = CARTESIAN_POINT ( 'NONE',  ( 9.600000000000001421, 11.00000000000000000, -2.500000000000000000 ) ) ;
#730 = ORIENTED_EDGE ( 'NONE', *, *, #4599, .T. ) ;
#731 = EDGE_LOOP ( 'NONE', ( #3401, #418, #711, #4183, #2527, #1481, #239, #2256 ) ) ;
#732 = EDGE_LOOP ( 'NONE', ( #1194, #1392, #4002 ) ) ;
#733 = SURFACE_SIDE_STYLE ('',( #1093 ) ) ;
#734 = EDGE_CURVE ( 'NONE', #4139, #3506, #4596, .T. ) ;
#735 = CARTESIAN_POINT ( 'NONE',  ( 6.149999999999999467, 7.000000000000000888, -4.399999999999998579 ) ) ;
#736 = AXIS2_PLACEMENT_3D ( 'NONE', #4399, #1080, #2209 ) ;
#737 =( LENGTH_UNIT ( ) NAMED_UNIT ( * ) SI_UNIT ( .MILLI., .METRE. ) );
#738 = ORIENTED_EDGE ( 'NONE', *, *, #2356, .F. ) ;
#739 = EDGE_CURVE ( 'NONE', #2325, #3513, #2094, .T. ) ;
#740 = AXIS2_PLACEMENT_3D ( 'NONE', #3745, #423, #2987 ) ;
#741 = ORIENTED_EDGE ( 'NONE', *, *, #2967, .T. ) ;
#742 = VECTOR ( 'NONE', #151, 1000.000000000000000 ) ;
#743 = LINE ( 'NONE', #3673, #2448 ) ;
#744 = ORIENTED_EDGE ( 'NONE', *, *, #4496, .T. ) ;
#745 = FACE_BOUND ( 'NONE', #1933, .T. ) ;
#746 = EDGE_CURVE ( 'NONE', #1961, #3049, #4779, .T. ) ;
#747 = ORIENTED_EDGE ( 'NONE', *, *, #2865, .F. ) ;
#748 = CARTESIAN_POINT ( 'NONE',  ( 6.299999999999999822, 7.000000000000000000, -2.500000000000000444 ) ) ;
#749 = DIRECTION ( 'NONE',  ( 1.000000000000000000, -0.0000000000000000000, 3.573610705253189024E-16 ) ) ;
#750 = DIRECTION ( 'NONE',  ( 0.0000000000000000000, 1.000000000000000000, 0.0000000000000000000 ) ) ;
#751 = VECTOR ( 'NONE', #1052, 1000.000000000000000 ) ;
#752 = CIRCLE ( 'NONE', #1352, 0.4000000000000004663 ) ;
#753 = CARTESIAN_POINT ( 'NONE',  ( 7.500000000000000000, 13.10000000000000142, 0.4999999999999994449 ) ) ;
#754 = PLANE ( 'NONE',  #4673 ) ;
#755 = CARTESIAN_POINT ( 'NONE',  ( 1.099999999999999867, 5.200000000000001066, 3.000000000000000000 ) ) ;
#756 = CARTESIAN_POINT ( 'NONE',  ( 10.00000000000000000, -6.123233995736766282E-16, 5.000000000000000000 ) ) ;
#757 = ORIENTED_EDGE ( 'NONE', *, *, #3192, .F. ) ;
#758 = VERTEX_POINT ( 'NONE', #4007 ) ;
#759 = CARTESIAN_POINT ( 'NONE',  ( 3.600000000000000977, 10.44109727785365926, -3.824777611091934038 ) ) ;
#760 = COLOUR_RGB ( '',0.6666666666666666297, 0.6666666666666666297, 0.6666666666666666297 ) ;
#761 = SURFACE_STYLE_FILL_AREA ( #2588 ) ;
#762 = FACE_OUTER_BOUND ( 'NONE', #4211, .T. ) ;
#763 = CARTESIAN_POINT ( 'NONE',  ( 8.727129896139459220, 7.194799944990596030E-17, -2.349999999999965894 ) ) ;
#764 = AXIS2_PLACEMENT_3D ( 'NONE', #510, #1273, #4574 ) ;
#765 = ORIENTED_EDGE ( 'NONE', *, *, #1091, .F. ) ;
#766 = AXIS2_PLACEMENT_3D ( 'NONE', #2753, #99, #3122 ) ;
#767 = ORIENTED_EDGE ( 'NONE', *, *, #291, .F. ) ;
#768 =( NAMED_UNIT ( * ) SI_UNIT ( $, .STERADIAN. ) SOLID_ANGLE_UNIT ( ) );
#769 = EDGE_CURVE ( 'NONE', #4347, #3702, #296, .T. ) ;
#770 = CARTESIAN_POINT ( 'NONE',  ( 7.976276906438229868E-63, 7.000000000000000000, -2.500000000000000444 ) ) ;
#771 = ORIENTED_EDGE ( 'NONE', *, *, #1562, .T. ) ;
#772 = ORIENTED_EDGE ( 'NONE', *, *, #3700, .T. ) ;
#773 = VECTOR ( 'NONE', #584, 1000.000000000000000 ) ;
#774 = CARTESIAN_POINT ( 'NONE',  ( 7.505624112914681234, -3.500000000000000000, -0.6000000000000003109 ) ) ;
#775 = FACE_BOUND ( 'NONE', #2572, .T. ) ;
#776 = VECTOR ( 'NONE', #2457, 1000.000000000000000 ) ;
#777 = ADVANCED_FACE ( 'NONE', ( #4750 ), #3978, .F. ) ;
#778 = ADVANCED_FACE ( 'NONE', ( #1015 ), #1729, .F. ) ;
#779 = CARTESIAN_POINT ( 'NONE',  ( 1.299999999999999822, 1.438959988998141639E-16, -2.350000000000001421 ) ) ;
#780 =( LENGTH_UNIT ( ) NAMED_UNIT ( * ) SI_UNIT ( .MILLI., .METRE. ) );
#781 = PLANE ( 'NONE',  #4525 ) ;
#782 = AXIS2_PLACEMENT_3D ( 'NONE', #1902, #1876, #3011 ) ;
#783 = CARTESIAN_POINT ( 'NONE',  ( 3.727129896139459664, 0.0000000000000000000, -4.253643450194971365 ) ) ;
#784 = DIRECTION ( 'NONE',  ( 0.0000000000000000000, 1.000000000000000000, 0.0000000000000000000 ) ) ;
#785 = LINE ( 'NONE', #442, #3087 ) ;
#786 = VERTEX_POINT ( 'NONE', #2482 ) ;
#787 = ORIENTED_EDGE ( 'NONE', *, *, #4667, .F. ) ;
#788 = VERTEX_POINT ( 'NONE', #3228 ) ;
#789 = DIRECTION ( 'NONE',  ( 1.000000000000000000, 0.0000000000000000000, -0.0000000000000000000 ) ) ;
#790 = CARTESIAN_POINT ( 'NONE',  ( 10.00000000000000000, 0.0000000000000000000, 2.800000000000000266 ) ) ;
#791 = CARTESIAN_POINT ( 'NONE',  ( 5.549999999999998934, 8.000000000000000000, -2.349999999999965450 ) ) ;
#792 =( NAMED_UNIT ( * ) PLANE_ANGLE_UNIT ( ) SI_UNIT ( $, .RADIAN. ) );
#793 = ORIENTED_EDGE ( 'NONE', *, *, #3695, .T. ) ;
#794 = EDGE_LOOP ( 'NONE', ( #4393, #3732, #4509, #1676 ) ) ;
#795 = LINE ( 'NONE', #2970, #3468 ) ;
#796 = ORIENTED_EDGE ( 'NONE', *, *, #734, .F. ) ;
#797 = EDGE_LOOP ( 'NONE', ( #3767, #1726, #554, #970 ) ) ;
#798 = ADVANCED_FACE ( 'NONE', ( #3641 ), #1760, .F. ) ;
#799 = CARTESIAN_POINT ( 'NONE',  ( 0.8229490168751213419, 13.10000000000000142, 0.5000000000000115463 ) ) ;
#800 = CARTESIAN_POINT ( 'NONE',  ( 9.449999999999999289, 1.438959988998119206E-16, -2.349999999999966338 ) ) ;
#801 = DIRECTION ( 'NONE',  ( 2.465190328815661892E-32, -1.000000000000000000, -1.224646799147353454E-16 ) ) ;
#802 = CARTESIAN_POINT ( 'NONE',  ( 6.399999999999999467, 5.612742585576162568, -5.045130994854377882 ) ) ;
#803 = DIRECTION ( 'NONE',  ( 0.0000000000000000000, 1.224646799147353207E-16, -1.000000000000000000 ) ) ;
#804 = EDGE_CURVE ( 'NONE', #580, #1234, #3332, .T. ) ;
#805 = CARTESIAN_POINT ( 'NONE',  ( 8.849999999999999645, 5.683920169004105746E-16, -4.399999999999999467 ) ) ;
#806 = CARTESIAN_POINT ( 'NONE',  ( -0.2999999999999999889, 7.000000000000000888, -3.699999999999999734 ) ) ;
#807 = UNCERTAINTY_MEASURE_WITH_UNIT (LENGTH_MEASURE( 1.000000000000000082E-05 ), #2732, 'distance_accuracy_value', 'NONE');
#808 = ORIENTED_EDGE ( 'NONE', *, *, #323, .F. ) ;
#809 = ORIENTED_EDGE ( 'NONE', *, *, #2233, .F. ) ;
#810 = CARTESIAN_POINT ( 'NONE',  ( 3.949999999999998845, 1.999999999999999556, -2.149999999999999911 ) ) ;
#811 = CARTESIAN_POINT ( 'NONE',  ( 2.499999999999998668, 12.09999999999999964, 0.0000000000000000000 ) ) ;
#812 = EDGE_CURVE ( 'NONE', #3201, #1491, #1719, .T. ) ;
#813 = CARTESIAN_POINT ( 'NONE',  ( 0.0000000000000000000, 2.465900459398798539, 0.4116116967108945368 ) ) ;
#814 = LINE ( 'NONE', #2275, #3335 ) ;
#815 = CARTESIAN_POINT ( 'NONE',  ( 1.616233172687034884E-16, 12.09999999999999964, 0.5000000000000025535 ) ) ;
#816 = VERTEX_POINT ( 'NONE', #689 ) ;
#817 =( LENGTH_UNIT ( ) NAMED_UNIT ( * ) SI_UNIT ( .MILLI., .METRE. ) );
#818 = ORIENTED_EDGE ( 'NONE', *, *, #3997, .T. ) ;
#819 = ORIENTED_EDGE ( 'NONE', *, *, #3610, .F. ) ;
#820 = CARTESIAN_POINT ( 'NONE',  ( 10.00000000000000000, -3.673940397442059868E-16, 3.000000000000000000 ) ) ;
#821 = VECTOR ( 'NONE', #4506, 1000.000000000000000 ) ;
#822 = CARTESIAN_POINT ( 'NONE',  ( 6.099999999999999645, 5.200000000000002842, 3.000000000000000444 ) ) ;
#823 =( LENGTH_UNIT ( ) NAMED_UNIT ( * ) SI_UNIT ( .MILLI., .METRE. ) );
#824 = EDGE_CURVE ( 'NONE', #1906, #4666, #4700, .T. ) ;
#825 = SURFACE_STYLE_FILL_AREA ( #34 ) ;
#826 = VECTOR ( 'NONE', #4475, 1000.000000000000000 ) ;
#827 = CARTESIAN_POINT ( 'NONE',  ( 8.949999999999999289, 5.299999999999999822, -2.149999999999999911 ) ) ;
#828 = MECHANICAL_DESIGN_GEOMETRIC_PRESENTATION_REPRESENTATION (  '', ( #512 ), #3598 ) ;
#829 = DIRECTION ( 'NONE',  ( 1.000000000000000000, 0.0000000000000000000, 0.0000000000000000000 ) ) ;
#830 = ORIENTED_EDGE ( 'NONE', *, *, #197, .F. ) ;
#831 = EDGE_CURVE ( 'NONE', #3507, #2707, #713, .T. ) ;
#832 = ORIENTED_EDGE ( 'NONE', *, *, #1812, .F. ) ;
#833 = ORIENTED_EDGE ( 'NONE', *, *, #1402, .F. ) ;
#834 = FACE_OUTER_BOUND ( 'NONE', #4236, .T. ) ;
#835 = COLOUR_RGB ( '',0.6666666666666666297, 0.6666666666666666297, 0.6666666666666666297 ) ;
#836 = COLOUR_RGB ( '',0.6666666666666666297, 0.6666666666666666297, 0.6666666666666666297 ) ;
#837 = CARTESIAN_POINT ( 'NONE',  ( 9.700000000000002842, 6.999999999999999112, 3.800000000000000266 ) ) ;
#838 = ADVANCED_FACE ( 'NONE', ( #1377 ), #2942, .T. ) ;
#839 = VECTOR ( 'NONE', #1838, 1000.000000000000000 ) ;
#840 = VECTOR ( 'NONE', #2323, 1000.000000000000000 ) ;
#841 = ORIENTED_EDGE ( 'NONE', *, *, #2528, .F. ) ;
#842 = AXIS2_PLACEMENT_3D ( 'NONE', #1858, #3370, #4452 ) ;
#843 = CARTESIAN_POINT ( 'NONE',  ( 6.399999999999999467, 10.44109727785366282, -3.824777611091934038 ) ) ;
#844 = AXIS2_PLACEMENT_3D ( 'NONE', #2855, #629, #4305 ) ;
#845 = ORIENTED_EDGE ( 'NONE', *, *, #2800, .T. ) ;
#846 = MECHANICAL_DESIGN_GEOMETRIC_PRESENTATION_REPRESENTATION (  '', ( #3859 ), #2140 ) ;
#847 = PLANE ( 'NONE',  #1119 ) ;
#848 = EDGE_LOOP ( 'NONE', ( #4454, #730, #1100, #2336 ) ) ;
#849 = CYLINDRICAL_SURFACE ( 'NONE', #2123, 1.750000000000000000 ) ;
#850 = LINE ( 'NONE', #2330, #3547 ) ;
#851 =( NAMED_UNIT ( * ) SI_UNIT ( $, .STERADIAN. ) SOLID_ANGLE_UNIT ( ) );
#852 = FACE_OUTER_BOUND ( 'NONE', #2200, .T. ) ;
#853 = FILL_AREA_STYLE_COLOUR ( '', #916 ) ;
#854 = ORIENTED_EDGE ( 'NONE', *, *, #612, .F. ) ;
#855 = CARTESIAN_POINT ( 'NONE',  ( -0.2999999999999999889, 7.000000000000000888, 3.300000000000000266 ) ) ;
#856 =( GEOMETRIC_REPRESENTATION_CONTEXT ( 3 ) GLOBAL_UNCERTAINTY_ASSIGNED_CONTEXT ( ( #2294 ) ) GLOBAL_UNIT_ASSIGNED_CONTEXT ( ( #4161, #2280, #4136 ) ) REPRESENTATION_CONTEXT ( 'NONE', 'WORKASPACE' ) );
#857 = EDGE_CURVE ( 'NONE', #2833, #3934, #1935, .T. ) ;
#858 = CARTESIAN_POINT ( 'NONE',  ( 4.449999999999998401, 0.0000000000000000000, 2.850000000000000089 ) ) ;
#859 =( LENGTH_UNIT ( ) NAMED_UNIT ( * ) SI_UNIT ( .MILLI., .METRE. ) );
#860 = UNCERTAINTY_MEASURE_WITH_UNIT (LENGTH_MEASURE( 1.000000000000000082E-05 ), #780, 'distance_accuracy_value', 'NONE');
#861 = ORIENTED_EDGE ( 'NONE', *, *, #862, .F. ) ;
#862 = EDGE_CURVE ( 'NONE', #4108, #2670, #3041, .T. ) ;
#863 = ADVANCED_FACE ( 'NONE', ( #834 ), #3812, .F. ) ;
#864 = DIRECTION ( 'NONE',  ( 1.000000000000000000, 0.0000000000000000000, -0.0000000000000000000 ) ) ;
#865 = LINE ( 'NONE', #1629, #924 ) ;
#866 = ORIENTED_EDGE ( 'NONE', *, *, #958, .T. ) ;
#867 = LINE ( 'NONE', #4317, #3590 ) ;
#868 = ORIENTED_EDGE ( 'NONE', *, *, #2233, .T. ) ;
#869 =( LENGTH_UNIT ( ) NAMED_UNIT ( * ) SI_UNIT ( .MILLI., .METRE. ) );
#870 =( NAMED_UNIT ( * ) PLANE_ANGLE_UNIT ( ) SI_UNIT ( $, .RADIAN. ) );
#871 = CARTESIAN_POINT ( 'NONE',  ( 0.3999999999999999667, -9.184850993605149670E-17, 3.000000000000000000 ) ) ;
#872 =( NAMED_UNIT ( * ) SI_UNIT ( $, .STERADIAN. ) SOLID_ANGLE_UNIT ( ) );
#873 = ORIENTED_EDGE ( 'NONE', *, *, #2318, .T. ) ;
#874 = ORIENTED_EDGE ( 'NONE', *, *, #4049, .F. ) ;
#875 = FACE_OUTER_BOUND ( 'NONE', #1895, .T. ) ;
#876 = CARTESIAN_POINT ( 'NONE',  ( -2.898519476151351842E-17, 0.7056603773584830819, -0.7698113207547120362 ) ) ;
#877 = EDGE_CURVE ( 'NONE', #3982, #4787, #186, .T. ) ;
#878 = CARTESIAN_POINT ( 'NONE',  ( 9.449999999999999289, 8.000000000000000000, -2.349999999999965450 ) ) ;
#879 = ORIENTED_EDGE ( 'NONE', *, *, #4038, .F. ) ;
#880 = EDGE_CURVE ( 'NONE', #2157, #3567, #2665, .T. ) ;
#881 = LINE ( 'NONE', #1609, #116 ) ;
#882 = ORIENTED_EDGE ( 'NONE', *, *, #967, .T. ) ;
#883 = CARTESIAN_POINT ( 'NONE',  ( 3.850000000000000089, 0.0000000000000000000, 0.0000000000000000000 ) ) ;
#884 =( GEOMETRIC_REPRESENTATION_CONTEXT ( 3 ) GLOBAL_UNCERTAINTY_ASSIGNED_CONTEXT ( ( #82 ) ) GLOBAL_UNIT_ASSIGNED_CONTEXT ( ( #2236, #331, #410 ) ) REPRESENTATION_CONTEXT ( 'NONE', 'WORKASPACE' ) );
#885 = CARTESIAN_POINT ( 'NONE',  ( 7.505624112914681234, -3.500000000000000000, -0.1999999999999998723 ) ) ;
#886 = CARTESIAN_POINT ( 'NONE',  ( 5.400000000000000355, 0.0000000000000000000, 0.0000000000000000000 ) ) ;
#887 = LINE ( 'NONE', #3120, #2420 ) ;
#888 = VECTOR ( 'NONE', #3280, 1000.000000000000000 ) ;
#889 = LINE ( 'NONE', #3850, #3101 ) ;
#890 = DIRECTION ( 'NONE',  ( 4.085429908193782010E-32, 1.000000000000000000, 1.362902148307985266E-47 ) ) ;
#891 = VERTEX_POINT ( 'NONE', #102 ) ;
#892 = MECHANICAL_DESIGN_GEOMETRIC_PRESENTATION_REPRESENTATION (  '', ( #4763 ), #4071 ) ;
#893 = EDGE_LOOP ( 'NONE', ( #2911, #1845, #3946, #1775 ) ) ;
#894 = DIRECTION ( 'NONE',  ( 0.0000000000000000000, 0.0000000000000000000, 1.000000000000000000 ) ) ;
#895 = CARTESIAN_POINT ( 'NONE',  ( 4.177050983124840577, 13.10000000000000142, -0.5000000000000000000 ) ) ;
#896 = AXIS2_PLACEMENT_3D ( 'NONE', #702, #4713, #3913 ) ;
#897 = PRESENTATION_STYLE_ASSIGNMENT (( #3476 ) ) ;
#898 = UNCERTAINTY_MEASURE_WITH_UNIT (LENGTH_MEASURE( 1.000000000000000082E-05 ), #3152, 'distance_accuracy_value', 'NONE');
#899 = FACE_OUTER_BOUND ( 'NONE', #1745, .T. ) ;
#900 = ORIENTED_EDGE ( 'NONE', *, *, #4766, .F. ) ;
#901 = PRESENTATION_STYLE_ASSIGNMENT (( #3111 ) ) ;
#902 = AXIS2_PLACEMENT_3D ( 'NONE', #3178, #3158, #2002 ) ;
#903 = DIRECTION ( 'NONE',  ( 0.0000000000000000000, 0.0000000000000000000, -1.000000000000000000 ) ) ;
#904 = ADVANCED_BREP_SHAPE_REPRESENTATION ( 'F75671A5-D13B-4B63-81A6-0061419CDD64', ( #235, #1544 ), #4252 ) ;
#905 = ORIENTED_EDGE ( 'NONE', *, *, #52, .F. ) ;
#906 =( GEOMETRIC_REPRESENTATION_CONTEXT ( 3 ) GLOBAL_UNCERTAINTY_ASSIGNED_CONTEXT ( ( #2582 ) ) GLOBAL_UNIT_ASSIGNED_CONTEXT ( ( #106, #130, #1604 ) ) REPRESENTATION_CONTEXT ( 'NONE', 'WORKASPACE' ) );
#907 = ORIENTED_EDGE ( 'NONE', *, *, #3893, .F. ) ;
#908 = DIRECTION ( 'NONE',  ( 0.0000000000000000000, -1.000000000000000000, -1.224646799147353207E-16 ) ) ;
#909 = EDGE_CURVE ( 'NONE', #91, #4726, #4484, .T. ) ;
#910 = VECTOR ( 'NONE', #2557, 1000.000000000000000 ) ;
#911 = DIRECTION ( 'NONE',  ( 1.000000000000000000, -0.0000000000000000000, 0.0000000000000000000 ) ) ;
#912 = DIRECTION ( 'NONE',  ( 0.0000000000000000000, 1.000000000000000000, 1.224646799147353454E-16 ) ) ;
#913 = VECTOR ( 'NONE', #3554, 1000.000000000000000 ) ;
#914 = EDGE_CURVE ( 'NONE', #2125, #1621, #4528, .T. ) ;
#915 = EDGE_CURVE ( 'NONE', #2992, #2707, #2028, .T. ) ;
#916 = COLOUR_RGB ( '',0.2862745098039215508, 0.6627450980392156632, 0.3294117647058823484 ) ;
#917 = PLANE ( 'NONE',  #1749 ) ;
#918 = ORIENTED_EDGE ( 'NONE', *, *, #1386, .F. ) ;
#919 = ORIENTED_EDGE ( 'NONE', *, *, #4637, .T. ) ;
#920 = LINE ( 'NONE', #2382, #2216 ) ;
#921 = PLANE ( 'NONE',  #1990 ) ;
#922 = VECTOR ( 'NONE', #1883, 1000.000000000000000 ) ;
#923 =( NAMED_UNIT ( * ) PLANE_ANGLE_UNIT ( ) SI_UNIT ( $, .RADIAN. ) );
#924 = VECTOR ( 'NONE', #3481, 1000.000000000000000 ) ;
#925 = DIRECTION ( 'NONE',  ( 0.0000000000000000000, -0.9695125564162684340, -0.2450416351381777547 ) ) ;
#926 = ORIENTED_EDGE ( 'NONE', *, *, #229, .F. ) ;
#927 = VERTEX_POINT ( 'NONE', #4178 ) ;
#928 = PRESENTATION_STYLE_ASSIGNMENT (( #592 ) ) ;
#929 = ADVANCED_FACE ( 'NONE', ( #1862 ), #122, .T. ) ;
#930 = CARTESIAN_POINT ( 'NONE',  ( 9.700000000000002842, -6.870268543216652303E-16, 2.800000000000000266 ) ) ;
#931 = DIRECTION ( 'NONE',  ( 0.0000000000000000000, 0.0000000000000000000, 1.000000000000000000 ) ) ;
#932 = ORIENTED_EDGE ( 'NONE', *, *, #3079, .F. ) ;
#933 =( NAMED_UNIT ( * ) PLANE_ANGLE_UNIT ( ) SI_UNIT ( $, .RADIAN. ) );
#934 = ADVANCED_FACE ( 'NONE', ( #490 ), #1954, .T. ) ;
#935 = ADVANCED_FACE ( 'NONE', ( #1113 ), #3375, .T. ) ;
#936 = LINE ( 'NONE', #4644, #2825 ) ;
#937 = DIRECTION ( 'NONE',  ( -0.0000000000000000000, -1.000000000000000000, 0.0000000000000000000 ) ) ;
#938 = UNCERTAINTY_MEASURE_WITH_UNIT (LENGTH_MEASURE( 1.000000000000000082E-05 ), #1554, 'distance_accuracy_value', 'NONE');
#939 = ADVANCED_FACE ( 'NONE', ( #2757 ), #4557, .T. ) ;
#940 = CARTESIAN_POINT ( 'NONE',  ( 8.900000000000000355, -6.123233995736766282E-16, 5.000000000000000000 ) ) ;
#941 = DIRECTION ( 'NONE',  ( 0.0000000000000000000, 0.0000000000000000000, 1.000000000000000000 ) ) ;
#942 = CARTESIAN_POINT ( 'NONE',  ( 6.299999999999999822, 7.000000000000000888, -4.253643450194937614 ) ) ;
#943 = ORIENTED_EDGE ( 'NONE', *, *, #4284, .T. ) ;
#944 = ORIENTED_EDGE ( 'NONE', *, *, #656, .F. ) ;
#945 =( NAMED_UNIT ( * ) PLANE_ANGLE_UNIT ( ) SI_UNIT ( $, .RADIAN. ) );
#946 = CARTESIAN_POINT ( 'NONE',  ( 7.976276906438229868E-63, 0.0000000000000000000, -2.500000000000001332 ) ) ;
#947 = CARTESIAN_POINT ( 'NONE',  ( 0.5499999999999986011, 8.000000000000000000, -2.350000000000000533 ) ) ;
#948 = CARTESIAN_POINT ( 'NONE',  ( 5.549999999999998934, 8.000000000000000000, 2.850000000000036060 ) ) ;
#949 = CIRCLE ( 'NONE', #4064, 0.4000000000000004108 ) ;
#950 = LINE ( 'NONE', #2057, #1608 ) ;
#951 = ORIENTED_EDGE ( 'NONE', *, *, #170, .F. ) ;
#952 = ORIENTED_EDGE ( 'NONE', *, *, #2306, .F. ) ;
#953 = AXIS2_PLACEMENT_3D ( 'NONE', #811, #471, #3404 ) ;
#954 =( LENGTH_UNIT ( ) NAMED_UNIT ( * ) SI_UNIT ( .MILLI., .METRE. ) );
#955 = CARTESIAN_POINT ( 'NONE',  ( 2.505624112914680346, -3.500000000000000000, -0.2000000000000000944 ) ) ;
#956 = DIRECTION ( 'NONE',  ( 1.141265444721584744E-16, -0.0000000000000000000, -1.000000000000000000 ) ) ;
#957 = FACE_OUTER_BOUND ( 'NONE', #3299, .T. ) ;
#958 = EDGE_CURVE ( 'NONE', #719, #1260, #4215, .T. ) ;
#959 = VECTOR ( 'NONE', #1394, 1000.000000000000000 ) ;
#960 = DIRECTION ( 'NONE',  ( 0.0000000000000000000, 1.000000000000000000, 0.0000000000000000000 ) ) ;
#961 = ORIENTED_EDGE ( 'NONE', *, *, #958, .F. ) ;
#962 = ORIENTED_EDGE ( 'NONE', *, *, #1154, .F. ) ;
#963 = CARTESIAN_POINT ( 'NONE',  ( 2.499999999999998668, 13.10000000000000142, 0.0000000000000000000 ) ) ;
#964 = VECTOR ( 'NONE', #2817, 1000.000000000000000 ) ;
#965 = LINE ( 'NONE', #2406, #995 ) ;
#966 = CARTESIAN_POINT ( 'NONE',  ( 4.600000000000001421, -9.184850993605149670E-17, 3.000000000000000000 ) ) ;
#967 = EDGE_CURVE ( 'NONE', #1471, #2664, #556, .T. ) ;
#968 = VECTOR ( 'NONE', #4020, 1000.000000000000000 ) ;
#969 = ORIENTED_EDGE ( 'NONE', *, *, #3746, .F. ) ;
#970 = ORIENTED_EDGE ( 'NONE', *, *, #4464, .T. ) ;
#971 = PRESENTATION_LAYER_ASSIGNMENT (  '', '', ( #1820 ) ) ;
#972 = CIRCLE ( 'NONE', #2211, 1.750000000000000000 ) ;
#973 = DIRECTION ( 'NONE',  ( 0.0000000000000000000, -1.224646799147353207E-16, 1.000000000000000000 ) ) ;
#974 =( NAMED_UNIT ( * ) PLANE_ANGLE_UNIT ( ) SI_UNIT ( $, .RADIAN. ) );
#975 = VECTOR ( 'NONE', #563, 1000.000000000000000 ) ;
#976 = VECTOR ( 'NONE', #1837, 1000.000000000000000 ) ;
#977 = LINE ( 'NONE', #3591, #1712 ) ;
#978 = LINE ( 'NONE', #2877, #3069 ) ;
#979 = AXIS2_PLACEMENT_3D ( 'NONE', #3882, #154, #2737 ) ;
#980 = LINE ( 'NONE', #3209, #2223 ) ;
#981 = ORIENTED_EDGE ( 'NONE', *, *, #3022, .T. ) ;
#982 = EDGE_LOOP ( 'NONE', ( #493, #3519, #4503, #1029 ) ) ;
#983 =( NAMED_UNIT ( * ) PLANE_ANGLE_UNIT ( ) SI_UNIT ( $, .RADIAN. ) );
#984 = VECTOR ( 'NONE', #3596, 1000.000000000000000 ) ;
#985 = LINE ( 'NONE', #3601, #2990 ) ;
#986 = LINE ( 'NONE', #1302, #2425 ) ;
#987 = DIRECTION ( 'NONE',  ( 0.0000000000000000000, -0.0000000000000000000, -1.000000000000000000 ) ) ;
#988 = UNCERTAINTY_MEASURE_WITH_UNIT (LENGTH_MEASURE( 1.000000000000000082E-05 ), #2951, 'distance_accuracy_value', 'NONE');
#989 = STYLED_ITEM ( 'NONE', ( #3584 ), #3164 ) ;
#990 = DIRECTION ( 'NONE',  ( 0.0000000000000000000, 0.0000000000000000000, -1.000000000000000000 ) ) ;
#991 = ORIENTED_EDGE ( 'NONE', *, *, #1886, .F. ) ;
#992 = ORIENTED_EDGE ( 'NONE', *, *, #4731, .T. ) ;
#993 = ORIENTED_EDGE ( 'NONE', *, *, #150, .F. ) ;
#994 = EDGE_CURVE ( 'NONE', #349, #2249, #3832, .T. ) ;
#995 = VECTOR ( 'NONE', #2866, 1000.000000000000000 ) ;
#996 = CARTESIAN_POINT ( 'NONE',  ( 10.00000000000000000, 7.099999999999999645, 5.000000000000000000 ) ) ;
#997 = MECHANICAL_DESIGN_GEOMETRIC_PRESENTATION_REPRESENTATION (  '', ( #2542 ), #1617 ) ;
#998 = FILL_AREA_STYLE ('',( #325 ) ) ;
#999 = ORIENTED_EDGE ( 'NONE', *, *, #3224, .F. ) ;
#1000 = AXIS2_PLACEMENT_3D ( 'NONE', #2958, #3368, #416 ) ;
#1001 = EDGE_CURVE ( 'NONE', #891, #3279, #2801, .T. ) ;
#1002 = ADVANCED_FACE ( 'NONE', ( #3149 ), #1654, .T. ) ;
#1003 = ORIENTED_EDGE ( 'NONE', *, *, #3990, .T. ) ;
#1004 = LINE ( 'NONE', #2488, #676 ) ;
#1005 = DIRECTION ( 'NONE',  ( -1.000000000000000000, 0.0000000000000000000, -0.0000000000000000000 ) ) ;
#1006 = DIRECTION ( 'NONE',  ( 0.0000000000000000000, 0.0000000000000000000, -1.000000000000000000 ) ) ;
#1007 = CARTESIAN_POINT ( 'NONE',  ( 7.976276906438229868E-63, 8.000000000000000000, -2.500000000000000444 ) ) ;
#1008 = DIRECTION ( 'NONE',  ( 9.660897206044092878E-17, 0.2450416351381778102, -0.9695125564162684340 ) ) ;
#1009 = ORIENTED_EDGE ( 'NONE', *, *, #1765, .T. ) ;
#1010 = DIRECTION ( 'NONE',  ( -0.0000000000000000000, -1.000000000000000000, 0.0000000000000000000 ) ) ;
#1011 = CARTESIAN_POINT ( 'NONE',  ( 0.4000000000000001887, 11.00000000000000000, 3.000000000000000888 ) ) ;
#1012 = FACE_OUTER_BOUND ( 'NONE', #1066, .T. ) ;
#1013 = CARTESIAN_POINT ( 'NONE',  ( 7.505624112914681234, -3.500000000000000000, 0.2000000000000005107 ) ) ;
#1014 = VERTEX_POINT ( 'NONE', #1777 ) ;
#1015 = FACE_OUTER_BOUND ( 'NONE', #51, .T. ) ;
#1016 = DIRECTION ( 'NONE',  ( 0.0000000000000000000, 1.000000000000000000, 1.224646799147353207E-16 ) ) ;
#1017 =( NAMED_UNIT ( * ) PLANE_ANGLE_UNIT ( ) SI_UNIT ( $, .RADIAN. ) );
#1018 = CARTESIAN_POINT ( 'NONE',  ( 3.469471727749946200E-17, 2.465900459398798983, 0.4116116967108952585 ) ) ;
#1019 = ADVANCED_FACE ( 'NONE', ( #3656 ), #2554, .F. ) ;
#1020 = ORIENTED_EDGE ( 'NONE', *, *, #2556, .F. ) ;
#1021 = ORIENTED_EDGE ( 'NONE', *, *, #4457, .T. ) ;
#1022 = CARTESIAN_POINT ( 'NONE',  ( 6.299999999999999822, 1.438959988998119206E-16, -2.349999999999966338 ) ) ;
#1023 = EDGE_CURVE ( 'NONE', #3970, #4455, #3972, .T. ) ;
#1024 = CARTESIAN_POINT ( 'NONE',  ( 6.299999999999999822, 8.000000000000000000, -4.253643450194937614 ) ) ;
#1025 = DIRECTION ( 'NONE',  ( -0.0000000000000000000, -1.000000000000000000, 0.0000000000000000000 ) ) ;
#1026 = LINE ( 'NONE', #1772, #667 ) ;
#1027 = EDGE_CURVE ( 'NONE', #1696, #1118, #1031, .T. ) ;
#1028 = CARTESIAN_POINT ( 'NONE',  ( 1.149999999999999467, 7.000000000000000000, -2.500000000000000444 ) ) ;
#1029 = ORIENTED_EDGE ( 'NONE', *, *, #1023, .F. ) ;
#1030 = ORIENTED_EDGE ( 'NONE', *, *, #1562, .F. ) ;
#1031 = LINE ( 'NONE', #2856, #1042 ) ;
#1032 = CARTESIAN_POINT ( 'NONE',  ( 10.00000000000000000, 7.299999999999998934, 4.800000000000000711 ) ) ;
#1033 = CARTESIAN_POINT ( 'NONE',  ( 1.099999999999999867, 7.000000000000000000, 5.000000000000004441 ) ) ;
#1034 = VERTEX_POINT ( 'NONE', #4048 ) ;
#1035 = VECTOR ( 'NONE', #2131, 1000.000000000000000 ) ;
#1036 = ORIENTED_EDGE ( 'NONE', *, *, #1461, .F. ) ;
#1037 = ORIENTED_EDGE ( 'NONE', *, *, #3405, .T. ) ;
#1038 = DIRECTION ( 'NONE',  ( -1.000000000000000000, 0.0000000000000000000, 0.0000000000000000000 ) ) ;
#1039 = CARTESIAN_POINT ( 'NONE',  ( 6.299999999999999822, 8.000000000000000000, -2.500000000000000444 ) ) ;
#1040 = SURFACE_SIDE_STYLE ('',( #2176 ) ) ;
#1041 = VERTEX_POINT ( 'NONE', #4720 ) ;
#1042 = VECTOR ( 'NONE', #361, 1000.000000000000000 ) ;
#1043 = VERTEX_POINT ( 'NONE', #336 ) ;
#1044 = DIRECTION ( 'NONE',  ( -0.0000000000000000000, -1.000000000000000000, -0.0000000000000000000 ) ) ;
#1045 = DIRECTION ( 'NONE',  ( -0.0000000000000000000, 0.9695125564162684340, 0.2450416351381777547 ) ) ;
#1046 = CARTESIAN_POINT ( 'NONE',  ( 1.399999999999998579, 7.000000000000000888, -4.253643450194973141 ) ) ;
#1047 = VECTOR ( 'NONE', #3761, 1000.000000000000000 ) ;
#1048 = STYLED_ITEM ( 'NONE', ( #2546 ), #4024 ) ;
#1049 = CARTESIAN_POINT ( 'NONE',  ( -0.2999999999999999889, 7.000000000000000888, 3.300000000000000266 ) ) ;
#1050 = EDGE_CURVE ( 'NONE', #2480, #3506, #4025, .T. ) ;
#1051 = SURFACE_SIDE_STYLE ('',( #1101 ) ) ;
#1052 = DIRECTION ( 'NONE',  ( -1.000000000000000000, 0.0000000000000000000, -0.0000000000000000000 ) ) ;
#1053 = DIRECTION ( 'NONE',  ( 0.0000000000000000000, 0.0000000000000000000, 1.000000000000000000 ) ) ;
#1054 = AXIS2_PLACEMENT_3D ( 'NONE', #1306, #2788, #1560 ) ;
#1055 = MECHANICAL_DESIGN_GEOMETRIC_PRESENTATION_REPRESENTATION (  '', ( #3615 ), #286 ) ;
#1056 = DIRECTION ( 'NONE',  ( -3.553731851483302186E-16, 0.0000000000000000000, -1.000000000000000000 ) ) ;
#1057 = EDGE_LOOP ( 'NONE', ( #3781, #3686, #2195, #2619, #3838, #1637, #3588, #900 ) ) ;
#1058 = FILL_AREA_STYLE_COLOUR ( '', #1747 ) ;
#1059 = DIRECTION ( 'NONE',  ( 1.000000000000000000, 0.0000000000000000000, -0.0000000000000000000 ) ) ;
#1060 = EDGE_CURVE ( 'NONE', #4686, #4114, #985, .T. ) ;
#1061 =( GEOMETRIC_REPRESENTATION_CONTEXT ( 3 ) GLOBAL_UNCERTAINTY_ASSIGNED_CONTEXT ( ( #4338 ) ) GLOBAL_UNIT_ASSIGNED_CONTEXT ( ( #2219, #396, #1903 ) ) REPRESENTATION_CONTEXT ( 'NONE', 'WORKASPACE' ) );
#1062 = EDGE_CURVE ( 'NONE', #1946, #2891, #3215, .T. ) ;
#1063 = SURFACE_SIDE_STYLE ('',( #2935 ) ) ;
#1064 = CARTESIAN_POINT ( 'NONE',  ( 10.00000000000000000, 7.099999999999999645, 5.000000000000000000 ) ) ;
#1065 = CARTESIAN_POINT ( 'NONE',  ( 9.177050983124843242, 12.09999999999999964, -0.4999999999999997780 ) ) ;
#1066 = EDGE_LOOP ( 'NONE', ( #2844, #3452, #2237, #2624 ) ) ;
#1067 = AXIS2_PLACEMENT_3D ( 'NONE', #2779, #2033, #3830 ) ;
#1068 = VERTEX_POINT ( 'NONE', #727 ) ;
#1069 = COLOUR_RGB ( '',0.6666666666666666297, 0.6666666666666666297, 0.6666666666666666297 ) ;
#1070 = DIRECTION ( 'NONE',  ( 0.0000000000000000000, 1.000000000000000000, 0.0000000000000000000 ) ) ;
#1071 = STYLED_ITEM ( 'NONE', ( #2639 ), #257 ) ;
#1072 = CARTESIAN_POINT ( 'NONE',  ( 10.00000000000000000, 7.299999999999998934, 4.500000000000000888 ) ) ;
#1073 = VECTOR ( 'NONE', #626, 1000.000000000000000 ) ;
#1074 =( LENGTH_UNIT ( ) NAMED_UNIT ( * ) SI_UNIT ( .MILLI., .METRE. ) );
#1075 = ORIENTED_EDGE ( 'NONE', *, *, #2353, .T. ) ;
#1076 = MECHANICAL_DESIGN_GEOMETRIC_PRESENTATION_REPRESENTATION (  '', ( #989 ), #72 ) ;
#1077 = ORIENTED_EDGE ( 'NONE', *, *, #2494, .F. ) ;
#1078 = DIRECTION ( 'NONE',  ( 1.000000000000000000, -0.0000000000000000000, 0.0000000000000000000 ) ) ;
#1079 = CARTESIAN_POINT ( 'NONE',  ( 0.0000000000000000000, 0.0000000000000000000, -3.699999999999999734 ) ) ;
#1080 = DIRECTION ( 'NONE',  ( 0.0000000000000000000, 1.000000000000000000, 0.0000000000000000000 ) ) ;
#1081 = LINE ( 'NONE', #3185, #2676 ) ;
#1082 = DIRECTION ( 'NONE',  ( 0.0000000000000000000, 1.224646799147352961E-16, -1.000000000000000000 ) ) ;
#1083 = DIRECTION ( 'NONE',  ( 0.0000000000000000000, -0.9695125564162684340, -0.2450416351381778657 ) ) ;
#1084 = FILL_AREA_STYLE_COLOUR ( '', #4622 ) ;
#1085 = ADVANCED_FACE ( 'NONE', ( #2499 ), #1087, .F. ) ;
#1086 = LINE ( 'NONE', #753, #1148 ) ;
#1087 = CYLINDRICAL_SURFACE ( 'NONE', #3067, 1.900000000000000133 ) ;
#1088 =( NAMED_UNIT ( * ) PLANE_ANGLE_UNIT ( ) SI_UNIT ( $, .RADIAN. ) );
#1089 = SURFACE_STYLE_USAGE ( .BOTH. , #2089 ) ;
#1090 = ORIENTED_EDGE ( 'NONE', *, *, #3792, .T. ) ;
#1091 = EDGE_CURVE ( 'NONE', #1041, #4137, #2529, .T. ) ;
#1092 = VERTEX_POINT ( 'NONE', #1441 ) ;
#1093 = SURFACE_STYLE_FILL_AREA ( #4035 ) ;
#1094 = DIRECTION ( 'NONE',  ( 0.0000000000000000000, -1.000000000000000000, 1.858632295689436102E-16 ) ) ;
#1095 = FACE_OUTER_BOUND ( 'NONE', #2587, .T. ) ;
#1096 = EDGE_CURVE ( 'NONE', #455, #3763, #1271, .T. ) ;
#1097 = ORIENTED_EDGE ( 'NONE', *, *, #1062, .F. ) ;
#1098 = EDGE_LOOP ( 'NONE', ( #166, #2941, #2549, #3726 ) ) ;
#1099 = CARTESIAN_POINT ( 'NONE',  ( 1.149999999999999467, 7.000000000000000888, -4.399999999999998579 ) ) ;
#1100 = ORIENTED_EDGE ( 'NONE', *, *, #812, .T. ) ;
#1101 = SURFACE_STYLE_FILL_AREA ( #3678 ) ;
#1102 = FILL_AREA_STYLE_COLOUR ( '', #1279 ) ;
#1103 = LINE ( 'NONE', #389, #1222 ) ;
#1104 = LINE ( 'NONE', #463, #4242 ) ;
#1105 = CARTESIAN_POINT ( 'NONE',  ( 10.00000000000000000, 14.09999999999999964, 2.899999999999999911 ) ) ;
#1106 = EDGE_CURVE ( 'NONE', #3361, #3083, #3633, .T. ) ;
#1107 = DIRECTION ( 'NONE',  ( 0.0000000000000000000, 1.000000000000000000, 1.224646799147353207E-16 ) ) ;
#1108 = DIRECTION ( 'NONE',  ( -1.000000000000000000, 0.0000000000000000000, 0.0000000000000000000 ) ) ;
#1109 = FACE_OUTER_BOUND ( 'NONE', #4807, .T. ) ;
#1110 = ORIENTED_EDGE ( 'NONE', *, *, #2293, .T. ) ;
#1111 = EDGE_LOOP ( 'NONE', ( #3413, #2206, #3341, #3562 ) ) ;
#1112 = DIRECTION ( 'NONE',  ( 0.0000000000000000000, -0.0000000000000000000, 1.000000000000000000 ) ) ;
#1113 = FACE_OUTER_BOUND ( 'NONE', #3730, .T. ) ;
#1114 = EDGE_CURVE ( 'NONE', #3727, #2258, #3995, .T. ) ;
#1115 = LINE ( 'NONE', #2590, #2060 ) ;
#1116 = PLANE ( 'NONE',  #1286 ) ;
#1117 = SURFACE_STYLE_FILL_AREA ( #426 ) ;
#1118 = VERTEX_POINT ( 'NONE', #3682 ) ;
#1119 = AXIS2_PLACEMENT_3D ( 'NONE', #3779, #1922, #1578 ) ;
#1120 = VERTEX_POINT ( 'NONE', #1415 ) ;
#1121 = EDGE_CURVE ( 'NONE', #1043, #4617, #3191, .T. ) ;
#1122 = LINE ( 'NONE', #1079, #1672 ) ;
#1123 = EDGE_LOOP ( 'NONE', ( #1657, #3189, #3704, #84, #4442, #2768 ) ) ;
#1124 = VERTEX_POINT ( 'NONE', #680 ) ;
#1125 = VECTOR ( 'NONE', #1969, 1000.000000000000000 ) ;
#1126 = DIRECTION ( 'NONE',  ( 0.0000000000000000000, 0.0000000000000000000, 1.000000000000000000 ) ) ;
#1127 = DIRECTION ( 'NONE',  ( -0.0000000000000000000, -1.000000000000000000, -0.0000000000000000000 ) ) ;
#1128 = AXIS2_PLACEMENT_3D ( 'NONE', #3595, #3187, #3943 ) ;
#1129 = VECTOR ( 'NONE', #3032, 1000.000000000000000 ) ;
#1130 = LINE ( 'NONE', #3036, #4548 ) ;
#1131 = DIRECTION ( 'NONE',  ( 0.0000000000000000000, 1.000000000000000000, 1.224646799147353207E-16 ) ) ;
#1132 = APPLICATION_CONTEXT ( 'automotive_design' ) ;
#1133 = VECTOR ( 'NONE', #3749, 1000.000000000000000 ) ;
#1134 = VECTOR ( 'NONE', #1078, 1000.000000000000000 ) ;
#1135 = CARTESIAN_POINT ( 'NONE',  ( 1.099999999999999867, 5.200000000000001066, 3.000000000000000000 ) ) ;
#1136 = FACE_OUTER_BOUND ( 'NONE', #1123, .T. ) ;
#1137 = UNCERTAINTY_MEASURE_WITH_UNIT (LENGTH_MEASURE( 1.000000000000000082E-05 ), #859, 'distance_accuracy_value', 'NONE');
#1138 = DIRECTION ( 'NONE',  ( 0.0000000000000000000, -1.000000000000000000, -1.224646799147353207E-16 ) ) ;
#1139 = VERTEX_POINT ( 'NONE', #1750 ) ;
#1140 = ORIENTED_EDGE ( 'NONE', *, *, #1243, .T. ) ;
#1141 = VERTEX_POINT ( 'NONE', #4335 ) ;
#1142 = MECHANICAL_DESIGN_GEOMETRIC_PRESENTATION_REPRESENTATION (  '', ( #3231 ), #4629 ) ;
#1143 = DIRECTION ( 'NONE',  ( 4.376410911587034820E-32, -1.000000000000000000, -1.224646799147353207E-16 ) ) ;
#1144 = PRESENTATION_LAYER_ASSIGNMENT (  '', '', ( #684 ) ) ;
#1145 = VECTOR ( 'NONE', #215, 1000.000000000000000 ) ;
#1146 = VERTEX_POINT ( 'NONE', #3948 ) ;
#1147 = EDGE_CURVE ( 'NONE', #1120, #1418, #630, .T. ) ;
#1148 = VECTOR ( 'NONE', #4047, 1000.000000000000000 ) ;
#1149 = VECTOR ( 'NONE', #750, 1000.000000000000000 ) ;
#1150 = VERTEX_POINT ( 'NONE', #1011 ) ;
#1151 = FILL_AREA_STYLE_COLOUR ( '', #836 ) ;
#1152 = MECHANICAL_DESIGN_GEOMETRIC_PRESENTATION_REPRESENTATION (  '', ( #69 ), #3863 ) ;
#1153 = ORIENTED_EDGE ( 'NONE', *, *, #739, .F. ) ;
#1154 = EDGE_CURVE ( 'NONE', #4787, #1866, #4689, .T. ) ;
#1155 = ADVANCED_FACE ( 'NONE', ( #1928, #2611, #2956 ), #754, .F. ) ;
#1156 = DIRECTION ( 'NONE',  ( 0.0000000000000000000, -1.000000000000000000, -1.224646799147353207E-16 ) ) ;
#1157 = EDGE_LOOP ( 'NONE', ( #1256, #383, #3070, #2011 ) ) ;
#1158 = VECTOR ( 'NONE', #2836, 1000.000000000000000 ) ;
#1159 = LINE ( 'NONE', #820, #3217 ) ;
#1160 = CARTESIAN_POINT ( 'NONE',  ( 0.0000000000000000000, -6.123233995736765296E-16, 5.000000000000000000 ) ) ;
#1161 = VECTOR ( 'NONE', #513, 1000.000000000000000 ) ;
#1162 = DIRECTION ( 'NONE',  ( -1.000000000000000000, 0.0000000000000000000, -0.0000000000000000000 ) ) ;
#1163 = EDGE_CURVE ( 'NONE', #2919, #2085, #4799, .T. ) ;
#1164 =( NAMED_UNIT ( * ) SI_UNIT ( $, .STERADIAN. ) SOLID_ANGLE_UNIT ( ) );
#1165 = DIRECTION ( 'NONE',  ( -3.934117689371791909E-32, -1.000000000000000000, -1.224646799147353454E-16 ) ) ;
#1166 = MECHANICAL_DESIGN_GEOMETRIC_PRESENTATION_REPRESENTATION (  '', ( #3028 ), #2631 ) ;
#1167 = CARTESIAN_POINT ( 'NONE',  ( 3.949999999999998845, 8.000000000000000000, 2.850000000000000977 ) ) ;
#1168 = CARTESIAN_POINT ( 'NONE',  ( 6.299999999999999822, 8.000000000000000000, -2.500000000000000444 ) ) ;
#1169 = DIRECTION ( 'NONE',  ( 0.0000000000000000000, -0.9695125564162684340, -0.2450416351381777547 ) ) ;
#1170 = ORIENTED_EDGE ( 'NONE', *, *, #3181, .F. ) ;
#1171 = EDGE_LOOP ( 'NONE', ( #4718, #1787 ) ) ;
#1172 = PLANE ( 'NONE',  #3472 ) ;
#1173 = CARTESIAN_POINT ( 'NONE',  ( 6.399999999999999467, 1.612742585576166343, -5.045130994854378770 ) ) ;
#1174 = CARTESIAN_POINT ( 'NONE',  ( 1.399999999999998579, 5.612742585576164345, -5.045130994854377882 ) ) ;
#1175 = EDGE_LOOP ( 'NONE', ( #2626, #1376, #1527, #1757 ) ) ;
#1176 = ADVANCED_FACE ( 'NONE', ( #4448, #852 ), #1853, .T. ) ;
#1177 = VERTEX_POINT ( 'NONE', #2683 ) ;
#1178 = ORIENTED_EDGE ( 'NONE', *, *, #2961, .T. ) ;
#1179 = CARTESIAN_POINT ( 'NONE',  ( 6.100000000000000533, 2.000000000000001776, 3.202747531882601084 ) ) ;
#1180 = EDGE_CURVE ( 'NONE', #4167, #1961, #1874, .T. ) ;
#1181 = CARTESIAN_POINT ( 'NONE',  ( 2.499999999999998668, 13.10000000000000142, 0.5000000000000230926 ) ) ;
#1182 = CARTESIAN_POINT ( 'NONE',  ( 0.0000000000000000000, 0.0000000000000000000, 0.0000000000000000000 ) ) ;
#1183 = EDGE_CURVE ( 'NONE', #1866, #2316, #1514, .T. ) ;
#1184 = ORIENTED_EDGE ( 'NONE', *, *, #3739, .T. ) ;
#1185 = VERTEX_POINT ( 'NONE', #3365 ) ;
#1186 = ORIENTED_EDGE ( 'NONE', *, *, #2722, .T. ) ;
#1187 =( NAMED_UNIT ( * ) SI_UNIT ( $, .STERADIAN. ) SOLID_ANGLE_UNIT ( ) );
#1188 = SURFACE_SIDE_STYLE ('',( #2339 ) ) ;
#1189 = CARTESIAN_POINT ( 'NONE',  ( 8.600000000000001421, 7.000000000000000888, -4.253643450194936726 ) ) ;
#1190 = SURFACE_SIDE_STYLE ('',( #1938 ) ) ;
#1191 = ORIENTED_EDGE ( 'NONE', *, *, #4378, .T. ) ;
#1192 = VECTOR ( 'NONE', #1389, 1000.000000000000000 ) ;
#1193 = DIRECTION ( 'NONE',  ( 0.0000000000000000000, -1.000000000000000000, -0.0000000000000000000 ) ) ;
#1194 = ORIENTED_EDGE ( 'NONE', *, *, #1917, .F. ) ;
#1195 = VECTOR ( 'NONE', #2539, 1000.000000000000000 ) ;
#1196 = CARTESIAN_POINT ( 'NONE',  ( 0.5499999999999983791, 8.000000000000000000, 2.850000000000000977 ) ) ;
#1197 = ORIENTED_EDGE ( 'NONE', *, *, #1944, .T. ) ;
#1198 = DIRECTION ( 'NONE',  ( 0.0000000000000000000, 1.000000000000000000, -0.0000000000000000000 ) ) ;
#1199 = VECTOR ( 'NONE', #3802, 1000.000000000000000 ) ;
#1200 = PRESENTATION_STYLE_ASSIGNMENT (( #1613 ) ) ;
#1201 = DIRECTION ( 'NONE',  ( 0.0000000000000000000, -0.0000000000000000000, 1.000000000000000000 ) ) ;
#1202 = EDGE_CURVE ( 'NONE', #3391, #3283, #70, .T. ) ;
#1203 = FACE_BOUND ( 'NONE', #1171, .T. ) ;
#1204 =( NAMED_UNIT ( * ) SI_UNIT ( $, .STERADIAN. ) SOLID_ANGLE_UNIT ( ) );
#1205 = DIRECTION ( 'NONE',  ( -1.000000000000000000, -0.0000000000000000000, -0.0000000000000000000 ) ) ;
#1206 =( GEOMETRIC_REPRESENTATION_CONTEXT ( 3 ) GLOBAL_UNCERTAINTY_ASSIGNED_CONTEXT ( ( #1323 ) ) GLOBAL_UNIT_ASSIGNED_CONTEXT ( ( #1649, #3080, #4613 ) ) REPRESENTATION_CONTEXT ( 'NONE', 'WORKASPACE' ) );
#1207 = PRESENTATION_LAYER_ASSIGNMENT (  '', '', ( #3302 ) ) ;
#1208 = PRESENTATION_STYLE_ASSIGNMENT (( #3488 ) ) ;
#1209 = ORIENTED_EDGE ( 'NONE', *, *, #4515, .F. ) ;
#1210 = ORIENTED_EDGE ( 'NONE', *, *, #1949, .F. ) ;
#1211 = ORIENTED_EDGE ( 'NONE', *, *, #1873, .T. ) ;
#1212 = ADVANCED_FACE ( 'NONE', ( #3395, #1203, #438 ), #4101, .F. ) ;
#1213 = ADVANCED_FACE ( 'NONE', ( #391 ), #781, .F. ) ;
#1214 = FILL_AREA_STYLE_COLOUR ( '', #1603 ) ;
#1215 = STYLED_ITEM ( 'NONE', ( #3311 ), #4061 ) ;
#1216 = ORIENTED_EDGE ( 'NONE', *, *, #2352, .F. ) ;
#1217 =( GEOMETRIC_REPRESENTATION_CONTEXT ( 3 ) GLOBAL_UNCERTAINTY_ASSIGNED_CONTEXT ( ( #315 ) ) GLOBAL_UNIT_ASSIGNED_CONTEXT ( ( #3994, #983, #316 ) ) REPRESENTATION_CONTEXT ( 'NONE', 'WORKASPACE' ) );
#1218 = PRESENTATION_LAYER_ASSIGNMENT (  '', '', ( #4782 ) ) ;
#1219 = CARTESIAN_POINT ( 'NONE',  ( 4.449999999999998401, 5.299999999999999822, 2.850000000000000533 ) ) ;
#1220 = PRESENTATION_LAYER_ASSIGNMENT (  '', '', ( #2846 ) ) ;
#1221 = ORIENTED_EDGE ( 'NONE', *, *, #2876, .F. ) ;
#1222 = VECTOR ( 'NONE', #9, 1000.000000000000000 ) ;
#1223 = DIRECTION ( 'NONE',  ( -0.0000000000000000000, -1.000000000000000000, -0.0000000000000000000 ) ) ;
#1224 = ORIENTED_EDGE ( 'NONE', *, *, #4497, .F. ) ;
#1225 =( NAMED_UNIT ( * ) PLANE_ANGLE_UNIT ( ) SI_UNIT ( $, .RADIAN. ) );
#1226 = MECHANICAL_DESIGN_GEOMETRIC_PRESENTATION_REPRESENTATION (  '', ( #4100 ), #1755 ) ;
#1227 = FILL_AREA_STYLE ('',( #2354 ) ) ;
#1228 = CARTESIAN_POINT ( 'NONE',  ( 9.700000000000002842, -6.870268543216652303E-16, 0.0000000000000000000 ) ) ;
#1229 = SURFACE_SIDE_STYLE ('',( #3441 ) ) ;
#1230 = PRESENTATION_STYLE_ASSIGNMENT (( #3807 ) ) ;
#1231 = CARTESIAN_POINT ( 'NONE',  ( 0.8229490168751179002, 12.09999999999999964, 0.4999999999999997780 ) ) ;
#1232 = EDGE_CURVE ( 'NONE', #3083, #4059, #3738, .T. ) ;
#1233 = SURFACE_STYLE_USAGE ( .BOTH. , #488 ) ;
#1234 = VERTEX_POINT ( 'NONE', #12 ) ;
#1235 = DIRECTION ( 'NONE',  ( 0.0000000000000000000, 0.0000000000000000000, -1.000000000000000000 ) ) ;
#1236 = AXIS2_PLACEMENT_3D ( 'NONE', #3432, #494, #108 ) ;
#1237 =( NAMED_UNIT ( * ) PLANE_ANGLE_UNIT ( ) SI_UNIT ( $, .RADIAN. ) );
#1238 = DIRECTION ( 'NONE',  ( -0.0000000000000000000, -0.0000000000000000000, 1.000000000000000000 ) ) ;
#1239 = ADVANCED_FACE ( 'NONE', ( #1487 ), #415, .F. ) ;
#1240 = UNCERTAINTY_MEASURE_WITH_UNIT (LENGTH_MEASURE( 1.000000000000000082E-05 ), #1670, 'distance_accuracy_value', 'NONE');
#1241 = FACE_OUTER_BOUND ( 'NONE', #88, .T. ) ;
#1242 = SURFACE_STYLE_FILL_AREA ( #1959 ) ;
#1243 = EDGE_CURVE ( 'NONE', #2004, #611, #3466, .T. ) ;
#1244 = CARTESIAN_POINT ( 'NONE',  ( 1.049999999999999600, 1.999999999999999556, -2.149999999999999911 ) ) ;
#1245 = ORIENTED_EDGE ( 'NONE', *, *, #4434, .T. ) ;
#1246 = LINE ( 'NONE', #4285, #3515 ) ;
#1247 = ORIENTED_EDGE ( 'NONE', *, *, #2353, .F. ) ;
#1248 = SURFACE_SIDE_STYLE ('',( #566 ) ) ;
#1249 = ORIENTED_EDGE ( 'NONE', *, *, #4605, .T. ) ;
#1250 = CARTESIAN_POINT ( 'NONE',  ( 8.849999999999999645, 7.000000000000000888, -2.500000000000000444 ) ) ;
#1251 = LINE ( 'NONE', #3082, #4549 ) ;
#1252 = VERTEX_POINT ( 'NONE', #1616 ) ;
#1253 = CARTESIAN_POINT ( 'NONE',  ( 5.822949016875157646, 12.09999999999999964, 0.5000000000000006661 ) ) ;
#1254 = PRESENTATION_STYLE_ASSIGNMENT (( #4578 ) ) ;
#1255 =( LENGTH_UNIT ( ) NAMED_UNIT ( * ) SI_UNIT ( .MILLI., .METRE. ) );
#1256 = ORIENTED_EDGE ( 'NONE', *, *, #3047, .F. ) ;
#1257 = EDGE_CURVE ( 'NONE', #419, #3887, #569, .T. ) ;
#1258 =( NAMED_UNIT ( * ) PLANE_ANGLE_UNIT ( ) SI_UNIT ( $, .RADIAN. ) );
#1259 = FACE_OUTER_BOUND ( 'NONE', #4163, .T. ) ;
#1260 = VERTEX_POINT ( 'NONE', #3846 ) ;
#1261 = ADVANCED_FACE ( 'NONE', ( #2027 ), #141, .F. ) ;
#1262 = EDGE_CURVE ( 'NONE', #16, #1146, #4209, .T. ) ;
#1263 = ORIENTED_EDGE ( 'NONE', *, *, #4801, .T. ) ;
#1264 = DIRECTION ( 'NONE',  ( -1.000000000000000000, -5.438986546425228179E-16, 5.933439868827523980E-16 ) ) ;
#1265 = SURFACE_STYLE_FILL_AREA ( #1967 ) ;
#1266 =( LENGTH_UNIT ( ) NAMED_UNIT ( * ) SI_UNIT ( .MILLI., .METRE. ) );
#1267 = DIRECTION ( 'NONE',  ( 0.0000000000000000000, 0.0000000000000000000, 1.000000000000000000 ) ) ;
#1268 = VECTOR ( 'NONE', #1070, 1000.000000000000000 ) ;
#1269 =( LENGTH_UNIT ( ) NAMED_UNIT ( * ) SI_UNIT ( .MILLI., .METRE. ) );
#1270 = ORIENTED_EDGE ( 'NONE', *, *, #3645, .F. ) ;
#1271 = CIRCLE ( 'NONE', #1809, 1.750000000000000000 ) ;
#1272 = ORIENTED_EDGE ( 'NONE', *, *, #4038, .T. ) ;
#1273 = DIRECTION ( 'NONE',  ( -1.000000000000000000, 0.0000000000000000000, 0.0000000000000000000 ) ) ;
#1274 = DIRECTION ( 'NONE',  ( 0.0000000000000000000, 0.0000000000000000000, -1.000000000000000000 ) ) ;
#1275 =( NAMED_UNIT ( * ) PLANE_ANGLE_UNIT ( ) SI_UNIT ( $, .RADIAN. ) );
#1276 = VECTOR ( 'NONE', #3989, 1000.000000000000000 ) ;
#1277 = UNCERTAINTY_MEASURE_WITH_UNIT (LENGTH_MEASURE( 1.000000000000000082E-05 ), #1266, 'distance_accuracy_value', 'NONE');
#1278 = DIRECTION ( 'NONE',  ( -2.775557561562891351E-17, 0.6757246285173448275, -0.7371541402007427690 ) ) ;
#1279 = COLOUR_RGB ( '',0.6666666666666666297, 0.6666666666666666297, 0.6666666666666666297 ) ;
#1280 = DIRECTION ( 'NONE',  ( -6.464932690748106256E-17, 0.0000000000000000000, 1.000000000000000000 ) ) ;
#1281 = AXIS2_PLACEMENT_3D ( 'NONE', #242, #1706, #2840 ) ;
#1282 = AXIS2_PLACEMENT_3D ( 'NONE', #2203, #1503, #4439 ) ;
#1283 = LINE ( 'NONE', #640, #2758 ) ;
#1284 = EDGE_CURVE ( 'NONE', #4504, #4686, #1586, .T. ) ;
#1285 = ORIENTED_EDGE ( 'NONE', *, *, #2933, .F. ) ;
#1286 = AXIS2_PLACEMENT_3D ( 'NONE', #373, #3304, #3771 ) ;
#1287 = VERTEX_POINT ( 'NONE', #548 ) ;
#1288 = EDGE_CURVE ( 'NONE', #2358, #2670, #887, .T. ) ;
#1289 = AXIS2_PLACEMENT_3D ( 'NONE', #4532, #4560, #3129 ) ;
#1290 = ADVANCED_FACE ( 'NONE', ( #503 ), #4254, .T. ) ;
#1291 = SURFACE_STYLE_USAGE ( .BOTH. , #4608 ) ;
#1292 =( NAMED_UNIT ( * ) SI_UNIT ( $, .STERADIAN. ) SOLID_ANGLE_UNIT ( ) );
#1293 = AXIS2_PLACEMENT_3D ( 'NONE', #1412, #2878, #2418 ) ;
#1294 = EDGE_CURVE ( 'NONE', #1397, #1120, #2415, .T. ) ;
#1295 = LINE ( 'NONE', #2777, #3402 ) ;
#1296 = ORIENTED_EDGE ( 'NONE', *, *, #1243, .F. ) ;
#1297 = ORIENTED_EDGE ( 'NONE', *, *, #3676, .T. ) ;
#1298 = AXIS2_PLACEMENT_3D ( 'NONE', #1024, #247, #201 ) ;
#1299 = DIRECTION ( 'NONE',  ( 0.0000000000000000000, -1.000000000000000000, -1.224646799147353454E-16 ) ) ;
#1300 = SURFACE_SIDE_STYLE ('',( #4274 ) ) ;
#1301 = CARTESIAN_POINT ( 'NONE',  ( 10.00000000000000000, 7.000000000000003553, 5.000000000000000000 ) ) ;
#1302 = CARTESIAN_POINT ( 'NONE',  ( 1.149999999999999689, 7.000000000000000888, -4.399999999999998579 ) ) ;
#1303 = FILL_AREA_STYLE ('',( #2038 ) ) ;
#1304 = STYLED_ITEM ( 'NONE', ( #4537 ), #4520 ) ;
#1305 = LINE ( 'NONE', #3613, #3246 ) ;
#1306 = CARTESIAN_POINT ( 'NONE',  ( 9.700000000000002842, 6.999999999999999112, -3.199999999999999734 ) ) ;
#1307 = EDGE_LOOP ( 'NONE', ( #2743, #4480, #3743, #2738 ) ) ;
#1308 = ORIENTED_EDGE ( 'NONE', *, *, #3521, .T. ) ;
#1309 = ADVANCED_FACE ( 'NONE', ( #1991 ), #2395, .T. ) ;
#1310 = FACE_OUTER_BOUND ( 'NONE', #2861, .T. ) ;
#1311 = CARTESIAN_POINT ( 'NONE',  ( 6.299999999999999822, 0.0000000000000000000, -4.253643450194938502 ) ) ;
#1312 = EDGE_CURVE ( 'NONE', #2066, #3233, #1026, .T. ) ;
#1313 = DIRECTION ( 'NONE',  ( 1.000000000000000000, 0.0000000000000000000, 0.0000000000000000000 ) ) ;
#1314 = LINE ( 'NONE', #4022, #2618 ) ;
#1315 = ORIENTED_EDGE ( 'NONE', *, *, #1180, .T. ) ;
#1316 = VERTEX_POINT ( 'NONE', #1691 ) ;
#1317 = FACE_OUTER_BOUND ( 'NONE', #1697, .T. ) ;
#1318 = PRESENTATION_STYLE_ASSIGNMENT (( #2338 ) ) ;
#1319 = EDGE_CURVE ( 'NONE', #4108, #1993, #2472, .T. ) ;
#1320 = DIRECTION ( 'NONE',  ( -0.0000000000000000000, -1.000000000000000000, -0.0000000000000000000 ) ) ;
#1321 = CARTESIAN_POINT ( 'NONE',  ( 3.727129896139459664, 8.000000000000000000, -2.350000000000000533 ) ) ;
#1322 = CARTESIAN_POINT ( 'NONE',  ( 10.00000000000000000, 3.184081677783118684E-16, -5.200000000000001066 ) ) ;
#1323 = UNCERTAINTY_MEASURE_WITH_UNIT (LENGTH_MEASURE( 1.000000000000000082E-05 ), #1649, 'distance_accuracy_value', 'NONE');
#1324 = CARTESIAN_POINT ( 'NONE',  ( 8.600000000000001421, 1.612742585576166565, -5.045130994854379658 ) ) ;
#1325 = VERTEX_POINT ( 'NONE', #3593 ) ;
#1326 = CARTESIAN_POINT ( 'NONE',  ( 0.0000000000000000000, 7.000000000000000000, 8.572527594031474176E-16 ) ) ;
#1327 = CARTESIAN_POINT ( 'NONE',  ( 2.499999999999998668, 13.10000000000000142, 0.0000000000000000000 ) ) ;
#1328 = DIRECTION ( 'NONE',  ( 0.0000000000000000000, -1.000000000000000000, -1.224646799147352961E-16 ) ) ;
#1329 = EDGE_LOOP ( 'NONE', ( #2229, #635, #2601, #1186 ) ) ;
#1330 = ORIENTED_EDGE ( 'NONE', *, *, #3773, .T. ) ;
#1331 = DIRECTION ( 'NONE',  ( 0.0000000000000000000, -1.000000000000000000, -1.224646799147353207E-16 ) ) ;
#1332 = CARTESIAN_POINT ( 'NONE',  ( 10.00000000000000000, 7.299999999999998934, 4.800000000000000711 ) ) ;
#1333 = DIRECTION ( 'NONE',  ( 1.000000000000000000, 0.0000000000000000000, 0.0000000000000000000 ) ) ;
#1334 = DIRECTION ( 'NONE',  ( -1.000000000000000000, 0.0000000000000000000, -0.0000000000000000000 ) ) ;
#1335 = CARTESIAN_POINT ( 'NONE',  ( 1.149999999999999689, 4.165217391304374850, -4.399999999999998579 ) ) ;
#1336 = ORIENTED_EDGE ( 'NONE', *, *, #1096, .F. ) ;
#1337 = EDGE_CURVE ( 'NONE', #1139, #1068, #4401, .T. ) ;
#1338 = VERTEX_POINT ( 'NONE', #2492 ) ;
#1339 = PRESENTATION_LAYER_ASSIGNMENT (  '', '', ( #2412 ) ) ;
#1340 = CYLINDRICAL_SURFACE ( 'NONE', #4768, 0.4000000000000004663 ) ;
#1341 = LINE ( 'NONE', #2936, #776 ) ;
#1342 = AXIS2_PLACEMENT_3D ( 'NONE', #827, #2794, #1951 ) ;
#1343 = ORIENTED_EDGE ( 'NONE', *, *, #4638, .T. ) ;
#1344 = ADVANCED_FACE ( 'NONE', ( #4299 ), #3553, .T. ) ;
#1345 = ORIENTED_EDGE ( 'NONE', *, *, #612, .T. ) ;
#1346 = EDGE_CURVE ( 'NONE', #1124, #3895, #647, .T. ) ;
#1347 = DIRECTION ( 'NONE',  ( 0.0000000000000000000, 0.9695125564162684340, 0.2450416351381778657 ) ) ;
#1348 = AXIS2_PLACEMENT_3D ( 'NONE', #948, #3826, #1267 ) ;
#1349 = DIRECTION ( 'NONE',  ( 1.000000000000000000, 0.0000000000000000000, -0.0000000000000000000 ) ) ;
#1350 = SURFACE_STYLE_USAGE ( .BOTH. , #298 ) ;
#1351 = SURFACE_STYLE_USAGE ( .BOTH. , #1040 ) ;
#1352 = AXIS2_PLACEMENT_3D ( 'NONE', #955, #4403, #2184 ) ;
#1353 = ORIENTED_EDGE ( 'NONE', *, *, #2173, .T. ) ;
#1354 = ORIENTED_EDGE ( 'NONE', *, *, #1970, .F. ) ;
#1355 = VECTOR ( 'NONE', #3725, 1000.000000000000000 ) ;
#1356 = MECHANICAL_DESIGN_GEOMETRIC_PRESENTATION_REPRESENTATION (  '', ( #2918 ), #1596 ) ;
#1357 = DIRECTION ( 'NONE',  ( 0.0000000000000000000, 1.000000000000000000, 1.224646799147353207E-16 ) ) ;
#1358 = CARTESIAN_POINT ( 'NONE',  ( 10.00000000000000000, 10.44109727785365749, -3.824777611091933149 ) ) ;
#1359 = VECTOR ( 'NONE', #1193, 1000.000000000000000 ) ;
#1360 = DIRECTION ( 'NONE',  ( -4.376410911587034820E-32, 1.000000000000000000, 1.224646799147353207E-16 ) ) ;
#1361 = CARTESIAN_POINT ( 'NONE',  ( 0.0000000000000000000, 2.877919977996283279E-16, -2.350000000000001421 ) ) ;
#1362 = COLOUR_RGB ( '',0.6666666666666666297, 0.6666666666666666297, 0.6666666666666666297 ) ;
#1363 =( GEOMETRIC_REPRESENTATION_CONTEXT ( 3 ) GLOBAL_UNCERTAINTY_ASSIGNED_CONTEXT ( ( #3815 ) ) GLOBAL_UNIT_ASSIGNED_CONTEXT ( ( #737, #4244, #2700 ) ) REPRESENTATION_CONTEXT ( 'NONE', 'WORKASPACE' ) );
#1364 = CARTESIAN_POINT ( 'NONE',  ( 0.0000000000000000000, -6.123233995736766282E-16, 5.000000000000000000 ) ) ;
#1365 = LINE ( 'NONE', #4716, #4015 ) ;
#1366 = EDGE_LOOP ( 'NONE', ( #535, #2020, #552, #3662, #1296, #1110, #4493, #809 ) ) ;
#1367 = ORIENTED_EDGE ( 'NONE', *, *, #1443, .F. ) ;
#1368 = DIRECTION ( 'NONE',  ( -0.0000000000000000000, -1.000000000000000000, 0.0000000000000000000 ) ) ;
#1369 = DIRECTION ( 'NONE',  ( 0.0000000000000000000, 0.0000000000000000000, 1.000000000000000000 ) ) ;
#1370 = EDGE_CURVE ( 'NONE', #4059, #1686, #978, .T. ) ;
#1371 =( LENGTH_UNIT ( ) NAMED_UNIT ( * ) SI_UNIT ( .MILLI., .METRE. ) );
#1372 = UNCERTAINTY_MEASURE_WITH_UNIT (LENGTH_MEASURE( 1.000000000000000082E-05 ), #3253, 'distance_accuracy_value', 'NONE');
#1373 = AXIS2_PLACEMENT_3D ( 'NONE', #4266, #3140, #3889 ) ;
#1374 = VERTEX_POINT ( 'NONE', #4368 ) ;
#1375 = EDGE_LOOP ( 'NONE', ( #2513, #1806, #2963, #1315 ) ) ;
#1376 = ORIENTED_EDGE ( 'NONE', *, *, #4576, .F. ) ;
#1377 = FACE_OUTER_BOUND ( 'NONE', #1111, .T. ) ;
#1378 = VECTOR ( 'NONE', #424, 1000.000000000000000 ) ;
#1379 = EDGE_CURVE ( 'NONE', #457, #2380, #1081, .T. ) ;
#1380 =( NAMED_UNIT ( * ) PLANE_ANGLE_UNIT ( ) SI_UNIT ( $, .RADIAN. ) );
#1381 = FILL_AREA_STYLE_COLOUR ( '', #370 ) ;
#1382 = AXIS2_PLACEMENT_3D ( 'NONE', #4559, #3814, #4181 ) ;
#1383 = DIRECTION ( 'NONE',  ( 1.000000000000000000, -0.0000000000000000000, 0.0000000000000000000 ) ) ;
#1384 = ORIENTED_EDGE ( 'NONE', *, *, #4116, .F. ) ;
#1385 = EDGE_LOOP ( 'NONE', ( #3351, #3574, #1759, #3630 ) ) ;
#1386 = EDGE_CURVE ( 'NONE', #4, #4167, #249, .T. ) ;
#1387 = LINE ( 'NONE', #2922, #1134 ) ;
#1388 = LINE ( 'NONE', #4349, #303 ) ;
#1389 = DIRECTION ( 'NONE',  ( 0.0000000000000000000, -1.224646799147353207E-16, 1.000000000000000000 ) ) ;
#1390 = DIRECTION ( 'NONE',  ( -8.049116928532384918E-16, 0.6757246285173461597, -0.7371541402007415478 ) ) ;
#1391 = DIRECTION ( 'NONE',  ( -0.0000000000000000000, -1.000000000000000000, -1.224646799147353207E-16 ) ) ;
#1392 = ORIENTED_EDGE ( 'NONE', *, *, #994, .T. ) ;
#1393 = ORIENTED_EDGE ( 'NONE', *, *, #4562, .F. ) ;
#1394 = DIRECTION ( 'NONE',  ( -1.000000000000000000, -1.875512602215592205E-17, 2.046013747871563340E-17 ) ) ;
#1395 = LINE ( 'NONE', #1802, #1751 ) ;
#1396 = ORIENTED_EDGE ( 'NONE', *, *, #2047, .T. ) ;
#1397 = VERTEX_POINT ( 'NONE', #4654 ) ;
#1398 = CARTESIAN_POINT ( 'NONE',  ( 3.600000000000000533, 6.441097277853660152, -3.824777611091934926 ) ) ;
#1399 = LINE ( 'NONE', #1039, #3866 ) ;
#1400 = DIRECTION ( 'NONE',  ( 1.000000000000000000, -0.0000000000000000000, 0.0000000000000000000 ) ) ;
#1401 = ORIENTED_EDGE ( 'NONE', *, *, #648, .T. ) ;
#1402 = EDGE_CURVE ( 'NONE', #2821, #4463, #1434, .T. ) ;
#1403 = ORIENTED_EDGE ( 'NONE', *, *, #453, .T. ) ;
#1404 = CARTESIAN_POINT ( 'NONE',  ( 2.499999999999998668, 13.10000000000000142, 0.0000000000000000000 ) ) ;
#1405 = LINE ( 'NONE', #1844, #2056 ) ;
#1406 = EDGE_CURVE ( 'NONE', #1092, #4726, #4018, .T. ) ;
#1407 = EDGE_CURVE ( 'NONE', #4149, #3001, #4762, .T. ) ;
#1408 = CARTESIAN_POINT ( 'NONE',  ( 1.299999999999999822, 8.000000000000000000, 9.797174393178825657E-16 ) ) ;
#1409 = LINE ( 'NONE', #2897, #2507 ) ;
#1410 = DIRECTION ( 'NONE',  ( -1.647260325640875934E-16, -0.9695125564162684340, -0.2450416351381779212 ) ) ;
#1411 = DIRECTION ( 'NONE',  ( 3.336006684570782115E-16, 0.0000000000000000000, -1.000000000000000000 ) ) ;
#1412 = CARTESIAN_POINT ( 'NONE',  ( 2.499999999999998668, 11.09999999999999787, 0.0000000000000000000 ) ) ;
#1413 = ORIENTED_EDGE ( 'NONE', *, *, #1106, .F. ) ;
#1414 = LINE ( 'NONE', #233, #4696 ) ;
#1415 = CARTESIAN_POINT ( 'NONE',  ( 9.700000000000002842, 6.999999999999999112, 2.800000000000000266 ) ) ;
#1416 = DIRECTION ( 'NONE',  ( 0.0000000000000000000, 1.000000000000000000, 1.224646799147353207E-16 ) ) ;
#1417 = CARTESIAN_POINT ( 'NONE',  ( 6.100000000000000533, 1.699999999999999067, 4.999999999999999112 ) ) ;
#1418 = VERTEX_POINT ( 'NONE', #3965 ) ;
#1419 = STYLED_ITEM ( 'NONE', ( #4588 ), #353 ) ;
#1420 = ORIENTED_EDGE ( 'NONE', *, *, #1257, .T. ) ;
#1421 = ORIENTED_EDGE ( 'NONE', *, *, #2637, .T. ) ;
#1422 = CARTESIAN_POINT ( 'NONE',  ( 3.900000000000000799, -6.123233995736766282E-16, 5.000000000000000000 ) ) ;
#1423 = DIRECTION ( 'NONE',  ( 0.0000000000000000000, 0.0000000000000000000, 1.000000000000000000 ) ) ;
#1424 = VECTOR ( 'NONE', #400, 1000.000000000000000 ) ;
#1425 = EDGE_LOOP ( 'NONE', ( #2171, #2615, #2283, #2464, #3886, #2392 ) ) ;
#1426 = AXIS2_PLACEMENT_3D ( 'NONE', #1105, #1565, #2290 ) ;
#1427 = ORIENTED_EDGE ( 'NONE', *, *, #2744, .T. ) ;
#1428 = CARTESIAN_POINT ( 'NONE',  ( 1.100000000000000311, -6.123233995736766282E-16, 5.000000000000000000 ) ) ;
#1429 = EDGE_CURVE ( 'NONE', #3742, #3084, #673, .T. ) ;
#1430 = CARTESIAN_POINT ( 'NONE',  ( 6.099999999999999645, 11.00000000000000000, 3.000000000000001776 ) ) ;
#1431 = DIRECTION ( 'NONE',  ( 1.000000000000000000, 0.0000000000000000000, 6.464932690748106256E-17 ) ) ;
#1432 = VECTOR ( 'NONE', #387, 1000.000000000000000 ) ;
#1433 = AXIS2_PLACEMENT_3D ( 'NONE', #1611, #3182, #4206 ) ;
#1434 = LINE ( 'NONE', #2447, #4222 ) ;
#1435 = DIRECTION ( 'NONE',  ( 1.000000000000000000, 0.0000000000000000000, 0.0000000000000000000 ) ) ;
#1436 = EDGE_CURVE ( 'NONE', #1666, #3755, #2102, .T. ) ;
#1437 = DIRECTION ( 'NONE',  ( 0.0000000000000000000, 0.7371541402007415478, 0.6757246285173461597 ) ) ;
#1438 = VECTOR ( 'NONE', #3932, 1000.000000000000000 ) ;
#1439 = FACE_OUTER_BOUND ( 'NONE', #2709, .T. ) ;
#1440 =( NAMED_UNIT ( * ) SI_UNIT ( $, .STERADIAN. ) SOLID_ANGLE_UNIT ( ) );
#1441 = CARTESIAN_POINT ( 'NONE',  ( 8.727129896139459220, 8.000000000000000000, -2.500000000000000444 ) ) ;
#1442 = MECHANICAL_DESIGN_GEOMETRIC_PRESENTATION_REPRESENTATION (  '', ( #4782 ), #2134 ) ;
#1443 = EDGE_CURVE ( 'NONE', #4395, #1839, #1409, .T. ) ;
#1444 = SURFACE_STYLE_FILL_AREA ( #1801 ) ;
#1445 = FACE_OUTER_BOUND ( 'NONE', #3430, .T. ) ;
#1446 = SURFACE_STYLE_FILL_AREA ( #1546 ) ;
#1447 = VERTEX_POINT ( 'NONE', #2521 ) ;
#1448 = MECHANICAL_DESIGN_GEOMETRIC_PRESENTATION_REPRESENTATION (  '', ( #208 ), #3396 ) ;
#1449 = ORIENTED_EDGE ( 'NONE', *, *, #2083, .F. ) ;
#1450 = AXIS2_PLACEMENT_3D ( 'NONE', #3710, #2526, #4046 ) ;
#1451 = ORIENTED_EDGE ( 'NONE', *, *, #880, .F. ) ;
#1452 = CARTESIAN_POINT ( 'NONE',  ( 6.299999999999999822, 7.000000000000000888, -4.253643450194937614 ) ) ;
#1453 = LINE ( 'NONE', #3747, #1378 ) ;
#1454 =( GEOMETRIC_REPRESENTATION_CONTEXT ( 3 ) GLOBAL_UNCERTAINTY_ASSIGNED_CONTEXT ( ( #514 ) ) GLOBAL_UNIT_ASSIGNED_CONTEXT ( ( #823, #1927, #645 ) ) REPRESENTATION_CONTEXT ( 'NONE', 'WORKASPACE' ) );
#1455 = CARTESIAN_POINT ( 'NONE',  ( 1.049999999999998490, 5.299999999999999822, -2.149999999999999911 ) ) ;
#1456 = ORIENTED_EDGE ( 'NONE', *, *, #482, .T. ) ;
#1457 = VECTOR ( 'NONE', #2540, 1000.000000000000000 ) ;
#1458 = ORIENTED_EDGE ( 'NONE', *, *, #1788, .T. ) ;
#1459 = AXIS2_PLACEMENT_3D ( 'NONE', #791, #2253, #2648 ) ;
#1460 = SURFACE_STYLE_FILL_AREA ( #3362 ) ;
#1461 = EDGE_CURVE ( 'NONE', #3373, #3084, #332, .T. ) ;
#1462 = ORIENTED_EDGE ( 'NONE', *, *, #1163, .T. ) ;
#1463 = LINE ( 'NONE', #3292, #3460 ) ;
#1464 = CARTESIAN_POINT ( 'NONE',  ( 7.505624112914681234, -3.500000000000000000, -0.6000000000000003109 ) ) ;
#1465 = DIRECTION ( 'NONE',  ( 0.0000000000000000000, 1.224646799147353207E-16, -1.000000000000000000 ) ) ;
#1466 = ADVANCED_FACE ( 'NONE', ( #2783 ), #1340, .T. ) ;
#1467 = CARTESIAN_POINT ( 'NONE',  ( 1.299999999999999822, 8.000000000000000000, -2.350000000000000533 ) ) ;
#1468 = FACE_OUTER_BOUND ( 'NONE', #1307, .T. ) ;
#1469 = CARTESIAN_POINT ( 'NONE',  ( 7.500000000000000000, 11.09999999999999787, 0.0000000000000000000 ) ) ;
#1470 = EDGE_LOOP ( 'NONE', ( #1384, #652, #767, #4202 ) ) ;
#1471 = VERTEX_POINT ( 'NONE', #1321 ) ;
#1472 = EDGE_LOOP ( 'NONE', ( #1914, #2543, #3171, #2346 ) ) ;
#1473 = ADVANCED_FACE ( 'NONE', ( #2456 ), #3973, .F. ) ;
#1474 =( LENGTH_UNIT ( ) NAMED_UNIT ( * ) SI_UNIT ( .MILLI., .METRE. ) );
#1475 = DIRECTION ( 'NONE',  ( -0.0000000000000000000, -1.000000000000000000, -0.0000000000000000000 ) ) ;
#1476 = FACE_OUTER_BOUND ( 'NONE', #2560, .T. ) ;
#1477 = ORIENTED_EDGE ( 'NONE', *, *, #1693, .T. ) ;
#1478 = ORIENTED_EDGE ( 'NONE', *, *, #1765, .F. ) ;
#1479 = DIRECTION ( 'NONE',  ( -0.0000000000000000000, -1.000000000000000000, -0.0000000000000000000 ) ) ;
#1480 = CARTESIAN_POINT ( 'NONE',  ( 8.600000000000001421, 1.612742585576166343, -5.045130994854378770 ) ) ;
#1481 = ORIENTED_EDGE ( 'NONE', *, *, #1646, .T. ) ;
#1482 = DIRECTION ( 'NONE',  ( 0.0000000000000000000, 0.0000000000000000000, -1.000000000000000000 ) ) ;
#1483 = VERTEX_POINT ( 'NONE', #3558 ) ;
#1484 = SURFACE_STYLE_USAGE ( .BOTH. , #8 ) ;
#1485 = FACE_OUTER_BOUND ( 'NONE', #367, .T. ) ;
#1486 = LINE ( 'NONE', #1542, #2443 ) ;
#1487 = FACE_OUTER_BOUND ( 'NONE', #2430, .T. ) ;
#1488 = LINE ( 'NONE', #783, #4379 ) ;
#1489 = CARTESIAN_POINT ( 'NONE',  ( 3.600000000000000533, 8.000000000000000000, 9.797174393178825657E-16 ) ) ;
#1490 = FILL_AREA_STYLE_COLOUR ( '', #59 ) ;
#1491 = VERTEX_POINT ( 'NONE', #1032 ) ;
#1492 = ORIENTED_EDGE ( 'NONE', *, *, #499, .F. ) ;
#1493 = ORIENTED_EDGE ( 'NONE', *, *, #3600, .T. ) ;
#1494 = SURFACE_STYLE_USAGE ( .BOTH. , #4079 ) ;
#1495 = FACE_OUTER_BOUND ( 'NONE', #2220, .T. ) ;
#1496 = LINE ( 'NONE', #2175, #4778 ) ;
#1497 = ADVANCED_FACE ( 'NONE', ( #1012 ), #2142, .F. ) ;
#1498 = COLOUR_RGB ( '',0.6666666666666666297, 0.6666666666666666297, 0.6666666666666666297 ) ;
#1499 = EDGE_CURVE ( 'NONE', #2258, #3445, #986, .T. ) ;
#1500 = DIRECTION ( 'NONE',  ( 0.0000000000000000000, -0.0000000000000000000, 1.000000000000000000 ) ) ;
#1501 = EDGE_LOOP ( 'NONE', ( #378, #2663, #238, #243, #4076, #2652, #601, #2146 ) ) ;
#1502 = ORIENTED_EDGE ( 'NONE', *, *, #4143, .F. ) ;
#1503 = DIRECTION ( 'NONE',  ( 0.0000000000000000000, -1.224646799147353207E-16, 1.000000000000000000 ) ) ;
#1504 = ADVANCED_FACE ( 'NONE', ( #657 ), #3577, .F. ) ;
#1505 = EDGE_LOOP ( 'NONE', ( #3947, #771, #4755, #2962 ) ) ;
#1506 = FILL_AREA_STYLE ('',( #723 ) ) ;
#1507 = VERTEX_POINT ( 'NONE', #4276 ) ;
#1508 = PRESENTATION_LAYER_ASSIGNMENT (  '', '', ( #193 ) ) ;
#1509 = DIRECTION ( 'NONE',  ( -1.000000000000000000, -0.0000000000000000000, -0.0000000000000000000 ) ) ;
#1510 = DIRECTION ( 'NONE',  ( -1.000000000000000000, 0.0000000000000000000, 0.0000000000000000000 ) ) ;
#1511 = VECTOR ( 'NONE', #2417, 1000.000000000000000 ) ;
#1512 =( GEOMETRIC_REPRESENTATION_CONTEXT ( 3 ) GLOBAL_UNCERTAINTY_ASSIGNED_CONTEXT ( ( #3858 ) ) GLOBAL_UNIT_ASSIGNED_CONTEXT ( ( #484, #1871, #3437 ) ) REPRESENTATION_CONTEXT ( 'NONE', 'WORKASPACE' ) );
#1513 = SURFACE_STYLE_FILL_AREA ( #1564 ) ;
#1514 = LINE ( 'NONE', #3007, #826 ) ;
#1515 = VECTOR ( 'NONE', #2407, 1000.000000000000000 ) ;
#1516 = CARTESIAN_POINT ( 'NONE',  ( 7.505624112914681234, 0.0000000000000000000, -0.1999999999999994282 ) ) ;
#1517 = CARTESIAN_POINT ( 'NONE',  ( 7.500000000000000000, 11.09999999999999787, 1.900000000000000133 ) ) ;
#1518 = LINE ( 'NONE', #1804, #2439 ) ;
#1519 = ORIENTED_EDGE ( 'NONE', *, *, #3186, .F. ) ;
#1520 = ORIENTED_EDGE ( 'NONE', *, *, #1692, .F. ) ;
#1521 = ORIENTED_EDGE ( 'NONE', *, *, #553, .F. ) ;
#1522 = DIRECTION ( 'NONE',  ( 0.0000000000000000000, -0.0000000000000000000, -1.000000000000000000 ) ) ;
#1523 = EDGE_CURVE ( 'NONE', #2670, #3134, #578, .T. ) ;
#1524 = DIRECTION ( 'NONE',  ( 0.0000000000000000000, 1.224646799147353454E-16, -1.000000000000000000 ) ) ;
#1525 = VECTOR ( 'NONE', #126, 1000.000000000000000 ) ;
#1526 = DIRECTION ( 'NONE',  ( 0.0000000000000000000, -0.0000000000000000000, 1.000000000000000000 ) ) ;
#1527 = ORIENTED_EDGE ( 'NONE', *, *, #3433, .T. ) ;
#1528 = COLOUR_RGB ( '',0.2862745098039215508, 0.6627450980392156632, 0.3294117647058823484 ) ;
#1529 = VECTOR ( 'NONE', #1391, 1000.000000000000000 ) ;
#1530 = CARTESIAN_POINT ( 'NONE',  ( 2.499999999999998668, 11.09999999999999787, 0.0000000000000000000 ) ) ;
#1531 = CARTESIAN_POINT ( 'NONE',  ( 1.299999999999999822, 8.000000000000000000, -2.500000000000000444 ) ) ;
#1532 = CIRCLE ( 'NONE', #3480, 1.750000000000000000 ) ;
#1533 = ORIENTED_EDGE ( 'NONE', *, *, #2520, .T. ) ;
#1534 = CARTESIAN_POINT ( 'NONE',  ( 0.0000000000000000000, 7.099999999999999645, 5.000000000000000000 ) ) ;
#1535 = ADVANCED_FACE ( 'NONE', ( #2036 ), #258, .F. ) ;
#1536 = ORIENTED_EDGE ( 'NONE', *, *, #1436, .F. ) ;
#1537 = STYLED_ITEM ( 'NONE', ( #2363 ), #3509 ) ;
#1538 = DIRECTION ( 'NONE',  ( 0.0000000000000000000, 0.0000000000000000000, 1.000000000000000000 ) ) ;
#1539 = LINE ( 'NONE', #1181, #3699 ) ;
#1540 = MECHANICAL_DESIGN_GEOMETRIC_PRESENTATION_REPRESENTATION (  '', ( #2455 ), #3168 ) ;
#1541 = DIRECTION ( 'NONE',  ( -1.577021341797097314E-16, 0.0000000000000000000, 1.000000000000000000 ) ) ;
#1542 = CARTESIAN_POINT ( 'NONE',  ( 6.399999999999999467, 5.000000000000000000, -5.200000000000001066 ) ) ;
#1543 = CARTESIAN_POINT ( 'NONE',  ( 9.449999999999997513, 0.0000000000000000000, 2.850000000000035172 ) ) ;
#1544 = AXIS2_PLACEMENT_3D ( 'NONE', #251, #1053, #3243 ) ;
#1545 = CARTESIAN_POINT ( 'NONE',  ( 10.00000000000000000, 4.999999999999997335, -5.200000000000001066 ) ) ;
#1546 = FILL_AREA_STYLE ('',( #1490 ) ) ;
#1547 = EDGE_LOOP ( 'NONE', ( #2812, #1343, #4674, #4699 ) ) ;
#1548 = ORIENTED_EDGE ( 'NONE', *, *, #448, .T. ) ;
#1549 = ORIENTED_EDGE ( 'NONE', *, *, #2371, .F. ) ;
#1550 = PLANE ( 'NONE',  #4769 ) ;
#1551 = CARTESIAN_POINT ( 'NONE',  ( 7.500000000000000000, 13.10000000000000142, 0.0000000000000000000 ) ) ;
#1552 = FILL_AREA_STYLE_COLOUR ( '', #1976 ) ;
#1553 = ORIENTED_EDGE ( 'NONE', *, *, #2441, .T. ) ;
#1554 =( LENGTH_UNIT ( ) NAMED_UNIT ( * ) SI_UNIT ( .MILLI., .METRE. ) );
#1555 = DIRECTION ( 'NONE',  ( 0.0000000000000000000, -0.0000000000000000000, -1.000000000000000000 ) ) ;
#1556 = EDGE_CURVE ( 'NONE', #4628, #3887, #3538, .T. ) ;
#1557 = ORIENTED_EDGE ( 'NONE', *, *, #769, .F. ) ;
#1558 = ORIENTED_EDGE ( 'NONE', *, *, #1718, .T. ) ;
#1559 = CARTESIAN_POINT ( 'NONE',  ( 1.299999999999999822, 8.000000000000000000, -2.350000000000001421 ) ) ;
#1560 = DIRECTION ( 'NONE',  ( 0.0000000000000000000, -0.0000000000000000000, 1.000000000000000000 ) ) ;
#1561 = EDGE_CURVE ( 'NONE', #2260, #2535, #4691, .T. ) ;
#1562 = EDGE_CURVE ( 'NONE', #1866, #3984, #128, .T. ) ;
#1563 = DIRECTION ( 'NONE',  ( -1.000000000000000000, 0.0000000000000000000, -0.0000000000000000000 ) ) ;
#1564 = FILL_AREA_STYLE ('',( #4142 ) ) ;
#1565 = DIRECTION ( 'NONE',  ( 0.0000000000000000000, -1.000000000000000000, 0.0000000000000000000 ) ) ;
#1566 = EDGE_LOOP ( 'NONE', ( #1247, #3298, #2003, #223 ) ) ;
#1567 = CARTESIAN_POINT ( 'NONE',  ( 0.0000000000000000000, 2.724839128102860892E-16, -5.200000000000001066 ) ) ;
#1568 = CARTESIAN_POINT ( 'NONE',  ( 6.299999999999999822, 8.000000000000000000, 9.797174393178825657E-16 ) ) ;
#1569 = SURFACE_STYLE_USAGE ( .BOTH. , #1910 ) ;
#1570 = UNCERTAINTY_MEASURE_WITH_UNIT (LENGTH_MEASURE( 1.000000000000000082E-05 ), #2190, 'distance_accuracy_value', 'NONE');
#1571 = DIRECTION ( 'NONE',  ( 0.0000000000000000000, 0.0000000000000000000, 1.000000000000000000 ) ) ;
#1572 = EDGE_LOOP ( 'NONE', ( #3498, #1576, #1401, #477 ) ) ;
#1573 = VECTOR ( 'NONE', #1711, 1000.000000000000000 ) ;
#1574 = FILL_AREA_STYLE_COLOUR ( '', #4088 ) ;
#1575 = CARTESIAN_POINT ( 'NONE',  ( 1.149999999999999689, 7.000000000000000888, -4.399999999999998579 ) ) ;
#1576 = ORIENTED_EDGE ( 'NONE', *, *, #1312, .F. ) ;
#1577 = AXIS2_PLACEMENT_3D ( 'NONE', #1882, #2646, #446 ) ;
#1578 = DIRECTION ( 'NONE',  ( 1.000000000000000000, 0.0000000000000000000, -0.0000000000000000000 ) ) ;
#1579 = VERTEX_POINT ( 'NONE', #805 ) ;
#1580 = EDGE_CURVE ( 'NONE', #1124, #3262, #1488, .T. ) ;
#1581 = DIRECTION ( 'NONE',  ( 0.0000000000000000000, 0.0000000000000000000, -1.000000000000000000 ) ) ;
#1582 = PRESENTATION_LAYER_ASSIGNMENT (  '', '', ( #2351 ) ) ;
#1583 = SURFACE_SIDE_STYLE ('',( #1265 ) ) ;
#1584 = CARTESIAN_POINT ( 'NONE',  ( 0.0000000000000000000, 7.299999999999998934, 4.500000000000001776 ) ) ;
#1585 = VECTOR ( 'NONE', #310, 1000.000000000000000 ) ;
#1586 = LINE ( 'NONE', #115, #1125 ) ;
#1587 = ADVANCED_FACE ( 'NONE', ( #728 ), #4125, .T. ) ;
#1588 =( NAMED_UNIT ( * ) PLANE_ANGLE_UNIT ( ) SI_UNIT ( $, .RADIAN. ) );
#1589 = VECTOR ( 'NONE', #2782, 1000.000000000000000 ) ;
#1590 = PLANE ( 'NONE',  #766 ) ;
#1591 = ORIENTED_EDGE ( 'NONE', *, *, #2565, .F. ) ;
#1592 = SURFACE_STYLE_USAGE ( .BOTH. , #3896 ) ;
#1593 = DIRECTION ( 'NONE',  ( -1.000000000000000000, 1.931294138418879331E-32, -1.577021341797097314E-16 ) ) ;
#1594 = ADVANCED_FACE ( 'NONE', ( #394 ), #3740, .F. ) ;
#1595 = CIRCLE ( 'NONE', #3780, 1.750000000000000000 ) ;
#1596 =( GEOMETRIC_REPRESENTATION_CONTEXT ( 3 ) GLOBAL_UNCERTAINTY_ASSIGNED_CONTEXT ( ( #1999 ) ) GLOBAL_UNIT_ASSIGNED_CONTEXT ( ( #158, #1225, #526 ) ) REPRESENTATION_CONTEXT ( 'NONE', 'WORKASPACE' ) );
#1597 = DIRECTION ( 'NONE',  ( 1.000000000000000000, 0.0000000000000000000, 0.0000000000000000000 ) ) ;
#1598 = CYLINDRICAL_SURFACE ( 'NONE', #1382, 0.4000000000000004108 ) ;
#1599 = CARTESIAN_POINT ( 'NONE',  ( 6.149999999999999467, 7.000000000000000888, -4.399999999999998579 ) ) ;
#1600 =( GEOMETRIC_REPRESENTATION_CONTEXT ( 3 ) GLOBAL_UNCERTAINTY_ASSIGNED_CONTEXT ( ( #2090 ) ) GLOBAL_UNIT_ASSIGNED_CONTEXT ( ( #2509, #269, #4753 ) ) REPRESENTATION_CONTEXT ( 'NONE', 'WORKASPACE' ) );
#1601 = AXIS2_PLACEMENT_3D ( 'NONE', #1551, #2563, #22 ) ;
#1602 = VECTOR ( 'NONE', #2823, 1000.000000000000000 ) ;
#1603 = COLOUR_RGB ( '',0.6666666666666666297, 0.6666666666666666297, 0.6666666666666666297 ) ;
#1604 =( NAMED_UNIT ( * ) SI_UNIT ( $, .STERADIAN. ) SOLID_ANGLE_UNIT ( ) );
#1605 = DIRECTION ( 'NONE',  ( 1.000000000000000000, 0.0000000000000000000, 0.0000000000000000000 ) ) ;
#1606 =( GEOMETRIC_REPRESENTATION_CONTEXT ( 3 ) GLOBAL_UNCERTAINTY_ASSIGNED_CONTEXT ( ( #860 ) ) GLOBAL_UNIT_ASSIGNED_CONTEXT ( ( #780, #4798, #1164 ) ) REPRESENTATION_CONTEXT ( 'NONE', 'WORKASPACE' ) );
#1607 = ORIENTED_EDGE ( 'NONE', *, *, #3967, .F. ) ;
#1608 = VECTOR ( 'NONE', #2495, 1000.000000000000000 ) ;
#1609 = CARTESIAN_POINT ( 'NONE',  ( 10.00000000000000000, 0.0000000000000000000, 0.0000000000000000000 ) ) ;
#1610 = ORIENTED_EDGE ( 'NONE', *, *, #3695, .F. ) ;
#1611 = CARTESIAN_POINT ( 'NONE',  ( -0.2999999999999999889, 7.000000000000000888, -2.699999999999999734 ) ) ;
#1612 = VECTOR ( 'NONE', #2006, 1000.000000000000000 ) ;
#1613 = SURFACE_STYLE_USAGE ( .BOTH. , #1583 ) ;
#1614 = DIRECTION ( 'NONE',  ( 0.0000000000000000000, 0.0000000000000000000, 1.000000000000000000 ) ) ;
#1615 = VECTOR ( 'NONE', #662, 1000.000000000000000 ) ;
#1616 = CARTESIAN_POINT ( 'NONE',  ( 8.600000000000001421, 8.000000000000000000, -3.824777611091935370 ) ) ;
#1617 =( GEOMETRIC_REPRESENTATION_CONTEXT ( 3 ) GLOBAL_UNCERTAINTY_ASSIGNED_CONTEXT ( ( #3659 ) ) GLOBAL_UNIT_ASSIGNED_CONTEXT ( ( #259, #1753, #3252 ) ) REPRESENTATION_CONTEXT ( 'NONE', 'WORKASPACE' ) );
#1618 = LINE ( 'NONE', #1674, #3018 ) ;
#1619 = ORIENTED_EDGE ( 'NONE', *, *, #117, .T. ) ;
#1620 = EDGE_CURVE ( 'NONE', #1316, #346, #363, .T. ) ;
#1621 = VERTEX_POINT ( 'NONE', #2266 ) ;
#1622 = CARTESIAN_POINT ( 'NONE',  ( 1.299999999999999822, 1.302302708998844975E-16, -4.253643450194973141 ) ) ;
#1623 = VECTOR ( 'NONE', #98, 1000.000000000000000 ) ;
#1624 = SURFACE_SIDE_STYLE ('',( #3064 ) ) ;
#1625 = LINE ( 'NONE', #169, #1525 ) ;
#1626 = EDGE_CURVE ( 'NONE', #2535, #4003, #517, .T. ) ;
#1627 = ADVANCED_FACE ( 'NONE', ( #4476 ), #4772, .F. ) ;
#1628 = DIRECTION ( 'NONE',  ( 1.000000000000000000, 0.0000000000000000000, 6.464932690748106256E-17 ) ) ;
#1629 = CARTESIAN_POINT ( 'NONE',  ( 6.400000000000000355, 6.441097277853656600, -3.824777611091935370 ) ) ;
#1630 = ORIENTED_EDGE ( 'NONE', *, *, #4318, .T. ) ;
#1631 = ORIENTED_EDGE ( 'NONE', *, *, #688, .T. ) ;
#1632 = CARTESIAN_POINT ( 'NONE',  ( 2.505624112914680346, -3.500000000000000000, 0.2000000000000003719 ) ) ;
#1633 = DIRECTION ( 'NONE',  ( 0.0000000000000000000, 1.000000000000000000, 0.0000000000000000000 ) ) ;
#1634 = SURFACE_STYLE_FILL_AREA ( #487 ) ;
#1635 = DIRECTION ( 'NONE',  ( -0.0000000000000000000, -1.224646799147353207E-16, 1.000000000000000000 ) ) ;
#1636 = EDGE_LOOP ( 'NONE', ( #3013, #2605 ) ) ;
#1637 = ORIENTED_EDGE ( 'NONE', *, *, #1785, .F. ) ;
#1638 =( NAMED_UNIT ( * ) SI_UNIT ( $, .STERADIAN. ) SOLID_ANGLE_UNIT ( ) );
#1639 = EDGE_CURVE ( 'NONE', #2117, #602, #4449, .T. ) ;
#1640 = CARTESIAN_POINT ( 'NONE',  ( 0.4000000000000005218, 11.00000000000000000, -2.500000000000000000 ) ) ;
#1641 = EDGE_CURVE ( 'NONE', #1287, #1141, #2555, .T. ) ;
#1642 = EDGE_CURVE ( 'NONE', #3763, #4787, #439, .T. ) ;
#1643 = CARTESIAN_POINT ( 'NONE',  ( -0.2999999999999999889, 8.072501100994909721E-16, 4.299999999999999822 ) ) ;
#1644 = ORIENTED_EDGE ( 'NONE', *, *, #644, .T. ) ;
#1645 = VERTEX_POINT ( 'NONE', #1467 ) ;
#1646 = EDGE_CURVE ( 'NONE', #1664, #1483, #2957, .T. ) ;
#1647 = PLANE ( 'NONE',  #3307 ) ;
#1648 = VECTOR ( 'NONE', #646, 1000.000000000000000 ) ;
#1649 =( LENGTH_UNIT ( ) NAMED_UNIT ( * ) SI_UNIT ( .MILLI., .METRE. ) );
#1650 = MECHANICAL_DESIGN_GEOMETRIC_PRESENTATION_REPRESENTATION (  '', ( #4444 ), #2278 ) ;
#1651 = LINE ( 'NONE', #2315, #3789 ) ;
#1652 = ORIENTED_EDGE ( 'NONE', *, *, #4406, .T. ) ;
#1653 = CARTESIAN_POINT ( 'NONE',  ( 6.299999999999999822, 8.000000000000000000, -2.349999999999965894 ) ) ;
#1654 = PLANE ( 'NONE',  #190 ) ;
#1655 = DIRECTION ( 'NONE',  ( -1.000000000000000000, -1.314184451497581013E-16, 0.0000000000000000000 ) ) ;
#1656 = DIRECTION ( 'NONE',  ( 1.000000000000000000, -0.0000000000000000000, 0.0000000000000000000 ) ) ;
#1657 = ORIENTED_EDGE ( 'NONE', *, *, #2048, .F. ) ;
#1658 = ADVANCED_FACE ( 'NONE', ( #2906 ), #2167, .F. ) ;
#1659 = VECTOR ( 'NONE', #1313, 1000.000000000000000 ) ;
#1660 = DIRECTION ( 'NONE',  ( 0.0000000000000000000, 1.000000000000000000, -0.0000000000000000000 ) ) ;
#1661 = COLOUR_RGB ( '',0.6666666666666666297, 0.6666666666666666297, 0.6666666666666666297 ) ;
#1662 = MECHANICAL_DESIGN_GEOMETRIC_PRESENTATION_REPRESENTATION (  '', ( #1215 ), #451 ) ;
#1663 = CARTESIAN_POINT ( 'NONE',  ( 6.399999999999999467, 7.000000000000000888, -4.399999999999997691 ) ) ;
#1664 = VERTEX_POINT ( 'NONE', #71 ) ;
#1665 = EDGE_CURVE ( 'NONE', #1150, #1447, #466, .T. ) ;
#1666 = VERTEX_POINT ( 'NONE', #4190 ) ;
#1667 = LINE ( 'NONE', #2710, #591 ) ;
#1668 = AXIS2_PLACEMENT_3D ( 'NONE', #4150, #1881, #2297 ) ;
#1669 = PRESENTATION_LAYER_ASSIGNMENT (  '', '', ( #3859 ) ) ;
#1670 =( LENGTH_UNIT ( ) NAMED_UNIT ( * ) SI_UNIT ( .MILLI., .METRE. ) );
#1671 = CARTESIAN_POINT ( 'NONE',  ( 5.822949016875157646, 12.09999999999999964, -0.5000000000000000000 ) ) ;
#1672 = VECTOR ( 'NONE', #4041, 1000.000000000000000 ) ;
#1673 = LINE ( 'NONE', #1364, #4538 ) ;
#1674 = CARTESIAN_POINT ( 'NONE',  ( 5.400000000000001243, 11.00000000000000000, 2.198703003632520924E-15 ) ) ;
#1675 = DIRECTION ( 'NONE',  ( 0.0000000000000000000, 1.000000000000000000, 0.0000000000000000000 ) ) ;
#1676 = ORIENTED_EDGE ( 'NONE', *, *, #3996, .T. ) ;
#1677 = ORIENTED_EDGE ( 'NONE', *, *, #499, .T. ) ;
#1678 = DIRECTION ( 'NONE',  ( 0.0000000000000000000, 0.9734171683335759440, -0.2290393337255473560 ) ) ;
#1679 =( NAMED_UNIT ( * ) SI_UNIT ( $, .STERADIAN. ) SOLID_ANGLE_UNIT ( ) );
#1680 = DIRECTION ( 'NONE',  ( 0.0000000000000000000, 1.000000000000000000, 0.0000000000000000000 ) ) ;
#1681 = FILL_AREA_STYLE ('',( #2326 ) ) ;
#1682 = DIRECTION ( 'NONE',  ( -0.0000000000000000000, -1.224646799147353454E-16, 1.000000000000000000 ) ) ;
#1683 = SURFACE_STYLE_FILL_AREA ( #2888 ) ;
#1684 = CARTESIAN_POINT ( 'NONE',  ( 7.500000000000000000, 13.10000000000000142, 0.0000000000000000000 ) ) ;
#1685 = ORIENTED_EDGE ( 'NONE', *, *, #1402, .T. ) ;
#1686 = VERTEX_POINT ( 'NONE', #2333 ) ;
#1687 = CARTESIAN_POINT ( 'NONE',  ( 0.0000000000000000000, 8.000000000000000000, 9.797174393178825657E-16 ) ) ;
#1688 = ADVANCED_FACE ( 'NONE', ( #1694 ), #4682, .F. ) ;
#1689 = CARTESIAN_POINT ( 'NONE',  ( 5.400000000000000355, 7.654042494670962783E-17, -2.500000000000000888 ) ) ;
#1690 = DIRECTION ( 'NONE',  ( 7.107463702966606345E-16, 0.0000000000000000000, 1.000000000000000000 ) ) ;
#1691 = CARTESIAN_POINT ( 'NONE',  ( 8.849999999999999645, 7.000000000000000888, -4.399999999999999467 ) ) ;
#1692 = EDGE_CURVE ( 'NONE', #610, #1961, #1713, .T. ) ;
#1693 = EDGE_CURVE ( 'NONE', #1790, #573, #1673, .T. ) ;
#1694 = FACE_OUTER_BOUND ( 'NONE', #4672, .T. ) ;
#1695 = CARTESIAN_POINT ( 'NONE',  ( 7.500000000000000000, 11.09999999999999787, -1.750000000000000000 ) ) ;
#1696 = VERTEX_POINT ( 'NONE', #4639 ) ;
#1697 = EDGE_LOOP ( 'NONE', ( #738, #1216, #3608, #854, #483, #981, #587, #1904 ) ) ;
#1698 = LINE ( 'NONE', #2477, #4313 ) ;
#1699 = DIRECTION ( 'NONE',  ( -1.000000000000000000, 0.0000000000000000000, -3.573610705253189024E-16 ) ) ;
#1700 = FILL_AREA_STYLE_COLOUR ( '', #3912 ) ;
#1701 = PLANE ( 'NONE',  #704 ) ;
#1702 = FACE_OUTER_BOUND ( 'NONE', #1157, .T. ) ;
#1703 = ORIENTED_EDGE ( 'NONE', *, *, #2894, .F. ) ;
#1704 = VERTEX_POINT ( 'NONE', #2819 ) ;
#1705 = LINE ( 'NONE', #3643, #2365 ) ;
#1706 = DIRECTION ( 'NONE',  ( -0.0000000000000000000, -1.000000000000000000, -0.0000000000000000000 ) ) ;
#1707 = VERTEX_POINT ( 'NONE', #2850 ) ;
#1708 = ORIENTED_EDGE ( 'NONE', *, *, #1284, .F. ) ;
#1709 = DIRECTION ( 'NONE',  ( 0.0000000000000000000, 0.0000000000000000000, -1.000000000000000000 ) ) ;
#1710 =( NAMED_UNIT ( * ) SI_UNIT ( $, .STERADIAN. ) SOLID_ANGLE_UNIT ( ) );
#1711 = DIRECTION ( 'NONE',  ( -0.0000000000000000000, -1.000000000000000000, -0.0000000000000000000 ) ) ;
#1712 = VECTOR ( 'NONE', #3940, 1000.000000000000000 ) ;
#1713 = LINE ( 'NONE', #2775, #276 ) ;
#1714 = CARTESIAN_POINT ( 'NONE',  ( 9.700000000000002842, 6.999999999999999112, -4.200000000000000178 ) ) ;
#1715 = EDGE_LOOP ( 'NONE', ( #216, #544, #4429, #3766 ) ) ;
#1716 = VERTEX_POINT ( 'NONE', #2081 ) ;
#1717 = CARTESIAN_POINT ( 'NONE',  ( 0.0000000000000000000, 6.602405268364620343E-16, -3.699999999999998845 ) ) ;
#1718 = EDGE_CURVE ( 'NONE', #4224, #1867, #2029, .T. ) ;
#1719 = CIRCLE ( 'NONE', #3765, 0.1999999999999996503 ) ;
#1720 = CARTESIAN_POINT ( 'NONE',  ( 3.600000000000000089, 1.612742585576168564, -5.045130994854378770 ) ) ;
#1721 = CARTESIAN_POINT ( 'NONE',  ( 0.4000000000000005773, 11.00000000000000000, 1.394422119316001487E-15 ) ) ;
#1722 = LINE ( 'NONE', #2907, #542 ) ;
#1723 =( GEOMETRIC_REPRESENTATION_CONTEXT ( 3 ) GLOBAL_UNCERTAINTY_ASSIGNED_CONTEXT ( ( #4621 ) ) GLOBAL_UNIT_ASSIGNED_CONTEXT ( ( #211, #2014, #1638 ) ) REPRESENTATION_CONTEXT ( 'NONE', 'WORKASPACE' ) );
#1724 = DIRECTION ( 'NONE',  ( -0.0000000000000000000, -1.000000000000000000, -0.0000000000000000000 ) ) ;
#1725 = VERTEX_POINT ( 'NONE', #3966 ) ;
#1726 = ORIENTED_EDGE ( 'NONE', *, *, #3439, .T. ) ;
#1727 = EDGE_LOOP ( 'NONE', ( #2733, #1345, #3787, #4419 ) ) ;
#1728 = EDGE_CURVE ( 'NONE', #2255, #3719, #650, .T. ) ;
#1729 = PLANE ( 'NONE',  #3135 ) ;
#1730 = DIRECTION ( 'NONE',  ( 0.0000000000000000000, 0.0000000000000000000, 1.000000000000000000 ) ) ;
#1731 = FACE_OUTER_BOUND ( 'NONE', #469, .T. ) ;
#1732 = DIRECTION ( 'NONE',  ( 1.387778780781445521E-17, 0.9863531400765208623, 0.1646435029425315222 ) ) ;
#1733 = VECTOR ( 'NONE', #1901, 1000.000000000000000 ) ;
#1734 = COLOUR_RGB ( '',0.6666666666666666297, 0.6666666666666666297, 0.6666666666666666297 ) ;
#1735 = ORIENTED_EDGE ( 'NONE', *, *, #3284, .T. ) ;
#1736 = ORIENTED_EDGE ( 'NONE', *, *, #3670, .F. ) ;
#1737 = MECHANICAL_DESIGN_GEOMETRIC_PRESENTATION_REPRESENTATION (  '', ( #1048 ), #2362 ) ;
#1738 = FACE_OUTER_BOUND ( 'NONE', #2879, .T. ) ;
#1739 = CARTESIAN_POINT ( 'NONE',  ( 4.600000000000001421, 0.0000000000000000000, 0.0000000000000000000 ) ) ;
#1740 = VECTOR ( 'NONE', #2741, 1000.000000000000000 ) ;
#1741 = LINE ( 'NONE', #1671, #2980 ) ;
#1742 = VECTOR ( 'NONE', #1235, 1000.000000000000000 ) ;
#1743 = PLANE ( 'NONE',  #3690 ) ;
#1744 = DIRECTION ( 'NONE',  ( -1.000000000000000000, 0.0000000000000000000, -0.0000000000000000000 ) ) ;
#1745 = EDGE_LOOP ( 'NONE', ( #1451, #4747, #2852, #366 ) ) ;
#1746 = EDGE_LOOP ( 'NONE', ( #4303, #58, #101, #1553, #42, #2092, #2235, #3491 ) ) ;
#1747 = COLOUR_RGB ( '',0.6666666666666666297, 0.6666666666666666297, 0.6666666666666666297 ) ;
#1748 = SURFACE_SIDE_STYLE ('',( #654 ) ) ;
#1749 = AXIS2_PLACEMENT_3D ( 'NONE', #2379, #3505, #178 ) ;
#1750 = CARTESIAN_POINT ( 'NONE',  ( 3.900000000000000355, 2.000000000000001776, 3.000000000000000000 ) ) ;
#1751 = VECTOR ( 'NONE', #987, 1000.000000000000000 ) ;
#1752 = DIRECTION ( 'NONE',  ( 0.0000000000000000000, -0.0000000000000000000, -1.000000000000000000 ) ) ;
#1753 =( NAMED_UNIT ( * ) PLANE_ANGLE_UNIT ( ) SI_UNIT ( $, .RADIAN. ) );
#1754 = ADVANCED_FACE ( 'NONE', ( #4715 ), #1743, .F. ) ;
#1755 =( GEOMETRIC_REPRESENTATION_CONTEXT ( 3 ) GLOBAL_UNCERTAINTY_ASSIGNED_CONTEXT ( ( #3605 ) ) GLOBAL_UNIT_ASSIGNED_CONTEXT ( ( #869, #4498, #4569 ) ) REPRESENTATION_CONTEXT ( 'NONE', 'WORKASPACE' ) );
#1756 = LINE ( 'NONE', #319, #293 ) ;
#1757 = ORIENTED_EDGE ( 'NONE', *, *, #3893, .T. ) ;
#1758 = ORIENTED_EDGE ( 'NONE', *, *, #1909, .F. ) ;
#1759 = ORIENTED_EDGE ( 'NONE', *, *, #4580, .F. ) ;
#1760 = PLANE ( 'NONE',  #267 ) ;
#1761 = CARTESIAN_POINT ( 'NONE',  ( 9.700000000000002842, -6.870268543216652303E-16, -3.199999999999999734 ) ) ;
#1762 = FILL_AREA_STYLE ('',( #2043 ) ) ;
#1763 = VECTOR ( 'NONE', #3800, 1000.000000000000000 ) ;
#1764 = ADVANCED_FACE ( 'NONE', ( #357, #4372, #775 ), #2574, .F. ) ;
#1765 = EDGE_CURVE ( 'NONE', #3801, #321, #4404, .T. ) ;
#1766 = FILL_AREA_STYLE ('',( #2073 ) ) ;
#1767 = VERTEX_POINT ( 'NONE', #725 ) ;
#1768 = ORIENTED_EDGE ( 'NONE', *, *, #1379, .T. ) ;
#1769 = FACE_BOUND ( 'NONE', #4514, .T. ) ;
#1770 = LINE ( 'NONE', #1819, #3935 ) ;
#1771 = LINE ( 'NONE', #3570, #570 ) ;
#1772 = CARTESIAN_POINT ( 'NONE',  ( 9.700000000000002842, -6.870268543216652303E-16, 3.800000000000000266 ) ) ;
#1773 = LINE ( 'NONE', #4740, #1432 ) ;
#1774 = CARTESIAN_POINT ( 'NONE',  ( 1.099999999999999867, 2.000000000000001776, 3.202747531882600196 ) ) ;
#1775 = ORIENTED_EDGE ( 'NONE', *, *, #1665, .F. ) ;
#1776 = CYLINDRICAL_SURFACE ( 'NONE', #137, 1.750000000000000000 ) ;
#1777 = CARTESIAN_POINT ( 'NONE',  ( 8.727129896139459220, 7.000000000000000888, -2.500000000000000444 ) ) ;
#1778 = PRESENTATION_STYLE_ASSIGNMENT (( #2803 ) ) ;
#1779 = FACE_OUTER_BOUND ( 'NONE', #50, .T. ) ;
#1780 = LINE ( 'NONE', #3579, #527 ) ;
#1781 = EDGE_LOOP ( 'NONE', ( #1090, #180, #4591, #3425, #565, #516 ) ) ;
#1782 = ORIENTED_EDGE ( 'NONE', *, *, #2318, .F. ) ;
#1783 = ORIENTED_EDGE ( 'NONE', *, *, #1091, .T. ) ;
#1784 = DIRECTION ( 'NONE',  ( -1.000000000000000000, 0.0000000000000000000, -0.0000000000000000000 ) ) ;
#1785 = EDGE_CURVE ( 'NONE', #1507, #2255, #2185, .T. ) ;
#1786 = LINE ( 'NONE', #21, #3716 ) ;
#1787 = ORIENTED_EDGE ( 'NONE', *, *, #107, .F. ) ;
#1788 = EDGE_CURVE ( 'NONE', #1447, #4158, #2240, .T. ) ;
#1789 = ADVANCED_FACE ( 'NONE', ( #2607, #2214, #4045 ), #2551, .F. ) ;
#1790 = VERTEX_POINT ( 'NONE', #1160 ) ;
#1791 = SURFACE_SIDE_STYLE ('',( #2076 ) ) ;
#1792 = LINE ( 'NONE', #770, #3322 ) ;
#1793 = ADVANCED_FACE ( 'NONE', ( #3320 ), #2135, .F. ) ;
#1794 = CARTESIAN_POINT ( 'NONE',  ( 6.049999999999998046, 5.299999999999999822, -2.149999999999999911 ) ) ;
#1795 = DIRECTION ( 'NONE',  ( 0.0000000000000000000, 0.0000000000000000000, -1.000000000000000000 ) ) ;
#1796 = LINE ( 'NONE', #4097, #751 ) ;
#1797 = CARTESIAN_POINT ( 'NONE',  ( 3.727129896139459664, 8.000000000000000000, -2.500000000000000444 ) ) ;
#1798 = DIRECTION ( 'NONE',  ( -0.0000000000000000000, 1.224646799147353207E-16, -1.000000000000000000 ) ) ;
#1799 = DIRECTION ( 'NONE',  ( 0.0000000000000000000, 0.0000000000000000000, 1.000000000000000000 ) ) ;
#1800 = VECTOR ( 'NONE', #3184, 1000.000000000000000 ) ;
#1801 = FILL_AREA_STYLE ('',( #3657 ) ) ;
#1802 = CARTESIAN_POINT ( 'NONE',  ( -0.2999999999999999889, 7.000000000000000888, -3.699999999999999734 ) ) ;
#1803 = UNCERTAINTY_MEASURE_WITH_UNIT (LENGTH_MEASURE( 1.000000000000000082E-05 ), #3469, 'distance_accuracy_value', 'NONE');
#1804 = CARTESIAN_POINT ( 'NONE',  ( 1.399999999999998579, 8.000000000000000000, -4.253643450194972253 ) ) ;
#1805 = AXIS2_PLACEMENT_3D ( 'NONE', #3447, #2251, #1522 ) ;
#1806 = ORIENTED_EDGE ( 'NONE', *, *, #2423, .T. ) ;
#1807 = DIRECTION ( 'NONE',  ( -0.0000000000000000000, -1.000000000000000000, -1.224646799147353454E-16 ) ) ;
#1808 = DIRECTION ( 'NONE',  ( 0.0000000000000000000, 0.0000000000000000000, 1.000000000000000000 ) ) ;
#1809 = AXIS2_PLACEMENT_3D ( 'NONE', #2109, #2932, #3274 ) ;
#1810 = LINE ( 'NONE', #4132, #976 ) ;
#1811 = SURFACE_STYLE_FILL_AREA ( #1766 ) ;
#1812 = EDGE_CURVE ( 'NONE', #346, #1014, #1796, .T. ) ;
#1813 = ORIENTED_EDGE ( 'NONE', *, *, #3936, .T. ) ;
#1814 = COLOUR_RGB ( '',0.6666666666666666297, 0.6666666666666666297, 0.6666666666666666297 ) ;
#1815 = ORIENTED_EDGE ( 'NONE', *, *, #4693, .T. ) ;
#1816 = CARTESIAN_POINT ( 'NONE',  ( 9.177050983124843242, 12.09999999999999964, -0.4999999999999997780 ) ) ;
#1817 = VECTOR ( 'NONE', #956, 1000.000000000000000 ) ;
#1818 = EDGE_CURVE ( 'NONE', #4540, #4587, #4021, .T. ) ;
#1819 = CARTESIAN_POINT ( 'NONE',  ( 7.976276906438229868E-63, 11.00000000000000000, -2.500000000000000000 ) ) ;
#1820 = STYLED_ITEM ( 'NONE', ( #1230 ), #1658 ) ;
#1821 = CIRCLE ( 'NONE', #3390, 0.4000000000000004663 ) ;
#1822 = ORIENTED_EDGE ( 'NONE', *, *, #46, .F. ) ;
#1823 =( NAMED_UNIT ( * ) SI_UNIT ( $, .STERADIAN. ) SOLID_ANGLE_UNIT ( ) );
#1824 = CARTESIAN_POINT ( 'NONE',  ( 10.00000000000000000, 5.000000000000000000, -5.200000000000001066 ) ) ;
#1825 = EDGE_CURVE ( 'NONE', #4059, #1867, #1463, .T. ) ;
#1826 = AXIS2_PLACEMENT_3D ( 'NONE', #1684, #3033, #3865 ) ;
#1827 = AXIS2_PLACEMENT_3D ( 'NONE', #4729, #268, #3260 ) ;
#1828 = LINE ( 'NONE', #706, #531 ) ;
#1829 = LINE ( 'NONE', #4803, #311 ) ;
#1830 = LINE ( 'NONE', #1877, #4618 ) ;
#1831 = ORIENTED_EDGE ( 'NONE', *, *, #2595, .F. ) ;
#1832 = VECTOR ( 'NONE', #1614, 1000.000000000000000 ) ;
#1833 = EDGE_LOOP ( 'NONE', ( #1644, #3548, #4657, #157 ) ) ;
#1834 =( GEOMETRIC_REPRESENTATION_CONTEXT ( 3 ) GLOBAL_UNCERTAINTY_ASSIGNED_CONTEXT ( ( #2784 ) ) GLOBAL_UNIT_ASSIGNED_CONTEXT ( ( #2687, #506, #2357 ) ) REPRESENTATION_CONTEXT ( 'NONE', 'WORKASPACE' ) );
#1835 = ORIENTED_EDGE ( 'NONE', *, *, #2655, .T. ) ;
#1836 = CARTESIAN_POINT ( 'NONE',  ( 5.549999999999998934, 1.438959988998119206E-16, -2.349999999999965894 ) ) ;
#1837 = DIRECTION ( 'NONE',  ( -1.000000000000000000, -0.0000000000000000000, -0.0000000000000000000 ) ) ;
#1838 = DIRECTION ( 'NONE',  ( 1.000000000000000000, 0.0000000000000000000, -3.232466345374054484E-16 ) ) ;
#1839 = VERTEX_POINT ( 'NONE', #312 ) ;
#1840 = VECTOR ( 'NONE', #3833, 1000.000000000000000 ) ;
#1841 = ORIENTED_EDGE ( 'NONE', *, *, #1183, .T. ) ;
#1842 = COLOUR_RGB ( '',0.6666666666666666297, 0.6666666666666666297, 0.6666666666666666297 ) ;
#1843 =( NAMED_UNIT ( * ) SI_UNIT ( $, .STERADIAN. ) SOLID_ANGLE_UNIT ( ) );
#1844 = CARTESIAN_POINT ( 'NONE',  ( 2.505624112914680346, -3.500000000000000000, -0.6000000000000005329 ) ) ;
#1845 = ORIENTED_EDGE ( 'NONE', *, *, #3110, .T. ) ;
#1846 = COLOUR_RGB ( '',0.6666666666666666297, 0.6666666666666666297, 0.6666666666666666297 ) ;
#1847 = ORIENTED_EDGE ( 'NONE', *, *, #831, .T. ) ;
#1848 = EDGE_CURVE ( 'NONE', #4224, #419, #1773, .T. ) ;
#1849 = DIRECTION ( 'NONE',  ( 3.294520651281756305E-16, 0.9695125564162684340, 0.2450416351381779212 ) ) ;
#1850 = DIRECTION ( 'NONE',  ( 0.0000000000000000000, -0.9695125564162684340, -0.2450416351381777547 ) ) ;
#1851 = CARTESIAN_POINT ( 'NONE',  ( 0.0000000000000000000, -6.123233995736766282E-16, 0.0000000000000000000 ) ) ;
#1852 = DIRECTION ( 'NONE',  ( 0.0000000000000000000, 1.000000000000000000, 0.0000000000000000000 ) ) ;
#1853 = PLANE ( 'NONE',  #508 ) ;
#1854 = EDGE_CURVE ( 'NONE', #4292, #1252, #2954, .T. ) ;
#1855 = ADVANCED_FACE ( 'NONE', ( #2900, #3003 ), #705, .T. ) ;
#1856 = DIRECTION ( 'NONE',  ( 0.0000000000000000000, 0.0000000000000000000, -1.000000000000000000 ) ) ;
#1857 = PLANE ( 'NONE',  #3861 ) ;
#1858 = CARTESIAN_POINT ( 'NONE',  ( 1.149999999999999689, 7.000000000000000888, -4.399999999999998579 ) ) ;
#1859 = EDGE_LOOP ( 'NONE', ( #1297, #1610, #3545, #1735, #2000, #4470 ) ) ;
#1860 = ORIENTED_EDGE ( 'NONE', *, *, #501, .F. ) ;
#1861 = ORIENTED_EDGE ( 'NONE', *, *, #163, .F. ) ;
#1862 = FACE_OUTER_BOUND ( 'NONE', #3470, .T. ) ;
#1863 = CARTESIAN_POINT ( 'NONE',  ( 3.949999999999998845, 5.299999999999999822, -2.149999999999999911 ) ) ;
#1864 = FILL_AREA_STYLE_COLOUR ( '', #760 ) ;
#1865 = SURFACE_SIDE_STYLE ('',( #1117 ) ) ;
#1866 = VERTEX_POINT ( 'NONE', #435 ) ;
#1867 = VERTEX_POINT ( 'NONE', #800 ) ;
#1868 = CARTESIAN_POINT ( 'NONE',  ( 3.850000000000000089, 7.000000000000000888, -2.500000000000000444 ) ) ;
#1869 = EDGE_LOOP ( 'NONE', ( #4656, #874, #3236, #2662 ) ) ;
#1870 = EDGE_LOOP ( 'NONE', ( #2466, #3976, #1211, #2754 ) ) ;
#1871 =( NAMED_UNIT ( * ) PLANE_ANGLE_UNIT ( ) SI_UNIT ( $, .RADIAN. ) );
#1872 =( NAMED_UNIT ( * ) PLANE_ANGLE_UNIT ( ) SI_UNIT ( $, .RADIAN. ) );
#1873 = EDGE_CURVE ( 'NONE', #4090, #4250, #4246, .T. ) ;
#1874 = LINE ( 'NONE', #3056, #2908 ) ;
#1875 = SURFACE_STYLE_USAGE ( .BOTH. , #1063 ) ;
#1876 = DIRECTION ( 'NONE',  ( 0.0000000000000000000, 1.000000000000000000, 0.0000000000000000000 ) ) ;
#1877 = CARTESIAN_POINT ( 'NONE',  ( -0.2999999999999999889, 7.000000000000000888, 3.300000000000000266 ) ) ;
#1878 = ORIENTED_EDGE ( 'NONE', *, *, #478, .F. ) ;
#1879 = EDGE_CURVE ( 'NONE', #399, #28, #3054, .T. ) ;
#1880 = ORIENTED_EDGE ( 'NONE', *, *, #2871, .T. ) ;
#1881 = DIRECTION ( 'NONE',  ( 0.0000000000000000000, -0.2450416351381777547, 0.9695125564162684340 ) ) ;
#1882 = CARTESIAN_POINT ( 'NONE',  ( 0.0000000000000000000, 7.000000000000000000, 8.572527594031474176E-16 ) ) ;
#1883 = DIRECTION ( 'NONE',  ( 0.0000000000000000000, 1.000000000000000000, 0.0000000000000000000 ) ) ;
#1884 = CARTESIAN_POINT ( 'NONE',  ( 8.600000000000001421, 10.44109727785365749, -3.824777611091934482 ) ) ;
#1885 = VECTOR ( 'NONE', #3650, 1000.000000000000000 ) ;
#1886 = EDGE_CURVE ( 'NONE', #4250, #3697, #3518, .T. ) ;
#1887 = VERTEX_POINT ( 'NONE', #221 ) ;
#1888 = VECTOR ( 'NONE', #661, 1000.000000000000000 ) ;
#1889 = ORIENTED_EDGE ( 'NONE', *, *, #3516, .F. ) ;
#1890 = FILL_AREA_STYLE_COLOUR ( '', #53 ) ;
#1891 = SURFACE_SIDE_STYLE ('',( #2307 ) ) ;
#1892 = PRESENTATION_LAYER_ASSIGNMENT (  '', '', ( #4447 ) ) ;
#1893 = VERTEX_POINT ( 'NONE', #822 ) ;
#1894 = DIRECTION ( 'NONE',  ( 0.0000000000000000000, -0.0000000000000000000, -1.000000000000000000 ) ) ;
#1895 = EDGE_LOOP ( 'NONE', ( #4264, #3105, #642, #2892 ) ) ;
#1896 = VECTOR ( 'NONE', #3207, 1000.000000000000000 ) ;
#1897 = LINE ( 'NONE', #358, #604 ) ;
#1898 = VECTOR ( 'NONE', #3204, 1000.000000000000000 ) ;
#1899 =( NAMED_UNIT ( * ) PLANE_ANGLE_UNIT ( ) SI_UNIT ( $, .RADIAN. ) );
#1900 = VECTOR ( 'NONE', #273, 1000.000000000000000 ) ;
#1901 = DIRECTION ( 'NONE',  ( -0.0000000000000000000, -1.000000000000000000, 0.0000000000000000000 ) ) ;
#1902 = CARTESIAN_POINT ( 'NONE',  ( 2.499999999999998668, 11.09999999999999787, 0.0000000000000000000 ) ) ;
#1903 =( NAMED_UNIT ( * ) SI_UNIT ( $, .STERADIAN. ) SOLID_ANGLE_UNIT ( ) );
#1904 = ORIENTED_EDGE ( 'NONE', *, *, #1121, .F. ) ;
#1905 = ORIENTED_EDGE ( 'NONE', *, *, #4091, .T. ) ;
#1906 = VERTEX_POINT ( 'NONE', #1663 ) ;
#1907 = CIRCLE ( 'NONE', #4388, 1.750000000000000000 ) ;
#1908 =( LENGTH_UNIT ( ) NAMED_UNIT ( * ) SI_UNIT ( .MILLI., .METRE. ) );
#1909 = EDGE_CURVE ( 'NONE', #4147, #3620, #2367, .T. ) ;
#1910 = SURFACE_SIDE_STYLE ('',( #4195 ) ) ;
#1911 = CARTESIAN_POINT ( 'NONE',  ( 1.049999999999999822, 8.000000000000000000, 2.850000000000000977 ) ) ;
#1912 = MECHANICAL_DESIGN_GEOMETRIC_PRESENTATION_REPRESENTATION (  '', ( #3314 ), #3474 ) ;
#1913 =( NAMED_UNIT ( * ) SI_UNIT ( $, .STERADIAN. ) SOLID_ANGLE_UNIT ( ) );
#1914 = ORIENTED_EDGE ( 'NONE', *, *, #648, .F. ) ;
#1915 = STYLED_ITEM ( 'NONE', ( #4719 ), #222 ) ;
#1916 = MECHANICAL_DESIGN_GEOMETRIC_PRESENTATION_REPRESENTATION (  '', ( #460 ), #3160 ) ;
#1917 = EDGE_CURVE ( 'NONE', #349, #3329, #450, .T. ) ;
#1918 = ADVANCED_FACE ( 'NONE', ( #2262 ), #2022, .T. ) ;
#1919 = CARTESIAN_POINT ( 'NONE',  ( -3.474901321277073786E-15, 12.09999999999999964, 0.4999999999999940603 ) ) ;
#1920 = VECTOR ( 'NONE', #2895, 1000.000000000000000 ) ;
#1921 = ORIENTED_EDGE ( 'NONE', *, *, #3169, .F. ) ;
#1922 = DIRECTION ( 'NONE',  ( 0.0000000000000000000, 0.0000000000000000000, 1.000000000000000000 ) ) ;
#1923 = EDGE_LOOP ( 'NONE', ( #3953, #1708, #3060, #4359 ) ) ;
#1924 = CARTESIAN_POINT ( 'NONE',  ( 7.500000000000000000, 13.10000000000000142, 0.0000000000000000000 ) ) ;
#1925 = FACE_OUTER_BOUND ( 'NONE', #3459, .T. ) ;
#1926 = AXIS2_PLACEMENT_3D ( 'NONE', #878, #4692, #2532 ) ;
#1927 =( NAMED_UNIT ( * ) PLANE_ANGLE_UNIT ( ) SI_UNIT ( $, .RADIAN. ) );
#1928 = FACE_BOUND ( 'NONE', #2940, .T. ) ;
#1929 = VECTOR ( 'NONE', #1205, 1000.000000000000000 ) ;
#1930 = DIRECTION ( 'NONE',  ( 1.000000000000000000, 0.0000000000000000000, -3.232466345374054484E-16 ) ) ;
#1931 = SURFACE_SIDE_STYLE ('',( #165 ) ) ;
#1932 = ORIENTED_EDGE ( 'NONE', *, *, #3873, .T. ) ;
#1933 = EDGE_LOOP ( 'NONE', ( #443, #2920 ) ) ;
#1934 = DIRECTION ( 'NONE',  ( 0.0000000000000000000, 1.000000000000000000, 0.0000000000000000000 ) ) ;
#1935 = LINE ( 'NONE', #2299, #4287 ) ;
#1936 = FILL_AREA_STYLE_COLOUR ( '', #4710 ) ;
#1937 = CARTESIAN_POINT ( 'NONE',  ( 1.099999999999999867, 7.000000000000003553, 5.000000000000000000 ) ) ;
#1938 = SURFACE_STYLE_FILL_AREA ( #3044 ) ;
#1939 = ORIENTED_EDGE ( 'NONE', *, *, #3264, .F. ) ;
#1940 = ADVANCED_FACE ( 'NONE', ( #1925 ), #4220, .F. ) ;
#1941 = CARTESIAN_POINT ( 'NONE',  ( 6.049999999999998046, 5.299999999999999822, -2.149999999999999911 ) ) ;
#1942 = CARTESIAN_POINT ( 'NONE',  ( 6.149999999999999467, 7.000000000000000000, -2.500000000000001332 ) ) ;
#1943 = ORIENTED_EDGE ( 'NONE', *, *, #4497, .T. ) ;
#1944 = EDGE_CURVE ( 'NONE', #4628, #3040, #3757, .T. ) ;
#1945 = PLANE ( 'NONE',  #2194 ) ;
#1946 = VERTEX_POINT ( 'NONE', #65 ) ;
#1947 = SURFACE_STYLE_FILL_AREA ( #2213 ) ;
#1948 = CARTESIAN_POINT ( 'NONE',  ( 10.00000000000000000, 5.612742585576154575, -5.045130994854378770 ) ) ;
#1949 = EDGE_CURVE ( 'NONE', #2316, #3763, #1539, .T. ) ;
#1950 = FILL_AREA_STYLE_COLOUR ( '', #3760 ) ;
#1951 = DIRECTION ( 'NONE',  ( 0.0000000000000000000, 0.0000000000000000000, -1.000000000000000000 ) ) ;
#1952 = ORIENTED_EDGE ( 'NONE', *, *, #170, .T. ) ;
#1953 = DIRECTION ( 'NONE',  ( -0.0000000000000000000, -1.000000000000000000, 0.0000000000000000000 ) ) ;
#1954 = PLANE ( 'NONE',  #4521 ) ;
#1955 = CARTESIAN_POINT ( 'NONE',  ( 0.0000000000000000000, 7.000000000000000888, -3.699999999999999734 ) ) ;
#1956 = UNCERTAINTY_MEASURE_WITH_UNIT (LENGTH_MEASURE( 1.000000000000000082E-05 ), #1255, 'distance_accuracy_value', 'NONE');
#1957 = FACE_OUTER_BOUND ( 'NONE', #4134, .T. ) ;
#1958 = EDGE_LOOP ( 'NONE', ( #818, #3822, #1191, #4023 ) ) ;
#1959 = FILL_AREA_STYLE ('',( #1574 ) ) ;
#1960 = CARTESIAN_POINT ( 'NONE',  ( 3.097720492815727659E-16, 11.00000000000000000, 3.000000000000002220 ) ) ;
#1961 = VERTEX_POINT ( 'NONE', #1643 ) ;
#1962 = VECTOR ( 'NONE', #4414, 1000.000000000000000 ) ;
#1963 = DIRECTION ( 'NONE',  ( -0.0000000000000000000, -1.000000000000000000, -0.0000000000000000000 ) ) ;
#1964 = ORIENTED_EDGE ( 'NONE', *, *, #530, .F. ) ;
#1965 = EDGE_CURVE ( 'NONE', #3061, #2358, #4495, .T. ) ;
#1966 = VECTOR ( 'NONE', #912, 1000.000000000000000 ) ;
#1967 = FILL_AREA_STYLE ('',( #3871 ) ) ;
#1968 = FACE_OUTER_BOUND ( 'NONE', #2107, .T. ) ;
#1969 = DIRECTION ( 'NONE',  ( 0.0000000000000000000, 1.000000000000000000, 0.0000000000000000000 ) ) ;
#1970 = EDGE_CURVE ( 'NONE', #1983, #891, #1595, .T. ) ;
#1971 = PRESENTATION_STYLE_ASSIGNMENT (( #2314 ) ) ;
#1972 = MECHANICAL_DESIGN_GEOMETRIC_PRESENTATION_REPRESENTATION (  '', ( #1820 ), #3077 ) ;
#1973 = MECHANICAL_DESIGN_GEOMETRIC_PRESENTATION_REPRESENTATION (  '', ( #3302 ), #4535 ) ;
#1974 = VERTEX_POINT ( 'NONE', #2045 ) ;
#1975 = EDGE_LOOP ( 'NONE', ( #1249, #3, #3223, #2305 ) ) ;
#1976 = COLOUR_RGB ( '',0.6666666666666666297, 0.6666666666666666297, 0.6666666666666666297 ) ;
#1977 = VECTOR ( 'NONE', #2893, 1000.000000000000000 ) ;
#1978 = FACE_BOUND ( 'NONE', #797, .T. ) ;
#1979 = SURFACE_STYLE_USAGE ( .BOTH. , #2761 ) ;
#1980 = VECTOR ( 'NONE', #191, 1000.000000000000000 ) ;
#1981 = LINE ( 'NONE', #4626, #1980 ) ;
#1982 = PLANE ( 'NONE',  #4483 ) ;
#1983 = VERTEX_POINT ( 'NONE', #3544 ) ;
#1984 = CIRCLE ( 'NONE', #1293, 1.750000000000000000 ) ;
#1985 = VERTEX_POINT ( 'NONE', #171 ) ;
#1986 = FACE_OUTER_BOUND ( 'NONE', #1975, .T. ) ;
#1987 = PLANE ( 'NONE',  #3407 ) ;
#1988 = PRESENTATION_STYLE_ASSIGNMENT (( #4208 ) ) ;
#1989 = ADVANCED_FACE ( 'NONE', ( #1259 ), #4648, .T. ) ;
#1990 = AXIS2_PLACEMENT_3D ( 'NONE', #3042, #2319, #103 ) ;
#1991 = FACE_OUTER_BOUND ( 'NONE', #1505, .T. ) ;
#1992 = DIRECTION ( 'NONE',  ( -1.000000000000000000, 0.0000000000000000000, 0.0000000000000000000 ) ) ;
#1993 = VERTEX_POINT ( 'NONE', #2656 ) ;
#1994 = PRESENTATION_STYLE_ASSIGNMENT (( #1592 ) ) ;
#1995 = VECTOR ( 'NONE', #4522, 1000.000000000000000 ) ;
#1996 = EDGE_CURVE ( 'NONE', #3329, #2702, #4141, .T. ) ;
#1997 = EDGE_CURVE ( 'NONE', #2664, #3597, #1283, .T. ) ;
#1998 = LINE ( 'NONE', #858, #2452 ) ;
#1999 = UNCERTAINTY_MEASURE_WITH_UNIT (LENGTH_MEASURE( 1.000000000000000082E-05 ), #158, 'distance_accuracy_value', 'NONE');
#2000 = ORIENTED_EDGE ( 'NONE', *, *, #3644, .T. ) ;
#2001 = ADVANCED_FACE ( 'NONE', ( #2889 ), #4344, .T. ) ;
#2002 = DIRECTION ( 'NONE',  ( 0.0000000000000000000, 1.224646799147353454E-16, -1.000000000000000000 ) ) ;
#2003 = ORIENTED_EDGE ( 'NONE', *, *, #530, .T. ) ;
#2004 = VERTEX_POINT ( 'NONE', #3232 ) ;
#2005 = CARTESIAN_POINT ( 'NONE',  ( -8.405706480838889589E-16, 5.199999999999994849, 3.350000000000010303 ) ) ;
#2006 = DIRECTION ( 'NONE',  ( 0.0000000000000000000, -1.224646799147353207E-16, 1.000000000000000000 ) ) ;
#2007 = CARTESIAN_POINT ( 'NONE',  ( 5.822949016875157646, 13.10000000000000142, -0.5000000000000000000 ) ) ;
#2008 = DIRECTION ( 'NONE',  ( 0.0000000000000000000, -1.000000000000000000, 0.0000000000000000000 ) ) ;
#2009 = DIRECTION ( 'NONE',  ( -0.0000000000000000000, -0.0000000000000000000, -1.000000000000000000 ) ) ;
#2010 = FILL_AREA_STYLE_COLOUR ( '', #377 ) ;
#2011 = ORIENTED_EDGE ( 'NONE', *, *, #2808, .F. ) ;
#2012 = ORIENTED_EDGE ( 'NONE', *, *, #525, .F. ) ;
#2013 = DIRECTION ( 'NONE',  ( -0.0000000000000000000, -0.0000000000000000000, -1.000000000000000000 ) ) ;
#2014 =( NAMED_UNIT ( * ) PLANE_ANGLE_UNIT ( ) SI_UNIT ( $, .RADIAN. ) );
#2015 = PRODUCT_DEFINITION_SHAPE ( 'NONE', 'NONE',  #4400 ) ;
#2016 = CARTESIAN_POINT ( 'NONE',  ( 0.8229490168751563139, 12.09999999999999964, -0.5000000000000000000 ) ) ;
#2017 =( NAMED_UNIT ( * ) PLANE_ANGLE_UNIT ( ) SI_UNIT ( $, .RADIAN. ) );
#2018 = ADVANCED_FACE ( 'NONE', ( #4706 ), #4289, .T. ) ;
#2019 = CYLINDRICAL_SURFACE ( 'NONE', #979, 1.750000000000000000 ) ;
#2020 = ORIENTED_EDGE ( 'NONE', *, *, #4731, .F. ) ;
#2021 = ADVANCED_FACE ( 'NONE', ( #2485 ), #3305, .T. ) ;
#2022 = PLANE ( 'NONE',  #902 ) ;
#2023 = EDGE_LOOP ( 'NONE', ( #31, #962, #3840, #1210 ) ) ;
#2024 = ORIENTED_EDGE ( 'NONE', *, *, #1997, .T. ) ;
#2025 = MECHANICAL_DESIGN_GEOMETRIC_PRESENTATION_REPRESENTATION (  '', ( #29 ), #884 ) ;
#2026 =( NAMED_UNIT ( * ) PLANE_ANGLE_UNIT ( ) SI_UNIT ( $, .RADIAN. ) );
#2027 = FACE_OUTER_BOUND ( 'NONE', #609, .T. ) ;
#2028 = CIRCLE ( 'NONE', #740, 1.900000000000000133 ) ;
#2029 = LINE ( 'NONE', #2473, #1659 ) ;
#2030 = LINE ( 'NONE', #1335, #4096 ) ;
#2031 = VECTOR ( 'NONE', #3712, 1000.000000000000000 ) ;
#2032 = ORIENTED_EDGE ( 'NONE', *, *, #3312, .F. ) ;
#2033 = DIRECTION ( 'NONE',  ( 0.0000000000000000000, 0.0000000000000000000, 1.000000000000000000 ) ) ;
#2034 = AXIS2_PLACEMENT_3D ( 'NONE', #2402, #3603, #2858 ) ;
#2035 = PRESENTATION_LAYER_ASSIGNMENT (  '', '', ( #194 ) ) ;
#2036 = FACE_OUTER_BOUND ( 'NONE', #2778, .T. ) ;
#2037 = UNCERTAINTY_MEASURE_WITH_UNIT (LENGTH_MEASURE( 1.000000000000000082E-05 ), #4499, 'distance_accuracy_value', 'NONE');
#2038 = FILL_AREA_STYLE_COLOUR ( '', #2612 ) ;
#2039 = MECHANICAL_DESIGN_GEOMETRIC_PRESENTATION_REPRESENTATION (  '', ( #4162 ), #2681 ) ;
#2040 = CARTESIAN_POINT ( 'NONE',  ( 6.149999999999999467, 7.000000000000000888, -4.399999999999998579 ) ) ;
#2041 = ADVANCED_FACE ( 'NONE', ( #718 ), #2868, .F. ) ;
#2042 = CARTESIAN_POINT ( 'NONE',  ( 3.727129896139459664, 8.000000000000000000, 9.797174393178825657E-16 ) ) ;
#2043 = FILL_AREA_STYLE_COLOUR ( '', #4690 ) ;
#2044 = AXIS2_PLACEMENT_3D ( 'NONE', #3668, #1383, #4321 ) ;
#2045 = CARTESIAN_POINT ( 'NONE',  ( 5.822949016875157646, 12.09999999999999964, -0.5000000000000000000 ) ) ;
#2046 = ORIENTED_EDGE ( 'NONE', *, *, #4371, .T. ) ;
#2047 = EDGE_CURVE ( 'NONE', #2968, #2702, #4229, .T. ) ;
#2048 = EDGE_CURVE ( 'NONE', #3697, #4566, #2463, .T. ) ;
#2049 = ORIENTED_EDGE ( 'NONE', *, *, #140, .F. ) ;
#2050 = DIRECTION ( 'NONE',  ( 0.0000000000000000000, -1.224646799147353207E-16, 1.000000000000000000 ) ) ;
#2051 = VECTOR ( 'NONE', #4259, 1000.000000000000000 ) ;
#2052 = AXIS2_PLACEMENT_3D ( 'NONE', #4122, #801, #3321 ) ;
#2053 = DIRECTION ( 'NONE',  ( 0.0000000000000000000, 0.0000000000000000000, -1.000000000000000000 ) ) ;
#2054 = DIRECTION ( 'NONE',  ( -1.000000000000000000, 0.0000000000000000000, 0.0000000000000000000 ) ) ;
#2055 =( NAMED_UNIT ( * ) SI_UNIT ( $, .STERADIAN. ) SOLID_ANGLE_UNIT ( ) );
#2056 = VECTOR ( 'NONE', #351, 1000.000000000000000 ) ;
#2057 = CARTESIAN_POINT ( 'NONE',  ( 8.849999999999999645, 0.0000000000000000000, 0.0000000000000000000 ) ) ;
#2058 = ORIENTED_EDGE ( 'NONE', *, *, #4584, .T. ) ;
#2059 = ORIENTED_EDGE ( 'NONE', *, *, #1626, .T. ) ;
#2060 = VECTOR ( 'NONE', #4082, 1000.000000000000000 ) ;
#2061 = FACE_OUTER_BOUND ( 'NONE', #3066, .T. ) ;
#2062 = DIRECTION ( 'NONE',  ( 1.000000000000000000, -0.0000000000000000000, 0.0000000000000000000 ) ) ;
#2063 = DIRECTION ( 'NONE',  ( 0.0000000000000000000, -1.000000000000000000, -0.0000000000000000000 ) ) ;
#2064 =( NAMED_UNIT ( * ) PLANE_ANGLE_UNIT ( ) SI_UNIT ( $, .RADIAN. ) );
#2065 = DIRECTION ( 'NONE',  ( -1.000000000000000000, 5.912882962066811381E-48, -4.828235346047195727E-32 ) ) ;
#2066 = VERTEX_POINT ( 'NONE', #837 ) ;
#2067 = VECTOR ( 'NONE', #2804, 1000.000000000000000 ) ;
#2068 = ORIENTED_EDGE ( 'NONE', *, *, #2432, .T. ) ;
#2069 = EDGE_LOOP ( 'NONE', ( #2985, #326, #2727, #588 ) ) ;
#2070 = LINE ( 'NONE', #4187, #1199 ) ;
#2071 = LINE ( 'NONE', #3901, #3097 ) ;
#2072 =( NAMED_UNIT ( * ) SI_UNIT ( $, .STERADIAN. ) SOLID_ANGLE_UNIT ( ) );
#2073 = FILL_AREA_STYLE_COLOUR ( '', #3310 ) ;
#2074 = ORIENTED_EDGE ( 'NONE', *, *, #3169, .T. ) ;
#2075 = EDGE_LOOP ( 'NONE', ( #2388, #3640, #4431, #1921 ) ) ;
#2076 = SURFACE_STYLE_FILL_AREA ( #4734 ) ;
#2077 = EDGE_CURVE ( 'NONE', #3279, #758, #3336, .T. ) ;
#2078 = CARTESIAN_POINT ( 'NONE',  ( 2.499999999999998668, 11.09999999999999787, 0.0000000000000000000 ) ) ;
#2079 = DIRECTION ( 'NONE',  ( 0.0000000000000000000, -0.2290393337255473560, -0.9734171683335759440 ) ) ;
#2080 =( NAMED_UNIT ( * ) PLANE_ANGLE_UNIT ( ) SI_UNIT ( $, .RADIAN. ) );
#2081 = CARTESIAN_POINT ( 'NONE',  ( 9.600000000000001421, 7.654042494670962783E-17, -2.500000000000000888 ) ) ;
#2082 = APPLICATION_PROTOCOL_DEFINITION ( 'draft international standard', 'automotive_design', 1998, #404 ) ;
#2083 = EDGE_CURVE ( 'NONE', #4345, #2459, #2276, .T. ) ;
#2084 = LINE ( 'NONE', #4685, #913 ) ;
#2085 = VERTEX_POINT ( 'NONE', #1174 ) ;
#2086 = VERTEX_POINT ( 'NONE', #4461 ) ;
#2087 = FILL_AREA_STYLE_COLOUR ( '', #1362 ) ;
#2088 = DIRECTION ( 'NONE',  ( 1.000000000000000000, -0.0000000000000000000, 0.0000000000000000000 ) ) ;
#2089 = SURFACE_SIDE_STYLE ('',( #4337 ) ) ;
#2090 = UNCERTAINTY_MEASURE_WITH_UNIT (LENGTH_MEASURE( 1.000000000000000082E-05 ), #2509, 'distance_accuracy_value', 'NONE');
#2091 = LINE ( 'NONE', #2860, #2298 ) ;
#2092 = ORIENTED_EDGE ( 'NONE', *, *, #3569, .F. ) ;
#2093 = ORIENTED_EDGE ( 'NONE', *, *, #4599, .F. ) ;
#2094 = LINE ( 'NONE', #2118, #434 ) ;
#2095 = DIRECTION ( 'NONE',  ( 1.000000000000000000, -0.0000000000000000000, 0.0000000000000000000 ) ) ;
#2096 = SURFACE_STYLE_USAGE ( .BOTH. , #4752 ) ;
#2097 = ORIENTED_EDGE ( 'NONE', *, *, #3572, .F. ) ;
#2098 = ORIENTED_EDGE ( 'NONE', *, *, #3222, .T. ) ;
#2099 = LINE ( 'NONE', #4014, #3227 ) ;
#2100 = CARTESIAN_POINT ( 'NONE',  ( 3.900000000000000799, 5.200000000000001066, 3.350000000000002309 ) ) ;
#2101 = LINE ( 'NONE', #2816, #2740 ) ;
#2102 = LINE ( 'NONE', #3626, #124 ) ;
#2103 = EDGE_CURVE ( 'NONE', #3984, #3506, #2649, .T. ) ;
#2104 = AXIS2_PLACEMENT_3D ( 'NONE', #2394, #1633, #1201 ) ;
#2105 = DIRECTION ( 'NONE',  ( 1.000000000000000000, -0.0000000000000000000, 0.0000000000000000000 ) ) ;
#2106 = ORIENTED_EDGE ( 'NONE', *, *, #4637, .F. ) ;
#2107 = EDGE_LOOP ( 'NONE', ( #3918, #1336, #3225 ) ) ;
#2108 = AXIS2_PLACEMENT_3D ( 'NONE', #265, #3664, #2864 ) ;
#2109 = CARTESIAN_POINT ( 'NONE',  ( 2.499999999999998668, 13.10000000000000142, 0.0000000000000000000 ) ) ;
#2110 = ADVANCED_FACE ( 'NONE', ( #4487 ), #2623, .F. ) ;
#2111 = EDGE_CURVE ( 'NONE', #4003, #2535, #2435, .T. ) ;
#2112 = FILL_AREA_STYLE_COLOUR ( '', #4375 ) ;
#2113 = DIRECTION ( 'NONE',  ( -7.660181077863341269E-33, -1.000000000000000000, -4.791452865145261271E-49 ) ) ;
#2114 = VECTOR ( 'NONE', #2062, 1000.000000000000000 ) ;
#2115 = DIRECTION ( 'NONE',  ( -0.0000000000000000000, -1.000000000000000000, -0.0000000000000000000 ) ) ;
#2116 = EDGE_LOOP ( 'NONE', ( #2059, #398 ) ) ;
#2117 = VERTEX_POINT ( 'NONE', #4157 ) ;
#2118 = CARTESIAN_POINT ( 'NONE',  ( 10.00000000000000000, 14.09999999999999964, 2.899999999999999911 ) ) ;
#2119 = CARTESIAN_POINT ( 'NONE',  ( 3.727129896139459664, 8.000000000000000000, -2.500000000000000444 ) ) ;
#2120 =( NAMED_UNIT ( * ) PLANE_ANGLE_UNIT ( ) SI_UNIT ( $, .RADIAN. ) );
#2121 = CARTESIAN_POINT ( 'NONE',  ( 0.5499999999999983791, 8.000000000000000000, 2.850000000000000977 ) ) ;
#2122 = AXIS2_PLACEMENT_3D ( 'NONE', #755, #4381, #4409 ) ;
#2123 = AXIS2_PLACEMENT_3D ( 'NONE', #1924, #92, #1581 ) ;
#2124 = ORIENTED_EDGE ( 'NONE', *, *, #1429, .F. ) ;
#2125 = VERTEX_POINT ( 'NONE', #2566 ) ;
#2126 = STYLED_ITEM ( 'NONE', ( #4417 ), #2156 ) ;
#2127 = AXIS2_PLACEMENT_3D ( 'NONE', #1919, #2651, #3046 ) ;
#2128 = CARTESIAN_POINT ( 'NONE',  ( 3.900000000000000355, 5.200000000000002842, 3.350000000000000089 ) ) ;
#2129 = FACE_OUTER_BOUND ( 'NONE', #3038, .T. ) ;
#2130 = CIRCLE ( 'NONE', #1601, 1.750000000000000000 ) ;
#2131 = DIRECTION ( 'NONE',  ( -6.255012533570216466E-17, 0.0000000000000000000, 1.000000000000000000 ) ) ;
#2132 = CARTESIAN_POINT ( 'NONE',  ( 7.976276906438229868E-63, 0.0000000000000000000, -2.500000000000001332 ) ) ;
#2133 = CIRCLE ( 'NONE', #2927, 1.900000000000000133 ) ;
#2134 =( GEOMETRIC_REPRESENTATION_CONTEXT ( 3 ) GLOBAL_UNCERTAINTY_ASSIGNED_CONTEXT ( ( #1956 ) ) GLOBAL_UNIT_ASSIGNED_CONTEXT ( ( #1255, #923, #515 ) ) REPRESENTATION_CONTEXT ( 'NONE', 'WORKASPACE' ) );
#2135 = PLANE ( 'NONE',  #2287 ) ;
#2136 = PLANE ( 'NONE',  #210 ) ;
#2137 = ORIENTED_EDGE ( 'NONE', *, *, #1665, .T. ) ;
#2138 = EDGE_CURVE ( 'NONE', #1120, #2066, #2304, .T. ) ;
#2139 = VECTOR ( 'NONE', #911, 1000.000000000000000 ) ;
#2140 =( GEOMETRIC_REPRESENTATION_CONTEXT ( 3 ) GLOBAL_UNCERTAINTY_ASSIGNED_CONTEXT ( ( #2341 ) ) GLOBAL_UNIT_ASSIGNED_CONTEXT ( ( #3343, #3758, #3654 ) ) REPRESENTATION_CONTEXT ( 'NONE', 'WORKASPACE' ) );
#2141 = CARTESIAN_POINT ( 'NONE',  ( 9.700000000000002842, 6.999999999999999112, 2.800000000000000266 ) ) ;
#2142 = PLANE ( 'NONE',  #3301 ) ;
#2143 = CARTESIAN_POINT ( 'NONE',  ( 3.900000000000000799, 1.699999999999998401, 5.000000000000000888 ) ) ;
#2144 = COLOUR_RGB ( '',0.6666666666666666297, 0.6666666666666666297, 0.6666666666666666297 ) ;
#2145 = LINE ( 'NONE', #4029, #2924 ) ;
#2146 = ORIENTED_EDGE ( 'NONE', *, *, #4199, .T. ) ;
#2147 = EDGE_CURVE ( 'NONE', #455, #146, #2228, .T. ) ;
#2148 = ORIENTED_EDGE ( 'NONE', *, *, #4800, .F. ) ;
#2149 = ADVANCED_FACE ( 'NONE', ( #23 ), #83, .F. ) ;
#2150 = ORIENTED_EDGE ( 'NONE', *, *, #716, .F. ) ;
#2151 = LINE ( 'NONE', #1422, #1962 ) ;
#2152 = MECHANICAL_DESIGN_GEOMETRIC_PRESENTATION_REPRESENTATION (  '', ( #1537 ), #2937 ) ;
#2153 = LINE ( 'NONE', #2119, #773 ) ;
#2154 = CARTESIAN_POINT ( 'NONE',  ( -0.2999999999999999889, 6.870268543216658220E-16, 3.300000000000000711 ) ) ;
#2155 =( LENGTH_UNIT ( ) NAMED_UNIT ( * ) SI_UNIT ( .MILLI., .METRE. ) );
#2156 = ADVANCED_FACE ( 'NONE', ( #4133 ), #2199, .F. ) ;
#2157 = VERTEX_POINT ( 'NONE', #4198 ) ;
#2158 = ORIENTED_EDGE ( 'NONE', *, *, #4378, .F. ) ;
#2159 = LINE ( 'NONE', #2128, #4539 ) ;
#2160 = DIRECTION ( 'NONE',  ( 1.000000000000000000, -0.0000000000000000000, 0.0000000000000000000 ) ) ;
#2161 = DIRECTION ( 'NONE',  ( 0.0000000000000000000, -0.1646435029425313279, 0.9863531400765207513 ) ) ;
#2162 = DIRECTION ( 'NONE',  ( -0.0000000000000000000, -0.0000000000000000000, -1.000000000000000000 ) ) ;
#2163 = CARTESIAN_POINT ( 'NONE',  ( 0.0000000000000000000, 12.09999999999999964, 0.0000000000000000000 ) ) ;
#2164 = CARTESIAN_POINT ( 'NONE',  ( 4.600000000000000533, 11.00000000000000000, 3.000000000000001332 ) ) ;
#2165 = DIRECTION ( 'NONE',  ( 0.0000000000000000000, 1.000000000000000000, 0.0000000000000000000 ) ) ;
#2166 = ADVANCED_FACE ( 'NONE', ( #1957 ), #4579, .F. ) ;
#2167 = PLANE ( 'NONE',  #2204 ) ;
#2168 = CARTESIAN_POINT ( 'NONE',  ( 8.600000000000001421, 1.612742585576166343, -5.045130994854378770 ) ) ;
#2169 = CARTESIAN_POINT ( 'NONE',  ( 1.299999999999999822, 8.000000000000000000, -2.350000000000000533 ) ) ;
#2170 = ORIENTED_EDGE ( 'NONE', *, *, #3514, .T. ) ;
#2171 = ORIENTED_EDGE ( 'NONE', *, *, #4143, .T. ) ;
#2172 = DIRECTION ( 'NONE',  ( 1.000000000000000000, -0.0000000000000000000, 3.573610705253190010E-16 ) ) ;
#2173 = EDGE_CURVE ( 'NONE', #564, #3507, #2693, .T. ) ;
#2174 = DIRECTION ( 'NONE',  ( 0.0000000000000000000, 1.000000000000000000, 1.224646799147353207E-16 ) ) ;
#2175 = CARTESIAN_POINT ( 'NONE',  ( 10.00000000000000000, 1.699999999999999067, 5.000000000000000000 ) ) ;
#2176 = SURFACE_STYLE_FILL_AREA ( #998 ) ;
#2177 = EDGE_LOOP ( 'NONE', ( #1591, #507, #3381, #4324, #3410, #4258, #2496, #741 ) ) ;
#2178 = ORIENTED_EDGE ( 'NONE', *, *, #1319, .T. ) ;
#2179 = ADVANCED_FACE ( 'NONE', ( #1241 ), #2019, .T. ) ;
#2180 = CARTESIAN_POINT ( 'NONE',  ( 0.0000000000000000000, 7.299999999999998934, 0.0000000000000000000 ) ) ;
#2181 = CARTESIAN_POINT ( 'NONE',  ( 4.449999999999999289, 8.000000000000000000, -2.350000000000001421 ) ) ;
#2182 = FILL_AREA_STYLE_COLOUR ( '', #1498 ) ;
#2183 = ORIENTED_EDGE ( 'NONE', *, *, #3898, .F. ) ;
#2184 = DIRECTION ( 'NONE',  ( 0.0000000000000000000, 0.0000000000000000000, 1.000000000000000000 ) ) ;
#2185 = LINE ( 'NONE', #674, #3073 ) ;
#2186 = PLANE ( 'NONE',  #4171 ) ;
#2187 = CARTESIAN_POINT ( 'NONE',  ( 0.0000000000000000000, 7.000000000000000888, 3.300000000000000266 ) ) ;
#2188 = CARTESIAN_POINT ( 'NONE',  ( 5.549999999999998934, 0.0000000000000000000, 2.850000000000036060 ) ) ;
#2189 = MECHANICAL_DESIGN_GEOMETRIC_PRESENTATION_REPRESENTATION (  '', ( #3900 ), #182 ) ;
#2190 =( LENGTH_UNIT ( ) NAMED_UNIT ( * ) SI_UNIT ( .MILLI., .METRE. ) );
#2191 =( LENGTH_UNIT ( ) NAMED_UNIT ( * ) SI_UNIT ( .MILLI., .METRE. ) );
#2192 = CARTESIAN_POINT ( 'NONE',  ( 4.600000000000001421, 11.00000000000000000, -2.500000000000000000 ) ) ;
#2193 = ORIENTED_EDGE ( 'NONE', *, *, #4406, .F. ) ;
#2194 = AXIS2_PLACEMENT_3D ( 'NONE', #1326, #3198, #2310 ) ;
#2195 = ORIENTED_EDGE ( 'NONE', *, *, #1854, .F. ) ;
#2196 = DIRECTION ( 'NONE',  ( 0.0000000000000000000, 0.0000000000000000000, 1.000000000000000000 ) ) ;
#2197 = DIRECTION ( 'NONE',  ( 0.0000000000000000000, 0.0000000000000000000, 1.000000000000000000 ) ) ;
#2198 = LINE ( 'NONE', #4416, #134 ) ;
#2199 = PLANE ( 'NONE',  #1289 ) ;
#2200 = EDGE_LOOP ( 'NONE', ( #2137, #1458, #3647, #25 ) ) ;
#2201 = EDGE_CURVE ( 'NONE', #3934, #4748, #599, .T. ) ;
#2202 = ORIENTED_EDGE ( 'NONE', *, *, #1812, .T. ) ;
#2203 = CARTESIAN_POINT ( 'NONE',  ( 9.449999999999997513, 8.000000000000000000, 2.850000000000036060 ) ) ;
#2204 = AXIS2_PLACEMENT_3D ( 'NONE', #3442, #549, #3398 ) ;
#2205 = DIRECTION ( 'NONE',  ( 0.0000000000000000000, 0.0000000000000000000, -1.000000000000000000 ) ) ;
#2206 = ORIENTED_EDGE ( 'NONE', *, *, #2083, .T. ) ;
#2207 = ADVANCED_FACE ( 'NONE', ( #899 ), #3495, .F. ) ;
#2208 = EDGE_CURVE ( 'NONE', #4175, #1041, #1625, .T. ) ;
#2209 = DIRECTION ( 'NONE',  ( 0.0000000000000000000, -0.0000000000000000000, 1.000000000000000000 ) ) ;
#2210 = PRESENTATION_LAYER_ASSIGNMENT (  '', '', ( #2684 ) ) ;
#2211 = AXIS2_PLACEMENT_3D ( 'NONE', #1404, #4757, #1709 ) ;
#2212 = ORIENTED_EDGE ( 'NONE', *, *, #716, .T. ) ;
#2213 = FILL_AREA_STYLE ('',( #4140 ) ) ;
#2214 = FACE_OUTER_BOUND ( 'NONE', #2633, .T. ) ;
#2215 =( NAMED_UNIT ( * ) PLANE_ANGLE_UNIT ( ) SI_UNIT ( $, .RADIAN. ) );
#2216 = VECTOR ( 'NONE', #2013, 1000.000000000000000 ) ;
#2217 = AXIS2_PLACEMENT_3D ( 'NONE', #4694, #1680, #990 ) ;
#2218 = CYLINDRICAL_SURFACE ( 'NONE', #782, 1.899999999999999911 ) ;
#2219 =( LENGTH_UNIT ( ) NAMED_UNIT ( * ) SI_UNIT ( .MILLI., .METRE. ) );
#2220 = EDGE_LOOP ( 'NONE', ( #696, #119, #1245, #3586 ) ) ;
#2221 = VECTOR ( 'NONE', #568, 1000.000000000000000 ) ;
#2222 = ORIENTED_EDGE ( 'NONE', *, *, #294, .F. ) ;
#2223 = VECTOR ( 'NONE', #2851, 1000.000000000000000 ) ;
#2224 = ORIENTED_EDGE ( 'NONE', *, *, #482, .F. ) ;
#2225 = DIRECTION ( 'NONE',  ( 1.397647073855769417E-32, 1.000000000000000000, 1.595086309307826268E-48 ) ) ;
#2226 = LINE ( 'NONE', #2989, #3482 ) ;
#2227 = CARTESIAN_POINT ( 'NONE',  ( 8.900000000000002132, 2.000000000000001332, 3.202747531882600196 ) ) ;
#2228 = LINE ( 'NONE', #2254, #1355 ) ;
#2229 = ORIENTED_EDGE ( 'NONE', *, *, #1443, .T. ) ;
#2230 = AXIS2_PLACEMENT_3D ( 'NONE', #1327, #4343, #4319 ) ;
#2231 = ORIENTED_EDGE ( 'NONE', *, *, #4271, .F. ) ;
#2232 = AXIS2_PLACEMENT_3D ( 'NONE', #338, #658, #4000 ) ;
#2233 = EDGE_CURVE ( 'NONE', #4054, #1316, #3094, .T. ) ;
#2234 = LINE ( 'NONE', #2600, #3095 ) ;
#2235 = ORIENTED_EDGE ( 'NONE', *, *, #1114, .T. ) ;
#2236 =( LENGTH_UNIT ( ) NAMED_UNIT ( * ) SI_UNIT ( .MILLI., .METRE. ) );
#2237 = ORIENTED_EDGE ( 'NONE', *, *, #4221, .F. ) ;
#2238 = LINE ( 'NONE', #1559, #672 ) ;
#2239 = ADVANCED_FACE ( 'NONE', ( #3154 ), #4623, .T. ) ;
#2240 = LINE ( 'NONE', #2164, #3529 ) ;
#2241 = SURFACE_STYLE_FILL_AREA ( #3293 ) ;
#2242 = SURFACE_SIDE_STYLE ('',( #1513 ) ) ;
#2243 = DIRECTION ( 'NONE',  ( 0.0000000000000000000, -0.0000000000000000000, -1.000000000000000000 ) ) ;
#2244 = EDGE_CURVE ( 'NONE', #3134, #3391, #2458, .T. ) ;
#2245 =( NAMED_UNIT ( * ) PLANE_ANGLE_UNIT ( ) SI_UNIT ( $, .RADIAN. ) );
#2246 = UNCERTAINTY_MEASURE_WITH_UNIT (LENGTH_MEASURE( 1.000000000000000082E-05 ), #4391, 'distance_accuracy_value', 'NONE');
#2247 = LINE ( 'NONE', #2959, #910 ) ;
#2248 = ORIENTED_EDGE ( 'NONE', *, *, #2722, .F. ) ;
#2249 = VERTEX_POINT ( 'NONE', #2909 ) ;
#2250 = ORIENTED_EDGE ( 'NONE', *, *, #1917, .T. ) ;
#2251 = DIRECTION ( 'NONE',  ( 0.0000000000000000000, -1.000000000000000000, 0.0000000000000000000 ) ) ;
#2252 = CARTESIAN_POINT ( 'NONE',  ( -0.2999999999999999889, 0.0000000000000000000, 0.0000000000000000000 ) ) ;
#2253 = DIRECTION ( 'NONE',  ( 0.0000000000000000000, 1.224646799147353207E-16, -1.000000000000000000 ) ) ;
#2254 = CARTESIAN_POINT ( 'NONE',  ( 2.499999999999998668, 13.10000000000000142, 1.750000000000000000 ) ) ;
#2255 = VERTEX_POINT ( 'NONE', #1324 ) ;
#2256 = ORIENTED_EDGE ( 'NONE', *, *, #1499, .F. ) ;
#2257 = CARTESIAN_POINT ( 'NONE',  ( 9.449999999999999289, -1.745121688784999724E-16, 2.850000000000035616 ) ) ;
#2258 = VERTEX_POINT ( 'NONE', #4311 ) ;
#2259 = PLANE ( 'NONE',  #262 ) ;
#2260 = VERTEX_POINT ( 'NONE', #1013 ) ;
#2261 = CARTESIAN_POINT ( 'NONE',  ( 6.049999999999999822, 2.000000000000000000, 2.850000000000026734 ) ) ;
#2262 = FACE_OUTER_BOUND ( 'NONE', #893, .T. ) ;
#2263 = CARTESIAN_POINT ( 'NONE',  ( 6.099999999999999645, 2.000000000000001776, 3.000000000000000000 ) ) ;
#2264 = EDGE_CURVE ( 'NONE', #3084, #1696, #1780, .T. ) ;
#2265 = SURFACE_STYLE_FILL_AREA ( #4123 ) ;
#2266 = CARTESIAN_POINT ( 'NONE',  ( 8.949999999999999289, 5.299999999999999822, 2.850000000000008971 ) ) ;
#2267 = DIRECTION ( 'NONE',  ( 0.0000000000000000000, 0.0000000000000000000, -1.000000000000000000 ) ) ;
#2268 = CARTESIAN_POINT ( 'NONE',  ( 1.049999999999998490, 5.299999999999999822, -2.149999999999999911 ) ) ;
#2269 = ORIENTED_EDGE ( 'NONE', *, *, #3112, .F. ) ;
#2270 = ORIENTED_EDGE ( 'NONE', *, *, #4609, .F. ) ;
#2271 = ORIENTED_EDGE ( 'NONE', *, *, #1818, .F. ) ;
#2272 = ADVANCED_FACE ( 'NONE', ( #1702 ), #261, .F. ) ;
#2273 = EDGE_CURVE ( 'NONE', #2460, #1374, #1756, .T. ) ;
#2274 = PLANE ( 'NONE',  #4478 ) ;
#2275 = CARTESIAN_POINT ( 'NONE',  ( 10.00000000000000000, 14.09999999999999964, 2.899999999999999911 ) ) ;
#2276 = LINE ( 'NONE', #1455, #279 ) ;
#2277 = VERTEX_POINT ( 'NONE', #4279 ) ;
#2278 =( GEOMETRIC_REPRESENTATION_CONTEXT ( 3 ) GLOBAL_UNCERTAINTY_ASSIGNED_CONTEXT ( ( #125 ) ) GLOBAL_UNIT_ASSIGNED_CONTEXT ( ( #1474, #3062, #1187 ) ) REPRESENTATION_CONTEXT ( 'NONE', 'WORKASPACE' ) );
#2279 = PLANE ( 'NONE',  #2127 ) ;
#2280 =( NAMED_UNIT ( * ) PLANE_ANGLE_UNIT ( ) SI_UNIT ( $, .RADIAN. ) );
#2281 = ORIENTED_EDGE ( 'NONE', *, *, #472, .T. ) ;
#2282 = SURFACE_STYLE_FILL_AREA ( #1506 ) ;
#2283 = ORIENTED_EDGE ( 'NONE', *, *, #3264, .T. ) ;
#2284 = COLOUR_RGB ( '',0.6666666666666666297, 0.6666666666666666297, 0.6666666666666666297 ) ;
#2285 = CARTESIAN_POINT ( 'NONE',  ( 3.949999999999998845, 5.299999999999999822, -2.149999999999999911 ) ) ;
#2286 = CARTESIAN_POINT ( 'NONE',  ( 7.500000000000000000, 13.10000000000000142, -1.750000000000000000 ) ) ;
#2287 = AXIS2_PLACEMENT_3D ( 'NONE', #2635, #1510, #3679 ) ;
#2288 = PRESENTATION_LAYER_ASSIGNMENT (  '', '', ( #2918 ) ) ;
#2289 = CARTESIAN_POINT ( 'NONE',  ( 0.5499999999999987121, 8.000000000000000000, -2.350000000000000533 ) ) ;
#2290 = DIRECTION ( 'NONE',  ( 0.0000000000000000000, -0.0000000000000000000, -1.000000000000000000 ) ) ;
#2291 = VECTOR ( 'NONE', #93, 1000.000000000000227 ) ;
#2292 = VECTOR ( 'NONE', #3693, 1000.000000000000000 ) ;
#2293 = EDGE_CURVE ( 'NONE', #2004, #1579, #2805, .T. ) ;
#2294 = UNCERTAINTY_MEASURE_WITH_UNIT (LENGTH_MEASURE( 1.000000000000000082E-05 ), #4161, 'distance_accuracy_value', 'NONE');
#2295 = ORIENTED_EDGE ( 'NONE', *, *, #3035, .T. ) ;
#2296 = ORIENTED_EDGE ( 'NONE', *, *, #804, .T. ) ;
#2297 = DIRECTION ( 'NONE',  ( 0.0000000000000000000, -0.9695125564162684340, -0.2450416351381777547 ) ) ;
#2298 = VECTOR ( 'NONE', #1724, 1000.000000000000000 ) ;
#2299 = CARTESIAN_POINT ( 'NONE',  ( 2.505624112914680346, -3.500000000000000000, 0.2000000000000003719 ) ) ;
#2300 =( LENGTH_UNIT ( ) NAMED_UNIT ( * ) SI_UNIT ( .MILLI., .METRE. ) );
#2301 = EDGE_CURVE ( 'NONE', #1974, #3279, #3235, .T. ) ;
#2302 = UNCERTAINTY_MEASURE_WITH_UNIT (LENGTH_MEASURE( 1.000000000000000082E-05 ), #2712, 'distance_accuracy_value', 'NONE');
#2303 = VECTOR ( 'NONE', #1744, 1000.000000000000000 ) ;
#2304 = LINE ( 'NONE', #3380, #2999 ) ;
#2305 = ORIENTED_EDGE ( 'NONE', *, *, #1909, .T. ) ;
#2306 = EDGE_CURVE ( 'NONE', #419, #3702, #3950, .T. ) ;
#2307 = SURFACE_STYLE_FILL_AREA ( #2427 ) ;
#2308 = AXIS2_PLACEMENT_3D ( 'NONE', #2252, #47, #2197 ) ;
#2309 = VERTEX_POINT ( 'NONE', #1033 ) ;
#2310 = DIRECTION ( 'NONE',  ( 0.0000000000000000000, 1.224646799147352961E-16, -1.000000000000000000 ) ) ;
#2311 = ORIENTED_EDGE ( 'NONE', *, *, #2995, .F. ) ;
#2312 = LINE ( 'NONE', #774, #441 ) ;
#2313 = CARTESIAN_POINT ( 'NONE',  ( 1.399999999999998579, 7.000000000000000888, -4.399999999999998579 ) ) ;
#2314 = SURFACE_STYLE_USAGE ( .BOTH. , #4173 ) ;
#2315 = CARTESIAN_POINT ( 'NONE',  ( 9.600000000000001421, 11.00000000000000000, -2.500000000000000000 ) ) ;
#2316 = VERTEX_POINT ( 'NONE', #2428 ) ;
#2317 = CARTESIAN_POINT ( 'NONE',  ( 0.0000000000000000000, 7.000000000000000888, 0.0000000000000000000 ) ) ;
#2318 = EDGE_CURVE ( 'NONE', #244, #1177, #2091, .T. ) ;
#2319 = DIRECTION ( 'NONE',  ( 0.0000000000000000000, 1.224646799147353207E-16, -1.000000000000000000 ) ) ;
#2320 = FILL_AREA_STYLE ('',( #2735 ) ) ;
#2321 = VERTEX_POINT ( 'NONE', #3221 ) ;
#2322 = EDGE_CURVE ( 'NONE', #2321, #1034, #4724, .T. ) ;
#2323 = DIRECTION ( 'NONE',  ( -1.000000000000000000, -0.0000000000000000000, 0.0000000000000000000 ) ) ;
#2324 = CARTESIAN_POINT ( 'NONE',  ( 2.499999999999998668, 14.09999999999999964, 1.899999999999999911 ) ) ;
#2325 = VERTEX_POINT ( 'NONE', #659 ) ;
#2326 = FILL_AREA_STYLE_COLOUR ( '', #579 ) ;
#2327 = EDGE_CURVE ( 'NONE', #1579, #1316, #2503, .T. ) ;
#2328 = ORIENTED_EDGE ( 'NONE', *, *, #1692, .T. ) ;
#2329 =( NAMED_UNIT ( * ) SI_UNIT ( $, .STERADIAN. ) SOLID_ANGLE_UNIT ( ) );
#2330 = CARTESIAN_POINT ( 'NONE',  ( 7.976276906438229868E-63, 0.0000000000000000000, -2.500000000000001332 ) ) ;
#2331 = FILL_AREA_STYLE ('',( #1950 ) ) ;
#2332 = CARTESIAN_POINT ( 'NONE',  ( -0.2999999999999999889, 7.000000000000000888, -3.699999999999999734 ) ) ;
#2333 = CARTESIAN_POINT ( 'NONE',  ( 9.449999999999999289, 8.000000000000000000, 2.850000000000036060 ) ) ;
#2334 = APPLICATION_PROTOCOL_DEFINITION ( 'draft international standard', 'automotive_design', 1998, #1132 ) ;
#2335 = FILL_AREA_STYLE_COLOUR ( '', #1069 ) ;
#2336 = ORIENTED_EDGE ( 'NONE', *, *, #422, .T. ) ;
#2337 = PLANE ( 'NONE',  #764 ) ;
#2338 = SURFACE_STYLE_USAGE ( .BOTH. , #167 ) ;
#2339 = SURFACE_STYLE_FILL_AREA ( #3855 ) ;
#2340 = DIRECTION ( 'NONE',  ( 0.0000000000000000000, 0.0000000000000000000, -1.000000000000000000 ) ) ;
#2341 = UNCERTAINTY_MEASURE_WITH_UNIT (LENGTH_MEASURE( 1.000000000000000082E-05 ), #3343, 'distance_accuracy_value', 'NONE');
#2342 = PRESENTATION_STYLE_ASSIGNMENT (( #1979 ) ) ;
#2343 = CIRCLE ( 'NONE', #4214, 1.750000000000000000 ) ;
#2344 = CARTESIAN_POINT ( 'NONE',  ( 3.232466345374056209E-17, 12.09999999999999964, -0.5000000000000003331 ) ) ;
#2345 = FILL_AREA_STYLE_COLOUR ( '', #1842 ) ;
#2346 = ORIENTED_EDGE ( 'NONE', *, *, #3057, .F. ) ;
#2347 = VECTOR ( 'NONE', #1223, 1000.000000000000000 ) ;
#2348 = CARTESIAN_POINT ( 'NONE',  ( 0.0000000000000000000, -1.190950203863165369E-16, 4.299999999999999822 ) ) ;
#2349 = VERTEX_POINT ( 'NONE', #1065 ) ;
#2350 = SURFACE_SIDE_STYLE ('',( #3522 ) ) ;
#2351 = STYLED_ITEM ( 'NONE', ( #4425 ), #1239 ) ;
#2352 = EDGE_CURVE ( 'NONE', #3391, #468, #2145, .T. ) ;
#2353 = EDGE_CURVE ( 'NONE', #719, #2451, #710, .T. ) ;
#2354 = FILL_AREA_STYLE_COLOUR ( '', #214 ) ;
#2355 = CARTESIAN_POINT ( 'NONE',  ( 6.099999999999999645, 5.200000000000003730, 3.000000000000000000 ) ) ;
#2356 = EDGE_CURVE ( 'NONE', #468, #1043, #1518, .T. ) ;
#2357 =( NAMED_UNIT ( * ) SI_UNIT ( $, .STERADIAN. ) SOLID_ANGLE_UNIT ( ) );
#2358 = VERTEX_POINT ( 'NONE', #339 ) ;
#2359 = VERTEX_POINT ( 'NONE', #417 ) ;
#2360 = DIRECTION ( 'NONE',  ( -0.0000000000000000000, -1.000000000000000000, -1.224646799147353207E-16 ) ) ;
#2361 = DIRECTION ( 'NONE',  ( -0.0000000000000000000, -1.000000000000000000, -0.0000000000000000000 ) ) ;
#2362 =( GEOMETRIC_REPRESENTATION_CONTEXT ( 3 ) GLOBAL_UNCERTAINTY_ASSIGNED_CONTEXT ( ( #3511 ) ) GLOBAL_UNIT_ASSIGNED_CONTEXT ( ( #817, #3360, #768 ) ) REPRESENTATION_CONTEXT ( 'NONE', 'WORKASPACE' ) );
#2363 = PRESENTATION_STYLE_ASSIGNMENT (( #1569 ) ) ;
#2364 = LINE ( 'NONE', #474, #4109 ) ;
#2365 = VECTOR ( 'NONE', #220, 1000.000000000000000 ) ;
#2366 = CARTESIAN_POINT ( 'NONE',  ( 0.0000000000000000000, 12.09999999999999964, -0.5000000000000000000 ) ) ;
#2367 = LINE ( 'NONE', #543, #4300 ) ;
#2368 = ORIENTED_EDGE ( 'NONE', *, *, #245, .T. ) ;
#2369 = ORIENTED_EDGE ( 'NONE', *, *, #915, .T. ) ;
#2370 = VECTOR ( 'NONE', #708, 1000.000000000000000 ) ;
#2371 = EDGE_CURVE ( 'NONE', #61, #1887, #785, .T. ) ;
#2372 = PLANE ( 'NONE',  #1433 ) ;
#2373 = PRESENTATION_LAYER_ASSIGNMENT (  '', '', ( #69 ) ) ;
#2374 = FACE_OUTER_BOUND ( 'NONE', #4188, .T. ) ;
#2375 = LINE ( 'NONE', #886, #4701 ) ;
#2376 = VECTOR ( 'NONE', #2174, 1000.000000000000000 ) ;
#2377 = DIRECTION ( 'NONE',  ( -1.000000000000000000, 0.0000000000000000000, -0.0000000000000000000 ) ) ;
#2378 = VECTOR ( 'NONE', #2113, 1000.000000000000000 ) ;
#2379 = CARTESIAN_POINT ( 'NONE',  ( 7.500000000000000000, 13.10000000000000142, 0.0000000000000000000 ) ) ;
#2380 = VERTEX_POINT ( 'NONE', #729 ) ;
#2381 = ORIENTED_EDGE ( 'NONE', *, *, #670, .T. ) ;
#2382 = CARTESIAN_POINT ( 'NONE',  ( 1.099999999999999867, 5.200000000000001954, 3.000000000000000000 ) ) ;
#2383 = STYLED_ITEM ( 'NONE', ( #2982 ), #4632 ) ;
#2384 = DIRECTION ( 'NONE',  ( 3.573610705253189024E-16, 1.224646799147353207E-16, -1.000000000000000000 ) ) ;
#2385 = ADVANCED_FACE ( 'NONE', ( #3717 ), #3012, .F. ) ;
#2386 = LINE ( 'NONE', #3406, #1840 ) ;
#2387 = LINE ( 'NONE', #2668, #4249 ) ;
#2388 = ORIENTED_EDGE ( 'NONE', *, *, #4427, .F. ) ;
#2389 = CARTESIAN_POINT ( 'NONE',  ( 10.00000000000000000, 6.368163355566237368E-16, -5.200000000000001066 ) ) ;
#2390 = DIRECTION ( 'NONE',  ( 1.000000000000000000, 0.0000000000000000000, 0.0000000000000000000 ) ) ;
#2391 = ORIENTED_EDGE ( 'NONE', *, *, #1429, .T. ) ;
#2392 = ORIENTED_EDGE ( 'NONE', *, *, #3258, .T. ) ;
#2393 = DIRECTION ( 'NONE',  ( 0.0000000000000000000, 0.0000000000000000000, -1.000000000000000000 ) ) ;
#2394 = CARTESIAN_POINT ( 'NONE',  ( 2.499999999999998668, 13.10000000000000142, 0.0000000000000000000 ) ) ;
#2395 = PLANE ( 'NONE',  #896 ) ;
#2396 =( NAMED_UNIT ( * ) SI_UNIT ( $, .STERADIAN. ) SOLID_ANGLE_UNIT ( ) );
#2397 = CARTESIAN_POINT ( 'NONE',  ( 7.500000000000000000, 11.09999999999999787, 0.0000000000000000000 ) ) ;
#2398 = EDGE_CURVE ( 'NONE', #786, #135, #3349, .T. ) ;
#2399 = ORIENTED_EDGE ( 'NONE', *, *, #4469, .F. ) ;
#2400 = DIRECTION ( 'NONE',  ( 0.0000000000000000000, 1.000000000000000000, 0.0000000000000000000 ) ) ;
#2401 = CARTESIAN_POINT ( 'NONE',  ( 8.727129896139459220, 7.000000000000000000, 8.572527594031474176E-16 ) ) ;
#2402 = CARTESIAN_POINT ( 'NONE',  ( 10.00000000000000000, 0.0000000000000000000, -5.200000000000001066 ) ) ;
#2403 = DIRECTION ( 'NONE',  ( 0.0000000000000000000, 1.000000000000000000, 0.0000000000000000000 ) ) ;
#2404 = EDGE_CURVE ( 'NONE', #2086, #4137, #2247, .T. ) ;
#2405 = ADVANCED_FACE ( 'NONE', ( #3660 ), #365, .F. ) ;
#2406 = CARTESIAN_POINT ( 'NONE',  ( 9.449999999999997513, 5.299999999999999822, 2.850000000000035616 ) ) ;
#2407 = DIRECTION ( 'NONE',  ( 1.000000000000000000, -0.0000000000000000000, 3.573610705253190010E-16 ) ) ;
#2408 = EDGE_LOOP ( 'NONE', ( #628, #2745, #919, #2369 ) ) ;
#2409 = VECTOR ( 'NONE', #1431, 1000.000000000000000 ) ;
#2410 = EDGE_LOOP ( 'NONE', ( #744, #4314, #861, #4093 ) ) ;
#2411 = CARTESIAN_POINT ( 'NONE',  ( 3.600000000000000977, 7.000000000000000888, -4.253643450194971365 ) ) ;
#2412 = STYLED_ITEM ( 'NONE', ( #20 ), #935 ) ;
#2413 = DIRECTION ( 'NONE',  ( 1.000000000000000000, -0.0000000000000000000, 3.573610705253189024E-16 ) ) ;
#2414 = PLANE ( 'NONE',  #4362 ) ;
#2415 = LINE ( 'NONE', #930, #4074 ) ;
#2416 = VECTOR ( 'NONE', #2905, 1000.000000000000000 ) ;
#2417 = DIRECTION ( 'NONE',  ( -1.000000000000000000, 0.0000000000000000000, -0.0000000000000000000 ) ) ;
#2418 = DIRECTION ( 'NONE',  ( 0.0000000000000000000, 0.0000000000000000000, -1.000000000000000000 ) ) ;
#2419 = ORIENTED_EDGE ( 'NONE', *, *, #2595, .T. ) ;
#2420 = VECTOR ( 'NONE', #2377, 1000.000000000000000 ) ;
#2421 = EDGE_LOOP ( 'NONE', ( #382, #944, #787, #3876, #1703, #4341, #3203, #4333, #2328, #4066, #653, #3917, #1630, #263, #2755, #2584, #3374, #1889, #961, #1075 ) ) ;
#2422 = LINE ( 'NONE', #3247, #4394 ) ;
#2423 = EDGE_CURVE ( 'NONE', #3049, #4, #1830, .T. ) ;
#2424 = LINE ( 'NONE', #577, #4081 ) ;
#2425 = VECTOR ( 'NONE', #631, 1000.000000000000000 ) ;
#2426 = DIRECTION ( 'NONE',  ( -1.000000000000000000, 1.448470603814159430E-32, -1.182766006347823109E-16 ) ) ;
#2427 = FILL_AREA_STYLE ('',( #2345 ) ) ;
#2428 = CARTESIAN_POINT ( 'NONE',  ( 4.177050983124835248, 13.10000000000000142, 0.5000000000000230926 ) ) ;
#2429 = ORIENTED_EDGE ( 'NONE', *, *, #1646, .F. ) ;
#2430 = EDGE_LOOP ( 'NONE', ( #232, #272, #41, #665 ) ) ;
#2431 = CARTESIAN_POINT ( 'NONE',  ( -0.2999999999999999334, 6.736336905790636323E-16, -3.699999999999999289 ) ) ;
#2432 = EDGE_CURVE ( 'NONE', #1092, #4030, #4479, .T. ) ;
#2433 = CARTESIAN_POINT ( 'NONE',  ( 0.0000000000000000000, 7.099999999999999645, 4.800000000000000711 ) ) ;
#2434 = CARTESIAN_POINT ( 'NONE',  ( 9.177050983124841466, 12.09999999999999964, 0.4999999999999995559 ) ) ;
#2435 = CIRCLE ( 'NONE', #3464, 0.4000000000000004108 ) ;
#2436 = PRESENTATION_LAYER_ASSIGNMENT (  '', '', ( #1215 ) ) ;
#2437 = EDGE_LOOP ( 'NONE', ( #4784, #427, #3337, #100 ) ) ;
#2438 = VECTOR ( 'NONE', #4130, 1000.000000000000000 ) ;
#2439 = VECTOR ( 'NONE', #3037, 1000.000000000000000 ) ;
#2440 = EDGE_LOOP ( 'NONE', ( #819, #2869, #1822, #1462 ) ) ;
#2441 = EDGE_CURVE ( 'NONE', #16, #2919, #4127, .T. ) ;
#2442 = CARTESIAN_POINT ( 'NONE',  ( 2.505624112914680346, -4.898587196589418622E-17, 0.2000000000000007883 ) ) ;
#2443 = VECTOR ( 'NONE', #2978, 1000.000000000000000 ) ;
#2444 = MECHANICAL_DESIGN_GEOMETRIC_PRESENTATION_REPRESENTATION (  '', ( #3785 ), #1834 ) ;
#2445 = CARTESIAN_POINT ( 'NONE',  ( 2.505624112914680346, -3.500000000000000000, -0.6000000000000005329 ) ) ;
#2446 = LINE ( 'NONE', #2792, #1192 ) ;
#2447 = CARTESIAN_POINT ( 'NONE',  ( 7.976276906438229868E-63, 8.000000000000000000, -2.500000000000000444 ) ) ;
#2448 = VECTOR ( 'NONE', #2205, 1000.000000000000000 ) ;
#2449 = CARTESIAN_POINT ( 'NONE',  ( 3.850000000000000089, 7.000000000000000888, -4.400000000000000355 ) ) ;
#2450 = ORIENTED_EDGE ( 'NONE', *, *, #2077, .F. ) ;
#2451 = VERTEX_POINT ( 'NONE', #4804 ) ;
#2452 = VECTOR ( 'NONE', #4577, 1000.000000000000000 ) ;
#2453 = DIRECTION ( 'NONE',  ( -0.0000000000000000000, -1.000000000000000000, -0.0000000000000000000 ) ) ;
#2454 = DIRECTION ( 'NONE',  ( 0.0000000000000000000, 0.0000000000000000000, 1.000000000000000000 ) ) ;
#2455 = STYLED_ITEM ( 'NONE', ( #897 ), #4365 ) ;
#2456 = FACE_OUTER_BOUND ( 'NONE', #1923, .T. ) ;
#2457 = DIRECTION ( 'NONE',  ( -0.0000000000000000000, 0.0000000000000000000, 1.000000000000000000 ) ) ;
#2458 = LINE ( 'NONE', #2830, #4012 ) ;
#2459 = VERTEX_POINT ( 'NONE', #2268 ) ;
#2460 = VERTEX_POINT ( 'NONE', #2661 ) ;
#2461 = CARTESIAN_POINT ( 'NONE',  ( 3.097720492815727659E-16, 11.00000000000000000, 3.000000000000002220 ) ) ;
#2462 = PRESENTATION_STYLE_ASSIGNMENT (( #1350 ) ) ;
#2463 = LINE ( 'NONE', #3957, #3389 ) ;
#2464 = ORIENTED_EDGE ( 'NONE', *, *, #4284, .F. ) ;
#2465 = ADVANCED_FACE ( 'NONE', ( #1109, #4053 ), #3685, .T. ) ;
#2466 = ORIENTED_EDGE ( 'NONE', *, *, #2048, .T. ) ;
#2467 = LINE ( 'NONE', #3985, #1977 ) ;
#2468 = CARTESIAN_POINT ( 'NONE',  ( 6.099999999999999645, 2.000000000000001776, 3.000000000000000888 ) ) ;
#2469 = ADVANCED_FACE ( 'NONE', ( #4075 ), #4502, .T. ) ;
#2470 = EDGE_CURVE ( 'NONE', #1867, #4742, #4551, .T. ) ;
#2471 = CARTESIAN_POINT ( 'NONE',  ( 2.499999999999998668, 13.10000000000000142, 1.750000000000000000 ) ) ;
#2472 = LINE ( 'NONE', #2132, #4451 ) ;
#2473 = CARTESIAN_POINT ( 'NONE',  ( 0.0000000000000000000, 2.877919977996238412E-16, -2.349999999999966338 ) ) ;
#2474 = LINE ( 'NONE', #2796, #2767 ) ;
#2475 = ORIENTED_EDGE ( 'NONE', *, *, #90, .T. ) ;
#2476 = ORIENTED_EDGE ( 'NONE', *, *, #3824, .T. ) ;
#2477 = CARTESIAN_POINT ( 'NONE',  ( 1.299999999999999822, 8.000000000000000000, -2.500000000000000444 ) ) ;
#2478 = DIRECTION ( 'NONE',  ( 3.934117689371791909E-32, 1.000000000000000000, 1.224646799147353454E-16 ) ) ;
#2479 = PRESENTATION_STYLE_ASSIGNMENT (( #4261 ) ) ;
#2480 = VERTEX_POINT ( 'NONE', #3444 ) ;
#2481 = ORIENTED_EDGE ( 'NONE', *, *, #4199, .F. ) ;
#2482 = CARTESIAN_POINT ( 'NONE',  ( 4.600000000000001421, 11.00000000000000000, -2.500000000000000000 ) ) ;
#2483 = DIRECTION ( 'NONE',  ( 0.0000000000000000000, 0.0000000000000000000, 1.000000000000000000 ) ) ;
#2484 = CARTESIAN_POINT ( 'NONE',  ( 1.149999999999999467, 7.000000000000000000, -2.500000000000000444 ) ) ;
#2485 = FACE_OUTER_BOUND ( 'NONE', #2437, .T. ) ;
#2486 = EDGE_LOOP ( 'NONE', ( #1783, #1263, #1607, #264 ) ) ;
#2487 = ORIENTED_EDGE ( 'NONE', *, *, #2637, .F. ) ;
#2488 = CARTESIAN_POINT ( 'NONE',  ( 10.00000000000000000, 14.09999999999999964, -2.899999999999999911 ) ) ;
#2489 = ADVANCED_FACE ( 'NONE', ( #3809 ), #1590, .F. ) ;
#2490 = DIRECTION ( 'NONE',  ( 1.000000000000000000, -0.0000000000000000000, 0.0000000000000000000 ) ) ;
#2491 = CARTESIAN_POINT ( 'NONE',  ( 1.299999999999999822, 0.0000000000000000000, -4.253643450194973141 ) ) ;
#2492 = CARTESIAN_POINT ( 'NONE',  ( 8.849999999999999645, 7.654042494670962783E-17, -2.500000000000001332 ) ) ;
#2493 = EDGE_CURVE ( 'NONE', #135, #4363, #3146, .T. ) ;
#2494 = EDGE_CURVE ( 'NONE', #3015, #1666, #1251, .T. ) ;
#2495 = DIRECTION ( 'NONE',  ( 0.0000000000000000000, -1.224646799147353207E-16, 1.000000000000000000 ) ) ;
#2496 = ORIENTED_EDGE ( 'NONE', *, *, #709, .F. ) ;
#2497 = LINE ( 'NONE', #3919, #1602 ) ;
#2498 = VECTOR ( 'NONE', #581, 1000.000000000000000 ) ;
#2499 = FACE_OUTER_BOUND ( 'NONE', #4004, .T. ) ;
#2500 = ADVANCED_FACE ( 'NONE', ( #551 ), #917, .T. ) ;
#2501 = DIRECTION ( 'NONE',  ( 0.0000000000000000000, 1.000000000000000000, 1.224646799147353207E-16 ) ) ;
#2502 = SURFACE_STYLE_FILL_AREA ( #2827 ) ;
#2503 = LINE ( 'NONE', #4001, #203 ) ;
#2504 = ORIENTED_EDGE ( 'NONE', *, *, #3433, .F. ) ;
#2505 = ORIENTED_EDGE ( 'NONE', *, *, #2538, .F. ) ;
#2506 = CARTESIAN_POINT ( 'NONE',  ( -0.2999999999999999889, 7.000000000000000888, 4.299999999999999822 ) ) ;
#2507 = VECTOR ( 'NONE', #3651, 1000.000000000000000 ) ;
#2508 = DIRECTION ( 'NONE',  ( -0.0000000000000000000, -1.000000000000000000, 0.0000000000000000000 ) ) ;
#2509 =( LENGTH_UNIT ( ) NAMED_UNIT ( * ) SI_UNIT ( .MILLI., .METRE. ) );
#2510 = VECTOR ( 'NONE', #337, 1000.000000000000000 ) ;
#2511 = AXIS2_PLACEMENT_3D ( 'NONE', #4168, #4443, #1126 ) ;
#2512 = ORIENTED_EDGE ( 'NONE', *, *, #3411, .F. ) ;
#2513 = ORIENTED_EDGE ( 'NONE', *, *, #746, .T. ) ;
#2514 = AXIS2_PLACEMENT_3D ( 'NONE', #3783, #2765, #4627 ) ;
#2515 = STYLED_ITEM ( 'NONE', ( #901 ), #4086 ) ;
#2516 = LINE ( 'NONE', #1428, #3844 ) ;
#2517 = CARTESIAN_POINT ( 'NONE',  ( 6.049999999999998046, 5.299999999999999822, 2.850000000000027178 ) ) ;
#2518 = VECTOR ( 'NONE', #519, 1000.000000000000000 ) ;
#2519 = DIRECTION ( 'NONE',  ( 0.0000000000000000000, 0.0000000000000000000, 1.000000000000000000 ) ) ;
#2520 = EDGE_CURVE ( 'NONE', #2380, #1716, #1651, .T. ) ;
#2521 = CARTESIAN_POINT ( 'NONE',  ( 4.600000000000001421, 11.00000000000000000, 3.000000000000000888 ) ) ;
#2522 = CARTESIAN_POINT ( 'NONE',  ( 3.600000000000000977, 8.000000000000000000, -4.253643450194971365 ) ) ;
#2523 = MECHANICAL_DESIGN_GEOMETRIC_PRESENTATION_REPRESENTATION (  '', ( #2763 ), #1061 ) ;
#2524 = DIRECTION ( 'NONE',  ( 0.0000000000000000000, 0.0000000000000000000, -1.000000000000000000 ) ) ;
#2525 = SHAPE_DEFINITION_REPRESENTATION ( #2015, #904 ) ;
#2526 = DIRECTION ( 'NONE',  ( 0.0000000000000000000, 1.000000000000000000, 1.224646799147353207E-16 ) ) ;
#2527 = ORIENTED_EDGE ( 'NONE', *, *, #4496, .F. ) ;
#2528 = EDGE_CURVE ( 'NONE', #927, #4686, #1295, .T. ) ;
#2529 = LINE ( 'NONE', #4770, #959 ) ;
#2530 = PRESENTATION_LAYER_ASSIGNMENT (  '', '', ( #3028 ) ) ;
#2531 = DIRECTION ( 'NONE',  ( 0.0000000000000000000, 0.0000000000000000000, 1.000000000000000000 ) ) ;
#2532 = DIRECTION ( 'NONE',  ( 3.336006684570782115E-16, 0.0000000000000000000, -1.000000000000000000 ) ) ;
#2533 = AXIS2_PLACEMENT_3D ( 'NONE', #3843, #528, #94 ) ;
#2534 = DIRECTION ( 'NONE',  ( 0.0000000000000000000, 0.0000000000000000000, 1.000000000000000000 ) ) ;
#2535 = VERTEX_POINT ( 'NONE', #3945 ) ;
#2536 = EDGE_LOOP ( 'NONE', ( #3471, #4437, #2124, #4078 ) ) ;
#2537 = VERTEX_POINT ( 'NONE', #3894 ) ;
#2538 = EDGE_CURVE ( 'NONE', #2459, #399, #2474, .T. ) ;
#2539 = DIRECTION ( 'NONE',  ( 0.0000000000000000000, 1.000000000000000000, 0.0000000000000000000 ) ) ;
#2540 = DIRECTION ( 'NONE',  ( -1.000000000000000000, -0.0000000000000000000, -0.0000000000000000000 ) ) ;
#2541 = CARTESIAN_POINT ( 'NONE',  ( 3.727129896139459664, 8.000000000000000000, -4.253643450194971365 ) ) ;
#2542 = STYLED_ITEM ( 'NONE', ( #632 ), #4529 ) ;
#2543 = ORIENTED_EDGE ( 'NONE', *, *, #2138, .F. ) ;
#2544 = COLOUR_RGB ( '',0.6666666666666666297, 0.6666666666666666297, 0.6666666666666666297 ) ;
#2545 = ORIENTED_EDGE ( 'NONE', *, *, #2603, .F. ) ;
#2546 = PRESENTATION_STYLE_ASSIGNMENT (( #3286 ) ) ;
#2547 = CARTESIAN_POINT ( 'NONE',  ( -0.2999999999999999889, 7.000000000000000888, 4.299999999999999822 ) ) ;
#2548 = CARTESIAN_POINT ( 'NONE',  ( -0.2999999999999999334, 3.370840314653089449E-16, -2.699999999999998401 ) ) ;
#2549 = ORIENTED_EDGE ( 'NONE', *, *, #1718, .F. ) ;
#2550 = DIRECTION ( 'NONE',  ( 0.0000000000000000000, 1.000000000000000000, 0.0000000000000000000 ) ) ;
#2551 = PLANE ( 'NONE',  #3144 ) ;
#2552 = PRESENTATION_STYLE_ASSIGNMENT (( #4070 ) ) ;
#2553 = DIRECTION ( 'NONE',  ( 1.000000000000000000, 0.0000000000000000000, 0.0000000000000000000 ) ) ;
#2554 = PLANE ( 'NONE',  #3139 ) ;
#2555 = LINE ( 'NONE', #1167, #1047 ) ;
#2556 = EDGE_CURVE ( 'NONE', #1483, #3445, #600, .T. ) ;
#2557 = DIRECTION ( 'NONE',  ( 0.0000000000000000000, -0.7371541402007413257, -0.6757246285173463818 ) ) ;
#2558 = VERTEX_POINT ( 'NONE', #651 ) ;
#2559 = VERTEX_POINT ( 'NONE', #1774 ) ;
#2560 = EDGE_LOOP ( 'NONE', ( #4040, #1502, #4642, #993 ) ) ;
#2561 = CARTESIAN_POINT ( 'NONE',  ( 10.00000000000000000, 7.099999999999999645, 4.800000000000000711 ) ) ;
#2562 = FACE_OUTER_BOUND ( 'NONE', #1366, .T. ) ;
#2563 = DIRECTION ( 'NONE',  ( -0.0000000000000000000, -1.000000000000000000, -0.0000000000000000000 ) ) ;
#2564 = EDGE_CURVE ( 'NONE', #1696, #2125, #4353, .T. ) ;
#2565 = EDGE_CURVE ( 'NONE', #1579, #1338, #950, .T. ) ;
#2566 = CARTESIAN_POINT ( 'NONE',  ( 8.949999999999999289, 5.299999999999999822, -2.149999999999999911 ) ) ;
#2567 = ORIENTED_EDGE ( 'NONE', *, *, #1996, .T. ) ;
#2568 = ORIENTED_EDGE ( 'NONE', *, *, #3035, .F. ) ;
#2569 = SURFACE_STYLE_USAGE ( .BOTH. , #3799 ) ;
#2570 = FACE_OUTER_BOUND ( 'NONE', #2806, .T. ) ;
#2571 = ORIENTED_EDGE ( 'NONE', *, *, #90, .F. ) ;
#2572 = EDGE_LOOP ( 'NONE', ( #683, #1285, #254, #4776 ) ) ;
#2573 = CARTESIAN_POINT ( 'NONE',  ( 0.0000000000000000000, 0.0000000000000000000, -5.200000000000001066 ) ) ;
#2574 = PLANE ( 'NONE',  #3385 ) ;
#2575 = AXIS2_PLACEMENT_3D ( 'NONE', #3845, #160, #486 ) ;
#2576 = LINE ( 'NONE', #1851, #3238 ) ;
#2577 = DIRECTION ( 'NONE',  ( -1.000000000000000000, -0.0000000000000000000, -0.0000000000000000000 ) ) ;
#2578 = CARTESIAN_POINT ( 'NONE',  ( 10.00000000000000000, 5.612742585576154575, -5.045130994854378770 ) ) ;
#2579 = VECTOR ( 'NONE', #623, 1000.000000000000000 ) ;
#2580 = DIRECTION ( 'NONE',  ( -1.000000000000000000, -3.097720492815726673E-16, 0.0000000000000000000 ) ) ;
#2581 = LINE ( 'NONE', #3422, #1995 ) ;
#2582 = UNCERTAINTY_MEASURE_WITH_UNIT (LENGTH_MEASURE( 1.000000000000000082E-05 ), #106, 'distance_accuracy_value', 'NONE');
#2583 = DIRECTION ( 'NONE',  ( 0.0000000000000000000, 1.000000000000000000, 0.0000000000000000000 ) ) ;
#2584 = ORIENTED_EDGE ( 'NONE', *, *, #421, .F. ) ;
#2585 = PRESENTATION_LAYER_ASSIGNMENT (  '', '', ( #3834 ) ) ;
#2586 = ORIENTED_EDGE ( 'NONE', *, *, #3181, .T. ) ;
#2587 = EDGE_LOOP ( 'NONE', ( #627, #172, #4482, #509, #4085, #2212 ) ) ;
#2588 = FILL_AREA_STYLE ('',( #4456 ) ) ;
#2589 = ADVANCED_FACE ( 'NONE', ( #4257 ), #3188, .T. ) ;
#2590 = CARTESIAN_POINT ( 'NONE',  ( -0.2999999999999999889, 7.000000000000000888, 3.300000000000000266 ) ) ;
#2591 = VECTOR ( 'NONE', #2088, 1000.000000000000000 ) ;
#2592 = DIRECTION ( 'NONE',  ( -1.000000000000000000, -0.0000000000000000000, 0.0000000000000000000 ) ) ;
#2593 = ORIENTED_EDGE ( 'NONE', *, *, #2356, .T. ) ;
#2594 = AXIS2_PLACEMENT_3D ( 'NONE', #4681, #278, #597 ) ;
#2595 = EDGE_CURVE ( 'NONE', #1068, #1704, #2084, .T. ) ;
#2596 = EDGE_LOOP ( 'NONE', ( #4707, #3179, #3210, #3371 ) ) ;
#2597 = SURFACE_STYLE_FILL_AREA ( #3752 ) ;
#2598 = VECTOR ( 'NONE', #2501, 1000.000000000000000 ) ;
#2599 = VECTOR ( 'NONE', #3705, 1000.000000000000000 ) ;
#2600 = CARTESIAN_POINT ( 'NONE',  ( 3.850000000000000089, 7.000000000000000888, -4.399999999999999467 ) ) ;
#2601 = ORIENTED_EDGE ( 'NONE', *, *, #1106, .T. ) ;
#2602 = PRESENTATION_STYLE_ASSIGNMENT (( #3315 ) ) ;
#2603 = EDGE_CURVE ( 'NONE', #61, #1707, #980, .T. ) ;
#2604 = VECTOR ( 'NONE', #1044, 1000.000000000000000 ) ;
#2605 = ORIENTED_EDGE ( 'NONE', *, *, #4033, .T. ) ;
#2606 = LINE ( 'NONE', #2285, #3841 ) ;
#2607 = FACE_BOUND ( 'NONE', #179, .T. ) ;
#2608 = VECTOR ( 'NONE', #925, 1000.000000000000000 ) ;
#2609 = LINE ( 'NONE', #3005, #1149 ) ;
#2610 = CARTESIAN_POINT ( 'NONE',  ( -0.2999999999999999889, 8.673617379884035472E-16, -3.699999999999998401 ) ) ;
#2611 = FACE_OUTER_BOUND ( 'NONE', #2421, .T. ) ;
#2612 = COLOUR_RGB ( '',0.6666666666666666297, 0.6666666666666666297, 0.6666666666666666297 ) ;
#2613 = PLANE ( 'NONE',  #4714 ) ;
#2614 = DIRECTION ( 'NONE',  ( 0.0000000000000000000, -0.0000000000000000000, -1.000000000000000000 ) ) ;
#2615 = ORIENTED_EDGE ( 'NONE', *, *, #909, .T. ) ;
#2616 = STYLED_ITEM ( 'NONE', ( #1988 ), #352 ) ;
#2617 = ORIENTED_EDGE ( 'NONE', *, *, #583, .F. ) ;
#2618 = VECTOR ( 'NONE', #1127, 1000.000000000000000 ) ;
#2619 = ORIENTED_EDGE ( 'NONE', *, *, #4116, .T. ) ;
#2620 = CARTESIAN_POINT ( 'NONE',  ( 8.949999999999999289, 8.000000000000000000, 2.850000000000036060 ) ) ;
#2621 = VECTOR ( 'NONE', #4253, 1000.000000000000000 ) ;
#2622 =( NAMED_UNIT ( * ) SI_UNIT ( $, .STERADIAN. ) SOLID_ANGLE_UNIT ( ) );
#2623 = PLANE ( 'NONE',  #3921 ) ;
#2624 = ORIENTED_EDGE ( 'NONE', *, *, #149, .T. ) ;
#2625 = VECTOR ( 'NONE', #372, 1000.000000000000000 ) ;
#2626 = ORIENTED_EDGE ( 'NONE', *, *, #422, .F. ) ;
#2627 = PRESENTATION_LAYER_ASSIGNMENT (  '', '', ( #1304 ) ) ;
#2628 = PRESENTATION_STYLE_ASSIGNMENT (( #3728 ) ) ;
#2629 = EDGE_CURVE ( 'NONE', #3283, #3727, #2030, .T. ) ;
#2630 = ORIENTED_EDGE ( 'NONE', *, *, #2680, .F. ) ;
#2631 =( GEOMETRIC_REPRESENTATION_CONTEXT ( 3 ) GLOBAL_UNCERTAINTY_ASSIGNED_CONTEXT ( ( #807 ) ) GLOBAL_UNIT_ASSIGNED_CONTEXT ( ( #2732, #1588, #2396 ) ) REPRESENTATION_CONTEXT ( 'NONE', 'WORKASPACE' ) );
#2632 = DIRECTION ( 'NONE',  ( 1.000000000000000000, -0.0000000000000000000, 0.0000000000000000000 ) ) ;
#2633 = EDGE_LOOP ( 'NONE', ( #2093, #3417, #4113, #678 ) ) ;
#2634 = LINE ( 'NONE', #2573, #3386 ) ;
#2635 = CARTESIAN_POINT ( 'NONE',  ( 6.149999999999999467, 7.000000000000000000, -2.500000000000000444 ) ) ;
#2636 = EDGE_CURVE ( 'NONE', #3927, #2451, #4741, .T. ) ;
#2637 = EDGE_CURVE ( 'NONE', #4749, #3755, #3968, .T. ) ;
#2638 = DIRECTION ( 'NONE',  ( 0.0000000000000000000, 0.0000000000000000000, -1.000000000000000000 ) ) ;
#2639 = PRESENTATION_STYLE_ASSIGNMENT (( #68 ) ) ;
#2640 = FILL_AREA_STYLE_COLOUR ( '', #3681 ) ;
#2641 = CARTESIAN_POINT ( 'NONE',  ( 10.00000000000000000, -3.429011037612589276E-16, 2.800000000000000266 ) ) ;
#2642 = PRESENTATION_STYLE_ASSIGNMENT (( #4428 ) ) ;
#2643 = ORIENTED_EDGE ( 'NONE', *, *, #3324, .T. ) ;
#2644 = ORIENTED_EDGE ( 'NONE', *, *, #3057, .T. ) ;
#2645 = ORIENTED_EDGE ( 'NONE', *, *, #2147, .F. ) ;
#2646 = DIRECTION ( 'NONE',  ( 0.0000000000000000000, -1.000000000000000000, -1.224646799147352961E-16 ) ) ;
#2647 = DIRECTION ( 'NONE',  ( 0.0000000000000000000, 1.000000000000000000, 0.0000000000000000000 ) ) ;
#2648 = DIRECTION ( 'NONE',  ( 0.0000000000000000000, 1.000000000000000000, 1.224646799147353207E-16 ) ) ;
#2649 = LINE ( 'NONE', #3429, #1133 ) ;
#2650 = ORIENTED_EDGE ( 'NONE', *, *, #4457, .F. ) ;
#2651 = DIRECTION ( 'NONE',  ( -6.949802642554230403E-15, 0.0000000000000000000, 1.000000000000000000 ) ) ;
#2652 = ORIENTED_EDGE ( 'NONE', *, *, #3883, .F. ) ;
#2653 = DIRECTION ( 'NONE',  ( 0.0000000000000000000, 1.224646799147353207E-16, -1.000000000000000000 ) ) ;
#2654 = ORIENTED_EDGE ( 'NONE', *, *, #3165, .T. ) ;
#2655 = EDGE_CURVE ( 'NONE', #3620, #3532, #4269, .T. ) ;
#2656 = CARTESIAN_POINT ( 'NONE',  ( 0.4000000000000005218, 7.654042494670962783E-17, -2.500000000000000888 ) ) ;
#2657 = DIRECTION ( 'NONE',  ( -1.000000000000000000, -0.0000000000000000000, -0.0000000000000000000 ) ) ;
#2658 = LINE ( 'NONE', #4446, #3014 ) ;
#2659 = EDGE_CURVE ( 'NONE', #1150, #4386, #1365, .T. ) ;
#2660 = EDGE_CURVE ( 'NONE', #2948, #2309, #230, .T. ) ;
#2661 = CARTESIAN_POINT ( 'NONE',  ( 3.600000000000000089, 1.612742585576167453, -5.045130994854379658 ) ) ;
#2662 = ORIENTED_EDGE ( 'NONE', *, *, #670, .F. ) ;
#2663 = ORIENTED_EDGE ( 'NONE', *, *, #589, .T. ) ;
#2664 = VERTEX_POINT ( 'NONE', #3244 ) ;
#2665 = LINE ( 'NONE', #3426, #821 ) ;
#2666 = EDGE_CURVE ( 'NONE', #457, #4192, #572, .T. ) ;
#2667 = SURFACE_STYLE_USAGE ( .BOTH. , #1188 ) ;
#2668 = CARTESIAN_POINT ( 'NONE',  ( 3.900000000000000355, 2.000000000000001776, 3.000000000000000000 ) ) ;
#2669 = CARTESIAN_POINT ( 'NONE',  ( 9.700000000000002842, 6.999999999999999112, 3.800000000000000266 ) ) ;
#2670 = VERTEX_POINT ( 'NONE', #1028 ) ;
#2671 = AXIS2_PLACEMENT_3D ( 'NONE', #3821, #3541, #217 ) ;
#2672 = FILL_AREA_STYLE ('',( #1890 ) ) ;
#2673 = ORIENTED_EDGE ( 'NONE', *, *, #2925, .T. ) ;
#2674 = CARTESIAN_POINT ( 'NONE',  ( 7.500000000000000000, 13.10000000000000142, 1.750000000000000000 ) ) ;
#2675 = ORIENTED_EDGE ( 'NONE', *, *, #2103, .F. ) ;
#2676 = VECTOR ( 'NONE', #2162, 1000.000000000000000 ) ;
#2677 = VECTOR ( 'NONE', #1410, 1000.000000000000114 ) ;
#2678 = CYLINDRICAL_SURFACE ( 'NONE', #2511, 1.900000000000000133 ) ;
#2679 = PRESENTATION_STYLE_ASSIGNMENT (( #4207 ) ) ;
#2680 = EDGE_CURVE ( 'NONE', #146, #4650, #1984, .T. ) ;
#2681 =( GEOMETRIC_REPRESENTATION_CONTEXT ( 3 ) GLOBAL_UNCERTAINTY_ASSIGNED_CONTEXT ( ( #2698 ) ) GLOBAL_UNIT_ASSIGNED_CONTEXT ( ( #3735, #1872, #192 ) ) REPRESENTATION_CONTEXT ( 'NONE', 'WORKASPACE' ) );
#2682 = VECTOR ( 'NONE', #1264, 1000.000000000000000 ) ;
#2683 = CARTESIAN_POINT ( 'NONE',  ( 0.0000000000000000000, 2.316141471348884735E-16, 3.300000000000000711 ) ) ;
#2684 = STYLED_ITEM ( 'NONE', ( #2946 ), #2110 ) ;
#2685 = PRESENTATION_LAYER_ASSIGNMENT (  '', '', ( #2515 ) ) ;
#2686 = SURFACE_STYLE_FILL_AREA ( #118 ) ;
#2687 =( LENGTH_UNIT ( ) NAMED_UNIT ( * ) SI_UNIT ( .MILLI., .METRE. ) );
#2688 = ORIENTED_EDGE ( 'NONE', *, *, #3592, .T. ) ;
#2689 = ADVANCED_FACE ( 'NONE', ( #3992 ), #2136, .F. ) ;
#2690 = ORIENTED_EDGE ( 'NONE', *, *, #1580, .F. ) ;
#2691 = VECTOR ( 'NONE', #2400, 1000.000000000000000 ) ;
#2692 = CARTESIAN_POINT ( 'NONE',  ( 1.099999999999999867, 11.00000000000000000, 3.000000000000001332 ) ) ;
#2693 = CIRCLE ( 'NONE', #4092, 1.900000000000000133 ) ;
#2694 = DIRECTION ( 'NONE',  ( -0.0000000000000000000, -0.0000000000000000000, 1.000000000000000000 ) ) ;
#2695 = FACE_OUTER_BOUND ( 'NONE', #3316, .T. ) ;
#2696 = CARTESIAN_POINT ( 'NONE',  ( 0.0000000000000000000, 8.000000000000000000, 2.850000000000000977 ) ) ;
#2697 = PRESENTATION_LAYER_ASSIGNMENT (  '', '', ( #1071 ) ) ;
#2698 = UNCERTAINTY_MEASURE_WITH_UNIT (LENGTH_MEASURE( 1.000000000000000082E-05 ), #3735, 'distance_accuracy_value', 'NONE');
#2699 = CIRCLE ( 'NONE', #4703, 1.900000000000000133 ) ;
#2700 =( NAMED_UNIT ( * ) SI_UNIT ( $, .STERADIAN. ) SOLID_ANGLE_UNIT ( ) );
#2701 = EDGE_CURVE ( 'NONE', #3507, #564, #2699, .T. ) ;
#2702 = VERTEX_POINT ( 'NONE', #1695 ) ;
#2703 = VECTOR ( 'NONE', #1005, 1000.000000000000000 ) ;
#2704 = CARTESIAN_POINT ( 'NONE',  ( 6.099999999999999645, 5.200000000000003730, 3.349999999999999645 ) ) ;
#2705 = DIRECTION ( 'NONE',  ( 0.0000000000000000000, 1.000000000000000000, 1.224646799147353207E-16 ) ) ;
#2706 = AXIS2_PLACEMENT_3D ( 'NONE', #2760, #4530, #4179 ) ;
#2707 = VERTEX_POINT ( 'NONE', #3170 ) ;
#2708 = DIRECTION ( 'NONE',  ( 0.0000000000000000000, 0.0000000000000000000, -1.000000000000000000 ) ) ;
#2709 = EDGE_LOOP ( 'NONE', ( #3245, #687, #4087, #2790 ) ) ;
#2710 = CARTESIAN_POINT ( 'NONE',  ( 9.449999999999999289, 8.000000000000000000, 9.797174393178825657E-16 ) ) ;
#2711 = LINE ( 'NONE', #529, #2221 ) ;
#2712 =( LENGTH_UNIT ( ) NAMED_UNIT ( * ) SI_UNIT ( .MILLI., .METRE. ) );
#2713 = DIRECTION ( 'NONE',  ( 1.000000000000000000, -0.0000000000000000000, 0.0000000000000000000 ) ) ;
#2714 = CARTESIAN_POINT ( 'NONE',  ( 0.0000000000000000000, 7.299999999999998934, 4.800000000000000711 ) ) ;
#2715 = DIRECTION ( 'NONE',  ( -1.000000000000000000, 0.0000000000000000000, -0.0000000000000000000 ) ) ;
#2716 = ORIENTED_EDGE ( 'NONE', *, *, #2077, .T. ) ;
#2717 = FACE_OUTER_BOUND ( 'NONE', #1572, .T. ) ;
#2718 = EDGE_CURVE ( 'NONE', #346, #1338, #1314, .T. ) ;
#2719 = FILL_AREA_STYLE_COLOUR ( '', #4160 ) ;
#2720 = CARTESIAN_POINT ( 'NONE',  ( 5.549999999999998934, 8.000000000000000000, 2.850000000000035616 ) ) ;
#2721 = EDGE_CURVE ( 'NONE', #3982, #3984, #1828, .T. ) ;
#2722 = EDGE_CURVE ( 'NONE', #3083, #4395, #4098, .T. ) ;
#2723 = LINE ( 'NONE', #3835, #1740 ) ;
#2724 = DIRECTION ( 'NONE',  ( 1.448470603814159430E-32, 1.000000000000000000, 1.713201791385493400E-48 ) ) ;
#2725 = EDGE_LOOP ( 'NONE', ( #3489, #4481, #712, #2512 ) ) ;
#2726 = FACE_OUTER_BOUND ( 'NONE', #848, .T. ) ;
#2727 = ORIENTED_EDGE ( 'NONE', *, *, #1050, .F. ) ;
#2728 = FILL_AREA_STYLE_COLOUR ( '', #3078 ) ;
#2729 = SURFACE_STYLE_FILL_AREA ( #1227 ) ;
#2730 = VERTEX_POINT ( 'NONE', #779 ) ;
#2731 = CARTESIAN_POINT ( 'NONE',  ( 5.549999999999998934, 8.000000000000000000, -2.349999999999965450 ) ) ;
#2732 =( LENGTH_UNIT ( ) NAMED_UNIT ( * ) SI_UNIT ( .MILLI., .METRE. ) );
#2733 = ORIENTED_EDGE ( 'NONE', *, *, #2273, .T. ) ;
#2734 = LINE ( 'NONE', #2799, #4466 ) ;
#2735 = FILL_AREA_STYLE_COLOUR ( '', #1846 ) ;
#2736 = UNCERTAINTY_MEASURE_WITH_UNIT (LENGTH_MEASURE( 1.000000000000000082E-05 ), #491, 'distance_accuracy_value', 'NONE');
#2737 = DIRECTION ( 'NONE',  ( 0.0000000000000000000, 0.0000000000000000000, -1.000000000000000000 ) ) ;
#2738 = ORIENTED_EDGE ( 'NONE', *, *, #2565, .T. ) ;
#2739 = EDGE_CURVE ( 'NONE', #1790, #610, #2576, .T. ) ;
#2740 = VECTOR ( 'NONE', #596, 1000.000000000000000 ) ;
#2741 = DIRECTION ( 'NONE',  ( 0.0000000000000000000, -0.0000000000000000000, 1.000000000000000000 ) ) ;
#2742 = DIRECTION ( 'NONE',  ( -0.0000000000000000000, -1.000000000000000000, -0.0000000000000000000 ) ) ;
#2743 = ORIENTED_EDGE ( 'NONE', *, *, #2718, .F. ) ;
#2744 = EDGE_CURVE ( 'NONE', #2359, #1767, #2609, .T. ) ;
#2745 = ORIENTED_EDGE ( 'NONE', *, *, #2173, .F. ) ;
#2746 = VECTOR ( 'NONE', #707, 1000.000000000000000 ) ;
#2747 = CARTESIAN_POINT ( 'NONE',  ( 3.727129896139459664, 7.000000000000000888, -2.500000000000000444 ) ) ;
#2748 = ADVANCED_FACE ( 'NONE', ( #1439 ), #2930, .T. ) ;
#2749 = DIRECTION ( 'NONE',  ( 1.000000000000000000, 0.0000000000000000000, 0.0000000000000000000 ) ) ;
#2750 = FILL_AREA_STYLE ('',( #4571 ) ) ;
#2751 =( NAMED_UNIT ( * ) SI_UNIT ( $, .STERADIAN. ) SOLID_ANGLE_UNIT ( ) );
#2752 =( GEOMETRIC_REPRESENTATION_CONTEXT ( 3 ) GLOBAL_UNCERTAINTY_ASSIGNED_CONTEXT ( ( #1570 ) ) GLOBAL_UNIT_ASSIGNED_CONTEXT ( ( #2190, #1088, #3713 ) ) REPRESENTATION_CONTEXT ( 'NONE', 'WORKASPACE' ) );
#2753 = CARTESIAN_POINT ( 'NONE',  ( 0.0000000000000000000, 8.000000000000000000, 9.797174393178825657E-16 ) ) ;
#2754 = ORIENTED_EDGE ( 'NONE', *, *, #1886, .T. ) ;
#2755 = ORIENTED_EDGE ( 'NONE', *, *, #229, .T. ) ;
#2756 = DIRECTION ( 'NONE',  ( 0.0000000000000000000, 1.000000000000000000, 0.0000000000000000000 ) ) ;
#2757 = FACE_OUTER_BOUND ( 'NONE', #2822, .T. ) ;
#2758 = VECTOR ( 'NONE', #3981, 1000.000000000000000 ) ;
#2759 = PRESENTATION_LAYER_ASSIGNMENT (  '', '', ( #4607 ) ) ;
#2760 = CARTESIAN_POINT ( 'NONE',  ( 4.449999999999999289, 8.000000000000000000, -2.350000000000000533 ) ) ;
#2761 = SURFACE_SIDE_STYLE ('',( #3899 ) ) ;
#2762 = VECTOR ( 'NONE', #1660, 1000.000000000000000 ) ;
#2763 = STYLED_ITEM ( 'NONE', ( #2642 ), #2469 ) ;
#2764 = PRODUCT ( 'F75671A5-D13B-4B63-81A6-0061419CDD64', 'F75671A5-D13B-4B63-81A6-0061419CDD64', '', ( #3944 ) ) ;
#2765 = DIRECTION ( 'NONE',  ( 0.0000000000000000000, -1.000000000000000000, -1.224646799147353454E-16 ) ) ;
#2766 = VERTEX_POINT ( 'NONE', #726 ) ;
#2767 = VECTOR ( 'NONE', #313, 1000.000000000000000 ) ;
#2768 = ORIENTED_EDGE ( 'NONE', *, *, #112, .T. ) ;
#2769 = FACE_OUTER_BOUND ( 'NONE', #3118, .T. ) ;
#2770 = ADVANCED_FACE ( 'NONE', ( #1485 ), #2186, .F. ) ;
#2771 = VECTOR ( 'NONE', #2413, 1000.000000000000000 ) ;
#2772 = DIRECTION ( 'NONE',  ( -0.0000000000000000000, -1.000000000000000000, -0.0000000000000000000 ) ) ;
#2773 = ADVANCED_FACE ( 'NONE', ( #4405 ), #3680, .T. ) ;
#2774 = EDGE_CURVE ( 'NONE', #2993, #3697, #2902, .T. ) ;
#2775 = CARTESIAN_POINT ( 'NONE',  ( -0.2999999999999999889, 8.673617379884035472E-16, 4.299999999999999822 ) ) ;
#2776 = DIRECTION ( 'NONE',  ( 0.0000000000000000000, 0.0000000000000000000, -1.000000000000000000 ) ) ;
#2777 = CARTESIAN_POINT ( 'NONE',  ( 10.00000000000000000, 5.000000000000000000, -5.200000000000001066 ) ) ;
#2778 = EDGE_LOOP ( 'NONE', ( #2193, #3499, #1209, #1952 ) ) ;
#2779 = CARTESIAN_POINT ( 'NONE',  ( 9.700000000000002842, -6.870268543216652303E-16, 3.800000000000000266 ) ) ;
#2780 = MECHANICAL_DESIGN_GEOMETRIC_PRESENTATION_REPRESENTATION (  '', ( #2383 ), #300 ) ;
#2781 = PRESENTATION_STYLE_ASSIGNMENT (( #3174 ) ) ;
#2782 = DIRECTION ( 'NONE',  ( 0.0000000000000000000, 1.000000000000000000, 1.224646799147353207E-16 ) ) ;
#2783 = FACE_OUTER_BOUND ( 'NONE', #1547, .T. ) ;
#2784 = UNCERTAINTY_MEASURE_WITH_UNIT (LENGTH_MEASURE( 1.000000000000000082E-05 ), #2687, 'distance_accuracy_value', 'NONE');
#2785 = SURFACE_SIDE_STYLE ('',( #104 ) ) ;
#2786 = LINE ( 'NONE', #2042, #4326 ) ;
#2787 = CARTESIAN_POINT ( 'NONE',  ( 5.400000000000000355, 11.00000000000000000, -2.500000000000000000 ) ) ;
#2788 = DIRECTION ( 'NONE',  ( 0.0000000000000000000, 1.000000000000000000, 0.0000000000000000000 ) ) ;
#2789 = ORIENTED_EDGE ( 'NONE', *, *, #909, .F. ) ;
#2790 = ORIENTED_EDGE ( 'NONE', *, *, #1561, .F. ) ;
#2791 =( LENGTH_UNIT ( ) NAMED_UNIT ( * ) SI_UNIT ( .MILLI., .METRE. ) );
#2792 = CARTESIAN_POINT ( 'NONE',  ( 0.0000000000000000000, 0.0000000000000000000, 0.0000000000000000000 ) ) ;
#2793 = EDGE_CURVE ( 'NONE', #1507, #4054, #1897, .T. ) ;
#2794 = DIRECTION ( 'NONE',  ( 1.000000000000000000, -0.0000000000000000000, 0.0000000000000000000 ) ) ;
#2795 = CARTESIAN_POINT ( 'NONE',  ( 8.600000000000001421, 1.612742585576166343, -5.045130994854378770 ) ) ;
#2796 = CARTESIAN_POINT ( 'NONE',  ( 1.049999999999998490, 5.299999999999999822, -2.149999999999999911 ) ) ;
#2797 = VERTEX_POINT ( 'NONE', #1464 ) ;
#2798 = ORIENTED_EDGE ( 'NONE', *, *, #2520, .F. ) ;
#2799 = CARTESIAN_POINT ( 'NONE',  ( 8.727129896139459220, 8.000000000000000000, -2.500000000000000444 ) ) ;
#2800 = EDGE_CURVE ( 'NONE', #3801, #2258, #4424, .T. ) ;
#2801 = LINE ( 'NONE', #1253, #4369 ) ;
#2802 = LINE ( 'NONE', #1301, #968 ) ;
#2803 = SURFACE_STYLE_USAGE ( .BOTH. , #236 ) ;
#2804 = DIRECTION ( 'NONE',  ( -1.000000000000000000, -0.0000000000000000000, -0.0000000000000000000 ) ) ;
#2805 = LINE ( 'NONE', #4357, #4392 ) ;
#2806 = EDGE_LOOP ( 'NONE', ( #4060, #3213, #796 ) ) ;
#2807 = ORIENTED_EDGE ( 'NONE', *, *, #3636, .F. ) ;
#2808 = EDGE_CURVE ( 'NONE', #4617, #1146, #1103, .T. ) ;
#2809 = LINE ( 'NONE', #3979, #1158 ) ;
#2810 = EDGE_LOOP ( 'NONE', ( #3271, #1003 ) ) ;
#2811 = AXIS2_PLACEMENT_3D ( 'NONE', #4492, #354, #1894 ) ;
#2812 = ORIENTED_EDGE ( 'NONE', *, *, #3104, .F. ) ;
#2813 = CARTESIAN_POINT ( 'NONE',  ( 7.976276906438229868E-63, 11.00000000000000000, -2.500000000000000000 ) ) ;
#2814 = CIRCLE ( 'NONE', #504, 1.899999999999999911 ) ;
#2815 = PLANE ( 'NONE',  #1373 ) ;
#2816 = CARTESIAN_POINT ( 'NONE',  ( 8.900000000000000355, 5.200000000000003730, 3.350000000000000089 ) ) ;
#2817 = DIRECTION ( 'NONE',  ( 0.0000000000000000000, -1.000000000000000000, 1.239088197126290817E-16 ) ) ;
#2818 =( GEOMETRIC_REPRESENTATION_CONTEXT ( 3 ) GLOBAL_UNCERTAINTY_ASSIGNED_CONTEXT ( ( #4278 ) ) GLOBAL_UNIT_ASSIGNED_CONTEXT ( ( #3759, #1899, #4500 ) ) REPRESENTATION_CONTEXT ( 'NONE', 'WORKASPACE' ) );
#2819 = CARTESIAN_POINT ( 'NONE',  ( 1.099999999999999867, 5.200000000000001066, 3.000000000000000000 ) ) ;
#2820 = CARTESIAN_POINT ( 'NONE',  ( 10.00000000000000000, 3.918869757271529967E-16, -3.199999999999999734 ) ) ;
#2821 = VERTEX_POINT ( 'NONE', #1797 ) ;
#2822 = EDGE_LOOP ( 'NONE', ( #304, #1736, #2475, #2068, #1631, #4117 ) ) ;
#2823 = DIRECTION ( 'NONE',  ( 1.000000000000000000, -0.0000000000000000000, 0.0000000000000000000 ) ) ;
#2824 = CARTESIAN_POINT ( 'NONE',  ( 7.500000000000000000, 11.09999999999999787, 0.0000000000000000000 ) ) ;
#2825 = VECTOR ( 'NONE', #1320, 1000.000000000000000 ) ;
#2826 = DIRECTION ( 'NONE',  ( 0.0000000000000000000, 0.0000000000000000000, 1.000000000000000000 ) ) ;
#2827 = FILL_AREA_STYLE ('',( #4663 ) ) ;
#2828 = ADVANCED_FACE ( 'NONE', ( #4767 ), #3805, .T. ) ;
#2829 = UNCERTAINTY_MEASURE_WITH_UNIT (LENGTH_MEASURE( 1.000000000000000082E-05 ), #3502, 'distance_accuracy_value', 'NONE');
#2830 = CARTESIAN_POINT ( 'NONE',  ( 0.0000000000000000000, 7.000000000000000888, -4.399999999999998579 ) ) ;
#2831 = ORIENTED_EDGE ( 'NONE', *, *, #4221, .T. ) ;
#2832 = ORIENTED_EDGE ( 'NONE', *, *, #1461, .T. ) ;
#2833 = VERTEX_POINT ( 'NONE', #1632 ) ;
#2834 = STYLED_ITEM ( 'NONE', ( #3261 ), #2041 ) ;
#2835 = VECTOR ( 'NONE', #4348, 1000.000000000000000 ) ;
#2836 = DIRECTION ( 'NONE',  ( 1.000000000000000000, 0.0000000000000000000, 0.0000000000000000000 ) ) ;
#2837 = DIRECTION ( 'NONE',  ( -1.141265444721584744E-16, 0.0000000000000000000, 1.000000000000000000 ) ) ;
#2838 = EDGE_CURVE ( 'NONE', #1725, #225, #3419, .T. ) ;
#2839 = VECTOR ( 'NONE', #4508, 1000.000000000000000 ) ;
#2840 = DIRECTION ( 'NONE',  ( 0.0000000000000000000, 0.0000000000000000000, -1.000000000000000000 ) ) ;
#2841 = ORIENTED_EDGE ( 'NONE', *, *, #3746, .T. ) ;
#2842 = VECTOR ( 'NONE', #1798, 1000.000000000000000 ) ;
#2843 = VECTOR ( 'NONE', #4773, 1000.000000000000000 ) ;
#2844 = ORIENTED_EDGE ( 'NONE', *, *, #3416, .T. ) ;
#2845 = PLANE ( 'NONE',  #4684 ) ;
#2846 = STYLED_ITEM ( 'NONE', ( #2955 ), #235 ) ;
#2847 = DIRECTION ( 'NONE',  ( 0.0000000000000000000, 1.000000000000000000, 1.224646799147353207E-16 ) ) ;
#2848 = DIRECTION ( 'NONE',  ( -1.000000000000000000, 0.0000000000000000000, -0.0000000000000000000 ) ) ;
#2849 = VECTOR ( 'NONE', #3076, 1000.000000000000000 ) ;
#2850 = CARTESIAN_POINT ( 'NONE',  ( 8.600000000000001421, 8.000000000000000000, -4.253643450194936726 ) ) ;
#2851 = DIRECTION ( 'NONE',  ( 1.000000000000000000, 0.0000000000000000000, 0.0000000000000000000 ) ) ;
#2852 = ORIENTED_EDGE ( 'NONE', *, *, #1023, .T. ) ;
#2853 = ORIENTED_EDGE ( 'NONE', *, *, #2371, .T. ) ;
#2854 = CIRCLE ( 'NONE', #3327, 1.899999999999999911 ) ;
#2855 = CARTESIAN_POINT ( 'NONE',  ( -0.2999999999999999889, 7.000000000000000888, 3.300000000000000266 ) ) ;
#2856 = CARTESIAN_POINT ( 'NONE',  ( 8.949999999999999289, 1.999999999999999556, -2.149999999999999911 ) ) ;
#2857 = VECTOR ( 'NONE', #237, 1000.000000000000000 ) ;
#2858 = DIRECTION ( 'NONE',  ( 1.000000000000000000, 0.0000000000000000000, -0.0000000000000000000 ) ) ;
#2859 = LINE ( 'NONE', #3578, #2857 ) ;
#2860 = CARTESIAN_POINT ( 'NONE',  ( 0.0000000000000000000, 0.0000000000000000000, 3.300000000000000266 ) ) ;
#2861 = EDGE_LOOP ( 'NONE', ( #524, #545, #4248, #660 ) ) ;
#2862 = VERTEX_POINT ( 'NONE', #3034 ) ;
#2863 = ORIENTED_EDGE ( 'NONE', *, *, #3670, .T. ) ;
#2864 = DIRECTION ( 'NONE',  ( 0.0000000000000000000, 0.0000000000000000000, -1.000000000000000000 ) ) ;
#2865 = EDGE_CURVE ( 'NONE', #2558, #3001, #850, .T. ) ;
#2866 = DIRECTION ( 'NONE',  ( 1.000000000000000000, 0.0000000000000000000, 0.0000000000000000000 ) ) ;
#2867 = PRESENTATION_STYLE_ASSIGNMENT (( #2096 ) ) ;
#2868 = PLANE ( 'NONE',  #4005 ) ;
#2869 = ORIENTED_EDGE ( 'NONE', *, *, #2273, .F. ) ;
#2870 = ADVANCED_FACE ( 'NONE', ( #485 ), #3823, .T. ) ;
#2871 = EDGE_CURVE ( 'NONE', #4147, #1177, #4228, .T. ) ;
#2872 = ORIENTED_EDGE ( 'NONE', *, *, #1620, .T. ) ;
#2873 = CARTESIAN_POINT ( 'NONE',  ( 6.299999999999999822, 1.302302708998833635E-16, -4.253643450194938502 ) ) ;
#2874 = SURFACE_STYLE_FILL_AREA ( #4295 ) ;
#2875 = CARTESIAN_POINT ( 'NONE',  ( 10.00000000000000000, 0.0000000000000000000, -4.200000000000000178 ) ) ;
#2876 = EDGE_CURVE ( 'NONE', #3277, #3597, #3501, .T. ) ;
#2877 = CARTESIAN_POINT ( 'NONE',  ( 9.449999999999997513, 8.000000000000000000, 2.850000000000036060 ) ) ;
#2878 = DIRECTION ( 'NONE',  ( -0.0000000000000000000, -1.000000000000000000, -0.0000000000000000000 ) ) ;
#2879 = EDGE_LOOP ( 'NONE', ( #999, #1097, #1272, #3099, #4733, #314, #1652, #4223, #173, #4322, #4055, #833 ) ) ;
#2880 =( LENGTH_UNIT ( ) NAMED_UNIT ( * ) SI_UNIT ( .MILLI., .METRE. ) );
#2881 = CARTESIAN_POINT ( 'NONE',  ( 7.976276906438229868E-63, 7.000000000000000000, -2.500000000000000444 ) ) ;
#2882 = CARTESIAN_POINT ( 'NONE',  ( 1.149999999999999467, 7.000000000000000000, -2.500000000000000444 ) ) ;
#2883 = CARTESIAN_POINT ( 'NONE',  ( 1.399999999999998801, 8.000000000000000000, -3.824777611091935370 ) ) ;
#2884 = DIRECTION ( 'NONE',  ( 1.931294138418879331E-32, 1.000000000000000000, 3.045692073574210286E-48 ) ) ;
#2885 = ORIENTED_EDGE ( 'NONE', *, *, #734, .T. ) ;
#2886 = ORIENTED_EDGE ( 'NONE', *, *, #1848, .F. ) ;
#2887 = DIRECTION ( 'NONE',  ( 1.000000000000000000, 4.352066336947023036E-32, -3.553731851483302186E-16 ) ) ;
#2888 = FILL_AREA_STYLE ('',( #1381 ) ) ;
#2889 = FACE_OUTER_BOUND ( 'NONE', #1870, .T. ) ;
#2890 = ADVANCED_FACE ( 'NONE', ( #462 ), #1987, .F. ) ;
#2891 = VERTEX_POINT ( 'NONE', #2747 ) ;
#2892 = ORIENTED_EDGE ( 'NONE', *, *, #2876, .T. ) ;
#2893 = DIRECTION ( 'NONE',  ( -0.0000000000000000000, 1.224646799147353207E-16, -1.000000000000000000 ) ) ;
#2894 = EDGE_CURVE ( 'NONE', #2359, #3233, #159, .T. ) ;
#2895 = DIRECTION ( 'NONE',  ( 0.0000000000000000000, -0.0000000000000000000, 1.000000000000000000 ) ) ;
#2896 = DIRECTION ( 'NONE',  ( 0.0000000000000000000, -0.0000000000000000000, 1.000000000000000000 ) ) ;
#2897 = CARTESIAN_POINT ( 'NONE',  ( 5.549999999999998934, 8.000000000000000000, 9.797174393178825657E-16 ) ) ;
#2898 = SURFACE_STYLE_USAGE ( .BOTH. , #1051 ) ;
#2899 = PRESENTATION_LAYER_ASSIGNMENT (  '', '', ( #29 ) ) ;
#2900 = FACE_OUTER_BOUND ( 'NONE', #685, .T. ) ;
#2901 = ADVANCED_FACE ( 'NONE', ( #2374 ), #4586, .T. ) ;
#2902 = LINE ( 'NONE', #2263, #64 ) ;
#2903 = VERTEX_POINT ( 'NONE', #2100 ) ;
#2904 = FILL_AREA_STYLE ('',( #2087 ) ) ;
#2905 = DIRECTION ( 'NONE',  ( 0.0000000000000000000, 1.000000000000000000, 0.0000000000000000000 ) ) ;
#2906 = FACE_OUTER_BOUND ( 'NONE', #2969, .T. ) ;
#2907 = CARTESIAN_POINT ( 'NONE',  ( 10.00000000000000000, 14.09999999999999964, 0.0000000000000000000 ) ) ;
#2908 = VECTOR ( 'NONE', #97, 1000.000000000000000 ) ;
#2909 = CARTESIAN_POINT ( 'NONE',  ( 9.177050983124843242, 13.10000000000000142, -0.4999999999999998890 ) ) ;
#2910 = ORIENTED_EDGE ( 'NONE', *, *, #4469, .T. ) ;
#2911 = ORIENTED_EDGE ( 'NONE', *, *, #2659, .T. ) ;
#2912 = ORIENTED_EDGE ( 'NONE', *, *, #1523, .T. ) ;
#2913 = CARTESIAN_POINT ( 'NONE',  ( 9.700000000000002842, -6.870268543216652303E-16, 2.800000000000000266 ) ) ;
#2914 = PRESENTATION_LAYER_ASSIGNMENT (  '', '', ( #512 ) ) ;
#2915 = CARTESIAN_POINT ( 'NONE',  ( 1.399999999999998579, 7.000000000000000888, -4.399999999999997691 ) ) ;
#2916 = DIRECTION ( 'NONE',  ( 0.0000000000000000000, -0.1646435029425314944, 0.9863531400765207513 ) ) ;
#2917 = VECTOR ( 'NONE', #937, 1000.000000000000000 ) ;
#2918 = STYLED_ITEM ( 'NONE', ( #928 ), #3842 ) ;
#2919 = VERTEX_POINT ( 'NONE', #3524 ) ;
#2920 = ORIENTED_EDGE ( 'NONE', *, *, #2680, .T. ) ;
#2921 =( GEOMETRIC_REPRESENTATION_CONTEXT ( 3 ) GLOBAL_UNCERTAINTY_ASSIGNED_CONTEXT ( ( #260 ) ) GLOBAL_UNIT_ASSIGNED_CONTEXT ( ( #2155, #4783, #3282 ) ) REPRESENTATION_CONTEXT ( 'NONE', 'WORKASPACE' ) );
#2922 = CARTESIAN_POINT ( 'NONE',  ( 7.976276906438229868E-63, 11.00000000000000000, -2.500000000000000000 ) ) ;
#2923 = CARTESIAN_POINT ( 'NONE',  ( 5.549999999999998934, -1.745121688784999724E-16, 2.850000000000035172 ) ) ;
#2924 = VECTOR ( 'NONE', #2534, 1000.000000000000000 ) ;
#2925 = EDGE_CURVE ( 'NONE', #2702, #2968, #1532, .T. ) ;
#2926 = LINE ( 'NONE', #2401, #3461 ) ;
#2927 = AXIS2_PLACEMENT_3D ( 'NONE', #4273, #4238, #894 ) ;
#2928 = VECTOR ( 'NONE', #3736, 1000.000000000000000 ) ;
#2929 = DIRECTION ( 'NONE',  ( 0.0000000000000000000, -0.2450416351381777547, 0.9695125564162684340 ) ) ;
#2930 = CYLINDRICAL_SURFACE ( 'NONE', #1450, 0.4000000000000004108 ) ;
#2931 = PRESENTATION_LAYER_ASSIGNMENT (  '', '', ( #4100 ) ) ;
#2932 = DIRECTION ( 'NONE',  ( -0.0000000000000000000, -1.000000000000000000, -0.0000000000000000000 ) ) ;
#2933 = EDGE_CURVE ( 'NONE', #3457, #16, #3987, .T. ) ;
#2934 = ADVANCED_FACE ( 'NONE', ( #2129 ), #2815, .T. ) ;
#2935 = SURFACE_STYLE_FILL_AREA ( #37 ) ;
#2936 = CARTESIAN_POINT ( 'NONE',  ( 10.00000000000000000, 7.299999999999998934, 5.000000000000000000 ) ) ;
#2937 =( GEOMETRIC_REPRESENTATION_CONTEXT ( 3 ) GLOBAL_UNCERTAINTY_ASSIGNED_CONTEXT ( ( #4723 ) ) GLOBAL_UNIT_ASSIGNED_CONTEXT ( ( #2300, #1275, #3063 ) ) REPRESENTATION_CONTEXT ( 'NONE', 'WORKASPACE' ) );
#2938 = SURFACE_SIDE_STYLE ('',( #1446 ) ) ;
#2939 = ORIENTED_EDGE ( 'NONE', *, *, #2208, .F. ) ;
#2940 = EDGE_LOOP ( 'NONE', ( #4384, #2429, #830, #2178, #951, #3753, #2311, #4265 ) ) ;
#2941 = ORIENTED_EDGE ( 'NONE', *, *, #2470, .F. ) ;
#2942 = PLANE ( 'NONE',  #663 ) ;
#2943 = DIRECTION ( 'NONE',  ( -0.0000000000000000000, 0.9863531400765208623, 0.1646435029425313556 ) ) ;
#2944 = PLANE ( 'NONE',  #1459 ) ;
#2945 = STYLED_ITEM ( 'NONE', ( #1254 ), #4413 ) ;
#2946 = PRESENTATION_STYLE_ASSIGNMENT (( #49 ) ) ;
#2947 = ORIENTED_EDGE ( 'NONE', *, *, #1257, .F. ) ;
#2948 = VERTEX_POINT ( 'NONE', #3909 ) ;
#2949 = SURFACE_STYLE_FILL_AREA ( #2672 ) ;
#2950 = DIRECTION ( 'NONE',  ( 0.0000000000000000000, 1.224646799147353454E-16, -1.000000000000000000 ) ) ;
#2951 =( LENGTH_UNIT ( ) NAMED_UNIT ( * ) SI_UNIT ( .MILLI., .METRE. ) );
#2952 = ORIENTED_EDGE ( 'NONE', *, *, #3258, .F. ) ;
#2953 =( NAMED_UNIT ( * ) PLANE_ANGLE_UNIT ( ) SI_UNIT ( $, .RADIAN. ) );
#2954 = LINE ( 'NONE', #4765, #4679 ) ;
#2955 = PRESENTATION_STYLE_ASSIGNMENT (( #4099 ) ) ;
#2956 = FACE_BOUND ( 'NONE', #2177, .T. ) ;
#2957 = LINE ( 'NONE', #4745, #4297 ) ;
#2958 = CARTESIAN_POINT ( 'NONE',  ( 2.505624112914680346, -3.500000000000000000, -0.2000000000000000944 ) ) ;
#2959 = CARTESIAN_POINT ( 'NONE',  ( 6.099999999999999645, 7.000000000000003553, 5.000000000000000000 ) ) ;
#2960 = VERTEX_POINT ( 'NONE', #2445 ) ;
#2961 = EDGE_CURVE ( 'NONE', #4010, #1139, #3939, .T. ) ;
#2962 = ORIENTED_EDGE ( 'NONE', *, *, #877, .T. ) ;
#2963 = ORIENTED_EDGE ( 'NONE', *, *, #1386, .T. ) ;
#2964 = CARTESIAN_POINT ( 'NONE',  ( 7.500000000000000000, 11.09999999999999787, -1.900000000000000133 ) ) ;
#2965 = LINE ( 'NONE', #4780, #1457 ) ;
#2966 = FILL_AREA_STYLE ('',( #1864 ) ) ;
#2967 = EDGE_CURVE ( 'NONE', #1716, #1338, #4327, .T. ) ;
#2968 = VERTEX_POINT ( 'NONE', #621 ) ;
#2969 = EDGE_LOOP ( 'NONE', ( #4283, #3309, #3114, #4304 ) ) ;
#2970 = CARTESIAN_POINT ( 'NONE',  ( 3.097720492815727659E-16, 2.000000000000001776, 3.000000000000000888 ) ) ;
#2971 = CARTESIAN_POINT ( 'NONE',  ( 6.399999999999999467, 7.000000000000000888, -4.253643450194938502 ) ) ;
#2972 = ORIENTED_EDGE ( 'NONE', *, *, #3665, .F. ) ;
#2973 = SURFACE_SIDE_STYLE ('',( #2282 ) ) ;
#2974 = ORIENTED_EDGE ( 'NONE', *, *, #3996, .F. ) ;
#2975 = FACE_OUTER_BOUND ( 'NONE', #2408, .T. ) ;
#2976 = PRESENTATION_STYLE_ASSIGNMENT (( #1484 ) ) ;
#2977 = DIRECTION ( 'NONE',  ( 1.000000000000000000, 0.0000000000000000000, -0.0000000000000000000 ) ) ;
#2978 = DIRECTION ( 'NONE',  ( -0.0000000000000000000, 0.9695125564162684340, 0.2450416351381777547 ) ) ;
#2979 = DIRECTION ( 'NONE',  ( -0.0000000000000000000, 1.000000000000000000, 1.224646799147353207E-16 ) ) ;
#2980 = VECTOR ( 'NONE', #1025, 1000.000000000000000 ) ;
#2981 = CARTESIAN_POINT ( 'NONE',  ( 2.505624112914680346, -3.500000000000000000, -0.2000000000000000944 ) ) ;
#2982 = PRESENTATION_STYLE_ASSIGNMENT (( #4145 ) ) ;
#2983 = EDGE_LOOP ( 'NONE', ( #2504, #1153, #340, #2049 ) ) ;
#2984 = AXIS2_PLACEMENT_3D ( 'NONE', #2913, #3612, #1784 ) ;
#2985 = ORIENTED_EDGE ( 'NONE', *, *, #2721, .T. ) ;
#2986 = ORIENTED_EDGE ( 'NONE', *, *, #2322, .T. ) ;
#2987 = DIRECTION ( 'NONE',  ( 0.0000000000000000000, 0.0000000000000000000, 1.000000000000000000 ) ) ;
#2988 = EDGE_CURVE ( 'NONE', #3970, #2157, #3711, .T. ) ;
#2989 = CARTESIAN_POINT ( 'NONE',  ( 8.600000000000001421, 8.000000000000000000, -4.253643450194936726 ) ) ;
#2990 = VECTOR ( 'NONE', #4407, 1000.000000000000114 ) ;
#2991 = FILL_AREA_STYLE_COLOUR ( '', #4777 ) ;
#2992 = VERTEX_POINT ( 'NONE', #567 ) ;
#2993 = VERTEX_POINT ( 'NONE', #2468 ) ;
#2994 = EDGE_CURVE ( 'NONE', #3061, #468, #3963, .T. ) ;
#2995 = EDGE_CURVE ( 'NONE', #135, #4158, #593, .T. ) ;
#2996 = AXIS2_PLACEMENT_3D ( 'NONE', #2981, #1416, #2531 ) ;
#2997 = MECHANICAL_DESIGN_GEOMETRIC_PRESENTATION_REPRESENTATION (  '', ( #4458 ), #1512 ) ;
#2998 = ORIENTED_EDGE ( 'NONE', *, *, #3369, .F. ) ;
#2999 = VECTOR ( 'NONE', #4112, 1000.000000000000000 ) ;
#3000 = MECHANICAL_DESIGN_GEOMETRIC_PRESENTATION_REPRESENTATION (  '', ( #280 ), #4230 ) ;
#3001 = VERTEX_POINT ( 'NONE', #1689 ) ;
#3002 = LINE ( 'NONE', #4545, #1129 ) ;
#3003 = FACE_BOUND ( 'NONE', #2810, .T. ) ;
#3004 = AXIS2_PLACEMENT_3D ( 'NONE', #2366, #941, #864 ) ;
#3005 = CARTESIAN_POINT ( 'NONE',  ( 10.00000000000000000, 0.0000000000000000000, 3.800000000000000266 ) ) ;
#3006 = FACE_OUTER_BOUND ( 'NONE', #3039, .T. ) ;
#3007 = CARTESIAN_POINT ( 'NONE',  ( 4.177050983124835248, 12.09999999999999964, 0.5000000000000230926 ) ) ;
#3008 = VECTOR ( 'NONE', #2360, 1000.000000000000000 ) ;
#3009 = VECTOR ( 'NONE', #960, 1000.000000000000000 ) ;
#3010 = FILL_AREA_STYLE_COLOUR ( '', #835 ) ;
#3011 = DIRECTION ( 'NONE',  ( 0.0000000000000000000, 0.0000000000000000000, 1.000000000000000000 ) ) ;
#3012 = PLANE ( 'NONE',  #842 ) ;
#3013 = ORIENTED_EDGE ( 'NONE', *, *, #2988, .T. ) ;
#3014 = VECTOR ( 'NONE', #413, 1000.000000000000000 ) ;
#3015 = VERTEX_POINT ( 'NONE', #4711 ) ;
#3016 = EDGE_LOOP ( 'NONE', ( #1685, #4186, #1861, #2269, #3485, #3436, #4312, #295 ) ) ;
#3017 = DIRECTION ( 'NONE',  ( 0.0000000000000000000, 0.0000000000000000000, 1.000000000000000000 ) ) ;
#3018 = VECTOR ( 'NONE', #3827, 1000.000000000000000 ) ;
#3019 = LINE ( 'NONE', #1863, #922 ) ;
#3020 = VECTOR ( 'NONE', #3649, 1000.000000000000000 ) ;
#3021 = ORIENTED_EDGE ( 'NONE', *, *, #226, .T. ) ;
#3022 = EDGE_CURVE ( 'NONE', #2085, #3457, #1388, .T. ) ;
#3023 = VECTOR ( 'NONE', #1475, 1000.000000000000000 ) ;
#3024 = COLOUR_RGB ( '',0.6666666666666666297, 0.6666666666666666297, 0.6666666666666666297 ) ;
#3025 = LINE ( 'NONE', #27, #1359 ) ;
#3026 = CARTESIAN_POINT ( 'NONE',  ( 0.0000000000000000000, 14.09999999999999964, 2.899999999999999911 ) ) ;
#3027 = ORIENTED_EDGE ( 'NONE', *, *, #1060, .T. ) ;
#3028 = STYLED_ITEM ( 'NONE', ( #1971 ), #904 ) ;
#3029 = EDGE_CURVE ( 'NONE', #1893, #2993, #5, .T. ) ;
#3030 =( NAMED_UNIT ( * ) PLANE_ANGLE_UNIT ( ) SI_UNIT ( $, .RADIAN. ) );
#3031 = ORIENTED_EDGE ( 'NONE', *, *, #1406, .F. ) ;
#3032 = DIRECTION ( 'NONE',  ( 1.668003342285391058E-16, 0.0000000000000000000, -1.000000000000000000 ) ) ;
#3033 = DIRECTION ( 'NONE',  ( -0.0000000000000000000, -1.000000000000000000, -0.0000000000000000000 ) ) ;
#3034 = CARTESIAN_POINT ( 'NONE',  ( 0.0000000000000000000, 7.000000000000000888, 4.299999999999999822 ) ) ;
#3035 = EDGE_CURVE ( 'NONE', #28, #1141, #4062, .T. ) ;
#3036 = CARTESIAN_POINT ( 'NONE',  ( 0.0000000000000000000, 2.877919977996283279E-16, -2.350000000000001421 ) ) ;
#3037 = DIRECTION ( 'NONE',  ( -4.376410911587033178E-32, 1.000000000000000000, 1.224646799147353207E-16 ) ) ;
#3038 = EDGE_LOOP ( 'NONE', ( #882, #4524, #4725, #3580 ) ) ;
#3039 = EDGE_LOOP ( 'NONE', ( #3161, #1449, #2841, #3560 ) ) ;
#3040 = VERTEX_POINT ( 'NONE', #2971 ) ;
#3041 = LINE ( 'NONE', #3791, #3372 ) ;
#3042 = CARTESIAN_POINT ( 'NONE',  ( 7.976276906438229868E-63, 11.00000000000000000, -2.500000000000000000 ) ) ;
#3043 = FACE_OUTER_BOUND ( 'NONE', #1385, .T. ) ;
#3044 = FILL_AREA_STYLE ('',( #1552 ) ) ;
#3045 = EDGE_LOOP ( 'NONE', ( #2271, #3851, #3960, #2150 ) ) ;
#3046 = DIRECTION ( 'NONE',  ( 1.000000000000000000, 0.0000000000000000000, 6.949802642554230403E-15 ) ) ;
#3047 = EDGE_CURVE ( 'NONE', #3457, #4617, #3287, .T. ) ;
#3048 = DIRECTION ( 'NONE',  ( 3.934117689371791909E-32, 1.000000000000000000, 1.224646799147353454E-16 ) ) ;
#3049 = VERTEX_POINT ( 'NONE', #2547 ) ;
#3050 = LINE ( 'NONE', #3458, #2498 ) ;
#3051 = VERTEX_POINT ( 'NONE', #2517 ) ;
#3052 = CARTESIAN_POINT ( 'NONE',  ( 10.00000000000000000, 6.999999999999999112, -4.200000000000000178 ) ) ;
#3053 = ADVANCED_FACE ( 'NONE', ( #4760 ), #3701, .F. ) ;
#3054 = LINE ( 'NONE', #461, #4542 ) ;
#3055 = CARTESIAN_POINT ( 'NONE',  ( 10.00000000000000000, -4.653657836759942730E-16, 3.800000000000000266 ) ) ;
#3056 = CARTESIAN_POINT ( 'NONE',  ( -0.2999999999999999889, 6.870268543216658220E-16, 0.0000000000000000000 ) ) ;
#3057 = EDGE_CURVE ( 'NONE', #1767, #1418, #743, .T. ) ;
#3058 =( NAMED_UNIT ( * ) SI_UNIT ( $, .STERADIAN. ) SOLID_ANGLE_UNIT ( ) );
#3059 =( NAMED_UNIT ( * ) PLANE_ANGLE_UNIT ( ) SI_UNIT ( $, .RADIAN. ) );
#3060 = ORIENTED_EDGE ( 'NONE', *, *, #4124, .T. ) ;
#3061 = VERTEX_POINT ( 'NONE', #381 ) ;
#3062 =( NAMED_UNIT ( * ) PLANE_ANGLE_UNIT ( ) SI_UNIT ( $, .RADIAN. ) );
#3063 =( NAMED_UNIT ( * ) SI_UNIT ( $, .STERADIAN. ) SOLID_ANGLE_UNIT ( ) );
#3064 = SURFACE_STYLE_FILL_AREA ( #3109 ) ;
#3065 = CARTESIAN_POINT ( 'NONE',  ( 7.500000000000000000, 11.09999999999999787, 0.0000000000000000000 ) ) ;
#3066 = EDGE_LOOP ( 'NONE', ( #2972, #918, #4465, #873 ) ) ;
#3067 = AXIS2_PLACEMENT_3D ( 'NONE', #2824, #2165, #1799 ) ;
#3068 = SURFACE_STYLE_USAGE ( .BOTH. , #1891 ) ;
#3069 = VECTOR ( 'NONE', #3289, 1000.000000000000000 ) ;
#3070 = ORIENTED_EDGE ( 'NONE', *, *, #1262, .T. ) ;
#3071 = LINE ( 'NONE', #4567, #2347 ) ;
#3072 = ORIENTED_EDGE ( 'NONE', *, *, #656, .T. ) ;
#3073 = VECTOR ( 'NONE', #1083, 1000.000000000000000 ) ;
#3074 = VECTOR ( 'NONE', #4620, 1000.000000000000000 ) ;
#3075 = CARTESIAN_POINT ( 'NONE',  ( 3.600000000000000977, 4.165217391304371297, -4.399999999999999467 ) ) ;
#3076 = DIRECTION ( 'NONE',  ( -0.0000000000000000000, 1.000000000000000000, 1.224646799147353207E-16 ) ) ;
#3077 =( GEOMETRIC_REPRESENTATION_CONTEXT ( 3 ) GLOBAL_UNCERTAINTY_ASSIGNED_CONTEXT ( ( #558 ) ) GLOBAL_UNIT_ASSIGNED_CONTEXT ( ( #4172, #870, #1204 ) ) REPRESENTATION_CONTEXT ( 'NONE', 'WORKASPACE' ) );
#3078 = COLOUR_RGB ( '',0.6666666666666666297, 0.6666666666666666297, 0.6666666666666666297 ) ;
#3079 = EDGE_CURVE ( 'NONE', #3750, #816, #1792, .T. ) ;
#3080 =( NAMED_UNIT ( * ) PLANE_ANGLE_UNIT ( ) SI_UNIT ( $, .RADIAN. ) );
#3081 = PRESENTATION_LAYER_ASSIGNMENT (  '', '', ( #594 ) ) ;
#3082 = CARTESIAN_POINT ( 'NONE',  ( 9.700000000000002842, 6.999999999999999112, -3.199999999999999734 ) ) ;
#3083 = VERTEX_POINT ( 'NONE', #2923 ) ;
#3084 = VERTEX_POINT ( 'NONE', #4440 ) ;
#3085 = LINE ( 'NONE', #4193, #2051 ) ;
#3086 = EDGE_CURVE ( 'NONE', #3895, #2664, #4398, .T. ) ;
#3087 = VECTOR ( 'NONE', #3297, 1000.000000000000000 ) ;
#3088 = EDGE_CURVE ( 'NONE', #3532, #198, #1122, .T. ) ;
#3089 = DIRECTION ( 'NONE',  ( -1.577021341797097314E-16, 0.0000000000000000000, 1.000000000000000000 ) ) ;
#3090 =( NAMED_UNIT ( * ) PLANE_ANGLE_UNIT ( ) SI_UNIT ( $, .RADIAN. ) );
#3091 = MECHANICAL_DESIGN_GEOMETRIC_PRESENTATION_REPRESENTATION (  '', ( #2616 ), #4661 ) ;
#3092 = UNCERTAINTY_MEASURE_WITH_UNIT (LENGTH_MEASURE( 1.000000000000000082E-05 ), #1269, 'distance_accuracy_value', 'NONE');
#3093 = VECTOR ( 'NONE', #3573, 1000.000000000000000 ) ;
#3094 = LINE ( 'NONE', #1599, #3156 ) ;
#3095 = VECTOR ( 'NONE', #4420, 1000.000000000000000 ) ;
#3096 = LINE ( 'NONE', #3026, #1763 ) ;
#3097 = VECTOR ( 'NONE', #1016, 1000.000000000000000 ) ;
#3098 = EDGE_LOOP ( 'NONE', ( #1932, #3969, #496, #4063 ) ) ;
#3099 = ORIENTED_EDGE ( 'NONE', *, *, #2493, .F. ) ;
#3100 = FILL_AREA_STYLE ('',( #2728 ) ) ;
#3101 = VECTOR ( 'NONE', #2776, 1000.000000000000000 ) ;
#3102 = CARTESIAN_POINT ( 'NONE',  ( 3.600000000000000533, 6.441097277853660152, -3.824777611091934482 ) ) ;
#3103 = LINE ( 'NONE', #3528, #3639 ) ;
#3104 = EDGE_CURVE ( 'NONE', #2960, #4748, #1405, .T. ) ;
#3105 = ORIENTED_EDGE ( 'NONE', *, *, #1639, .F. ) ;
#3106 = ORIENTED_EDGE ( 'NONE', *, *, #1062, .T. ) ;
#3107 = CARTESIAN_POINT ( 'NONE',  ( 1.299999999999999822, 8.000000000000000000, -4.253643450194973141 ) ) ;
#3108 =( NAMED_UNIT ( * ) SI_UNIT ( $, .STERADIAN. ) SOLID_ANGLE_UNIT ( ) );
#3109 = FILL_AREA_STYLE ('',( #153 ) ) ;
#3110 = EDGE_CURVE ( 'NONE', #4386, #786, #1770, .T. ) ;
#3111 = SURFACE_STYLE_USAGE ( .BOTH. , #3454 ) ;
#3112 = EDGE_CURVE ( 'NONE', #602, #445, #3339, .T. ) ;
#3113 = FACE_BOUND ( 'NONE', #4032, .T. ) ;
#3114 = ORIENTED_EDGE ( 'NONE', *, *, #1121, .T. ) ;
#3115 = ORIENTED_EDGE ( 'NONE', *, *, #4204, .T. ) ;
#3116 = PLANE ( 'NONE',  #3530 ) ;
#3117 = DIRECTION ( 'NONE',  ( 0.0000000000000000000, -1.000000000000000000, -1.224646799147353207E-16 ) ) ;
#3118 = EDGE_LOOP ( 'NONE', ( #3561, #2545, #2853, #2074 ) ) ;
#3119 = SURFACE_STYLE_FILL_AREA ( #2331 ) ;
#3120 = CARTESIAN_POINT ( 'NONE',  ( 7.976276906438229868E-63, 7.000000000000000000, -2.500000000000000444 ) ) ;
#3121 = PLANE ( 'NONE',  #3255 ) ;
#3122 = DIRECTION ( 'NONE',  ( 0.0000000000000000000, 1.224646799147353207E-16, -1.000000000000000000 ) ) ;
#3123 = ORIENTED_EDGE ( 'NONE', *, *, #769, .T. ) ;
#3124 = ORIENTED_EDGE ( 'NONE', *, *, #3029, .T. ) ;
#3125 = CARTESIAN_POINT ( 'NONE',  ( 3.727129896139459664, 8.000000000000000000, -2.350000000000000533 ) ) ;
#3126 = PLANE ( 'NONE',  #2706 ) ;
#3127 = CARTESIAN_POINT ( 'NONE',  ( 0.4000000000000008549, 11.00000000000000000, -2.500000000000000000 ) ) ;
#3128 = UNCERTAINTY_MEASURE_WITH_UNIT (LENGTH_MEASURE( 1.000000000000000082E-05 ), #2791, 'distance_accuracy_value', 'NONE');
#3129 = DIRECTION ( 'NONE',  ( 0.0000000000000000000, -0.0000000000000000000, -1.000000000000000000 ) ) ;
#3130 = ORIENTED_EDGE ( 'NONE', *, *, #3383, .T. ) ;
#3131 = EDGE_CURVE ( 'NONE', #3445, #1946, #2234, .T. ) ;
#3132 = CARTESIAN_POINT ( 'NONE',  ( 8.900000000000002132, 1.699999999999998845, 4.999999999999999112 ) ) ;
#3133 = CARTESIAN_POINT ( 'NONE',  ( 0.0000000000000000000, 7.000000000000000000, 8.572527594031474176E-16 ) ) ;
#3134 = VERTEX_POINT ( 'NONE', #1099 ) ;
#3135 = AXIS2_PLACEMENT_3D ( 'NONE', #4727, #342, #4056 ) ;
#3136 = EDGE_CURVE ( 'NONE', #2459, #1985, #3624, .T. ) ;
#3137 = EDGE_LOOP ( 'NONE', ( #1492, #1878, #3803, #4272, #2643, #292, #4013, #1549 ) ) ;
#3138 = FILL_AREA_STYLE ('',( #3888 ) ) ;
#3139 = AXIS2_PLACEMENT_3D ( 'NONE', #1720, #3294, #3248 ) ;
#3140 = DIRECTION ( 'NONE',  ( 0.0000000000000000000, 1.224646799147353207E-16, -1.000000000000000000 ) ) ;
#3141 = LINE ( 'NONE', #1228, #1832 ) ;
#3142 = AXIS2_PLACEMENT_3D ( 'NONE', #2332, #2008, #4636 ) ;
#3143 =( GEOMETRIC_REPRESENTATION_CONTEXT ( 3 ) GLOBAL_UNCERTAINTY_ASSIGNED_CONTEXT ( ( #2736 ) ) GLOBAL_UNIT_ASSIGNED_CONTEXT ( ( #491, #1237, #3108 ) ) REPRESENTATION_CONTEXT ( 'NONE', 'WORKASPACE' ) );
#3144 = AXIS2_PLACEMENT_3D ( 'NONE', #334, #2524, #3708 ) ;
#3145 = COLOUR_RGB ( '',0.6666666666666666297, 0.6666666666666666297, 0.6666666666666666297 ) ;
#3146 = LINE ( 'NONE', #4523, #143 ) ;
#3147 = ORIENTED_EDGE ( 'NONE', *, *, #1060, .F. ) ;
#3148 = FACE_OUTER_BOUND ( 'NONE', #3016, .T. ) ;
#3149 = FACE_OUTER_BOUND ( 'NONE', #1425, .T. ) ;
#3150 = AXIS2_PLACEMENT_3D ( 'NONE', #2669, #3794, #1526 ) ;
#3151 = AXIS2_PLACEMENT_3D ( 'NONE', #2484, #3230, #2837 ) ;
#3152 =( LENGTH_UNIT ( ) NAMED_UNIT ( * ) SI_UNIT ( .MILLI., .METRE. ) );
#3153 =( NAMED_UNIT ( * ) SI_UNIT ( $, .STERADIAN. ) SOLID_ANGLE_UNIT ( ) );
#3154 = FACE_OUTER_BOUND ( 'NONE', #3520, .T. ) ;
#3155 = CARTESIAN_POINT ( 'NONE',  ( 5.822949016875157646, 12.09999999999999964, 0.5000000000000006661 ) ) ;
#3156 = VECTOR ( 'NONE', #1656, 1000.000000000000000 ) ;
#3157 =( LENGTH_UNIT ( ) NAMED_UNIT ( * ) SI_UNIT ( .MILLI., .METRE. ) );
#3158 = DIRECTION ( 'NONE',  ( 2.465190328815661892E-32, -1.000000000000000000, -1.224646799147353454E-16 ) ) ;
#3159 = ORIENTED_EDGE ( 'NONE', *, *, #4151, .F. ) ;
#3160 =( GEOMETRIC_REPRESENTATION_CONTEXT ( 3 ) GLOBAL_UNCERTAINTY_ASSIGNED_CONTEXT ( ( #3092 ) ) GLOBAL_UNIT_ASSIGNED_CONTEXT ( ( #1269, #3059, #872 ) ) REPRESENTATION_CONTEXT ( 'NONE', 'WORKASPACE' ) );
#3161 = ORIENTED_EDGE ( 'NONE', *, *, #3136, .F. ) ;
#3162 = SURFACE_STYLE_USAGE ( .BOTH. , #1248 ) ;
#3163 = PRESENTATION_LAYER_ASSIGNMENT (  '', '', ( #989 ) ) ;
#3164 = ADVANCED_FACE ( 'NONE', ( #2570 ), #3729, .T. ) ;
#3165 = EDGE_CURVE ( 'NONE', #4090, #788, #638, .T. ) ;
#3166 = CARTESIAN_POINT ( 'NONE',  ( 1.099999999999999867, 2.465900459398798539, 0.4116116967108945368 ) ) ;
#3167 = PRESENTATION_STYLE_ASSIGNMENT (( #4268 ) ) ;
#3168 =( GEOMETRIC_REPRESENTATION_CONTEXT ( 3 ) GLOBAL_UNCERTAINTY_ASSIGNED_CONTEXT ( ( #1137 ) ) GLOBAL_UNIT_ASSIGNED_CONTEXT ( ( #859, #3090, #3449 ) ) REPRESENTATION_CONTEXT ( 'NONE', 'WORKASPACE' ) );
#3169 = EDGE_CURVE ( 'NONE', #1887, #1252, #2809, .T. ) ;
#3170 = CARTESIAN_POINT ( 'NONE',  ( 7.500000000000000000, 14.09999999999999964, -1.900000000000000133 ) ) ;
#3171 = ORIENTED_EDGE ( 'NONE', *, *, #1147, .T. ) ;
#3172 = ORIENTED_EDGE ( 'NONE', *, *, #4638, .F. ) ;
#3173 = CARTESIAN_POINT ( 'NONE',  ( 2.499999999999998668, 11.09999999999999787, 1.750000000000000000 ) ) ;
#3174 = SURFACE_STYLE_USAGE ( .BOTH. , #1300 ) ;
#3175 = LINE ( 'NONE', #2522, #3074 ) ;
#3176 = PRESENTATION_STYLE_ASSIGNMENT (( #4668 ) ) ;
#3177 = LINE ( 'NONE', #2461, #1615 ) ;
#3178 = CARTESIAN_POINT ( 'NONE',  ( 9.495567745759798747E-63, 11.00000000000000000, 1.347111479062088405E-15 ) ) ;
#3179 = ORIENTED_EDGE ( 'NONE', *, *, #380, .T. ) ;
#3180 = EDGE_LOOP ( 'NONE', ( #2571, #832, #4488, #3638, #2798, #2974, #664, #747, #1021, #932, #1939, #3031 ) ) ;
#3181 = EDGE_CURVE ( 'NONE', #3051, #1621, #965, .T. ) ;
#3182 = DIRECTION ( 'NONE',  ( 0.0000000000000000000, -1.858632295689436102E-16, -1.000000000000000000 ) ) ;
#3183 = FILL_AREA_STYLE_COLOUR ( '', #2144 ) ;
#3184 = DIRECTION ( 'NONE',  ( -1.000000000000000000, 0.0000000000000000000, -3.573610705253189024E-16 ) ) ;
#3185 = CARTESIAN_POINT ( 'NONE',  ( 9.600000000000001421, 11.00000000000000000, 1.347111479062088405E-15 ) ) ;
#3186 = EDGE_CURVE ( 'NONE', #2766, #4175, #2071, .T. ) ;
#3187 = DIRECTION ( 'NONE',  ( 1.000000000000000000, -0.0000000000000000000, 0.0000000000000000000 ) ) ;
#3188 = PLANE ( 'NONE',  #4320 ) ;
#3189 = ORIENTED_EDGE ( 'NONE', *, *, #2774, .F. ) ;
#3190 = FILL_AREA_STYLE ('',( #1058 ) ) ;
#3191 = LINE ( 'NONE', #285, #4600 ) ;
#3192 = EDGE_CURVE ( 'NONE', #4805, #573, #4794, .T. ) ;
#3193 = CARTESIAN_POINT ( 'NONE',  ( 2.499999999999999112, 14.09999999999999964, -1.899999999999999911 ) ) ;
#3194 = LINE ( 'NONE', #3658, #4486 ) ;
#3195 = DIRECTION ( 'NONE',  ( 1.000000000000000000, 0.0000000000000000000, 1.971276677246368807E-16 ) ) ;
#3196 = ORIENTED_EDGE ( 'NONE', *, *, #250, .T. ) ;
#3197 = ORIENTED_EDGE ( 'NONE', *, *, #2701, .T. ) ;
#3198 = DIRECTION ( 'NONE',  ( 0.0000000000000000000, -1.000000000000000000, -1.224646799147352961E-16 ) ) ;
#3199 = DIRECTION ( 'NONE',  ( 0.0000000000000000000, 1.000000000000000000, 0.0000000000000000000 ) ) ;
#3200 = PRESENTATION_STYLE_ASSIGNMENT (( #1351 ) ) ;
#3201 = VERTEX_POINT ( 'NONE', #996 ) ;
#3202 = CIRCLE ( 'NONE', #3983, 0.4000000000000004108 ) ;
#3203 = ORIENTED_EDGE ( 'NONE', *, *, #4732, .F. ) ;
#3204 = DIRECTION ( 'NONE',  ( -0.0000000000000000000, -0.0000000000000000000, 1.000000000000000000 ) ) ;
#3205 = DIRECTION ( 'NONE',  ( 0.0000000000000000000, 0.0000000000000000000, 1.000000000000000000 ) ) ;
#3206 = CARTESIAN_POINT ( 'NONE',  ( 6.400000000000000355, 8.000000000000000000, -4.253643450194937614 ) ) ;
#3207 = DIRECTION ( 'NONE',  ( 0.0000000000000000000, 1.000000000000000000, 1.224646799147353207E-16 ) ) ;
#3208 = COLOUR_RGB ( '',0.6666666666666666297, 0.6666666666666666297, 0.6666666666666666297 ) ;
#3209 = CARTESIAN_POINT ( 'NONE',  ( 0.0000000000000000000, 8.000000000000000000, -4.253643450194937614 ) ) ;
#3210 = ORIENTED_EDGE ( 'NONE', *, *, #1561, .T. ) ;
#3211 = ADVANCED_FACE ( 'NONE', ( #3564 ), #4669, .F. ) ;
#3212 = VECTOR ( 'NONE', #4738, 1000.000000000000000 ) ;
#3213 = ORIENTED_EDGE ( 'NONE', *, *, #1050, .T. ) ;
#3214 = FACE_OUTER_BOUND ( 'NONE', #3687, .T. ) ;
#3215 = LINE ( 'NONE', #2881, #2746 ) ;
#3216 = PRESENTATION_LAYER_ASSIGNMENT (  '', '', ( #4162 ) ) ;
#3217 = VECTOR ( 'NONE', #1509, 1000.000000000000000 ) ;
#3218 = DIRECTION ( 'NONE',  ( -1.182766006347823109E-16, 0.0000000000000000000, 1.000000000000000000 ) ) ;
#3219 = CARTESIAN_POINT ( 'NONE',  ( 1.099999999999999867, 1.699999999999998401, 5.000000000000000888 ) ) ;
#3220 = UNCERTAINTY_MEASURE_WITH_UNIT (LENGTH_MEASURE( 1.000000000000000082E-05 ), #3772, 'distance_accuracy_value', 'NONE');
#3221 = CARTESIAN_POINT ( 'NONE',  ( 5.400000000000000355, -9.184850993605148438E-17, 3.000000000000000000 ) ) ;
#3222 = EDGE_CURVE ( 'NONE', #1034, #457, #3177, .T. ) ;
#3223 = ORIENTED_EDGE ( 'NONE', *, *, #4318, .F. ) ;
#3224 = EDGE_CURVE ( 'NONE', #2891, #2821, #2153, .T. ) ;
#3225 = ORIENTED_EDGE ( 'NONE', *, *, #617, .F. ) ;
#3226 = AXIS2_PLACEMENT_3D ( 'NONE', #2121, #3616, #299 ) ;
#3227 = VECTOR ( 'NONE', #350, 1000.000000000000000 ) ;
#3228 = CARTESIAN_POINT ( 'NONE',  ( 8.900000000000000355, 7.000000000000006217, 4.999999999999997335 ) ) ;
#3229 = SURFACE_STYLE_FILL_AREA ( #4366 ) ;
#3230 = DIRECTION ( 'NONE',  ( -1.000000000000000000, 1.397647073855769417E-32, -1.141265444721584744E-16 ) ) ;
#3231 = STYLED_ITEM ( 'NONE', ( #4781 ), #4346 ) ;
#3232 = CARTESIAN_POINT ( 'NONE',  ( 6.149999999999999467, 7.852324513975114614E-16, -4.399999999999999467 ) ) ;
#3233 = VERTEX_POINT ( 'NONE', #4008 ) ;
#3234 = VECTOR ( 'NONE', #1678, 1000.000000000000114 ) ;
#3235 = CIRCLE ( 'NONE', #2217, 1.750000000000000000 ) ;
#3236 = ORIENTED_EDGE ( 'NONE', *, *, #2494, .T. ) ;
#3237 = CARTESIAN_POINT ( 'NONE',  ( 2.499999999999998668, 11.09999999999999787, 1.899999999999999911 ) ) ;
#3238 = VECTOR ( 'NONE', #33, 1000.000000000000000 ) ;
#3239 = CARTESIAN_POINT ( 'NONE',  ( 9.600000000000001421, 11.00000000000000000, 3.000000000000000888 ) ) ;
#3240 = CARTESIAN_POINT ( 'NONE',  ( 5.400000000000001243, 11.00000000000000000, -2.500000000000000000 ) ) ;
#3241 = VECTOR ( 'NONE', #3551, 1000.000000000000000 ) ;
#3242 = CARTESIAN_POINT ( 'NONE',  ( -8.405706480838889589E-16, 0.7056603773584819717, -0.7698113207547079284 ) ) ;
#3243 = DIRECTION ( 'NONE',  ( 1.000000000000000000, 0.0000000000000000000, 0.0000000000000000000 ) ) ;
#3244 = CARTESIAN_POINT ( 'NONE',  ( 4.449999999999999289, 8.000000000000000000, -2.350000000000000533 ) ) ;
#3245 = ORIENTED_EDGE ( 'NONE', *, *, #583, .T. ) ;
#3246 = VECTOR ( 'NONE', #1730, 1000.000000000000000 ) ;
#3247 = CARTESIAN_POINT ( 'NONE',  ( 5.549999999999998934, 8.000000000000000000, -2.349999999999965450 ) ) ;
#3248 = DIRECTION ( 'NONE',  ( 0.0000000000000000000, 1.000000000000000000, 1.224646799147353207E-16 ) ) ;
#3249 = VECTOR ( 'NONE', #492, 1000.000000000000000 ) ;
#3250 = EDGE_CURVE ( 'NONE', #4030, #4742, #4647, .T. ) ;
#3251 = CARTESIAN_POINT ( 'NONE',  ( 0.0000000000000000000, 0.0000000000000000000, 0.0000000000000000000 ) ) ;
#3252 =( NAMED_UNIT ( * ) SI_UNIT ( $, .STERADIAN. ) SOLID_ANGLE_UNIT ( ) );
#3253 =( LENGTH_UNIT ( ) NAMED_UNIT ( * ) SI_UNIT ( .MILLI., .METRE. ) );
#3254 = ORIENTED_EDGE ( 'NONE', *, *, #393, .F. ) ;
#3255 = AXIS2_PLACEMENT_3D ( 'NONE', #3504, #532, #3808 ) ;
#3256 = ORIENTED_EDGE ( 'NONE', *, *, #1232, .F. ) ;
#3257 = DIRECTION ( 'NONE',  ( 0.0000000000000000000, 0.0000000000000000000, 1.000000000000000000 ) ) ;
#3258 = EDGE_CURVE ( 'NONE', #3887, #3905, #1305, .T. ) ;
#3259 = CARTESIAN_POINT ( 'NONE',  ( 9.177050983124841466, 13.10000000000000142, 0.4999999999999995559 ) ) ;
#3260 = DIRECTION ( 'NONE',  ( 0.0000000000000000000, -0.0000000000000000000, 1.000000000000000000 ) ) ;
#3261 = PRESENTATION_STYLE_ASSIGNMENT (( #693 ) ) ;
#3262 = VERTEX_POINT ( 'NONE', #3642 ) ;
#3263 = VERTEX_POINT ( 'NONE', #3259 ) ;
#3264 = EDGE_CURVE ( 'NONE', #4726, #3750, #1399, .T. ) ;
#3265 = FILL_AREA_STYLE_COLOUR ( '', #3145 ) ;
#3266 = CARTESIAN_POINT ( 'NONE',  ( 3.949999999999998845, 1.999999999999999556, -2.149999999999999911 ) ) ;
#3267 = LINE ( 'NONE', #4736, #3831 ) ;
#3268 = CARTESIAN_POINT ( 'NONE',  ( 3.900000000000000355, 11.00000000000000000, 3.000000000000001332 ) ) ;
#3269 = CARTESIAN_POINT ( 'NONE',  ( 1.299999999999999822, 7.000000000000000888, -4.253643450194972253 ) ) ;
#3270 = DIRECTION ( 'NONE',  ( 1.182766006347823109E-16, -0.0000000000000000000, -1.000000000000000000 ) ) ;
#3271 = ORIENTED_EDGE ( 'NONE', *, *, #2201, .T. ) ;
#3272 = UNCERTAINTY_MEASURE_WITH_UNIT (LENGTH_MEASURE( 1.000000000000000082E-05 ), #2880, 'distance_accuracy_value', 'NONE');
#3273 = CARTESIAN_POINT ( 'NONE',  ( 1.149999999999999911, 0.0000000000000000000, 0.0000000000000000000 ) ) ;
#3274 = DIRECTION ( 'NONE',  ( 0.0000000000000000000, 0.0000000000000000000, -1.000000000000000000 ) ) ;
#3275 =( NAMED_UNIT ( * ) SI_UNIT ( $, .STERADIAN. ) SOLID_ANGLE_UNIT ( ) );
#3276 = DIRECTION ( 'NONE',  ( -1.971276677246368807E-16, -1.224646799147353207E-16, 1.000000000000000000 ) ) ;
#3277 = VERTEX_POINT ( 'NONE', #219 ) ;
#3278 = ORIENTED_EDGE ( 'NONE', *, *, #3600, .F. ) ;
#3279 = VERTEX_POINT ( 'NONE', #3155 ) ;
#3280 = DIRECTION ( 'NONE',  ( 0.0000000000000000000, 1.000000000000000000, -1.858632295689436102E-16 ) ) ;
#3281 = CARTESIAN_POINT ( 'NONE',  ( 3.850000000000000089, 7.000000000000000888, -4.399999999999999467 ) ) ;
#3282 =( NAMED_UNIT ( * ) SI_UNIT ( $, .STERADIAN. ) SOLID_ANGLE_UNIT ( ) );
#3283 = VERTEX_POINT ( 'NONE', #691 ) ;
#3284 = EDGE_CURVE ( 'NONE', #2821, #1471, #2786, .T. ) ;
#3285 = EDGE_LOOP ( 'NONE', ( #4598, #1178, #444, #2419 ) ) ;
#3286 = SURFACE_STYLE_USAGE ( .BOTH. , #1791 ) ;
#3287 = LINE ( 'NONE', #699, #695 ) ;
#3288 = FACE_OUTER_BOUND ( 'NONE', #1636, .T. ) ;
#3289 = DIRECTION ( 'NONE',  ( -0.0000000000000000000, 1.000000000000000000, 1.224646799147353207E-16 ) ) ;
#3290 = LINE ( 'NONE', #4764, #4680 ) ;
#3291 =( GEOMETRIC_REPRESENTATION_CONTEXT ( 3 ) GLOBAL_UNCERTAINTY_ASSIGNED_CONTEXT ( ( #1277 ) ) GLOBAL_UNIT_ASSIGNED_CONTEXT ( ( #1266, #4612, #1292 ) ) REPRESENTATION_CONTEXT ( 'NONE', 'WORKASPACE' ) );
#3292 = CARTESIAN_POINT ( 'NONE',  ( 9.449999999999999289, 0.0000000000000000000, -2.349999999999965450 ) ) ;
#3293 = FILL_AREA_STYLE ('',( #1084 ) ) ;
#3294 = DIRECTION ( 'NONE',  ( 4.828235346047195727E-32, 1.224646799147353207E-16, -1.000000000000000000 ) ) ;
#3295 = LINE ( 'NONE', #1064, #2370 ) ;
#3296 = VECTOR ( 'NONE', #1165, 1000.000000000000000 ) ;
#3297 = DIRECTION ( 'NONE',  ( 7.107463702966606345E-16, 0.0000000000000000000, 1.000000000000000000 ) ) ;
#3298 = ORIENTED_EDGE ( 'NONE', *, *, #3898, .T. ) ;
#3299 = EDGE_LOOP ( 'NONE', ( #2296, #3778, #4630, #4430 ) ) ;
#3300 = DIRECTION ( 'NONE',  ( 0.0000000000000000000, -0.9734171683335759440, 0.2290393337255474948 ) ) ;
#3301 = AXIS2_PLACEMENT_3D ( 'NONE', #4309, #606, #1752 ) ;
#3302 = STYLED_ITEM ( 'NONE', ( #3557 ), #3571 ) ;
#3303 = LINE ( 'NONE', #4154, #4104 ) ;
#3304 = DIRECTION ( 'NONE',  ( 0.0000000000000000000, 1.224646799147353207E-16, -1.000000000000000000 ) ) ;
#3305 = PLANE ( 'NONE',  #3226 ) ;
#3306 = MECHANICAL_DESIGN_GEOMETRIC_PRESENTATION_REPRESENTATION (  '', ( #3777 ), #2752 ) ;
#3307 = AXIS2_PLACEMENT_3D ( 'NONE', #3462, #1331, #721 ) ;
#3308 = EDGE_LOOP ( 'NONE', ( #3254, #3788, #145, #428, #2158, #4792 ) ) ;
#3309 = ORIENTED_EDGE ( 'NONE', *, *, #3514, .F. ) ;
#3310 = COLOUR_RGB ( '',0.6666666666666666297, 0.6666666666666666297, 0.6666666666666666297 ) ;
#3311 = PRESENTATION_STYLE_ASSIGNMENT (( #2569 ) ) ;
#3312 = EDGE_CURVE ( 'NONE', #28, #4345, #3019, .T. ) ;
#3313 = DIRECTION ( 'NONE',  ( 1.000000000000000000, -0.0000000000000000000, 0.0000000000000000000 ) ) ;
#3314 = STYLED_ITEM ( 'NONE', ( #2479 ), #2239 ) ;
#3315 = SURFACE_STYLE_USAGE ( .BOTH. , #2973 ) ;
#3316 = EDGE_LOOP ( 'NONE', ( #2716, #3115, #1521, #4354 ) ) ;
#3317 = CARTESIAN_POINT ( 'NONE',  ( 4.449999999999999289, 8.000000000000000000, 2.850000000000000977 ) ) ;
#3318 = ADVANCED_FACE ( 'NONE', ( #762 ), #2274, .F. ) ;
#3319 = VECTOR ( 'NONE', #1056, 1000.000000000000000 ) ;
#3320 = FACE_OUTER_BOUND ( 'NONE', #641, .T. ) ;
#3321 = DIRECTION ( 'NONE',  ( 0.0000000000000000000, 1.224646799147353454E-16, -1.000000000000000000 ) ) ;
#3322 = VECTOR ( 'NONE', #722, 1000.000000000000000 ) ;
#3323 = DIRECTION ( 'NONE',  ( -1.000000000000000000, -0.0000000000000000000, -0.0000000000000000000 ) ) ;
#3324 = EDGE_CURVE ( 'NONE', #3719, #225, #3666, .T. ) ;
#3325 = PRESENTATION_STYLE_ASSIGNMENT (( #1875 ) ) ;
#3326 = PRODUCT_DEFINITION_CONTEXT ( 'detailed design', #404, 'design' ) ;
#3327 = AXIS2_PLACEMENT_3D ( 'NONE', #1, #2647, #1423 ) ;
#3328 = CARTESIAN_POINT ( 'NONE',  ( 8.727129896139459220, 8.000000000000000000, 9.797174393178825657E-16 ) ) ;
#3329 = VERTEX_POINT ( 'NONE', #4459 ) ;
#3330 = VERTEX_POINT ( 'NONE', #4485 ) ;
#3331 = FACE_OUTER_BOUND ( 'NONE', #2486, .T. ) ;
#3332 = LINE ( 'NONE', #322, #888 ) ;
#3333 = LINE ( 'NONE', #2620, #2625 ) ;
#3334 = CARTESIAN_POINT ( 'NONE',  ( 3.949999999999998845, 5.299999999999999822, -2.149999999999999911 ) ) ;
#3335 = VECTOR ( 'NONE', #447, 1000.000000000000000 ) ;
#3336 = LINE ( 'NONE', #815, #839 ) ;
#3337 = ORIENTED_EDGE ( 'NONE', *, *, #525, .T. ) ;
#3338 = ORIENTED_EDGE ( 'NONE', *, *, #495, .F. ) ;
#3339 = LINE ( 'NONE', #4790, #4019 ) ;
#3340 = ORIENTED_EDGE ( 'NONE', *, *, #3847, .T. ) ;
#3341 = ORIENTED_EDGE ( 'NONE', *, *, #2538, .T. ) ;
#3342 = FILL_AREA_STYLE ('',( #1102 ) ) ;
#3343 =( LENGTH_UNIT ( ) NAMED_UNIT ( * ) SI_UNIT ( .MILLI., .METRE. ) );
#3344 =( NAMED_UNIT ( * ) SI_UNIT ( $, .STERADIAN. ) SOLID_ANGLE_UNIT ( ) );
#3345 = ADVANCED_FACE ( 'NONE', ( #2562 ), #3376, .F. ) ;
#3346 = CARTESIAN_POINT ( 'NONE',  ( 1.131871675294568011E-62, 11.00000000000000000, 3.000000000000001332 ) ) ;
#3347 = DIRECTION ( 'NONE',  ( 0.0000000000000000000, -1.224646799147353207E-16, 1.000000000000000000 ) ) ;
#3348 = DIRECTION ( 'NONE',  ( 1.000000000000000000, 0.0000000000000000000, 0.0000000000000000000 ) ) ;
#3349 = LINE ( 'NONE', #2192, #3854 ) ;
#3350 = ORIENTED_EDGE ( 'NONE', *, *, #617, .T. ) ;
#3351 = ORIENTED_EDGE ( 'NONE', *, *, #3324, .F. ) ;
#3352 = ORIENTED_EDGE ( 'NONE', *, *, #448, .F. ) ;
#3353 = ADVANCED_FACE ( 'NONE', ( #343 ), #4058, .T. ) ;
#3354 = CARTESIAN_POINT ( 'NONE',  ( 4.600000000000001421, 11.00000000000000000, 2.072541296288753494E-15 ) ) ;
#3355 = DIRECTION ( 'NONE',  ( -1.000000000000000000, -0.0000000000000000000, -0.0000000000000000000 ) ) ;
#3356 = LINE ( 'NONE', #1911, #2292 ) ;
#3357 = DIRECTION ( 'NONE',  ( 0.0000000000000000000, 1.000000000000000000, 0.0000000000000000000 ) ) ;
#3358 = ORIENTED_EDGE ( 'NONE', *, *, #3496, .F. ) ;
#3359 = ORIENTED_EDGE ( 'NONE', *, *, #717, .F. ) ;
#3360 =( NAMED_UNIT ( * ) PLANE_ANGLE_UNIT ( ) SI_UNIT ( $, .RADIAN. ) );
#3361 = VERTEX_POINT ( 'NONE', #1836 ) ;
#3362 = FILL_AREA_STYLE ('',( #2182 ) ) ;
#3363 = EDGE_LOOP ( 'NONE', ( #3359, #2998 ) ) ;
#3364 = DIRECTION ( 'NONE',  ( -0.0000000000000000000, -0.0000000000000000000, 1.000000000000000000 ) ) ;
#3365 = CARTESIAN_POINT ( 'NONE',  ( 0.0000000000000000000, 14.09999999999999964, 2.899999999999999911 ) ) ;
#3366 = PRESENTATION_LAYER_ASSIGNMENT (  '', '', ( #1419 ) ) ;
#3367 = CARTESIAN_POINT ( 'NONE',  ( 8.849999999999999645, 7.000000000000000888, -4.399999999999998579 ) ) ;
#3368 = DIRECTION ( 'NONE',  ( 0.0000000000000000000, 1.000000000000000000, 1.224646799147353207E-16 ) ) ;
#3369 = EDGE_CURVE ( 'NONE', #3567, #4455, #2854, .T. ) ;
#3370 = DIRECTION ( 'NONE',  ( -3.212450881438531748E-16, 1.224646799147353454E-16, -1.000000000000000000 ) ) ;
#3371 = ORIENTED_EDGE ( 'NONE', *, *, #2111, .F. ) ;
#3372 = VECTOR ( 'NONE', #2225, 1000.000000000000000 ) ;
#3373 = VERTEX_POINT ( 'NONE', #401 ) ;
#3374 = ORIENTED_EDGE ( 'NONE', *, *, #4124, .F. ) ;
#3375 = PLANE ( 'NONE',  #3523 ) ;
#3376 = PLANE ( 'NONE',  #384 ) ;
#3377 = LINE ( 'NONE', #3667, #2839 ) ;
#3378 = ADVANCED_FACE ( 'NONE', ( #1495 ), #4131, .T. ) ;
#3379 = EDGE_CURVE ( 'NONE', #3532, #1325, #2965, .T. ) ;
#3380 = CARTESIAN_POINT ( 'NONE',  ( 9.700000000000002842, 6.999999999999999112, 3.800000000000000266 ) ) ;
#3381 = ORIENTED_EDGE ( 'NONE', *, *, #3903, .F. ) ;
#3382 = ORIENTED_EDGE ( 'NONE', *, *, #4370, .T. ) ;
#3383 = EDGE_CURVE ( 'NONE', #2277, #2359, #1786, .T. ) ;
#3384 = LINE ( 'NONE', #3776, #4563 ) ;
#3385 = AXIS2_PLACEMENT_3D ( 'NONE', #1824, #2929, #1850 ) ;
#3386 = VECTOR ( 'NONE', #4471, 1000.000000000000000 ) ;
#3387 = ORIENTED_EDGE ( 'NONE', *, *, #3645, .T. ) ;
#3388 = PLANE ( 'NONE',  #113 ) ;
#3389 = VECTOR ( 'NONE', #4436, 1000.000000000000114 ) ;
#3390 = AXIS2_PLACEMENT_3D ( 'NONE', #697, #1357, #973 ) ;
#3391 = VERTEX_POINT ( 'NONE', #2915 ) ;
#3392 = CARTESIAN_POINT ( 'NONE',  ( 3.469471727749946200E-17, 2.000000000000000888, 3.202747531882601084 ) ) ;
#3393 = CARTESIAN_POINT ( 'NONE',  ( 3.600000000000000533, 7.000000000000000888, -3.824777611091934926 ) ) ;
#3394 = CARTESIAN_POINT ( 'NONE',  ( 1.049999999999998490, 5.299999999999999822, -2.149999999999999911 ) ) ;
#3395 = FACE_OUTER_BOUND ( 'NONE', #4697, .T. ) ;
#3396 =( GEOMETRIC_REPRESENTATION_CONTEXT ( 3 ) GLOBAL_UNCERTAINTY_ASSIGNED_CONTEXT ( ( #4374 ) ) GLOBAL_UNIT_ASSIGNED_CONTEXT ( ( #148, #933, #3853 ) ) REPRESENTATION_CONTEXT ( 'NONE', 'WORKASPACE' ) );
#3397 = AXIS2_PLACEMENT_3D ( 'NONE', #3606, #3276, #3195 ) ;
#3398 = DIRECTION ( 'NONE',  ( 0.0000000000000000000, 1.224646799147353454E-16, -1.000000000000000000 ) ) ;
#3399 = DIRECTION ( 'NONE',  ( 1.000000000000000000, 0.0000000000000000000, 0.0000000000000000000 ) ) ;
#3400 = ORIENTED_EDGE ( 'NONE', *, *, #107, .T. ) ;
#3401 = ORIENTED_EDGE ( 'NONE', *, *, #1114, .F. ) ;
#3402 = VECTOR ( 'NONE', #829, 1000.000000000000000 ) ;
#3403 = ORIENTED_EDGE ( 'NONE', *, *, #380, .F. ) ;
#3404 = DIRECTION ( 'NONE',  ( 0.0000000000000000000, 0.0000000000000000000, -1.000000000000000000 ) ) ;
#3405 = EDGE_CURVE ( 'NONE', #1621, #1118, #3333, .T. ) ;
#3406 = CARTESIAN_POINT ( 'NONE',  ( 10.00000000000000000, 0.0000000000000000000, 0.0000000000000000000 ) ) ;
#3407 = AXIS2_PLACEMENT_3D ( 'NONE', #114, #502, #1541 ) ;
#3408 = CARTESIAN_POINT ( 'NONE',  ( 0.0000000000000000000, 14.09999999999999787, -2.900000000000000799 ) ) ;
#3409 = CARTESIAN_POINT ( 'NONE',  ( 7.505624112914681234, 0.0000000000000000000, -0.1999999999999994282 ) ) ;
#3410 = ORIENTED_EDGE ( 'NONE', *, *, #301, .F. ) ;
#3411 = EDGE_CURVE ( 'NONE', #1418, #3744, #4110, .T. ) ;
#3412 = LINE ( 'NONE', #1575, #4561 ) ;
#3413 = ORIENTED_EDGE ( 'NONE', *, *, #3312, .T. ) ;
#3414 = CIRCLE ( 'NONE', #1000, 0.4000000000000004663 ) ;
#3415 = LINE ( 'NONE', #2674, #3587 ) ;
#3416 = EDGE_CURVE ( 'NONE', #244, #4, #1115, .T. ) ;
#3417 = ORIENTED_EDGE ( 'NONE', *, *, #1693, .F. ) ;
#3418 = CARTESIAN_POINT ( 'NONE',  ( 6.399999999999999467, 1.612742585576164345, -5.045130994854379658 ) ) ;
#3419 = LINE ( 'NONE', #1948, #3627 ) ;
#3420 = DIRECTION ( 'NONE',  ( 0.0000000000000000000, -1.000000000000000000, 0.0000000000000000000 ) ) ;
#3421 = CARTESIAN_POINT ( 'NONE',  ( 1.131871675294568011E-62, 11.00000000000000000, 3.000000000000001332 ) ) ;
#3422 = CARTESIAN_POINT ( 'NONE',  ( 6.149999999999999467, 7.000000000000000000, -2.500000000000000444 ) ) ;
#3423 = CARTESIAN_POINT ( 'NONE',  ( 9.449999999999999289, 8.000000000000000000, -2.349999999999966338 ) ) ;
#3424 = EDGE_LOOP ( 'NONE', ( #1308, #452, #231, #943, #3819, #1815 ) ) ;
#3425 = ORIENTED_EDGE ( 'NONE', *, *, #1965, .F. ) ;
#3426 = CARTESIAN_POINT ( 'NONE',  ( 2.499999999999999112, 11.09999999999999787, -1.899999999999999911 ) ) ;
#3427 = LINE ( 'NONE', #3127, #3796 ) ;
#3428 = UNCERTAINTY_MEASURE_WITH_UNIT (LENGTH_MEASURE( 1.000000000000000082E-05 ), #1371, 'distance_accuracy_value', 'NONE');
#3429 = CARTESIAN_POINT ( 'NONE',  ( 4.177050983124840577, 12.09999999999999964, -0.5000000000000000000 ) ) ;
#3430 = EDGE_LOOP ( 'NONE', ( #2481, #2450, #4775, #534 ) ) ;
#3431 = CARTESIAN_POINT ( 'NONE',  ( 6.299999999999999822, 8.000000000000000000, -2.349999999999966338 ) ) ;
#3432 = CARTESIAN_POINT ( 'NONE',  ( -0.2999999999999999889, 0.0000000000000000000, 0.0000000000000000000 ) ) ;
#3433 = EDGE_CURVE ( 'NONE', #3513, #341, #4390, .T. ) ;
#3434 = ORIENTED_EDGE ( 'NONE', *, *, #1873, .F. ) ;
#3435 = FACE_OUTER_BOUND ( 'NONE', #156, .T. ) ;
#3436 = ORIENTED_EDGE ( 'NONE', *, *, #1997, .F. ) ;
#3437 =( NAMED_UNIT ( * ) SI_UNIT ( $, .STERADIAN. ) SOLID_ANGLE_UNIT ( ) );
#3438 = EDGE_CURVE ( 'NONE', #1707, #4347, #2226, .T. ) ;
#3439 = EDGE_CURVE ( 'NONE', #1141, #109, #1453, .T. ) ;
#3440 = CARTESIAN_POINT ( 'NONE',  ( 4.449999999999998401, 8.000000000000000000, 2.850000000000000977 ) ) ;
#3441 = SURFACE_STYLE_FILL_AREA ( #2750 ) ;
#3442 = CARTESIAN_POINT ( 'NONE',  ( 0.0000000000000000000, 8.000000000000000000, 9.797174393178825657E-16 ) ) ;
#3443 = CARTESIAN_POINT ( 'NONE',  ( 9.700000000000002842, -6.870268543216652303E-16, -4.200000000000000178 ) ) ;
#3444 = CARTESIAN_POINT ( 'NONE',  ( 0.8229490168751563139, 13.10000000000000142, -0.5000000000000000000 ) ) ;
#3445 = VERTEX_POINT ( 'NONE', #3281 ) ;
#3446 = DIRECTION ( 'NONE',  ( 0.0000000000000000000, 1.224646799147353454E-16, -1.000000000000000000 ) ) ;
#3447 = CARTESIAN_POINT ( 'NONE',  ( 1.099999999999999867, 2.000000000000001776, 3.000000000000000000 ) ) ;
#3448 = DIRECTION ( 'NONE',  ( 0.0000000000000000000, 0.0000000000000000000, 1.000000000000000000 ) ) ;
#3449 =( NAMED_UNIT ( * ) SI_UNIT ( $, .STERADIAN. ) SOLID_ANGLE_UNIT ( ) );
#3450 = COLOUR_RGB ( '',0.6666666666666666297, 0.6666666666666666297, 0.6666666666666666297 ) ;
#3451 = DIRECTION ( 'NONE',  ( 0.0000000000000000000, 0.0000000000000000000, 1.000000000000000000 ) ) ;
#3452 = ORIENTED_EDGE ( 'NONE', *, *, #2423, .F. ) ;
#3453 = VECTOR ( 'NONE', #2478, 1000.000000000000000 ) ;
#3454 = SURFACE_SIDE_STYLE ('',( #1242 ) ) ;
#3455 = DIRECTION ( 'NONE',  ( -1.032573497605242224E-16, 1.224646799147353207E-16, -1.000000000000000000 ) ) ;
#3456 = PRESENTATION_LAYER_ASSIGNMENT (  '', '', ( #356 ) ) ;
#3457 = VERTEX_POINT ( 'NONE', #4751 ) ;
#3458 = CARTESIAN_POINT ( 'NONE',  ( 9.700000000000002842, 6.999999999999999112, 3.800000000000000266 ) ) ;
#3459 = EDGE_LOOP ( 'NONE', ( #1077, #1964, #1421, #1536 ) ) ;
#3460 = VECTOR ( 'NONE', #1411, 1000.000000000000000 ) ;
#3461 = VECTOR ( 'NONE', #1082, 1000.000000000000000 ) ;
#3462 = CARTESIAN_POINT ( 'NONE',  ( 0.0000000000000000000, 0.0000000000000000000, 0.0000000000000000000 ) ) ;
#3463 = SURFACE_SIDE_STYLE ('',( #2729 ) ) ;
#3464 = AXIS2_PLACEMENT_3D ( 'NONE', #3409, #4084, #403 ) ;
#3465 = FILL_AREA_STYLE ('',( #3525 ) ) ;
#3466 = LINE ( 'NONE', #3503, #1966 ) ;
#3467 = EDGE_CURVE ( 'NONE', #634, #580, #4036, .T. ) ;
#3468 = VECTOR ( 'NONE', #4788, 1000.000000000000000 ) ;
#3469 =( LENGTH_UNIT ( ) NAMED_UNIT ( * ) SI_UNIT ( .MILLI., .METRE. ) );
#3470 = EDGE_LOOP ( 'NONE', ( #19, #3555, #4695, #4708, #3582, #2912 ) ) ;
#3471 = ORIENTED_EDGE ( 'NONE', *, *, #1027, .F. ) ;
#3472 = AXIS2_PLACEMENT_3D ( 'NONE', #470, #1934, #1112 ) ;
#3473 = SURFACE_STYLE_FILL_AREA ( #181 ) ;
#3474 =( GEOMETRIC_REPRESENTATION_CONTEXT ( 3 ) GLOBAL_UNCERTAINTY_ASSIGNED_CONTEXT ( ( #1372 ) ) GLOBAL_UNIT_ASSIGNED_CONTEXT ( ( #3253, #4383, #4646 ) ) REPRESENTATION_CONTEXT ( 'NONE', 'WORKASPACE' ) );
#3475 = EDGE_CURVE ( 'NONE', #74, #2730, #3303, .T. ) ;
#3476 = SURFACE_STYLE_USAGE ( .BOTH. , #4531 ) ;
#3477 = COLOUR_RGB ( '',0.6666666666666666297, 0.6666666666666666297, 0.6666666666666666297 ) ;
#3478 = UNCERTAINTY_MEASURE_WITH_UNIT (LENGTH_MEASURE( 1.000000000000000082E-05 ), #4702, 'distance_accuracy_value', 'NONE');
#3479 = PRESENTATION_LAYER_ASSIGNMENT (  '', '', ( #460 ) ) ;
#3480 = AXIS2_PLACEMENT_3D ( 'NONE', #668, #2772, #2053 ) ;
#3481 = DIRECTION ( 'NONE',  ( 0.0000000000000000000, -1.000000000000000000, -1.224646799147353207E-16 ) ) ;
#3482 = VECTOR ( 'NONE', #1143, 1000.000000000000000 ) ;
#3483 = ORIENTED_EDGE ( 'NONE', *, *, #2603, .T. ) ;
#3484 = VECTOR ( 'NONE', #288, 1000.000000000000000 ) ;
#3485 = ORIENTED_EDGE ( 'NONE', *, *, #4351, .F. ) ;
#3486 = PLANE ( 'NONE',  #2575 ) ;
#3487 = FILL_AREA_STYLE_COLOUR ( '', #2284 ) ;
#3488 = SURFACE_STYLE_USAGE ( .BOTH. , #1931 ) ;
#3489 = ORIENTED_EDGE ( 'NONE', *, *, #1147, .F. ) ;
#3490 = ADVANCED_FACE ( 'NONE', ( #539 ), #921, .F. ) ;
#3491 = ORIENTED_EDGE ( 'NONE', *, *, #2800, .F. ) ;
#3492 = CARTESIAN_POINT ( 'NONE',  ( 0.0000000000000000000, 0.0000000000000000000, 4.299999999999999822 ) ) ;
#3493 = CARTESIAN_POINT ( 'NONE',  ( 1.299999999999999822, 8.000000000000000000, -4.253643450194972253 ) ) ;
#3494 = FACE_OUTER_BOUND ( 'NONE', #6, .T. ) ;
#3495 = CYLINDRICAL_SURFACE ( 'NONE', #4698, 1.899999999999999911 ) ;
#3496 = EDGE_CURVE ( 'NONE', #2117, #3277, #1998, .T. ) ;
#3497 = DIRECTION ( 'NONE',  ( -0.0000000000000000000, -1.224646799147352961E-16, 1.000000000000000000 ) ) ;
#3498 = ORIENTED_EDGE ( 'NONE', *, *, #2894, .T. ) ;
#3499 = ORIENTED_EDGE ( 'NONE', *, *, #2659, .F. ) ;
#3500 = DIRECTION ( 'NONE',  ( -0.0000000000000000000, -1.224646799147353207E-16, 1.000000000000000000 ) ) ;
#3501 = LINE ( 'NONE', #3440, #2849 ) ;
#3502 =( LENGTH_UNIT ( ) NAMED_UNIT ( * ) SI_UNIT ( .MILLI., .METRE. ) );
#3503 = CARTESIAN_POINT ( 'NONE',  ( 6.149999999999999467, 7.000000000000000888, -4.399999999999998579 ) ) ;
#3504 = CARTESIAN_POINT ( 'NONE',  ( 6.400000000000000355, 6.441097277853656600, -3.824777611091935370 ) ) ;
#3505 = DIRECTION ( 'NONE',  ( 0.0000000000000000000, 1.000000000000000000, 0.0000000000000000000 ) ) ;
#3506 = VERTEX_POINT ( 'NONE', #895 ) ;
#3507 = VERTEX_POINT ( 'NONE', #152 ) ;
#3508 = PLANE ( 'NONE',  #57 ) ;
#3509 = ADVANCED_FACE ( 'NONE', ( #3494 ), #3126, .T. ) ;
#3510 = CARTESIAN_POINT ( 'NONE',  ( 3.600000000000000533, 4.165217391304373074, -4.399999999999996803 ) ) ;
#3511 = UNCERTAINTY_MEASURE_WITH_UNIT (LENGTH_MEASURE( 1.000000000000000082E-05 ), #817, 'distance_accuracy_value', 'NONE');
#3512 = CARTESIAN_POINT ( 'NONE',  ( 2.505624112914680346, 0.0000000000000000000, -0.1999999999999996503 ) ) ;
#3513 = VERTEX_POINT ( 'NONE', #4507 ) ;
#3514 = EDGE_CURVE ( 'NONE', #1043, #4270, #4241, .T. ) ;
#3515 = VECTOR ( 'NONE', #1347, 1000.000000000000000 ) ;
#3516 = EDGE_CURVE ( 'NONE', #1260, #4504, #2386, .T. ) ;
#3517 = CARTESIAN_POINT ( 'NONE',  ( 0.0000000000000000000, -1.836970198721035604E-17, -2.699999999999998401 ) ) ;
#3518 = LINE ( 'NONE', #3392, #975 ) ;
#3519 = ORIENTED_EDGE ( 'NONE', *, *, #880, .T. ) ;
#3520 = EDGE_LOOP ( 'NONE', ( #3852, #4205, #3959, #4039, #1860, #2250, #2567, #481 ) ) ;
#3521 = EDGE_CURVE ( 'NONE', #611, #1906, #79, .T. ) ;
#3522 = SURFACE_STYLE_FILL_AREA ( #3100 ) ;
#3523 = AXIS2_PLACEMENT_3D ( 'NONE', #3493, #2384, #1699 ) ;
#3524 = CARTESIAN_POINT ( 'NONE',  ( 3.600000000000000533, 5.612742585576156351, -5.045130994854377882 ) ) ;
#3525 = FILL_AREA_STYLE_COLOUR ( '', #63 ) ;
#3526 = VECTOR ( 'NONE', #1333, 1000.000000000000000 ) ;
#3527 = DIRECTION ( 'NONE',  ( 0.0000000000000000000, 1.000000000000000000, 0.0000000000000000000 ) ) ;
#3528 = CARTESIAN_POINT ( 'NONE',  ( 8.600000000000001421, 8.000000000000000000, 9.797174393178825657E-16 ) ) ;
#3529 = VECTOR ( 'NONE', #3653, 1000.000000000000000 ) ;
#3530 = AXIS2_PLACEMENT_3D ( 'NONE', #1687, #908, #3870 ) ;
#3531 = CARTESIAN_POINT ( 'NONE',  ( 9.600000000000001421, 11.00000000000000000, 3.000000000000001332 ) ) ;
#3532 = VERTEX_POINT ( 'NONE', #1955 ) ;
#3533 = ORIENTED_EDGE ( 'NONE', *, *, #4057, .T. ) ;
#3534 = CARTESIAN_POINT ( 'NONE',  ( 4.600000000000001421, 7.654042494670962783E-17, -2.500000000000000888 ) ) ;
#3535 =( NAMED_UNIT ( * ) SI_UNIT ( $, .STERADIAN. ) SOLID_ANGLE_UNIT ( ) );
#3536 = AXIS2_PLACEMENT_3D ( 'NONE', #1018, #1732, #2916 ) ;
#3537 = CARTESIAN_POINT ( 'NONE',  ( 1.399999999999998579, 1.612742585576168564, -5.045130994854378770 ) ) ;
#3538 = LINE ( 'NONE', #212, #2917 ) ;
#3539 = CARTESIAN_POINT ( 'NONE',  ( 9.700000000000002842, -6.870268543216652303E-16, 0.0000000000000000000 ) ) ;
#3540 = AXIS2_PLACEMENT_3D ( 'NONE', #3512, #4218, #3860 ) ;
#3541 = DIRECTION ( 'NONE',  ( -1.000000000000000000, 0.0000000000000000000, 0.0000000000000000000 ) ) ;
#3542 = DIRECTION ( 'NONE',  ( 1.000000000000000000, -0.0000000000000000000, -0.0000000000000000000 ) ) ;
#3543 = SURFACE_STYLE_FILL_AREA ( #1762 ) ;
#3544 = CARTESIAN_POINT ( 'NONE',  ( 7.500000000000000000, 13.10000000000000142, 1.750000000000000000 ) ) ;
#3545 = ORIENTED_EDGE ( 'NONE', *, *, #3224, .T. ) ;
#3546 = ADVANCED_FACE ( 'NONE', ( #2695 ), #1550, .T. ) ;
#3547 = VECTOR ( 'NONE', #1563, 1000.000000000000000 ) ;
#3548 = ORIENTED_EDGE ( 'NONE', *, *, #2398, .T. ) ;
#3549 = FACE_BOUND ( 'NONE', #2116, .T. ) ;
#3550 = AXIS2_PLACEMENT_3D ( 'NONE', #1761, #2483, #1349 ) ;
#3551 = DIRECTION ( 'NONE',  ( 0.0000000000000000000, -1.224646799147353207E-16, 1.000000000000000000 ) ) ;
#3552 = LINE ( 'NONE', #2491, #1800 ) ;
#3553 = PLANE ( 'NONE',  #2594 ) ;
#3554 = DIRECTION ( 'NONE',  ( -1.000000000000000000, 0.0000000000000000000, -0.0000000000000000000 ) ) ;
#3555 = ORIENTED_EDGE ( 'NONE', *, *, #2352, .T. ) ;
#3556 = PLANE ( 'NONE',  #844 ) ;
#3557 = PRESENTATION_STYLE_ASSIGNMENT (( #2898 ) ) ;
#3558 = CARTESIAN_POINT ( 'NONE',  ( 3.850000000000000089, 5.683920169004105746E-16, -4.399999999999999467 ) ) ;
#3559 = PLANE ( 'NONE',  #2232 ) ;
#3560 = ORIENTED_EDGE ( 'NONE', *, *, #4464, .F. ) ;
#3561 = ORIENTED_EDGE ( 'NONE', *, *, #4758, .F. ) ;
#3562 = ORIENTED_EDGE ( 'NONE', *, *, #1879, .T. ) ;
#3563 = SURFACE_SIDE_STYLE ('',( #456 ) ) ;
#3564 = FACE_OUTER_BOUND ( 'NONE', #1869, .T. ) ;
#3565 = DIRECTION ( 'NONE',  ( 0.0000000000000000000, 0.0000000000000000000, -1.000000000000000000 ) ) ;
#3566 = DIRECTION ( 'NONE',  ( 2.628368902995162025E-16, -1.000000000000000000, 0.0000000000000000000 ) ) ;
#3567 = VERTEX_POINT ( 'NONE', #3193 ) ;
#3568 = EDGE_LOOP ( 'NONE', ( #1768, #1533, #4573, #133 ) ) ;
#3569 = EDGE_CURVE ( 'NONE', #3727, #2460, #4739, .T. ) ;
#3570 = CARTESIAN_POINT ( 'NONE',  ( 6.400000000000000355, 7.000000000000000888, -3.824777611091935370 ) ) ;
#3571 = ADVANCED_FACE ( 'NONE', ( #3880 ), #703, .F. ) ;
#3572 = EDGE_CURVE ( 'NONE', #2480, #3982, #333, .T. ) ;
#3573 = DIRECTION ( 'NONE',  ( 0.0000000000000000000, 1.000000000000000000, 0.0000000000000000000 ) ) ;
#3574 = ORIENTED_EDGE ( 'NONE', *, *, #1728, .F. ) ;
#3575 = PRESENTATION_STYLE_ASSIGNMENT (( #4658 ) ) ;
#3576 = DIRECTION ( 'NONE',  ( -1.000000000000000000, 0.0000000000000000000, 0.0000000000000000000 ) ) ;
#3577 = PLANE ( 'NONE',  #3911 ) ;
#3578 = CARTESIAN_POINT ( 'NONE',  ( 0.0000000000000000000, 2.877919977996238412E-16, -2.349999999999966338 ) ) ;
#3579 = CARTESIAN_POINT ( 'NONE',  ( 6.049999999999998934, 1.999999999999999556, -2.149999999999999911 ) ) ;
#3580 = ORIENTED_EDGE ( 'NONE', *, *, #3644, .F. ) ;
#3581 = ORIENTED_EDGE ( 'NONE', *, *, #4705, .T. ) ;
#3582 = ORIENTED_EDGE ( 'NONE', *, *, #1288, .T. ) ;
#3583 = CARTESIAN_POINT ( 'NONE',  ( 9.600000000000001421, 0.0000000000000000000, 0.0000000000000000000 ) ) ;
#3584 = PRESENTATION_STYLE_ASSIGNMENT (( #4286 ) ) ;
#3585 = CARTESIAN_POINT ( 'NONE',  ( 8.900000000000000355, 5.200000000000001954, 3.000000000000000000 ) ) ;
#3586 = ORIENTED_EDGE ( 'NONE', *, *, #393, .T. ) ;
#3587 = VECTOR ( 'NONE', #1963, 1000.000000000000000 ) ;
#3588 = ORIENTED_EDGE ( 'NONE', *, *, #2793, .T. ) ;
#3589 = CARTESIAN_POINT ( 'NONE',  ( 4.177050983124840577, 12.09999999999999964, -0.5000000000000000000 ) ) ;
#3590 = VECTOR ( 'NONE', #4203, 1000.000000000000000 ) ;
#3591 = CARTESIAN_POINT ( 'NONE',  ( 0.0000000000000000000, 5.000000000000000000, -5.200000000000001066 ) ) ;
#3592 = EDGE_CURVE ( 'NONE', #4270, #3801, #3175, .T. ) ;
#3593 = CARTESIAN_POINT ( 'NONE',  ( -0.2999999999999999889, 7.000000000000000888, -3.699999999999999734 ) ) ;
#3594 = VECTOR ( 'NONE', #1059, 1000.000000000000000 ) ;
#3595 = CARTESIAN_POINT ( 'NONE',  ( 8.900000000000000355, 5.200000000000001954, 3.000000000000000000 ) ) ;
#3596 = DIRECTION ( 'NONE',  ( 0.0000000000000000000, 1.000000000000000000, 0.0000000000000000000 ) ) ;
#3597 = VERTEX_POINT ( 'NONE', #3317 ) ;
#3598 =( GEOMETRIC_REPRESENTATION_CONTEXT ( 3 ) GLOBAL_UNCERTAINTY_ASSIGNED_CONTEXT ( ( #3428 ) ) GLOBAL_UNIT_ASSIGNED_CONTEXT ( ( #1371, #2064, #3275 ) ) REPRESENTATION_CONTEXT ( 'NONE', 'WORKASPACE' ) );
#3599 = ORIENTED_EDGE ( 'NONE', *, *, #3165, .F. ) ;
#3600 = EDGE_CURVE ( 'NONE', #788, #2086, #2802, .T. ) ;
#3601 = CARTESIAN_POINT ( 'NONE',  ( 10.00000000000000000, 5.000000000000000000, -5.200000000000001066 ) ) ;
#3602 = VECTOR ( 'NONE', #2713, 1000.000000000000000 ) ;
#3603 = DIRECTION ( 'NONE',  ( 0.0000000000000000000, 0.0000000000000000000, 1.000000000000000000 ) ) ;
#3604 = LINE ( 'NONE', #2168, #3484 ) ;
#3605 = UNCERTAINTY_MEASURE_WITH_UNIT (LENGTH_MEASURE( 1.000000000000000082E-05 ), #869, 'distance_accuracy_value', 'NONE');
#3606 = CARTESIAN_POINT ( 'NONE',  ( 3.600000000000000533, 6.441097277853660152, -3.824777611091934926 ) ) ;
#3607 = ORIENTED_EDGE ( 'NONE', *, *, #2655, .F. ) ;
#3608 = ORIENTED_EDGE ( 'NONE', *, *, #1202, .T. ) ;
#3609 = ORIENTED_EDGE ( 'NONE', *, *, #3088, .F. ) ;
#3610 = EDGE_CURVE ( 'NONE', #1374, #2085, #184, .T. ) ;
#3611 = VECTOR ( 'NONE', #2742, 1000.000000000000000 ) ;
#3612 = DIRECTION ( 'NONE',  ( 0.0000000000000000000, 0.0000000000000000000, -1.000000000000000000 ) ) ;
#3613 = CARTESIAN_POINT ( 'NONE',  ( 6.299999999999999822, 0.0000000000000000000, -2.349999999999965450 ) ) ;
#3614 = FACE_OUTER_BOUND ( 'NONE', #2410, .T. ) ;
#3615 = STYLED_ITEM ( 'NONE', ( #2867 ), #4185 ) ;
#3616 = DIRECTION ( 'NONE',  ( -1.000000000000000000, 7.660181077863341269E-33, -6.255012533570216466E-17 ) ) ;
#3617 = ORIENTED_EDGE ( 'NONE', *, *, #2961, .F. ) ;
#3618 = PRESENTATION_LAYER_ASSIGNMENT (  '', '', ( #208 ) ) ;
#3619 = VECTOR ( 'NONE', #1169, 1000.000000000000000 ) ;
#3620 = VERTEX_POINT ( 'NONE', #4260 ) ;
#3621 = CARTESIAN_POINT ( 'NONE',  ( 1.099999999999999867, 2.000000000000001776, 3.000000000000000000 ) ) ;
#3622 = VECTOR ( 'NONE', #2553, 1000.000000000000000 ) ;
#3623 = VECTOR ( 'NONE', #2105, 1000.000000000000000 ) ;
#3624 = LINE ( 'NONE', #4089, #1920 ) ;
#3625 = LINE ( 'NONE', #3964, #1573 ) ;
#3626 = CARTESIAN_POINT ( 'NONE',  ( 10.00000000000000000, 6.999999999999999112, 0.0000000000000000000 ) ) ;
#3627 = VECTOR ( 'NONE', #4189, 1000.000000000000000 ) ;
#3628 = DIRECTION ( 'NONE',  ( 1.000000000000000000, -0.0000000000000000000, 0.0000000000000000000 ) ) ;
#3629 = CARTESIAN_POINT ( 'NONE',  ( 9.700000000000002842, 0.0000000000000000000, 0.0000000000000000000 ) ) ;
#3630 = ORIENTED_EDGE ( 'NONE', *, *, #2838, .T. ) ;
#3631 = VECTOR ( 'NONE', #1808, 1000.000000000000000 ) ;
#3632 = FACE_OUTER_BOUND ( 'NONE', #4438, .T. ) ;
#3633 = LINE ( 'NONE', #2188, #3991 ) ;
#3634 = DIRECTION ( 'NONE',  ( -3.469446951953614189E-15, 0.0000000000000000000, -1.000000000000000000 ) ) ;
#3635 = CARTESIAN_POINT ( 'NONE',  ( 0.5499999999999987121, 8.000000000000000000, -2.350000000000000533 ) ) ;
#3636 = EDGE_CURVE ( 'NONE', #4650, #146, #4298, .T. ) ;
#3637 = DIRECTION ( 'NONE',  ( 0.0000000000000000000, 0.0000000000000000000, -1.000000000000000000 ) ) ;
#3638 = ORIENTED_EDGE ( 'NONE', *, *, #2967, .F. ) ;
#3639 = VECTOR ( 'NONE', #1635, 1000.000000000000000 ) ;
#3640 = ORIENTED_EDGE ( 'NONE', *, *, #4174, .T. ) ;
#3641 = FACE_OUTER_BOUND ( 'NONE', #1746, .T. ) ;
#3642 = CARTESIAN_POINT ( 'NONE',  ( 3.727129896139459664, 2.604605417997689950E-16, -4.253643450194973141 ) ) ;
#3643 = CARTESIAN_POINT ( 'NONE',  ( 10.00000000000000000, 10.44109727785365749, -3.824777611091933149 ) ) ;
#3644 = EDGE_CURVE ( 'NONE', #1471, #1124, #936, .T. ) ;
#3645 = EDGE_CURVE ( 'NONE', #2833, #2960, #752, .T. ) ;
#3646 = EDGE_LOOP ( 'NONE', ( #1558, #3774, #3256, #1413, #4453, #2952, #2947, #2886 ) ) ;
#3647 = ORIENTED_EDGE ( 'NONE', *, *, #3709, .T. ) ;
#3648 = DIRECTION ( 'NONE',  ( 0.0000000000000000000, 0.7371541402007415478, 0.6757246285173462708 ) ) ;
#3649 = DIRECTION ( 'NONE',  ( -0.0000000000000000000, 0.0000000000000000000, 1.000000000000000000 ) ) ;
#3650 = DIRECTION ( 'NONE',  ( -1.000000000000000000, 0.0000000000000000000, 0.0000000000000000000 ) ) ;
#3651 = DIRECTION ( 'NONE',  ( 0.0000000000000000000, 1.224646799147353207E-16, -1.000000000000000000 ) ) ;
#3652 = DIRECTION ( 'NONE',  ( 0.0000000000000000000, 1.000000000000000000, 0.0000000000000000000 ) ) ;
#3653 = DIRECTION ( 'NONE',  ( -0.0000000000000000000, -1.000000000000000000, -1.224646799147353207E-16 ) ) ;
#3654 =( NAMED_UNIT ( * ) SI_UNIT ( $, .STERADIAN. ) SOLID_ANGLE_UNIT ( ) );
#3655 =( NAMED_UNIT ( * ) PLANE_ANGLE_UNIT ( ) SI_UNIT ( $, .RADIAN. ) );
#3656 = FACE_OUTER_BOUND ( 'NONE', #2440, .T. ) ;
#3657 = FILL_AREA_STYLE_COLOUR ( '', #590 ) ;
#3658 = CARTESIAN_POINT ( 'NONE',  ( -0.2999999999999999889, 7.000000000000000888, -2.699999999999999734 ) ) ;
#3659 = UNCERTAINTY_MEASURE_WITH_UNIT (LENGTH_MEASURE( 1.000000000000000082E-05 ), #259, 'distance_accuracy_value', 'NONE');
#3660 = FACE_OUTER_BOUND ( 'NONE', #2075, .T. ) ;
#3661 = ORIENTED_EDGE ( 'NONE', *, *, #495, .T. ) ;
#3662 = ORIENTED_EDGE ( 'NONE', *, *, #3521, .F. ) ;
#3663 = ORIENTED_EDGE ( 'NONE', *, *, #112, .F. ) ;
#3664 = DIRECTION ( 'NONE',  ( -0.0000000000000000000, -1.000000000000000000, -0.0000000000000000000 ) ) ;
#3665 = EDGE_CURVE ( 'NONE', #4167, #1177, #3290, .T. ) ;
#3666 = LINE ( 'NONE', #1173, #2376 ) ;
#3667 = CARTESIAN_POINT ( 'NONE',  ( -0.2999999999999999889, 0.0000000000000000000, -2.699999999999998401 ) ) ;
#3668 = CARTESIAN_POINT ( 'NONE',  ( 10.00000000000000000, 0.0000000000000000000, 0.0000000000000000000 ) ) ;
#3669 = EDGE_LOOP ( 'NONE', ( #2673, #1396 ) ) ;
#3670 = EDGE_CURVE ( 'NONE', #1014, #3702, #2926, .T. ) ;
#3671 = ORIENTED_EDGE ( 'NONE', *, *, #3733, .T. ) ;
#3672 = DIRECTION ( 'NONE',  ( 0.0000000000000000000, 1.224646799147353207E-16, -1.000000000000000000 ) ) ;
#3673 = CARTESIAN_POINT ( 'NONE',  ( 10.00000000000000000, 6.999999999999999112, 0.0000000000000000000 ) ) ;
#3674 = AXIS2_PLACEMENT_3D ( 'NONE', #4017, #227, #1006 ) ;
#3675 = FACE_OUTER_BOUND ( 'NONE', #4533, .T. ) ;
#3676 = EDGE_CURVE ( 'NONE', #3262, #321, #2424, .T. ) ;
#3677 = ORIENTED_EDGE ( 'NONE', *, *, #3847, .F. ) ;
#3678 = FILL_AREA_STYLE ('',( #1700 ) ) ;
#3679 = DIRECTION ( 'NONE',  ( 0.0000000000000000000, 0.0000000000000000000, 1.000000000000000000 ) ) ;
#3680 = PLANE ( 'NONE',  #2052 ) ;
#3681 = COLOUR_RGB ( '',0.6666666666666666297, 0.6666666666666666297, 0.6666666666666666297 ) ;
#3682 = CARTESIAN_POINT ( 'NONE',  ( 8.949999999999999289, 2.000000000000000000, 2.850000000000008971 ) ) ;
#3683 = CARTESIAN_POINT ( 'NONE',  ( 0.5499999999999983791, 8.000000000000000000, 2.850000000000000089 ) ) ;
#3684 = LINE ( 'NONE', #1517, #67 ) ;
#3685 = PLANE ( 'NONE',  #4239 ) ;
#3686 = ORIENTED_EDGE ( 'NONE', *, *, #4758, .T. ) ;
#3687 = EDGE_LOOP ( 'NONE', ( #433, #3867, #2222, #1393 ) ) ;
#3688 = CARTESIAN_POINT ( 'NONE',  ( 3.600000000000000533, 1.612742585576168564, -5.045130994854378770 ) ) ;
#3689 = SURFACE_STYLE_USAGE ( .BOTH. , #733 ) ;
#3690 = AXIS2_PLACEMENT_3D ( 'NONE', #3242, #1390, #1437 ) ;
#3691 = MECHANICAL_DESIGN_GEOMETRIC_PRESENTATION_REPRESENTATION (  '', ( #194 ), #3143 ) ;
#3692 = DIRECTION ( 'NONE',  ( 0.0000000000000000000, -0.1646435029425313279, 0.9863531400765207513 ) ) ;
#3693 = DIRECTION ( 'NONE',  ( -0.0000000000000000000, 1.000000000000000000, 1.224646799147353207E-16 ) ) ;
#3694 = CARTESIAN_POINT ( 'NONE',  ( 6.049999999999998046, 5.299999999999999822, -2.149999999999999911 ) ) ;
#3695 = EDGE_CURVE ( 'NONE', #2891, #321, #62, .T. ) ;
#3696 = MECHANICAL_DESIGN_GEOMETRIC_PRESENTATION_REPRESENTATION (  '', ( #4607 ), #521 ) ;
#3697 = VERTEX_POINT ( 'NONE', #1179 ) ;
#3698 = ORIENTED_EDGE ( 'NONE', *, *, #421, .T. ) ;
#3699 = VECTOR ( 'NONE', #3904, 1000.000000000000000 ) ;
#3700 = EDGE_CURVE ( 'NONE', #3719, #4666, #4494, .T. ) ;
#3701 = PLANE ( 'NONE',  #607 ) ;
#3702 = VERTEX_POINT ( 'NONE', #412 ) ;
#3703 = CARTESIAN_POINT ( 'NONE',  ( 7.505624112914681234, -3.500000000000000000, -0.1999999999999998723 ) ) ;
#3704 = ORIENTED_EDGE ( 'NONE', *, *, #3029, .F. ) ;
#3705 = DIRECTION ( 'NONE',  ( 0.0000000000000000000, 1.224646799147352961E-16, -1.000000000000000000 ) ) ;
#3706 = MECHANICAL_DESIGN_GEOMETRIC_PRESENTATION_REPRESENTATION (  '', ( #1915 ), #690 ) ;
#3707 = VECTOR ( 'NONE', #890, 1000.000000000000000 ) ;
#3708 = DIRECTION ( 'NONE',  ( -1.000000000000000000, 0.0000000000000000000, -0.0000000000000000000 ) ) ;
#3709 = EDGE_CURVE ( 'NONE', #4158, #4756, #1159, .T. ) ;
#3710 = CARTESIAN_POINT ( 'NONE',  ( 7.505624112914681234, -3.500000000000000000, -0.1999999999999998723 ) ) ;
#3711 = CIRCLE ( 'NONE', #536, 1.899999999999999911 ) ;
#3712 = DIRECTION ( 'NONE',  ( 1.000000000000000000, 0.0000000000000000000, 0.0000000000000000000 ) ) ;
#3713 =( NAMED_UNIT ( * ) SI_UNIT ( $, .STERADIAN. ) SOLID_ANGLE_UNIT ( ) );
#3714 = LINE ( 'NONE', #756, #392 ) ;
#3715 = UNCERTAINTY_MEASURE_WITH_UNIT (LENGTH_MEASURE( 1.000000000000000082E-05 ), #2191, 'distance_accuracy_value', 'NONE');
#3716 = VECTOR ( 'NONE', #3769, 1000.000000000000000 ) ;
#3717 = FACE_OUTER_BOUND ( 'NONE', #731, .T. ) ;
#3718 = EDGE_LOOP ( 'NONE', ( #3581, #2248, #4128, #4290 ) ) ;
#3719 = VERTEX_POINT ( 'NONE', #3418 ) ;
#3720 = EDGE_LOOP ( 'NONE', ( #2487, #2183, #866, #3352 ) ) ;
#3721 = CARTESIAN_POINT ( 'NONE',  ( 0.0000000000000000000, 0.0000000000000000000, -2.149999999999999911 ) ) ;
#3722 = DIRECTION ( 'NONE',  ( 0.0000000000000000000, 1.000000000000000000, 1.224646799147353454E-16 ) ) ;
#3723 = PLANE ( 'NONE',  #4166 ) ;
#3724 = AXIS2_PLACEMENT_3D ( 'NONE', #3443, #571, #4550 ) ;
#3725 = DIRECTION ( 'NONE',  ( -0.0000000000000000000, -1.000000000000000000, -0.0000000000000000000 ) ) ;
#3726 = ORIENTED_EDGE ( 'NONE', *, *, #688, .F. ) ;
#3727 = VERTEX_POINT ( 'NONE', #3075 ) ;
#3728 = SURFACE_STYLE_USAGE ( .BOTH. , #4135 ) ;
#3729 = PLANE ( 'NONE',  #2230 ) ;
#3730 = EDGE_LOOP ( 'NONE', ( #2593, #2170, #2688, #1009, #4411, #1456, #4034, #7 ) ) ;
#3731 = LINE ( 'NONE', #30, #2409 ) ;
#3732 = ORIENTED_EDGE ( 'NONE', *, *, #3222, .F. ) ;
#3733 = EDGE_CURVE ( 'NONE', #3277, #3895, #3002, .T. ) ;
#3734 = FACE_OUTER_BOUND ( 'NONE', #1501, .T. ) ;
#3735 =( LENGTH_UNIT ( ) NAMED_UNIT ( * ) SI_UNIT ( .MILLI., .METRE. ) );
#3736 = DIRECTION ( 'NONE',  ( 0.0000000000000000000, 1.000000000000000000, -0.0000000000000000000 ) ) ;
#3737 = LINE ( 'NONE', #2610, #3622 ) ;
#3738 = LINE ( 'NONE', #1543, #2031 ) ;
#3739 = EDGE_CURVE ( 'NONE', #927, #18, #2634, .T. ) ;
#3740 = PLANE ( 'NONE',  #671 ) ;
#3741 = LINE ( 'NONE', #2641, #4111 ) ;
#3742 = VERTEX_POINT ( 'NONE', #2261 ) ;
#3743 = ORIENTED_EDGE ( 'NONE', *, *, #2327, .F. ) ;
#3744 = VERTEX_POINT ( 'NONE', #4067 ) ;
#3745 = CARTESIAN_POINT ( 'NONE',  ( 7.500000000000000000, 14.09999999999999964, 0.0000000000000000000 ) ) ;
#3746 = EDGE_CURVE ( 'NONE', #4345, #1287, #2606, .T. ) ;
#3747 = CARTESIAN_POINT ( 'NONE',  ( 4.449999999999998401, 2.000000000000000000, 2.850000000000000089 ) ) ;
#3748 = DIRECTION ( 'NONE',  ( 0.0000000000000000000, 0.0000000000000000000, -1.000000000000000000 ) ) ;
#3749 = DIRECTION ( 'NONE',  ( -0.0000000000000000000, 1.000000000000000000, 0.0000000000000000000 ) ) ;
#3750 = VERTEX_POINT ( 'NONE', #748 ) ;
#3751 = EDGE_LOOP ( 'NONE', ( #4582, #2789, #808, #1367, #127, #489, #282, #4385 ) ) ;
#3752 = FILL_AREA_STYLE ('',( #1151 ) ) ;
#3753 = ORIENTED_EDGE ( 'NONE', *, *, #3709, .F. ) ;
#3754 = PLANE ( 'NONE',  #2811 ) ;
#3755 = VERTEX_POINT ( 'NONE', #3052 ) ;
#3756 = SURFACE_STYLE_USAGE ( .BOTH. , #32 ) ;
#3757 = LINE ( 'NONE', #942, #1515 ) ;
#3758 =( NAMED_UNIT ( * ) PLANE_ANGLE_UNIT ( ) SI_UNIT ( $, .RADIAN. ) );
#3759 =( LENGTH_UNIT ( ) NAMED_UNIT ( * ) SI_UNIT ( .MILLI., .METRE. ) );
#3760 = COLOUR_RGB ( '',0.6666666666666666297, 0.6666666666666666297, 0.6666666666666666297 ) ;
#3761 = DIRECTION ( 'NONE',  ( 0.0000000000000000000, -1.000000000000000000, -1.224646799147353207E-16 ) ) ;
#3762 = CARTESIAN_POINT ( 'NONE',  ( 1.616233172687034884E-16, 12.09999999999999964, 0.5000000000000025535 ) ) ;
#3763 = VERTEX_POINT ( 'NONE', #799 ) ;
#3764 = ADVANCED_FACE ( 'NONE', ( #3734 ), #849, .T. ) ;
#3765 = AXIS2_PLACEMENT_3D ( 'NONE', #2561, #1038, #2196 ) ;
#3766 = ORIENTED_EDGE ( 'NONE', *, *, #501, .T. ) ;
#3767 = ORIENTED_EDGE ( 'NONE', *, *, #1641, .T. ) ;
#3768 = CARTESIAN_POINT ( 'NONE',  ( 8.949999999999999289, 5.299999999999999822, -2.149999999999999911 ) ) ;
#3769 = DIRECTION ( 'NONE',  ( 0.0000000000000000000, 0.0000000000000000000, -1.000000000000000000 ) ) ;
#3770 = VECTOR ( 'NONE', #655, 1000.000000000000000 ) ;
#3771 = DIRECTION ( 'NONE',  ( 0.0000000000000000000, 1.000000000000000000, 1.224646799147353207E-16 ) ) ;
#3772 =( LENGTH_UNIT ( ) NAMED_UNIT ( * ) SI_UNIT ( .MILLI., .METRE. ) );
#3773 = EDGE_CURVE ( 'NONE', #4010, #2559, #3782, .T. ) ;
#3774 = ORIENTED_EDGE ( 'NONE', *, *, #1825, .F. ) ;
#3775 =( GEOMETRIC_REPRESENTATION_CONTEXT ( 3 ) GLOBAL_UNCERTAINTY_ASSIGNED_CONTEXT ( ( #2302 ) ) GLOBAL_UNIT_ASSIGNED_CONTEXT ( ( #2712, #2080, #2055 ) ) REPRESENTATION_CONTEXT ( 'NONE', 'WORKASPACE' ) );
#3776 = CARTESIAN_POINT ( 'NONE',  ( 0.4000000000000001887, 11.00000000000000000, 3.000000000000000000 ) ) ;
#3777 = STYLED_ITEM ( 'NONE', ( #3325 ), #1587 ) ;
#3778 = ORIENTED_EDGE ( 'NONE', *, *, #4609, .T. ) ;
#3779 = CARTESIAN_POINT ( 'NONE',  ( 0.0000000000000000000, 0.0000000000000000000, -2.149999999999999911 ) ) ;
#3780 = AXIS2_PLACEMENT_3D ( 'NONE', #4517, #4602, #903 ) ;
#3781 = ORIENTED_EDGE ( 'NONE', *, *, #3438, .F. ) ;
#3782 = LINE ( 'NONE', #4094, #4226 ) ;
#3783 = CARTESIAN_POINT ( 'NONE',  ( 0.0000000000000000000, 9.629649721936179265E-32, 1.179291970887934462E-47 ) ) ;
#3784 = CARTESIAN_POINT ( 'NONE',  ( 10.00000000000000000, 7.299999999999998934, 5.000000000000000000 ) ) ;
#3785 = STYLED_ITEM ( 'NONE', ( #4210 ), #2489 ) ;
#3786 = CARTESIAN_POINT ( 'NONE',  ( 2.499999999999998668, 11.09999999999999787, -1.750000000000000000 ) ) ;
#3787 = ORIENTED_EDGE ( 'NONE', *, *, #2629, .T. ) ;
#3788 = ORIENTED_EDGE ( 'NONE', *, *, #3773, .F. ) ;
#3789 = VECTOR ( 'NONE', #4615, 1000.000000000000000 ) ;
#3790 = EDGE_LOOP ( 'NONE', ( #195, #905, #3907, #1477, #757, #907, #3877, #2910, #2281, #1184, #3698, #3609, #3607, #1758, #1880, #1782 ) ) ;
#3791 = CARTESIAN_POINT ( 'NONE',  ( 1.149999999999999467, 7.000000000000000000, -2.500000000000001332 ) ) ;
#3792 = EDGE_CURVE ( 'NONE', #2730, #1645, #2238, .T. ) ;
#3793 = CARTESIAN_POINT ( 'NONE',  ( 0.0000000000000000000, 7.000000000000000888, -4.399999999999998579 ) ) ;
#3794 = DIRECTION ( 'NONE',  ( 0.0000000000000000000, 1.000000000000000000, 0.0000000000000000000 ) ) ;
#3795 = ORIENTED_EDGE ( 'NONE', *, *, #3136, .T. ) ;
#3796 = VECTOR ( 'NONE', #4196, 1000.000000000000000 ) ;
#3797 = ADVANCED_FACE ( 'NONE', ( #2975 ), #2678, .F. ) ;
#3798 = EDGE_CURVE ( 'NONE', #2797, #4003, #2312, .T. ) ;
#3799 = SURFACE_SIDE_STYLE ('',( #2949 ) ) ;
#3800 = DIRECTION ( 'NONE',  ( 0.0000000000000000000, -0.0000000000000000000, -1.000000000000000000 ) ) ;
#3801 = VERTEX_POINT ( 'NONE', #2411 ) ;
#3802 = DIRECTION ( 'NONE',  ( 1.577021341797097314E-16, -0.0000000000000000000, -1.000000000000000000 ) ) ;
#3803 = ORIENTED_EDGE ( 'NONE', *, *, #824, .T. ) ;
#3804 = DIRECTION ( 'NONE',  ( 0.0000000000000000000, 1.000000000000000000, 1.224646799147353207E-16 ) ) ;
#3805 = PLANE ( 'NONE',  #4323 ) ;
#3806 = CARTESIAN_POINT ( 'NONE',  ( 7.505624112914681234, -3.500000000000000000, -0.1999999999999998723 ) ) ;
#3807 = SURFACE_STYLE_USAGE ( .BOTH. , #4050 ) ;
#3808 = DIRECTION ( 'NONE',  ( 7.107463702966606345E-16, 0.0000000000000000000, 1.000000000000000000 ) ) ;
#3809 = FACE_OUTER_BOUND ( 'NONE', #3751, .T. ) ;
#3810 = EDGE_LOOP ( 'NONE', ( #1813, #3147, #841, #4590 ) ) ;
#3811 = LINE ( 'NONE', #3107, #4237 ) ;
#3812 = PLANE ( 'NONE',  #1805 ) ;
#3813 = DIRECTION ( 'NONE',  ( 1.000000000000000000, 0.0000000000000000000, 0.0000000000000000000 ) ) ;
#3814 = DIRECTION ( 'NONE',  ( 0.0000000000000000000, 1.000000000000000000, 1.224646799147353207E-16 ) ) ;
#3815 = UNCERTAINTY_MEASURE_WITH_UNIT (LENGTH_MEASURE( 1.000000000000000082E-05 ), #737, 'distance_accuracy_value', 'NONE');
#3816 = CARTESIAN_POINT ( 'NONE',  ( 2.499999999999998668, 11.09999999999999787, 0.0000000000000000000 ) ) ;
#3817 = ORIENTED_EDGE ( 'NONE', *, *, #1642, .T. ) ;
#3818 = DIRECTION ( 'NONE',  ( 0.0000000000000000000, 1.000000000000000000, -0.0000000000000000000 ) ) ;
#3819 = ORIENTED_EDGE ( 'NONE', *, *, #3079, .T. ) ;
#3820 = ADVANCED_FACE ( 'NONE', ( #1986 ), #2372, .F. ) ;
#3821 = CARTESIAN_POINT ( 'NONE',  ( 10.00000000000000000, 7.099999999999999645, 4.800000000000000711 ) ) ;
#3822 = ORIENTED_EDGE ( 'NONE', *, *, #2660, .T. ) ;
#3823 = PLANE ( 'NONE',  #2533 ) ;
#3824 = EDGE_CURVE ( 'NONE', #1483, #4363, #4251, .T. ) ;
#3825 = SURFACE_STYLE_USAGE ( .BOTH. , #139 ) ;
#3826 = DIRECTION ( 'NONE',  ( -1.000000000000000000, 0.0000000000000000000, 0.0000000000000000000 ) ) ;
#3827 = DIRECTION ( 'NONE',  ( 1.577021341797097314E-16, -0.0000000000000000000, -1.000000000000000000 ) ) ;
#3828 = FILL_AREA_STYLE ('',( #2335 ) ) ;
#3829 = ORIENTED_EDGE ( 'NONE', *, *, #1284, .T. ) ;
#3830 = DIRECTION ( 'NONE',  ( 1.000000000000000000, 0.0000000000000000000, -0.0000000000000000000 ) ) ;
#3831 = VECTOR ( 'NONE', #2896, 1000.000000000000000 ) ;
#3832 = LINE ( 'NONE', #183, #4155 ) ;
#3833 = DIRECTION ( 'NONE',  ( 0.0000000000000000000, 0.0000000000000000000, -1.000000000000000000 ) ) ;
#3834 = STYLED_ITEM ( 'NONE', ( #3176 ), #679 ) ;
#3835 = CARTESIAN_POINT ( 'NONE',  ( 6.049999999999998046, 5.299999999999999822, -2.149999999999999911 ) ) ;
#3836 = FACE_OUTER_BOUND ( 'NONE', #290, .T. ) ;
#3837 = VECTOR ( 'NONE', #3924, 1000.000000000000000 ) ;
#3838 = ORIENTED_EDGE ( 'NONE', *, *, #4580, .T. ) ;
#3839 = FACE_OUTER_BOUND ( 'NONE', #406, .T. ) ;
#3840 = ORIENTED_EDGE ( 'NONE', *, *, #1642, .F. ) ;
#3841 = VECTOR ( 'NONE', #3364, 1000.000000000000000 ) ;
#3842 = ADVANCED_FACE ( 'NONE', ( #2769 ), #3116, .F. ) ;
#3843 = CARTESIAN_POINT ( 'NONE',  ( 9.600000000000001421, 11.00000000000000000, 1.347111479062088405E-15 ) ) ;
#3844 = VECTOR ( 'NONE', #4675, 1000.000000000000000 ) ;
#3845 = CARTESIAN_POINT ( 'NONE',  ( 8.727129896139459220, 8.000000000000000000, -2.349999999999965450 ) ) ;
#3846 = CARTESIAN_POINT ( 'NONE',  ( 10.00000000000000000, 1.285879139104720978E-16, -4.200000000000000178 ) ) ;
#3847 = EDGE_CURVE ( 'NONE', #4250, #2766, #4585, .T. ) ;
#3848 = STYLED_ITEM ( 'NONE', ( #2462 ), #4152 ) ;
#3849 = EDGE_CURVE ( 'NONE', #2903, #3862, #546, .T. ) ;
#3850 = CARTESIAN_POINT ( 'NONE',  ( 8.600000000000001421, 7.000000000000000888, -5.045130994854378770 ) ) ;
#3851 = ORIENTED_EDGE ( 'NONE', *, *, #3962, .F. ) ;
#3852 = ORIENTED_EDGE ( 'NONE', *, *, #589, .F. ) ;
#3853 =( NAMED_UNIT ( * ) SI_UNIT ( $, .STERADIAN. ) SOLID_ANGLE_UNIT ( ) );
#3854 = VECTOR ( 'NONE', #73, 1000.000000000000000 ) ;
#3855 = FILL_AREA_STYLE ('',( #2719 ) ) ;
#3856 = LINE ( 'NONE', #1937, #1161 ) ;
#3857 = MECHANICAL_DESIGN_GEOMETRIC_PRESENTATION_REPRESENTATION (  '', ( #1071 ), #4095 ) ;
#3858 = UNCERTAINTY_MEASURE_WITH_UNIT (LENGTH_MEASURE( 1.000000000000000082E-05 ), #484, 'distance_accuracy_value', 'NONE');
#3859 = STYLED_ITEM ( 'NONE', ( #2552 ), #2748 ) ;
#3860 = DIRECTION ( 'NONE',  ( 0.0000000000000000000, -1.224646799147353207E-16, 1.000000000000000000 ) ) ;
#3861 = AXIS2_PLACEMENT_3D ( 'NONE', #395, #1108, #364 ) ;
#3862 = VERTEX_POINT ( 'NONE', #136 ) ;
#3863 =( GEOMETRIC_REPRESENTATION_CONTEXT ( 3 ) GLOBAL_UNCERTAINTY_ASSIGNED_CONTEXT ( ( #1240 ) ) GLOBAL_UNIT_ASSIGNED_CONTEXT ( ( #1670, #974, #1710 ) ) REPRESENTATION_CONTEXT ( 'NONE', 'WORKASPACE' ) );
#3864 = LINE ( 'NONE', #2389, #2518 ) ;
#3865 = DIRECTION ( 'NONE',  ( 0.0000000000000000000, 0.0000000000000000000, -1.000000000000000000 ) ) ;
#3866 = VECTOR ( 'NONE', #2508, 1000.000000000000000 ) ;
#3867 = ORIENTED_EDGE ( 'NONE', *, *, #3792, .F. ) ;
#3868 =( GEOMETRIC_REPRESENTATION_CONTEXT ( 3 ) GLOBAL_UNCERTAINTY_ASSIGNED_CONTEXT ( ( #467 ) ) GLOBAL_UNIT_ASSIGNED_CONTEXT ( ( #541, #2017, #3153 ) ) REPRESENTATION_CONTEXT ( 'NONE', 'WORKASPACE' ) );
#3869 = EDGE_LOOP ( 'NONE', ( #694, #1619, #1831, #3382 ) ) ;
#3870 = DIRECTION ( 'NONE',  ( 0.0000000000000000000, 1.224646799147353207E-16, -1.000000000000000000 ) ) ;
#3871 = FILL_AREA_STYLE_COLOUR ( '', #4789 ) ;
#3872 = DIRECTION ( 'NONE',  ( -0.0000000000000000000, 1.224646799147353207E-16, -1.000000000000000000 ) ) ;
#3873 = EDGE_CURVE ( 'NONE', #4742, #1686, #1667, .T. ) ;
#3874 = SURFACE_STYLE_USAGE ( .BOTH. , #4232 ) ;
#3875 = DIRECTION ( 'NONE',  ( -0.0000000000000000000, -1.224646799147353454E-16, 1.000000000000000000 ) ) ;
#3876 = ORIENTED_EDGE ( 'NONE', *, *, #328, .T. ) ;
#3877 = ORIENTED_EDGE ( 'NONE', *, *, #140, .T. ) ;
#3878 = ADVANCED_FACE ( 'NONE', ( #174, #3549 ), #1647, .T. ) ;
#3879 = EDGE_CURVE ( 'NONE', #2480, #4139, #972, .T. ) ;
#3880 = FACE_OUTER_BOUND ( 'NONE', #4340, .T. ) ;
#3881 = CARTESIAN_POINT ( 'NONE',  ( 3.850000000000000089, 7.654042494670962783E-17, -2.500000000000001332 ) ) ;
#3882 = CARTESIAN_POINT ( 'NONE',  ( 2.499999999999998668, 13.10000000000000142, 0.0000000000000000000 ) ) ;
#3883 = EDGE_CURVE ( 'NONE', #2349, #2249, #4396, .T. ) ;
#3884 = CARTESIAN_POINT ( 'NONE',  ( 2.499999999999998668, 13.10000000000000142, -1.750000000000000000 ) ) ;
#3885 = CARTESIAN_POINT ( 'NONE',  ( 8.900000000000000355, 1.699999999999999289, 5.000000000000000000 ) ) ;
#3886 = ORIENTED_EDGE ( 'NONE', *, *, #1556, .T. ) ;
#3887 = VERTEX_POINT ( 'NONE', #2873 ) ;
#3888 = FILL_AREA_STYLE_COLOUR ( '', #4006 ) ;
#3889 = DIRECTION ( 'NONE',  ( 0.0000000000000000000, 1.000000000000000000, 1.224646799147353207E-16 ) ) ;
#3890 = SURFACE_STYLE_FILL_AREA ( #3465 ) ;
#3891 = PRESENTATION_STYLE_ASSIGNMENT (( #3874 ) ) ;
#3892 = CARTESIAN_POINT ( 'NONE',  ( 9.700000000000002842, 6.999999999999999112, -4.200000000000000178 ) ) ;
#3893 = EDGE_CURVE ( 'NONE', #341, #4805, #620, .T. ) ;
#3894 = CARTESIAN_POINT ( 'NONE',  ( 3.900000000000000355, 2.000000000000001332, 3.202747531882599308 ) ) ;
#3895 = VERTEX_POINT ( 'NONE', #246 ) ;
#3896 = SURFACE_SIDE_STYLE ('',( #3473 ) ) ;
#3897 = DIRECTION ( 'NONE',  ( 1.000000000000000000, -0.0000000000000000000, 0.0000000000000000000 ) ) ;
#3898 = EDGE_CURVE ( 'NONE', #719, #4749, #4709, .T. ) ;
#3899 = SURFACE_STYLE_FILL_AREA ( #559 ) ;
#3900 = STYLED_ITEM ( 'NONE', ( #2602 ), #538 ) ;
#3901 = CARTESIAN_POINT ( 'NONE',  ( 8.900000000000000355, 11.00000000000000000, 3.000000000000001332 ) ) ;
#3902 = LINE ( 'NONE', #3431, #2762 ) ;
#3903 = EDGE_CURVE ( 'NONE', #2558, #2004, #2467, .T. ) ;
#3904 = DIRECTION ( 'NONE',  ( -1.000000000000000000, -0.0000000000000000000, 0.0000000000000000000 ) ) ;
#3905 = VERTEX_POINT ( 'NONE', #1022 ) ;
#3906 = VECTOR ( 'NONE', #1807, 1000.000000000000000 ) ;
#3907 = ORIENTED_EDGE ( 'NONE', *, *, #2739, .F. ) ;
#3908 = PRESENTATION_LAYER_ASSIGNMENT (  '', '', ( #4763 ) ) ;
#3909 = CARTESIAN_POINT ( 'NONE',  ( 3.900000000000000799, 7.000000000000000888, 5.000000000000003553 ) ) ;
#3910 = CARTESIAN_POINT ( 'NONE',  ( 10.00000000000000000, 14.09999999999999964, 2.899999999999999911 ) ) ;
#3911 = AXIS2_PLACEMENT_3D ( 'NONE', #3251, #3897, #287 ) ;
#3912 = COLOUR_RGB ( '',0.6666666666666666297, 0.6666666666666666297, 0.6666666666666666297 ) ;
#3913 = DIRECTION ( 'NONE',  ( 0.0000000000000000000, -0.0000000000000000000, 1.000000000000000000 ) ) ;
#3914 = VECTOR ( 'NONE', #13, 1000.000000000000000 ) ;
#3915 = VECTOR ( 'NONE', #2050, 1000.000000000000000 ) ;
#3916 = DIRECTION ( 'NONE',  ( 0.0000000000000000000, 0.0000000000000000000, 1.000000000000000000 ) ) ;
#3917 = ORIENTED_EDGE ( 'NONE', *, *, #2871, .F. ) ;
#3918 = ORIENTED_EDGE ( 'NONE', *, *, #1949, .T. ) ;
#3919 = CARTESIAN_POINT ( 'NONE',  ( 0.5499999999999987121, 8.000000000000000000, -2.350000000000000533 ) ) ;
#3920 = CARTESIAN_POINT ( 'NONE',  ( 10.00000000000000000, 5.143516556418883914E-16, -4.200000000000000178 ) ) ;
#3921 = AXIS2_PLACEMENT_3D ( 'NONE', #3694, #3357, #1500 ) ;
#3922 =( GEOMETRIC_REPRESENTATION_CONTEXT ( 3 ) GLOBAL_UNCERTAINTY_ASSIGNED_CONTEXT ( ( #2246 ) ) GLOBAL_UNIT_ASSIGNED_CONTEXT ( ( #4391, #2120, #2072 ) ) REPRESENTATION_CONTEXT ( 'NONE', 'WORKASPACE' ) );
#3923 = DIRECTION ( 'NONE',  ( -0.0000000000000000000, -1.000000000000000000, -0.0000000000000000000 ) ) ;
#3924 = DIRECTION ( 'NONE',  ( 2.628368902995162025E-16, -1.000000000000000000, 0.0000000000000000000 ) ) ;
#3925 = PLANE ( 'NONE',  #77 ) ;
#3926 = ORIENTED_EDGE ( 'NONE', *, *, #3104, .T. ) ;
#3927 = VERTEX_POINT ( 'NONE', #4364 ) ;
#3928 = DIRECTION ( 'NONE',  ( -0.0000000000000000000, -1.000000000000000000, -0.0000000000000000000 ) ) ;
#3929 = ADVANCED_FACE ( 'NONE', ( #1738 ), #2845, .F. ) ;
#3930 = AXIS2_PLACEMENT_3D ( 'NONE', #3394, #1852, #11 ) ;
#3931 = SURFACE_SIDE_STYLE ('',( #3229 ) ) ;
#3932 = DIRECTION ( 'NONE',  ( 0.0000000000000000000, 1.000000000000000000, 0.0000000000000000000 ) ) ;
#3933 = CARTESIAN_POINT ( 'NONE',  ( 6.049999999999998046, 5.299999999999999822, -2.149999999999999911 ) ) ;
#3934 = VERTEX_POINT ( 'NONE', #2442 ) ;
#3935 = VECTOR ( 'NONE', #3313, 1000.000000000000000 ) ;
#3936 = EDGE_CURVE ( 'NONE', #4235, #4114, #1004, .T. ) ;
#3937 = ORIENTED_EDGE ( 'NONE', *, *, #3936, .F. ) ;
#3938 = PLANE ( 'NONE',  #1282 ) ;
#3939 = LINE ( 'NONE', #4677, #147 ) ;
#3940 = DIRECTION ( 'NONE',  ( 0.0000000000000000000, -0.9695125564162684340, -0.2450416351381777547 ) ) ;
#3941 = CARTESIAN_POINT ( 'NONE',  ( 6.049999999999999822, 1.999999999999999556, -2.149999999999999911 ) ) ;
#3942 = VECTOR ( 'NONE', #1555, 1000.000000000000000 ) ;
#3943 = DIRECTION ( 'NONE',  ( 0.0000000000000000000, 0.0000000000000000000, -1.000000000000000000 ) ) ;
#3944 = PRODUCT_CONTEXT ( 'NONE', #1132, 'mechanical' ) ;
#3945 = CARTESIAN_POINT ( 'NONE',  ( 7.505624112914681234, -4.898587196589418006E-17, 0.2000000000000009548 ) ) ;
#3946 = ORIENTED_EDGE ( 'NONE', *, *, #644, .F. ) ;
#3947 = ORIENTED_EDGE ( 'NONE', *, *, #1154, .T. ) ;
#3948 = CARTESIAN_POINT ( 'NONE',  ( 3.600000000000000533, 8.000000000000000000, -3.824777611091934482 ) ) ;
#3949 = FILL_AREA_STYLE_COLOUR ( '', #388 ) ;
#3950 = LINE ( 'NONE', #633, #3009 ) ;
#3951 = EDGE_LOOP ( 'NONE', ( #2617, #3403 ) ) ;
#3952 = ORIENTED_EDGE ( 'NONE', *, *, #2404, .T. ) ;
#3953 = ORIENTED_EDGE ( 'NONE', *, *, #2528, .T. ) ;
#3954 = CARTESIAN_POINT ( 'NONE',  ( 2.499999999999998668, 14.09999999999999964, 0.0000000000000000000 ) ) ;
#3955 = CARTESIAN_POINT ( 'NONE',  ( 8.727129896139459220, 8.000000000000000000, -2.349999999999965450 ) ) ;
#3956 = PLANE ( 'NONE',  #1827 ) ;
#3957 = CARTESIAN_POINT ( 'NONE',  ( 6.100000000000003197, 2.465900459398798983, 0.4116116967108952585 ) ) ;
#3958 = EDGE_CURVE ( 'NONE', #3201, #2277, #643, .T. ) ;
#3959 = ORIENTED_EDGE ( 'NONE', *, *, #1001, .T. ) ;
#3960 = ORIENTED_EDGE ( 'NONE', *, *, #2660, .F. ) ;
#3961 = CARTESIAN_POINT ( 'NONE',  ( 10.00000000000000000, 0.0000000000000000000, 5.000000000000000000 ) ) ;
#3962 = EDGE_CURVE ( 'NONE', #2309, #4540, #2516, .T. ) ;
#3963 = LINE ( 'NONE', #274, #2771 ) ;
#3964 = CARTESIAN_POINT ( 'NONE',  ( 2.499999999999998668, 13.10000000000000142, -1.750000000000000000 ) ) ;
#3965 = CARTESIAN_POINT ( 'NONE',  ( 10.00000000000000000, 6.999999999999999112, 2.800000000000000266 ) ) ;
#3966 = CARTESIAN_POINT ( 'NONE',  ( 8.600000000000001421, 5.612742585576162568, -5.045130994854377882 ) ) ;
#3967 = EDGE_CURVE ( 'NONE', #4175, #1893, #2099, .T. ) ;
#3968 = LINE ( 'NONE', #1714, #3623 ) ;
#3969 = ORIENTED_EDGE ( 'NONE', *, *, #1370, .F. ) ;
#3970 = VERTEX_POINT ( 'NONE', #3237 ) ;
#3971 = PLANE ( 'NONE',  #459 ) ;
#3972 = LINE ( 'NONE', #4660, #2416 ) ;
#3973 = PLANE ( 'NONE',  #2034 ) ;
#3974 = LINE ( 'NONE', #3635, #2378 ) ;
#3975 = CARTESIAN_POINT ( 'NONE',  ( 5.400000000000000355, 11.00000000000000000, 3.000000000000000444 ) ) ;
#3976 = ORIENTED_EDGE ( 'NONE', *, *, #4255, .T. ) ;
#3977 = ORIENTED_EDGE ( 'NONE', *, *, #1499, .T. ) ;
#3978 = PLANE ( 'NONE',  #2984 ) ;
#3979 = CARTESIAN_POINT ( 'NONE',  ( 8.600000000000001421, 8.000000000000000000, -3.824777611091935370 ) ) ;
#3980 =( NAMED_UNIT ( * ) SI_UNIT ( $, .STERADIAN. ) SOLID_ANGLE_UNIT ( ) );
#3981 = DIRECTION ( 'NONE',  ( -0.0000000000000000000, -1.224646799147353454E-16, 1.000000000000000000 ) ) ;
#3982 = VERTEX_POINT ( 'NONE', #666 ) ;
#3983 = AXIS2_PLACEMENT_3D ( 'NONE', #3703, #4042, #110 ) ;
#3984 = VERTEX_POINT ( 'NONE', #3589 ) ;
#3985 = CARTESIAN_POINT ( 'NONE',  ( 6.149999999999999467, 0.0000000000000000000, 0.0000000000000000000 ) ) ;
#3986 =( GEOMETRIC_REPRESENTATION_CONTEXT ( 3 ) GLOBAL_UNCERTAINTY_ASSIGNED_CONTEXT ( ( #4156 ) ) GLOBAL_UNIT_ASSIGNED_CONTEXT ( ( #4164, #4513, #240 ) ) REPRESENTATION_CONTEXT ( 'NONE', 'WORKASPACE' ) );
#3987 = LINE ( 'NONE', #1358, #2621 ) ;
#3988 = LINE ( 'NONE', #669, #1035 ) ;
#3989 = DIRECTION ( 'NONE',  ( -1.931294138418879331E-32, -1.000000000000000000, -3.045692073574210286E-48 ) ) ;
#3990 = EDGE_CURVE ( 'NONE', #4748, #3934, #1821, .T. ) ;
#3991 = VECTOR ( 'NONE', #256, 1000.000000000000000 ) ;
#3992 = FACE_OUTER_BOUND ( 'NONE', #1566, .T. ) ;
#3993 = ORIENTED_EDGE ( 'NONE', *, *, #3733, .F. ) ;
#3994 =( LENGTH_UNIT ( ) NAMED_UNIT ( * ) SI_UNIT ( .MILLI., .METRE. ) );
#3995 = LINE ( 'NONE', #4306, #3453 ) ;
#3996 = EDGE_CURVE ( 'NONE', #4149, #2380, #1387, .T. ) ;
#3997 = EDGE_CURVE ( 'NONE', #2903, #2948, #2159, .T. ) ;
#3998 = CIRCLE ( 'NONE', #4611, 1.899999999999999911 ) ;
#3999 = DIRECTION ( 'NONE',  ( 0.0000000000000000000, 1.000000000000000000, 0.0000000000000000000 ) ) ;
#4000 = DIRECTION ( 'NONE',  ( 0.0000000000000000000, 0.0000000000000000000, -1.000000000000000000 ) ) ;
#4001 = CARTESIAN_POINT ( 'NONE',  ( 8.849999999999999645, 7.000000000000000888, -4.399999999999999467 ) ) ;
#4002 = ORIENTED_EDGE ( 'NONE', *, *, #440, .F. ) ;
#4003 = VERTEX_POINT ( 'NONE', #329 ) ;
#4004 = EDGE_LOOP ( 'NONE', ( #4649, #1847, #3400, #2106 ) ) ;
#4005 = AXIS2_PLACEMENT_3D ( 'NONE', #3933, #616, #3566 ) ;
#4006 = COLOUR_RGB ( '',0.6666666666666666297, 0.6666666666666666297, 0.6666666666666666297 ) ;
#4007 = CARTESIAN_POINT ( 'NONE',  ( 9.177050983124841466, 12.09999999999999964, 0.4999999999999995559 ) ) ;
#4008 = CARTESIAN_POINT ( 'NONE',  ( 9.700000000000002842, -6.316115866602474417E-16, 3.800000000000000266 ) ) ;
#4009 = SURFACE_SIDE_STYLE ('',( #1811 ) ) ;
#4010 = VERTEX_POINT ( 'NONE', #3621 ) ;
#4011 = CLOSED_SHELL ( 'NONE', ( #1085, #4653, #3764, #189, #1587, #2748, #2018, #1155, #777, #2149, #89, #1789, #449, #1212, #1764, #1473, #4793, #1940, #3211, #560, #2385, #4182, #1535, #1176, #934, #1504, #4728, #3345, #1793, #2890, #4435, #2870, #414, #1688, #2001, #4659, #2166, #622, #4234, #3378, #1627, #1754, #1213, #3797, #2207, #4281, #3053, #2405, #4754, #1019, #798, #2272, #95, #2689, #3929, #1989, #2589, #929, #1918, #863, #1594, #168, #1497, #2770, #3318, #1261, #3820, #3490, #649, #10, #1344, #2773, #778, #17, #2465, #576, #3842, #1658, #54, #4185, #2469, #3353, #4490, #2489, #939, #1002, #2239, #2179, #2901, #935, #2021, #4413, #3509, #1855, #2934, #222, #1290, #4024, #4520, #3878, #352, #4346, #2500, #4152, #3164, #353, #561, #4529, #257, #3571, #1466, #2156, #1239, #2110, #2041, #4365, #4061, #4632, #4086, #4031, #838, #538, #679, #2828, #3546, #1309 ) ) ;
#4012 = VECTOR ( 'NONE', #289, 1000.000000000000000 ) ;
#4013 = ORIENTED_EDGE ( 'NONE', *, *, #4427, .T. ) ;
#4014 = CARTESIAN_POINT ( 'NONE',  ( 3.097720492815727659E-16, 5.200000000000001954, 3.000000000000001332 ) ) ;
#4015 = VECTOR ( 'NONE', #3270, 1000.000000000000000 ) ;
#4016 = DIRECTION ( 'NONE',  ( -0.0000000000000000000, -1.000000000000000000, -1.224646799147353207E-16 ) ) ;
#4017 = CARTESIAN_POINT ( 'NONE',  ( 7.500000000000000000, 13.10000000000000142, 0.0000000000000000000 ) ) ;
#4018 = LINE ( 'NONE', #1007, #3212 ) ;
#4019 = VECTOR ( 'NONE', #2950, 1000.000000000000000 ) ;
#4020 = DIRECTION ( 'NONE',  ( -1.000000000000000000, 0.0000000000000000000, -0.0000000000000000000 ) ) ;
#4021 = LINE ( 'NONE', #4796, #199 ) ;
#4022 = CARTESIAN_POINT ( 'NONE',  ( 8.849999999999999645, 7.000000000000000888, -2.500000000000000444 ) ) ;
#4023 = ORIENTED_EDGE ( 'NONE', *, *, #3849, .F. ) ;
#4024 = ADVANCED_FACE ( 'NONE', ( #305, #1769 ), #3938, .T. ) ;
#4025 = LINE ( 'NONE', #4744, #3594 ) ;
#4026 = VECTOR ( 'NONE', #3818, 1000.000000000000000 ) ;
#4027 = DIRECTION ( 'NONE',  ( 1.000000000000000000, 0.0000000000000000000, 0.0000000000000000000 ) ) ;
#4028 = FILL_AREA_STYLE ('',( #3949 ) ) ;
#4029 = CARTESIAN_POINT ( 'NONE',  ( 1.399999999999998579, 7.000000000000000888, -5.045130994854378770 ) ) ;
#4030 = VERTEX_POINT ( 'NONE', #86 ) ;
#4031 = ADVANCED_FACE ( 'NONE', ( #55 ), #2279, .F. ) ;
#4032 = EDGE_LOOP ( 'NONE', ( #3124, #3533, #4554, #270 ) ) ;
#4033 = EDGE_CURVE ( 'NONE', #2157, #3970, #3998, .T. ) ;
#4034 = ORIENTED_EDGE ( 'NONE', *, *, #85, .F. ) ;
#4035 = FILL_AREA_STYLE ('',( #4808 ) ) ;
#4036 = LINE ( 'NONE', #714, #3631 ) ;
#4037 = LINE ( 'NONE', #2696, #3249 ) ;
#4038 = EDGE_CURVE ( 'NONE', #1946, #4363, #4510, .T. ) ;
#4039 = ORIENTED_EDGE ( 'NONE', *, *, #2301, .F. ) ;
#4040 = ORIENTED_EDGE ( 'NONE', *, *, #323, .T. ) ;
#4041 = DIRECTION ( 'NONE',  ( -0.0000000000000000000, -1.000000000000000000, -0.0000000000000000000 ) ) ;
#4042 = DIRECTION ( 'NONE',  ( 0.0000000000000000000, 1.000000000000000000, 1.224646799147353207E-16 ) ) ;
#4043 = VERTEX_POINT ( 'NONE', #843 ) ;
#4044 = CARTESIAN_POINT ( 'NONE',  ( 2.499999999999998668, 11.09999999999999787, 0.0000000000000000000 ) ) ;
#4045 = FACE_BOUND ( 'NONE', #3045, .T. ) ;
#4046 = DIRECTION ( 'NONE',  ( 0.0000000000000000000, 0.0000000000000000000, 1.000000000000000000 ) ) ;
#4047 = DIRECTION ( 'NONE',  ( -1.000000000000000000, -0.0000000000000000000, 0.0000000000000000000 ) ) ;
#4048 = CARTESIAN_POINT ( 'NONE',  ( 5.400000000000000355, 11.00000000000000000, 3.000000000000001332 ) ) ;
#4049 = EDGE_CURVE ( 'NONE', #3015, #2451, #3025, .T. ) ;
#4050 = SURFACE_SIDE_STYLE ('',( #1444 ) ) ;
#4051 = CARTESIAN_POINT ( 'NONE',  ( 8.849999999999999645, 7.000000000000000888, -4.399999999999998579 ) ) ;
#4052 = UNCERTAINTY_MEASURE_WITH_UNIT (LENGTH_MEASURE( 1.000000000000000082E-05 ), #3157, 'distance_accuracy_value', 'NONE');
#4053 = FACE_BOUND ( 'NONE', #3669, .T. ) ;
#4054 = VERTEX_POINT ( 'NONE', #4115 ) ;
#4055 = ORIENTED_EDGE ( 'NONE', *, *, #196, .F. ) ;
#4056 = DIRECTION ( 'NONE',  ( 0.0000000000000000000, -0.0000000000000000000, -1.000000000000000000 ) ) ;
#4057 = EDGE_CURVE ( 'NONE', #2993, #2766, #795, .T. ) ;
#4058 = PLANE ( 'NONE',  #2308 ) ;
#4059 = VERTEX_POINT ( 'NONE', #2257 ) ;
#4060 = ORIENTED_EDGE ( 'NONE', *, *, #3879, .F. ) ;
#4061 = ADVANCED_FACE ( 'NONE', ( #429 ), #479, .T. ) ;
#4062 = LINE ( 'NONE', #3266, #3020 ) ;
#4063 = ORIENTED_EDGE ( 'NONE', *, *, #2470, .T. ) ;
#4064 = AXIS2_PLACEMENT_3D ( 'NONE', #3806, #2847, #4635 ) ;
#4065 = SURFACE_STYLE_USAGE ( .BOTH. , #4118 ) ;
#4066 = ORIENTED_EDGE ( 'NONE', *, *, #1180, .F. ) ;
#4067 = CARTESIAN_POINT ( 'NONE',  ( 10.00000000000000000, -8.572527594031473190E-17, 2.800000000000000266 ) ) ;
#4068 = MECHANICAL_DESIGN_GEOMETRIC_PRESENTATION_REPRESENTATION (  '', ( #3834 ), #3986 ) ;
#4069 = SURFACE_STYLE_FILL_AREA ( #3342 ) ;
#4070 = SURFACE_STYLE_USAGE ( .BOTH. , #66 ) ;
#4071 =( GEOMETRIC_REPRESENTATION_CONTEXT ( 3 ) GLOBAL_UNCERTAINTY_ASSIGNED_CONTEXT ( ( #213 ) ) GLOBAL_UNIT_ASSIGNED_CONTEXT ( ( #954, #4575, #3535 ) ) REPRESENTATION_CONTEXT ( 'NONE', 'WORKASPACE' ) );
#4072 = SURFACE_STYLE_USAGE ( .BOTH. , #465 ) ;
#4073 = CARTESIAN_POINT ( 'NONE',  ( 0.0000000000000000000, 8.000000000000000000, 2.850000000000036060 ) ) ;
#4074 = VECTOR ( 'NONE', #3527, 1000.000000000000000 ) ;
#4075 = FACE_OUTER_BOUND ( 'NONE', #1781, .T. ) ;
#4076 = ORIENTED_EDGE ( 'NONE', *, *, #440, .T. ) ;
#4077 = ORIENTED_EDGE ( 'NONE', *, *, #2322, .F. ) ;
#4078 = ORIENTED_EDGE ( 'NONE', *, *, #226, .F. ) ;
#4079 = SURFACE_SIDE_STYLE ('',( #761 ) ) ;
#4080 = AXIS2_PLACEMENT_3D ( 'NONE', #1516, #1107, #3347 ) ;
#4081 = VECTOR ( 'NONE', #2550, 1000.000000000000000 ) ;
#4082 = DIRECTION ( 'NONE',  ( -1.000000000000000000, -0.0000000000000000000, -0.0000000000000000000 ) ) ;
#4083 =( NAMED_UNIT ( * ) PLANE_ANGLE_UNIT ( ) SI_UNIT ( $, .RADIAN. ) );
#4084 = DIRECTION ( 'NONE',  ( 0.0000000000000000000, 1.000000000000000000, 1.224646799147353207E-16 ) ) ;
#4085 = ORIENTED_EDGE ( 'NONE', *, *, #4120, .F. ) ;
#4086 = ADVANCED_FACE ( 'NONE', ( #4564 ), #4219, .T. ) ;
#4087 = ORIENTED_EDGE ( 'NONE', *, *, #1626, .F. ) ;
#4088 = COLOUR_RGB ( '',0.6666666666666666297, 0.6666666666666666297, 0.6666666666666666297 ) ;
#4089 = CARTESIAN_POINT ( 'NONE',  ( 1.049999999999998490, 5.299999999999999822, -2.149999999999999911 ) ) ;
#4090 = VERTEX_POINT ( 'NONE', #3132 ) ;
#4091 = EDGE_CURVE ( 'NONE', #3373, #3051, #2723, .T. ) ;
#4092 = AXIS2_PLACEMENT_3D ( 'NONE', #3065, #2403, #1571 ) ;
#4093 = ORIENTED_EDGE ( 'NONE', *, *, #197, .T. ) ;
#4094 = CARTESIAN_POINT ( 'NONE',  ( 1.099999999999999867, 2.000000000000001776, 3.000000000000000000 ) ) ;
#4095 =( GEOMETRIC_REPRESENTATION_CONTEXT ( 3 ) GLOBAL_UNCERTAINTY_ASSIGNED_CONTEXT ( ( #2037 ) ) GLOBAL_UNIT_ASSIGNED_CONTEXT ( ( #4499, #2215, #3344 ) ) REPRESENTATION_CONTEXT ( 'NONE', 'WORKASPACE' ) );
#4096 = VECTOR ( 'NONE', #677, 1000.000000000000000 ) ;
#4097 = CARTESIAN_POINT ( 'NONE',  ( 7.976276906438229868E-63, 7.000000000000000000, -2.500000000000000444 ) ) ;
#4098 = LINE ( 'NONE', #4445, #2928 ) ;
#4099 = SURFACE_STYLE_USAGE ( .BOTH. , #2242 ) ;
#4100 = STYLED_ITEM ( 'NONE', ( #2679 ), #2828 ) ;
#4101 = PLANE ( 'NONE',  #1426 ) ;
#4102 = DIRECTION ( 'NONE',  ( -3.097720492815726673E-16, 1.000000000000000000, 0.0000000000000000000 ) ) ;
#4103 = DIRECTION ( 'NONE',  ( 3.232466345374054484E-16, -0.0000000000000000000, 1.000000000000000000 ) ) ;
#4104 = VECTOR ( 'NONE', #3448, 1000.000000000000000 ) ;
#4105 = DIRECTION ( 'NONE',  ( 0.0000000000000000000, -0.0000000000000000000, 1.000000000000000000 ) ) ;
#4106 = ORIENTED_EDGE ( 'NONE', *, *, #739, .T. ) ;
#4107 = ORIENTED_EDGE ( 'NONE', *, *, #3379, .F. ) ;
#4108 = VERTEX_POINT ( 'NONE', #4601 ) ;
#4109 = VECTOR ( 'NONE', #1238, 1000.000000000000000 ) ;
#4110 = LINE ( 'NONE', #790, #3023 ) ;
#4111 = VECTOR ( 'NONE', #3399, 1000.000000000000000 ) ;
#4112 = DIRECTION ( 'NONE',  ( 0.0000000000000000000, -0.0000000000000000000, 1.000000000000000000 ) ) ;
#4113 = ORIENTED_EDGE ( 'NONE', *, *, #4732, .T. ) ;
#4114 = VERTEX_POINT ( 'NONE', #4245 ) ;
#4115 = CARTESIAN_POINT ( 'NONE',  ( 8.600000000000001421, 7.000000000000000888, -4.399999999999998579 ) ) ;
#4116 = EDGE_CURVE ( 'NONE', #4292, #1725, #4536, .T. ) ;
#4117 = ORIENTED_EDGE ( 'NONE', *, *, #1848, .T. ) ;
#4118 = SURFACE_SIDE_STYLE ('',( #1460 ) ) ;
#4119 = ORIENTED_EDGE ( 'NONE', *, *, #1436, .T. ) ;
#4120 = EDGE_CURVE ( 'NONE', #4587, #2537, #1981, .T. ) ;
#4121 = DIRECTION ( 'NONE',  ( 0.0000000000000000000, 1.224646799147352961E-16, -1.000000000000000000 ) ) ;
#4122 = CARTESIAN_POINT ( 'NONE',  ( 9.495567745759798747E-63, 11.00000000000000000, 1.347111479062088405E-15 ) ) ;
#4123 = FILL_AREA_STYLE ('',( #2640 ) ) ;
#4124 = EDGE_CURVE ( 'NONE', #4504, #18, #3864, .T. ) ;
#4125 = CYLINDRICAL_SURFACE ( 'NONE', #2996, 0.4000000000000004663 ) ;
#4126 = DIRECTION ( 'NONE',  ( 1.000000000000000000, -0.0000000000000000000, 0.0000000000000000000 ) ) ;
#4127 = LINE ( 'NONE', #4410, #3619 ) ;
#4128 = ORIENTED_EDGE ( 'NONE', *, *, #1232, .T. ) ;
#4129 = ORIENTED_EDGE ( 'NONE', *, *, #4350, .T. ) ;
#4130 = DIRECTION ( 'NONE',  ( -0.0000000000000000000, -1.000000000000000000, -1.224646799147353207E-16 ) ) ;
#4131 = PLANE ( 'NONE',  #698 ) ;
#4132 = CARTESIAN_POINT ( 'NONE',  ( -0.2999999999999999889, 7.000000000000000888, 4.299999999999999822 ) ) ;
#4133 = FACE_OUTER_BOUND ( 'NONE', #2536, .T. ) ;
#4134 = EDGE_LOOP ( 'NONE', ( #765, #1403, #1493, #3952 ) ) ;
#4135 = SURFACE_SIDE_STYLE ('',( #2597 ) ) ;
#4136 =( NAMED_UNIT ( * ) SI_UNIT ( $, .STERADIAN. ) SOLID_ANGLE_UNIT ( ) );
#4137 = VERTEX_POINT ( 'NONE', #2704 ) ;
#4138 = PRESENTATION_STYLE_ASSIGNMENT (( #4065 ) ) ;
#4139 = VERTEX_POINT ( 'NONE', #3884 ) ;
#4140 = FILL_AREA_STYLE_COLOUR ( '', #1734 ) ;
#4141 = LINE ( 'NONE', #2286, #3611 ) ;
#4142 = FILL_AREA_STYLE_COLOUR ( '', #1528 ) ;
#4143 = EDGE_CURVE ( 'NONE', #3905, #91, #3902, .T. ) ;
#4144 = AXIS2_PLACEMENT_3D ( 'NONE', #4712, #2054, #2519 ) ;
#4145 = SURFACE_STYLE_USAGE ( .BOTH. , #4310 ) ;
#4146 = UNCERTAINTY_MEASURE_WITH_UNIT (LENGTH_MEASURE( 1.000000000000000082E-05 ), #1074, 'distance_accuracy_value', 'NONE');
#4147 = VERTEX_POINT ( 'NONE', #3517 ) ;
#4148 = VECTOR ( 'NONE', #2694, 1000.000000000000000 ) ;
#4149 = VERTEX_POINT ( 'NONE', #2787 ) ;
#4150 = CARTESIAN_POINT ( 'NONE',  ( 0.0000000000000000000, -2.464404086265606697, -6.075618615209992690 ) ) ;
#4151 = EDGE_CURVE ( 'NONE', #2125, #3373, #4184, .T. ) ;
#4152 = ADVANCED_FACE ( 'NONE', ( #1731 ), #3956, .T. ) ;
#4153 = DIRECTION ( 'NONE',  ( 0.0000000000000000000, 1.000000000000000000, 1.224646799147353207E-16 ) ) ;
#4154 = CARTESIAN_POINT ( 'NONE',  ( 1.299999999999999822, 0.0000000000000000000, -2.350000000000000533 ) ) ;
#4155 = VECTOR ( 'NONE', #4594, 1000.000000000000000 ) ;
#4156 = UNCERTAINTY_MEASURE_WITH_UNIT (LENGTH_MEASURE( 1.000000000000000082E-05 ), #4164, 'distance_accuracy_value', 'NONE');
#4157 = CARTESIAN_POINT ( 'NONE',  ( 0.5499999999999983791, -1.745121688784978277E-16, 2.850000000000000089 ) ) ;
#4158 = VERTEX_POINT ( 'NONE', #966 ) ;
#4159 = MECHANICAL_DESIGN_GEOMETRIC_PRESENTATION_REPRESENTATION (  '', ( #193 ), #3775 ) ;
#4160 = COLOUR_RGB ( '',0.6666666666666666297, 0.6666666666666666297, 0.6666666666666666297 ) ;
#4161 =( LENGTH_UNIT ( ) NAMED_UNIT ( * ) SI_UNIT ( .MILLI., .METRE. ) );
#4162 = STYLED_ITEM ( 'NONE', ( #2976 ), #1855 ) ;
#4163 = EDGE_LOOP ( 'NONE', ( #4512, #3106, #793, #1478, #845, #3977 ) ) ;
#4164 =( LENGTH_UNIT ( ) NAMED_UNIT ( * ) SI_UNIT ( .MILLI., .METRE. ) );
#4165 = PRESENTATION_LAYER_ASSIGNMENT (  '', '', ( #2834 ) ) ;
#4166 = AXIS2_PLACEMENT_3D ( 'NONE', #2, #425, #3748 ) ;
#4167 = VERTEX_POINT ( 'NONE', #2154 ) ;
#4168 = CARTESIAN_POINT ( 'NONE',  ( 7.500000000000000000, 11.09999999999999787, 0.0000000000000000000 ) ) ;
#4169 = AXIS2_PLACEMENT_3D ( 'NONE', #876, #1278, #4597 ) ;
#4170 = FACE_OUTER_BOUND ( 'NONE', #1098, .T. ) ;
#4171 = AXIS2_PLACEMENT_3D ( 'NONE', #335, #2638, #1162 ) ;
#4172 =( LENGTH_UNIT ( ) NAMED_UNIT ( * ) SI_UNIT ( .MILLI., .METRE. ) );
#4173 = SURFACE_SIDE_STYLE ('',( #2686 ) ) ;
#4174 = EDGE_CURVE ( 'NONE', #4043, #4292, #1705, .T. ) ;
#4175 = VERTEX_POINT ( 'NONE', #3585 ) ;
#4176 = VECTOR ( 'NONE', #4735, 1000.000000000000000 ) ;
#4177 = LINE ( 'NONE', #3688, #3008 ) ;
#4178 = CARTESIAN_POINT ( 'NONE',  ( 0.0000000000000000000, 4.999999999999997335, -5.200000000000001066 ) ) ;
#4179 = DIRECTION ( 'NONE',  ( 1.668003342285391058E-16, 0.0000000000000000000, -1.000000000000000000 ) ) ;
#4180 = PRESENTATION_LAYER_ASSIGNMENT (  '', '', ( #1537 ) ) ;
#4181 = DIRECTION ( 'NONE',  ( 0.0000000000000000000, 0.0000000000000000000, 1.000000000000000000 ) ) ;
#4182 = ADVANCED_FACE ( 'NONE', ( #3614 ), #324, .F. ) ;
#4183 = ORIENTED_EDGE ( 'NONE', *, *, #2244, .F. ) ;
#4184 = LINE ( 'NONE', #1941, #840 ) ;
#4185 = ADVANCED_FACE ( 'NONE', ( #639 ), #4288, .T. ) ;
#4186 = ORIENTED_EDGE ( 'NONE', *, *, #386, .F. ) ;
#4187 = CARTESIAN_POINT ( 'NONE',  ( 4.600000000000001421, 11.00000000000000000, 2.072541296288753494E-15 ) ) ;
#4188 = EDGE_LOOP ( 'NONE', ( #1677, #3483, #724, #3123, #952, #1420, #4774, #1197 ) ) ;
#4189 = DIRECTION ( 'NONE',  ( -1.000000000000000000, -0.0000000000000000000, -0.0000000000000000000 ) ) ;
#4190 = CARTESIAN_POINT ( 'NONE',  ( 10.00000000000000000, 6.999999999999999112, -3.199999999999999734 ) ) ;
#4191 = FILL_AREA_STYLE ('',( #2010 ) ) ;
#4192 = VERTEX_POINT ( 'NONE', #585 ) ;
#4193 = CARTESIAN_POINT ( 'NONE',  ( 6.099999999999998757, -6.123233995736766282E-16, 5.000000000000000000 ) ) ;
#4194 = CARTESIAN_POINT ( 'NONE',  ( 8.727129896139459220, 8.000000000000000000, -4.253643450194936726 ) ) ;
#4195 = SURFACE_STYLE_FILL_AREA ( #123 ) ;
#4196 = DIRECTION ( 'NONE',  ( -1.448470603814159430E-32, -1.000000000000000000, -1.713201791385493400E-48 ) ) ;
#4197 = UNCERTAINTY_MEASURE_WITH_UNIT (LENGTH_MEASURE( 1.000000000000000082E-05 ), #1908, 'distance_accuracy_value', 'NONE');
#4198 = CARTESIAN_POINT ( 'NONE',  ( 2.499999999999999112, 11.09999999999999787, -1.899999999999999911 ) ) ;
#4199 = EDGE_CURVE ( 'NONE', #758, #3263, #241, .T. ) ;
#4200 = CARTESIAN_POINT ( 'NONE',  ( 8.600000000000001421, 5.000000000000000000, -5.200000000000001066 ) ) ;
#4201 = FACE_OUTER_BOUND ( 'NONE', #3098, .T. ) ;
#4202 = ORIENTED_EDGE ( 'NONE', *, *, #2838, .F. ) ;
#4203 = DIRECTION ( 'NONE',  ( 0.0000000000000000000, 1.000000000000000000, 0.0000000000000000000 ) ) ;
#4204 = EDGE_CURVE ( 'NONE', #758, #2349, #1907, .T. ) ;
#4205 = ORIENTED_EDGE ( 'NONE', *, *, #1970, .T. ) ;
#4206 = DIRECTION ( 'NONE',  ( 0.0000000000000000000, 1.000000000000000000, -1.858632295689436102E-16 ) ) ;
#4207 = SURFACE_STYLE_USAGE ( .BOTH. , #3463 ) ;
#4208 = SURFACE_STYLE_USAGE ( .BOTH. , #4570 ) ;
#4209 = LINE ( 'NONE', #3102, #4294 ) ;
#4210 = PRESENTATION_STYLE_ASSIGNMENT (( #1233 ) ) ;
#4211 = EDGE_LOOP ( 'NONE', ( #926, #4280, #4107, #4212 ) ) ;
#4212 = ORIENTED_EDGE ( 'NONE', *, *, #3088, .T. ) ;
#4213 = FILL_AREA_STYLE_COLOUR ( '', #598 ) ;
#4214 = AXIS2_PLACEMENT_3D ( 'NONE', #963, #3928, #2708 ) ;
#4215 = LINE ( 'NONE', #3920, #742 ) ;
#4216 = SURFACE_STYLE_FILL_AREA ( #2320 ) ;
#4217 = VECTOR ( 'NONE', #2172, 1000.000000000000000 ) ;
#4218 = DIRECTION ( 'NONE',  ( 0.0000000000000000000, 1.000000000000000000, 1.224646799147353207E-16 ) ) ;
#4219 = PLANE ( 'NONE',  #3004 ) ;
#4220 = PLANE ( 'NONE',  #1054 ) ;
#4221 = EDGE_CURVE ( 'NONE', #2862, #3049, #1810, .T. ) ;
#4222 = VECTOR ( 'NONE', #4330, 1000.000000000000000 ) ;
#4223 = ORIENTED_EDGE ( 'NONE', *, *, #1319, .F. ) ;
#4224 = VERTEX_POINT ( 'NONE', #763 ) ;
#4225 = VECTOR ( 'NONE', #749, 1000.000000000000000 ) ;
#4226 = VECTOR ( 'NONE', #1538, 1000.000000000000000 ) ;
#4227 = EDGE_CURVE ( 'NONE', #109, #1985, #3356, .T. ) ;
#4228 = LINE ( 'NONE', #1182, #1612 ) ;
#4229 = CIRCLE ( 'NONE', #1281, 1.750000000000000000 ) ;
#4230 =( GEOMETRIC_REPRESENTATION_CONTEXT ( 3 ) GLOBAL_UNCERTAINTY_ASSIGNED_CONTEXT ( ( #938 ) ) GLOBAL_UNIT_ASSIGNED_CONTEXT ( ( #1554, #4489, #1843 ) ) REPRESENTATION_CONTEXT ( 'NONE', 'WORKASPACE' ) );
#4231 = CARTESIAN_POINT ( 'NONE',  ( 3.727129896139459664, 7.000000000000000888, -4.253643450194971365 ) ) ;
#4232 = SURFACE_SIDE_STYLE ('',( #1634 ) ) ;
#4233 = AXIS2_PLACEMENT_3D ( 'NONE', #2541, #1400, #3565 ) ;
#4234 = ADVANCED_FACE ( 'NONE', ( #1095 ), #3723, .F. ) ;
#4235 = VERTEX_POINT ( 'NONE', #3408 ) ;
#4236 = EDGE_LOOP ( 'NONE', ( #2046, #3617, #1330, #283 ) ) ;
#4237 = VECTOR ( 'NONE', #1953, 1000.000000000000000 ) ;
#4238 = DIRECTION ( 'NONE',  ( 0.0000000000000000000, 1.000000000000000000, 0.0000000000000000000 ) ) ;
#4239 = AXIS2_PLACEMENT_3D ( 'NONE', #1469, #2583, #4105 ) ;
#4240 = FILL_AREA_STYLE ('',( #575 ) ) ;
#4241 = LINE ( 'NONE', #4595, #614 ) ;
#4242 = VECTOR ( 'NONE', #2577, 1000.000000000000000 ) ;
#4243 = PRESENTATION_LAYER_ASSIGNMENT (  '', '', ( #3785 ) ) ;
#4244 =( NAMED_UNIT ( * ) PLANE_ANGLE_UNIT ( ) SI_UNIT ( $, .RADIAN. ) );
#4245 = CARTESIAN_POINT ( 'NONE',  ( 10.00000000000000000, 14.09999999999999787, -2.900000000000000799 ) ) ;
#4246 = LINE ( 'NONE', #3885, #2291 ) ;
#4247 = AXIS2_PLACEMENT_3D ( 'NONE', #2433, #3542, #4625 ) ;
#4248 = ORIENTED_EDGE ( 'NONE', *, *, #2138, .T. ) ;
#4249 = VECTOR ( 'NONE', #2340, 1000.000000000000000 ) ;
#4250 = VERTEX_POINT ( 'NONE', #2227 ) ;
#4251 = LINE ( 'NONE', #883, #3915 ) ;
#4252 =( GEOMETRIC_REPRESENTATION_CONTEXT ( 3 ) GLOBAL_UNCERTAINTY_ASSIGNED_CONTEXT ( ( #1803 ) ) GLOBAL_UNIT_ASSIGNED_CONTEXT ( ( #3469, #505, #2751 ) ) REPRESENTATION_CONTEXT ( 'NONE', 'WORKASPACE' ) );
#4253 = DIRECTION ( 'NONE',  ( 1.000000000000000000, 0.0000000000000000000, 0.0000000000000000000 ) ) ;
#4254 = PLANE ( 'NONE',  #1348 ) ;
#4255 = EDGE_CURVE ( 'NONE', #4566, #4090, #1496, .T. ) ;
#4256 = CARTESIAN_POINT ( 'NONE',  ( 2.505624112914680346, 4.898587196589418622E-17, -0.6000000000000001998 ) ) ;
#4257 = FACE_OUTER_BOUND ( 'NONE', #1727, .T. ) ;
#4258 = ORIENTED_EDGE ( 'NONE', *, *, #245, .F. ) ;
#4259 = DIRECTION ( 'NONE',  ( -0.0000000000000000000, -1.000000000000000000, -0.0000000000000000000 ) ) ;
#4260 = CARTESIAN_POINT ( 'NONE',  ( 0.0000000000000000000, 7.000000000000000888, -2.699999999999999289 ) ) ;
#4261 = SURFACE_STYLE_USAGE ( .BOTH. , #2785 ) ;
#4262 = DIRECTION ( 'NONE',  ( 0.0000000000000000000, 1.000000000000000000, 0.0000000000000000000 ) ) ;
#4263 = DIRECTION ( 'NONE',  ( 0.0000000000000000000, 1.000000000000000000, 0.0000000000000000000 ) ) ;
#4264 = ORIENTED_EDGE ( 'NONE', *, *, #4351, .T. ) ;
#4265 = ORIENTED_EDGE ( 'NONE', *, *, #2493, .T. ) ;
#4266 = CARTESIAN_POINT ( 'NONE',  ( 3.727129896139459664, 8.000000000000000000, -2.350000000000000533 ) ) ;
#4267 = CARTESIAN_POINT ( 'NONE',  ( 8.727129896139459220, 2.604605417997667271E-16, -4.253643450194938502 ) ) ;
#4268 = SURFACE_STYLE_USAGE ( .BOTH. , #1229 ) ;
#4269 = LINE ( 'NONE', #4640, #1073 ) ;
#4270 = VERTEX_POINT ( 'NONE', #715 ) ;
#4271 = EDGE_CURVE ( 'NONE', #3263, #1983, #2130, .T. ) ;
#4272 = ORIENTED_EDGE ( 'NONE', *, *, #3700, .F. ) ;
#4273 = CARTESIAN_POINT ( 'NONE',  ( 7.500000000000000000, 14.09999999999999964, 0.0000000000000000000 ) ) ;
#4274 = SURFACE_STYLE_FILL_AREA ( #4619 ) ;
#4275 = DIRECTION ( 'NONE',  ( 1.314184451497581013E-16, -1.000000000000000000, 0.0000000000000000000 ) ) ;
#4276 = CARTESIAN_POINT ( 'NONE',  ( 8.600000000000001421, 4.165217391304367744, -4.399999999999998579 ) ) ;
#4277 = DIRECTION ( 'NONE',  ( 0.0000000000000000000, -1.000000000000000000, -1.224646799147353207E-16 ) ) ;
#4278 = UNCERTAINTY_MEASURE_WITH_UNIT (LENGTH_MEASURE( 1.000000000000000082E-05 ), #3759, 'distance_accuracy_value', 'NONE');
#4279 = CARTESIAN_POINT ( 'NONE',  ( 10.00000000000000000, -6.123233995736765296E-16, 5.000000000000000000 ) ) ;
#4280 = ORIENTED_EDGE ( 'NONE', *, *, #4704, .F. ) ;
#4281 = ADVANCED_FACE ( 'NONE', ( #3043 ), #1116, .F. ) ;
#4282 = MECHANICAL_DESIGN_GEOMETRIC_PRESENTATION_REPRESENTATION (  '', ( #1419 ), #3291 ) ;
#4283 = ORIENTED_EDGE ( 'NONE', *, *, #4737, .F. ) ;
#4284 = EDGE_CURVE ( 'NONE', #4628, #3750, #2198, .T. ) ;
#4285 = CARTESIAN_POINT ( 'NONE',  ( 1.399999999999998579, 1.612742585576169452, -5.045130994854378770 ) ) ;
#4286 = SURFACE_STYLE_USAGE ( .BOTH. , #3931 ) ;
#4287 = VECTOR ( 'NONE', #4153, 1000.000000000000000 ) ;
#4288 = PLANE ( 'NONE',  #4233 ) ;
#4289 = PLANE ( 'NONE',  #2044 ) ;
#4290 = ORIENTED_EDGE ( 'NONE', *, *, #1370, .T. ) ;
#4291 = MECHANICAL_DESIGN_GEOMETRIC_PRESENTATION_REPRESENTATION (  '', ( #2351 ), #2818 ) ;
#4292 = VERTEX_POINT ( 'NONE', #1884 ) ;
#4293 = DIRECTION ( 'NONE',  ( 0.0000000000000000000, 1.000000000000000000, 1.224646799147353207E-16 ) ) ;
#4294 = VECTOR ( 'NONE', #161, 1000.000000000000000 ) ;
#4295 = FILL_AREA_STYLE ('',( #3183 ) ) ;
#4296 = DIRECTION ( 'NONE',  ( 0.0000000000000000000, 0.9734171683335759440, -0.2290393337255473560 ) ) ;
#4297 = VECTOR ( 'NONE', #4027, 1000.000000000000000 ) ;
#4298 = CIRCLE ( 'NONE', #129, 1.750000000000000000 ) ;
#4299 = FACE_OUTER_BOUND ( 'NONE', #3424, .T. ) ;
#4300 = VECTOR ( 'NONE', #4263, 1000.000000000000000 ) ;
#4301 = VECTOR ( 'NONE', #2393, 1000.000000000000000 ) ;
#4302 = DIRECTION ( 'NONE',  ( -1.000000000000000000, -0.0000000000000000000, -0.0000000000000000000 ) ) ;
#4303 = ORIENTED_EDGE ( 'NONE', *, *, #3592, .F. ) ;
#4304 = ORIENTED_EDGE ( 'NONE', *, *, #2808, .T. ) ;
#4305 = DIRECTION ( 'NONE',  ( 0.0000000000000000000, -1.000000000000000000, 1.239088197126290817E-16 ) ) ;
#4306 = CARTESIAN_POINT ( 'NONE',  ( 3.600000000000000977, 7.000000000000000888, -4.399999999999999467 ) ) ;
#4307 = PRESENTATION_LAYER_ASSIGNMENT (  '', '', ( #3615 ) ) ;
#4308 = PRODUCT_RELATED_PRODUCT_CATEGORY ( 'part', '', ( #2764 ) ) ;
#4309 = CARTESIAN_POINT ( 'NONE',  ( -0.2999999999999999889, 7.000000000000000888, 3.300000000000000266 ) ) ;
#4310 = SURFACE_SIDE_STYLE ('',( #2502 ) ) ;
#4311 = CARTESIAN_POINT ( 'NONE',  ( 3.600000000000000977, 7.000000000000000888, -4.399999999999999467 ) ) ;
#4312 = ORIENTED_EDGE ( 'NONE', *, *, #967, .F. ) ;
#4313 = VECTOR ( 'NONE', #1368, 1000.000000000000000 ) ;
#4314 = ORIENTED_EDGE ( 'NONE', *, *, #1523, .F. ) ;
#4315 = AXIS2_PLACEMENT_3D ( 'NONE', #4746, #2115, #3637 ) ;
#4316 = EDGE_LOOP ( 'NONE', ( #4606, #2148, #4077, #4616 ) ) ;
#4317 = CARTESIAN_POINT ( 'NONE',  ( 10.00000000000000000, 0.0000000000000000000, -3.199999999999999734 ) ) ;
#4318 = EDGE_CURVE ( 'NONE', #4147, #580, #3377, .T. ) ;
#4319 = DIRECTION ( 'NONE',  ( 0.0000000000000000000, -0.0000000000000000000, 1.000000000000000000 ) ) ;
#4320 = AXIS2_PLACEMENT_3D ( 'NONE', #252, #1008, #281 ) ;
#4321 = DIRECTION ( 'NONE',  ( 0.0000000000000000000, 0.0000000000000000000, -1.000000000000000000 ) ) ;
#4322 = ORIENTED_EDGE ( 'NONE', *, *, #1288, .F. ) ;
#4323 = AXIS2_PLACEMENT_3D ( 'NONE', #885, #3117, #4547 ) ;
#4324 = ORIENTED_EDGE ( 'NONE', *, *, #2865, .T. ) ;
#4325 = DIRECTION ( 'NONE',  ( 1.000000000000000000, 0.0000000000000000000, 0.0000000000000000000 ) ) ;
#4326 = VECTOR ( 'NONE', #1682, 1000.000000000000000 ) ;
#4327 = LINE ( 'NONE', #946, #2703 ) ;
#4328 = PRESENTATION_LAYER_ASSIGNMENT (  '', '', ( #2945 ) ) ;
#4329 = LINE ( 'NONE', #1332, #1885 ) ;
#4330 = DIRECTION ( 'NONE',  ( -1.000000000000000000, 0.0000000000000000000, -0.0000000000000000000 ) ) ;
#4331 = CARTESIAN_POINT ( 'NONE',  ( 10.00000000000000000, 7.000000000000003553, 5.000000000000000000 ) ) ;
#4332 = ORIENTED_EDGE ( 'NONE', *, *, #2774, .T. ) ;
#4333 = ORIENTED_EDGE ( 'NONE', *, *, #2739, .T. ) ;
#4334 = LINE ( 'NONE', #3273, #2842 ) ;
#4335 = CARTESIAN_POINT ( 'NONE',  ( 3.949999999999998845, 2.000000000000000000, 2.850000000000000089 ) ) ;
#4336 = CARTESIAN_POINT ( 'NONE',  ( 2.505624112914680346, -3.500000000000000000, -0.2000000000000000944 ) ) ;
#4337 = SURFACE_STYLE_FILL_AREA ( #4028 ) ;
#4338 = UNCERTAINTY_MEASURE_WITH_UNIT (LENGTH_MEASURE( 1.000000000000000082E-05 ), #2219, 'distance_accuracy_value', 'NONE');
#4339 = DIRECTION ( 'NONE',  ( 1.000000000000000000, 0.0000000000000000000, 0.0000000000000000000 ) ) ;
#4340 = EDGE_LOOP ( 'NONE', ( #1943, #2505, #3795, #411 ) ) ;
#4341 = ORIENTED_EDGE ( 'NONE', *, *, #3383, .F. ) ;
#4342 = CARTESIAN_POINT ( 'NONE',  ( 9.700000000000002842, -2.149255132503605173E-16, -4.200000000000000178 ) ) ;
#4343 = DIRECTION ( 'NONE',  ( 0.0000000000000000000, 1.000000000000000000, 0.0000000000000000000 ) ) ;
#4344 = PLANE ( 'NONE',  #3536 ) ;
#4345 = VERTEX_POINT ( 'NONE', #3334 ) ;
#4346 = ADVANCED_FACE ( 'NONE', ( #1476 ), #2944, .T. ) ;
#4347 = VERTEX_POINT ( 'NONE', #1189 ) ;
#4348 = DIRECTION ( 'NONE',  ( 0.0000000000000000000, 1.000000000000000000, -0.0000000000000000000 ) ) ;
#4349 = CARTESIAN_POINT ( 'NONE',  ( 1.399999999999998579, 5.000000000000000000, -5.200000000000001066 ) ) ;
#4350 = EDGE_CURVE ( 'NONE', #1185, #2325, #814, .T. ) ;
#4351 = EDGE_CURVE ( 'NONE', #3597, #602, #4037, .T. ) ;
#4352 = LINE ( 'NONE', #3206, #431 ) ;
#4353 = LINE ( 'NONE', #4655, #984 ) ;
#4354 = ORIENTED_EDGE ( 'NONE', *, *, #2301, .T. ) ;
#4355 = CARTESIAN_POINT ( 'NONE',  ( 7.505624112914681234, -3.500000000000000000, 0.2000000000000005107 ) ) ;
#4356 = CARTESIAN_POINT ( 'NONE',  ( 6.299999999999999822, 7.000000000000000888, -4.253643450194938502 ) ) ;
#4357 = CARTESIAN_POINT ( 'NONE',  ( 10.00000000000000000, 5.388445916248353027E-16, -4.399999999999999467 ) ) ;
#4358 = ORIENTED_EDGE ( 'NONE', *, *, #1879, .F. ) ;
#4359 = ORIENTED_EDGE ( 'NONE', *, *, #3739, .F. ) ;
#4360 = DIRECTION ( 'NONE',  ( -3.553731851483302186E-16, 0.0000000000000000000, -1.000000000000000000 ) ) ;
#4361 = ORIENTED_EDGE ( 'NONE', *, *, #347, .F. ) ;
#4362 = AXIS2_PLACEMENT_3D ( 'NONE', #3910, #2079, #4296 ) ;
#4363 = VERTEX_POINT ( 'NONE', #3881 ) ;
#4364 = CARTESIAN_POINT ( 'NONE',  ( 10.00000000000000000, -2.455416832290443290E-16, -3.199999999999999734 ) ) ;
#4365 = ADVANCED_FACE ( 'NONE', ( #185 ), #1598, .T. ) ;
#4366 = FILL_AREA_STYLE ('',( #408 ) ) ;
#4367 = LINE ( 'NONE', #3166, #500 ) ;
#4368 = CARTESIAN_POINT ( 'NONE',  ( 1.399999999999998579, 1.612742585576170118, -5.045130994854379658 ) ) ;
#4369 = VECTOR ( 'NONE', #2361, 1000.000000000000000 ) ;
#4370 = EDGE_CURVE ( 'NONE', #1068, #2903, #2364, .T. ) ;
#4371 = EDGE_CURVE ( 'NONE', #2537, #1139, #2387, .T. ) ;
#4372 = FACE_BOUND ( 'NONE', #1470, .T. ) ;
#4373 = EDGE_LOOP ( 'NONE', ( #2568, #4358, #1224, #4467 ) ) ;
#4374 = UNCERTAINTY_MEASURE_WITH_UNIT (LENGTH_MEASURE( 1.000000000000000082E-05 ), #148, 'distance_accuracy_value', 'NONE');
#4375 = COLOUR_RGB ( '',0.6666666666666666297, 0.6666666666666666297, 0.6666666666666666297 ) ;
#4376 = CARTESIAN_POINT ( 'NONE',  ( 2.499999999999998668, 13.10000000000000142, 0.0000000000000000000 ) ) ;
#4377 = CARTESIAN_POINT ( 'NONE',  ( 6.299999999999999822, 8.000000000000000000, -2.349999999999965450 ) ) ;
#4378 = EDGE_CURVE ( 'NONE', #2309, #3862, #3856, .T. ) ;
#4379 = VECTOR ( 'NONE', #1856, 1000.000000000000000 ) ;
#4380 = PRESENTATION_LAYER_ASSIGNMENT (  '', '', ( #1048 ) ) ;
#4381 = DIRECTION ( 'NONE',  ( -1.000000000000000000, 0.0000000000000000000, 0.0000000000000000000 ) ) ;
#4382 = DIRECTION ( 'NONE',  ( -0.0000000000000000000, -0.0000000000000000000, 1.000000000000000000 ) ) ;
#4383 =( NAMED_UNIT ( * ) PLANE_ANGLE_UNIT ( ) SI_UNIT ( $, .RADIAN. ) );
#4384 = ORIENTED_EDGE ( 'NONE', *, *, #3824, .F. ) ;
#4385 = ORIENTED_EDGE ( 'NONE', *, *, #2432, .F. ) ;
#4386 = VERTEX_POINT ( 'NONE', #1640 ) ;
#4387 = MECHANICAL_DESIGN_GEOMETRIC_PRESENTATION_REPRESENTATION (  '', ( #2834 ), #2921 ) ;
#4388 = AXIS2_PLACEMENT_3D ( 'NONE', #615, #3199, #4671 ) ;
#4389 = CARTESIAN_POINT ( 'NONE',  ( 6.399999999999999467, 7.000000000000000888, -4.399999999999998579 ) ) ;
#4390 = LINE ( 'NONE', #1072, #306 ) ;
#4391 =( LENGTH_UNIT ( ) NAMED_UNIT ( * ) SI_UNIT ( .MILLI., .METRE. ) );
#4392 = VECTOR ( 'NONE', #608, 1000.000000000000000 ) ;
#4393 = ORIENTED_EDGE ( 'NONE', *, *, #1379, .F. ) ;
#4394 = VECTOR ( 'NONE', #1010, 1000.000000000000000 ) ;
#4395 = VERTEX_POINT ( 'NONE', #2720 ) ;
#4396 = LINE ( 'NONE', #1816, #2835 ) ;
#4397 = MECHANICAL_DESIGN_GEOMETRIC_PRESENTATION_REPRESENTATION (  '', ( #464 ), #1454 ) ;
#4398 = LINE ( 'NONE', #2181, #4176 ) ;
#4399 = CARTESIAN_POINT ( 'NONE',  ( 2.499999999999998668, 11.09999999999999787, 0.0000000000000000000 ) ) ;
#4400 = PRODUCT_DEFINITION ( 'UNKNOWN', '', #475, #3326 ) ;
#4401 = LINE ( 'NONE', #3268, #1896 ) ;
#4402 = VECTOR ( 'NONE', #4016, 1000.000000000000000 ) ;
#4403 = DIRECTION ( 'NONE',  ( 0.0000000000000000000, 1.000000000000000000, 1.224646799147353207E-16 ) ) ;
#4404 = LINE ( 'NONE', #3269, #4225 ) ;
#4405 = FACE_OUTER_BOUND ( 'NONE', #794, .T. ) ;
#4406 = EDGE_CURVE ( 'NONE', #4386, #1993, #3427, .T. ) ;
#4407 = DIRECTION ( 'NONE',  ( 0.0000000000000000000, 0.9695125564162684340, 0.2450416351381778379 ) ) ;
#4408 = PRESENTATION_LAYER_ASSIGNMENT (  '', '', ( #2542 ) ) ;
#4409 = DIRECTION ( 'NONE',  ( 0.0000000000000000000, 0.0000000000000000000, 1.000000000000000000 ) ) ;
#4410 = CARTESIAN_POINT ( 'NONE',  ( 3.600000000000000977, 5.000000000000000000, -5.200000000000001066 ) ) ;
#4411 = ORIENTED_EDGE ( 'NONE', *, *, #3676, .F. ) ;
#4412 = ORIENTED_EDGE ( 'NONE', *, *, #1346, .T. ) ;
#4413 = ADVANCED_FACE ( 'NONE', ( #875, #1978 ), #3925, .T. ) ;
#4414 = DIRECTION ( 'NONE',  ( 0.0000000000000000000, 1.000000000000000000, 0.0000000000000000000 ) ) ;
#4415 = DIRECTION ( 'NONE',  ( -0.0000000000000000000, 1.858632295689436102E-16, 1.000000000000000000 ) ) ;
#4416 = CARTESIAN_POINT ( 'NONE',  ( 6.299999999999999822, 7.000000000000000000, 8.572527594031474176E-16 ) ) ;
#4417 = PRESENTATION_STYLE_ASSIGNMENT (( #476 ) ) ;
#4418 = ORIENTED_EDGE ( 'NONE', *, *, #4693, .F. ) ;
#4419 = ORIENTED_EDGE ( 'NONE', *, *, #3569, .T. ) ;
#4420 = DIRECTION ( 'NONE',  ( -0.0000000000000000000, -0.0000000000000000000, 1.000000000000000000 ) ) ;
#4421 = FACE_OUTER_BOUND ( 'NONE', #4373, .T. ) ;
#4422 = ORIENTED_EDGE ( 'NONE', *, *, #347, .T. ) ;
#4423 = DIRECTION ( 'NONE',  ( -0.0000000000000000000, -1.000000000000000000, -0.0000000000000000000 ) ) ;
#4424 = LINE ( 'NONE', #3393, #3319 ) ;
#4425 = PRESENTATION_STYLE_ASSIGNMENT (( #4072 ) ) ;
#4426 = DIRECTION ( 'NONE',  ( 1.000000000000000000, -0.0000000000000000000, 0.0000000000000000000 ) ) ;
#4427 = EDGE_CURVE ( 'NONE', #4043, #1887, #865, .T. ) ;
#4428 = SURFACE_STYLE_USAGE ( .BOTH. , #2938 ) ;
#4429 = ORIENTED_EDGE ( 'NONE', *, *, #994, .F. ) ;
#4430 = ORIENTED_EDGE ( 'NONE', *, *, #3467, .T. ) ;
#4431 = ORIENTED_EDGE ( 'NONE', *, *, #1854, .T. ) ;
#4432 = CARTESIAN_POINT ( 'NONE',  ( -0.2999999999999999889, 7.000000000000000888, -3.699999999999999734 ) ) ;
#4433 = SURFACE_STYLE_FILL_AREA ( #2966 ) ;
#4434 = EDGE_CURVE ( 'NONE', #2537, #2559, #131, .T. ) ;
#4435 = ADVANCED_FACE ( 'NONE', ( #3113, #3836 ), #1982, .T. ) ;
#4436 = DIRECTION ( 'NONE',  ( 0.0000000000000000000, -0.1646435029425314944, 0.9863531400765207513 ) ) ;
#4437 = ORIENTED_EDGE ( 'NONE', *, *, #2264, .F. ) ;
#4438 = EDGE_LOOP ( 'NONE', ( #3350, #4491, #2807, #3338, #2885, #2675, #1030, #1841 ) ) ;
#4439 = DIRECTION ( 'NONE',  ( 0.0000000000000000000, -1.000000000000000000, -1.224646799147353207E-16 ) ) ;
#4440 = CARTESIAN_POINT ( 'NONE',  ( 6.049999999999998934, 1.999999999999999556, -2.149999999999999911 ) ) ;
#4441 = ORIENTED_EDGE ( 'NONE', *, *, #4255, .F. ) ;
#4442 = ORIENTED_EDGE ( 'NONE', *, *, #2404, .F. ) ;
#4443 = DIRECTION ( 'NONE',  ( 0.0000000000000000000, 1.000000000000000000, 0.0000000000000000000 ) ) ;
#4444 = STYLED_ITEM ( 'NONE', ( #371 ), #838 ) ;
#4445 = CARTESIAN_POINT ( 'NONE',  ( 5.549999999999998934, 8.000000000000000000, 2.850000000000035172 ) ) ;
#4446 = CARTESIAN_POINT ( 'NONE',  ( 9.449999999999997513, 2.000000000000000000, 2.850000000000035172 ) ) ;
#4447 = STYLED_ITEM ( 'NONE', ( #1318 ), #939 ) ;
#4448 = FACE_BOUND ( 'NONE', #3285, .T. ) ;
#4449 = LINE ( 'NONE', #3683, #2510 ) ;
#4450 = FACE_OUTER_BOUND ( 'NONE', #982, .T. ) ;
#4451 = VECTOR ( 'NONE', #2848, 1000.000000000000000 ) ;
#4452 = DIRECTION ( 'NONE',  ( -1.000000000000000000, 0.0000000000000000000, 3.212450881438531748E-16 ) ) ;
#4453 = ORIENTED_EDGE ( 'NONE', *, *, #4553, .T. ) ;
#4454 = ORIENTED_EDGE ( 'NONE', *, *, #3192, .T. ) ;
#4455 = VERTEX_POINT ( 'NONE', #2324 ) ;
#4456 = FILL_AREA_STYLE_COLOUR ( '', #3450 ) ;
#4457 = EDGE_CURVE ( 'NONE', #2558, #816, #155, .T. ) ;
#4458 = STYLED_ITEM ( 'NONE', ( #4516 ), #3764 ) ;
#4459 = CARTESIAN_POINT ( 'NONE',  ( 7.500000000000000000, 13.10000000000000142, -1.750000000000000000 ) ) ;
#4460 =( LENGTH_UNIT ( ) NAMED_UNIT ( * ) SI_UNIT ( .MILLI., .METRE. ) );
#4461 = CARTESIAN_POINT ( 'NONE',  ( 6.099999999999999645, 7.000000000000006217, 4.999999999999997335 ) ) ;
#4462 = MECHANICAL_DESIGN_GEOMETRIC_PRESENTATION_REPRESENTATION (  '', ( #2684 ), #4610 ) ;
#4463 = VERTEX_POINT ( 'NONE', #1531 ) ;
#4464 = EDGE_CURVE ( 'NONE', #1985, #1287, #4511, .T. ) ;
#4465 = ORIENTED_EDGE ( 'NONE', *, *, #3416, .F. ) ;
#4466 = VECTOR ( 'NONE', #2756, 1000.000000000000000 ) ;
#4467 = ORIENTED_EDGE ( 'NONE', *, *, #3439, .F. ) ;
#4468 = CARTESIAN_POINT ( 'NONE',  ( 2.505624112914680346, -3.500000000000000000, -0.2000000000000000944 ) ) ;
#4469 = EDGE_CURVE ( 'NONE', #1185, #4235, #3096, .T. ) ;
#4470 = ORIENTED_EDGE ( 'NONE', *, *, #1580, .T. ) ;
#4471 = DIRECTION ( 'NONE',  ( 0.0000000000000000000, -1.000000000000000000, -0.0000000000000000000 ) ) ;
#4472 = VECTOR ( 'NONE', #3875, 1000.000000000000000 ) ;
#4473 = SURFACE_SIDE_STYLE ('',( #825 ) ) ;
#4474 = VECTOR ( 'NONE', #2657, 1000.000000000000000 ) ;
#4475 = DIRECTION ( 'NONE',  ( 0.0000000000000000000, 1.000000000000000000, -0.0000000000000000000 ) ) ;
#4476 = FACE_OUTER_BOUND ( 'NONE', #3308, .T. ) ;
#4477 = CARTESIAN_POINT ( 'NONE',  ( 6.399999999999999467, 4.165217391304369521, -4.399999999999997691 ) ) ;
#4478 = AXIS2_PLACEMENT_3D ( 'NONE', #4432, #4415, #1094 ) ;
#4479 = LINE ( 'NONE', #3328, #2843 ) ;
#4480 = ORIENTED_EDGE ( 'NONE', *, *, #1620, .F. ) ;
#4481 = ORIENTED_EDGE ( 'NONE', *, *, #1294, .F. ) ;
#4482 = ORIENTED_EDGE ( 'NONE', *, *, #1337, .F. ) ;
#4483 = AXIS2_PLACEMENT_3D ( 'NONE', #1960, #3455, #2705 ) ;
#4484 = LINE ( 'NONE', #1568, #1424 ) ;
#4485 = CARTESIAN_POINT ( 'NONE',  ( 0.5499999999999986011, 1.438959988998141639E-16, -2.350000000000001421 ) ) ;
#4486 = VECTOR ( 'NONE', #4722, 1000.000000000000000 ) ;
#4487 = FACE_OUTER_BOUND ( 'NONE', #4544, .T. ) ;
#4488 = ORIENTED_EDGE ( 'NONE', *, *, #2718, .T. ) ;
#4489 =( NAMED_UNIT ( * ) PLANE_ANGLE_UNIT ( ) SI_UNIT ( $, .RADIAN. ) );
#4490 = ADVANCED_FACE ( 'NONE', ( #957 ), #4581, .T. ) ;
#4491 = ORIENTED_EDGE ( 'NONE', *, *, #2147, .T. ) ;
#4492 = CARTESIAN_POINT ( 'NONE',  ( 1.049999999999998934, 1.999999999999999556, -2.149999999999999911 ) ) ;
#4493 = ORIENTED_EDGE ( 'NONE', *, *, #2327, .T. ) ;
#4494 = LINE ( 'NONE', #458, #518 ) ;
#4495 = LINE ( 'NONE', #586, #369 ) ;
#4496 = EDGE_CURVE ( 'NONE', #1664, #3134, #3412, .T. ) ;
#4497 = EDGE_CURVE ( 'NONE', #109, #399, #4565, .T. ) ;
#4498 =( NAMED_UNIT ( * ) PLANE_ANGLE_UNIT ( ) SI_UNIT ( $, .RADIAN. ) );
#4499 =( LENGTH_UNIT ( ) NAMED_UNIT ( * ) SI_UNIT ( .MILLI., .METRE. ) );
#4500 =( NAMED_UNIT ( * ) SI_UNIT ( $, .STERADIAN. ) SOLID_ANGLE_UNIT ( ) );
#4501 = LINE ( 'NONE', #806, #1623 ) ;
#4502 = PLANE ( 'NONE',  #4786 ) ;
#4503 = ORIENTED_EDGE ( 'NONE', *, *, #3369, .T. ) ;
#4504 = VERTEX_POINT ( 'NONE', #1322 ) ;
#4505 = ORIENTED_EDGE ( 'NONE', *, *, #3903, .T. ) ;
#4506 = DIRECTION ( 'NONE',  ( 0.0000000000000000000, 1.000000000000000000, 0.0000000000000000000 ) ) ;
#4507 = CARTESIAN_POINT ( 'NONE',  ( 10.00000000000000000, 7.299999999999998934, 4.500000000000000888 ) ) ;
#4508 = DIRECTION ( 'NONE',  ( -1.000000000000000000, -0.0000000000000000000, -0.0000000000000000000 ) ) ;
#4509 = ORIENTED_EDGE ( 'NONE', *, *, #4800, .T. ) ;
#4510 = LINE ( 'NONE', #1868, #4614 ) ;
#4511 = LINE ( 'NONE', #1219, #700 ) ;
#4512 = ORIENTED_EDGE ( 'NONE', *, *, #3131, .T. ) ;
#4513 =( NAMED_UNIT ( * ) PLANE_ANGLE_UNIT ( ) SI_UNIT ( $, .RADIAN. ) );
#4514 = EDGE_LOOP ( 'NONE', ( #1037, #3021, #4422, #2586 ) ) ;
#4515 = EDGE_CURVE ( 'NONE', #4756, #1150, #3384, .T. ) ;
#4516 = PRESENTATION_STYLE_ASSIGNMENT (( #3756 ) ) ;
#4517 = CARTESIAN_POINT ( 'NONE',  ( 7.500000000000000000, 13.10000000000000142, 0.0000000000000000000 ) ) ;
#4518 = PLANE ( 'NONE',  #2104 ) ;
#4519 = DIRECTION ( 'NONE',  ( 0.0000000000000000000, -1.224646799147353207E-16, 1.000000000000000000 ) ) ;
#4520 = ADVANCED_FACE ( 'NONE', ( #4201 ), #480, .T. ) ;
#4521 = AXIS2_PLACEMENT_3D ( 'NONE', #3354, #1593, #3089 ) ;
#4522 = DIRECTION ( 'NONE',  ( -0.0000000000000000000, -0.0000000000000000000, -1.000000000000000000 ) ) ;
#4523 = CARTESIAN_POINT ( 'NONE',  ( 7.976276906438229868E-63, 0.0000000000000000000, -2.500000000000001332 ) ) ;
#4524 = ORIENTED_EDGE ( 'NONE', *, *, #3086, .F. ) ;
#4525 = AXIS2_PLACEMENT_3D ( 'NONE', #3784, #3420, #2243 ) ;
#4526 = ORIENTED_EDGE ( 'NONE', *, *, #857, .F. ) ;
#4527 = LINE ( 'NONE', #2692, #2438 ) ;
#4528 = LINE ( 'NONE', #3768, #4148 ) ;
#4529 = ADVANCED_FACE ( 'NONE', ( #1779 ), #3559, .F. ) ;
#4530 = DIRECTION ( 'NONE',  ( 1.000000000000000000, -2.042714954096891005E-32, 1.668003342285391058E-16 ) ) ;
#4531 = SURFACE_SIDE_STYLE ('',( #4216 ) ) ;
#4532 = CARTESIAN_POINT ( 'NONE',  ( 6.049999999999998934, 1.999999999999999556, -2.149999999999999911 ) ) ;
#4533 = EDGE_LOOP ( 'NONE', ( #879, #105, #1020, #2476 ) ) ;
#4534 = AXIS2_PLACEMENT_3D ( 'NONE', #1721, #2426, #3218 ) ;
#4535 =( GEOMETRIC_REPRESENTATION_CONTEXT ( 3 ) GLOBAL_UNCERTAINTY_ASSIGNED_CONTEXT ( ( #898 ) ) GLOBAL_UNIT_ASSIGNED_CONTEXT ( ( #3152, #2953, #1823 ) ) REPRESENTATION_CONTEXT ( 'NONE', 'WORKASPACE' ) );
#4536 = LINE ( 'NONE', #4200, #2608 ) ;
#4537 = PRESENTATION_STYLE_ASSIGNMENT (( #3068 ) ) ;
#4538 = VECTOR ( 'NONE', #625, 1000.000000000000000 ) ;
#4539 = VECTOR ( 'NONE', #3648, 1000.000000000000000 ) ;
#4540 = VERTEX_POINT ( 'NONE', #3219 ) ;
#4541 = DIRECTION ( 'NONE',  ( 0.0000000000000000000, 0.0000000000000000000, -1.000000000000000000 ) ) ;
#4542 = VECTOR ( 'NONE', #2390, 1000.000000000000000 ) ;
#4543 = AXIS2_PLACEMENT_3D ( 'NONE', #2344, #1280, #1628 ) ;
#4544 = EDGE_LOOP ( 'NONE', ( #4604, #3159, #4583, #1170 ) ) ;
#4545 = CARTESIAN_POINT ( 'NONE',  ( 4.449999999999999289, 0.0000000000000000000, -2.350000000000000533 ) ) ;
#4546 = VECTOR ( 'NONE', #2884, 1000.000000000000000 ) ;
#4547 = DIRECTION ( 'NONE',  ( 0.0000000000000000000, 1.224646799147353207E-16, -1.000000000000000000 ) ) ;
#4548 = VECTOR ( 'NONE', #2749, 1000.000000000000000 ) ;
#4549 = VECTOR ( 'NONE', #144, 1000.000000000000000 ) ;
#4550 = DIRECTION ( 'NONE',  ( -1.000000000000000000, 0.0000000000000000000, -0.0000000000000000000 ) ) ;
#4551 = LINE ( 'NONE', #3423, #3707 ) ;
#4552 = ORIENTED_EDGE ( 'NONE', *, *, #746, .F. ) ;
#4553 = EDGE_CURVE ( 'NONE', #3361, #3905, #2859, .T. ) ;
#4554 = ORIENTED_EDGE ( 'NONE', *, *, #3186, .T. ) ;
#4555 = PRESENTATION_LAYER_ASSIGNMENT (  '', '', ( #464 ) ) ;
#4556 = LINE ( 'NONE', #209, #3234 ) ;
#4557 = PLANE ( 'NONE',  #437 ) ;
#4558 = VECTOR ( 'NONE', #1597, 1000.000000000000000 ) ;
#4559 = CARTESIAN_POINT ( 'NONE',  ( 7.505624112914681234, -3.500000000000000000, -0.1999999999999998723 ) ) ;
#4560 = DIRECTION ( 'NONE',  ( 0.0000000000000000000, -1.000000000000000000, 0.0000000000000000000 ) ) ;
#4561 = VECTOR ( 'NONE', #3048, 1000.000000000000000 ) ;
#4562 = EDGE_CURVE ( 'NONE', #445, #3330, #3974, .T. ) ;
#4563 = VECTOR ( 'NONE', #2724, 1000.000000000000000 ) ;
#4564 = FACE_OUTER_BOUND ( 'NONE', #2069, .T. ) ;
#4565 = LINE ( 'NONE', #1244, #3942 ) ;
#4566 = VERTEX_POINT ( 'NONE', #1417 ) ;
#4567 = CARTESIAN_POINT ( 'NONE',  ( 8.727129896139459220, 8.000000000000000000, -2.349999999999965450 ) ) ;
#4568 = ORIENTED_EDGE ( 'NONE', *, *, #2264, .T. ) ;
#4569 =( NAMED_UNIT ( * ) SI_UNIT ( $, .STERADIAN. ) SOLID_ANGLE_UNIT ( ) );
#4570 = SURFACE_SIDE_STYLE ('',( #3890 ) ) ;
#4571 = FILL_AREA_STYLE_COLOUR ( '', #4676 ) ;
#4572 = SURFACE_STYLE_FILL_AREA ( #3828 ) ;
#4573 = ORIENTED_EDGE ( 'NONE', *, *, #709, .T. ) ;
#4574 = DIRECTION ( 'NONE',  ( 0.0000000000000000000, 0.0000000000000000000, 1.000000000000000000 ) ) ;
#4575 =( NAMED_UNIT ( * ) PLANE_ANGLE_UNIT ( ) SI_UNIT ( $, .RADIAN. ) );
#4576 = EDGE_CURVE ( 'NONE', #3513, #1491, #1341, .T. ) ;
#4577 = DIRECTION ( 'NONE',  ( 1.000000000000000000, 0.0000000000000000000, 0.0000000000000000000 ) ) ;
#4578 = SURFACE_STYLE_USAGE ( .BOTH. , #1624 ) ;
#4579 = PLANE ( 'NONE',  #4169 ) ;
#4580 = EDGE_CURVE ( 'NONE', #1725, #2255, #3604, .T. ) ;
#4581 = PLANE ( 'NONE',  #1236 ) ;
#4582 = ORIENTED_EDGE ( 'NONE', *, *, #1406, .T. ) ;
#4583 = ORIENTED_EDGE ( 'NONE', *, *, #914, .T. ) ;
#4584 = EDGE_CURVE ( 'NONE', #4114, #2325, #1722, .T. ) ;
#4585 = LINE ( 'NONE', #200, #4301 ) ;
#4586 = PLANE ( 'NONE',  #1298 ) ;
#4587 = VERTEX_POINT ( 'NONE', #2143 ) ;
#4588 = PRESENTATION_STYLE_ASSIGNMENT (( #3825 ) ) ;
#4589 = CARTESIAN_POINT ( 'NONE',  ( 9.449999999999999289, 8.000000000000000000, -2.349999999999965894 ) ) ;
#4590 = ORIENTED_EDGE ( 'NONE', *, *, #472, .F. ) ;
#4591 = ORIENTED_EDGE ( 'NONE', *, *, #196, .T. ) ;
#4592 = CARTESIAN_POINT ( 'NONE',  ( 0.0000000000000000000, 8.000000000000000000, 9.797174393178825657E-16 ) ) ;
#4593 = CIRCLE ( 'NONE', #3674, 1.750000000000000000 ) ;
#4594 = DIRECTION ( 'NONE',  ( 1.000000000000000000, 0.0000000000000000000, -0.0000000000000000000 ) ) ;
#4595 = CARTESIAN_POINT ( 'NONE',  ( 0.0000000000000000000, 8.000000000000000000, -4.253643450194972253 ) ) ;
#4596 = CIRCLE ( 'NONE', #2108, 1.750000000000000000 ) ;
#4597 = DIRECTION ( 'NONE',  ( 0.0000000000000000000, 0.7371541402007427690, 0.6757246285173448275 ) ) ;
#4598 = ORIENTED_EDGE ( 'NONE', *, *, #24, .T. ) ;
#4599 = EDGE_CURVE ( 'NONE', #573, #3201, #3295, .T. ) ;
#4600 = VECTOR ( 'NONE', #2454, 1000.000000000000000 ) ;
#4601 = CARTESIAN_POINT ( 'NONE',  ( 1.149999999999999467, 2.933808594438105023E-16, -2.500000000000001332 ) ) ;
#4602 = DIRECTION ( 'NONE',  ( -0.0000000000000000000, -1.000000000000000000, -0.0000000000000000000 ) ) ;
#4603 = VECTOR ( 'NONE', #176, 1000.000000000000000 ) ;
#4604 = ORIENTED_EDGE ( 'NONE', *, *, #4091, .F. ) ;
#4605 = EDGE_CURVE ( 'NONE', #3620, #1234, #3194, .T. ) ;
#4606 = ORIENTED_EDGE ( 'NONE', *, *, #1407, .F. ) ;
#4607 = STYLED_ITEM ( 'NONE', ( #4631 ), #3878 ) ;
#4608 = SURFACE_SIDE_STYLE ('',( #2874 ) ) ;
#4609 = EDGE_CURVE ( 'NONE', #1234, #1325, #1395, .T. ) ;
#4610 =( GEOMETRIC_REPRESENTATION_CONTEXT ( 3 ) GLOBAL_UNCERTAINTY_ASSIGNED_CONTEXT ( ( #3220 ) ) GLOBAL_UNIT_ASSIGNED_CONTEXT ( ( #3772, #792, #1913 ) ) REPRESENTATION_CONTEXT ( 'NONE', 'WORKASPACE' ) );
#4611 = AXIS2_PLACEMENT_3D ( 'NONE', #1530, #407, #379 ) ;
#4612 =( NAMED_UNIT ( * ) PLANE_ANGLE_UNIT ( ) SI_UNIT ( $, .RADIAN. ) );
#4613 =( NAMED_UNIT ( * ) SI_UNIT ( $, .STERADIAN. ) SOLID_ANGLE_UNIT ( ) );
#4614 = VECTOR ( 'NONE', #1479, 1000.000000000000000 ) ;
#4615 = DIRECTION ( 'NONE',  ( -0.0000000000000000000, -1.000000000000000000, 0.0000000000000000000 ) ) ;
#4616 = ORIENTED_EDGE ( 'NONE', *, *, #301, .T. ) ;
#4617 = VERTEX_POINT ( 'NONE', #2883 ) ;
#4618 = VECTOR ( 'NONE', #2614, 1000.000000000000000 ) ;
#4619 = FILL_AREA_STYLE ('',( #511 ) ) ;
#4620 = DIRECTION ( 'NONE',  ( 4.376410911587033178E-32, -1.000000000000000000, -1.224646799147353207E-16 ) ) ;
#4621 = UNCERTAINTY_MEASURE_WITH_UNIT (LENGTH_MEASURE( 1.000000000000000082E-05 ), #211, 'distance_accuracy_value', 'NONE');
#4622 = COLOUR_RGB ( '',0.6666666666666666297, 0.6666666666666666297, 0.6666666666666666297 ) ;
#4623 = CYLINDRICAL_SURFACE ( 'NONE', #4315, 1.750000000000000000 ) ;
#4624 = COLOUR_RGB ( '',0.6666666666666666297, 0.6666666666666666297, 0.6666666666666666297 ) ;
#4625 = DIRECTION ( 'NONE',  ( 0.0000000000000000000, 0.0000000000000000000, 1.000000000000000000 ) ) ;
#4626 = CARTESIAN_POINT ( 'NONE',  ( 3.900000000000000355, 1.699999999999998401, 5.000000000000000000 ) ) ;
#4627 = DIRECTION ( 'NONE',  ( 0.0000000000000000000, 1.224646799147353454E-16, -1.000000000000000000 ) ) ;
#4628 = VERTEX_POINT ( 'NONE', #4356 ) ;
#4629 =( GEOMETRIC_REPRESENTATION_CONTEXT ( 3 ) GLOBAL_UNCERTAINTY_ASSIGNED_CONTEXT ( ( #164 ) ) GLOBAL_UNIT_ASSIGNED_CONTEXT ( ( #4460, #4083, #2622 ) ) REPRESENTATION_CONTEXT ( 'NONE', 'WORKASPACE' ) );
#4630 = ORIENTED_EDGE ( 'NONE', *, *, #4704, .T. ) ;
#4631 = PRESENTATION_STYLE_ASSIGNMENT (( #3162 ) ) ;
#4632 = ADVANCED_FACE ( 'NONE', ( #1445 ), #1701, .F. ) ;
#4633 = VECTOR ( 'NONE', #2009, 1000.000000000000000 ) ;
#4634 = PRESENTATION_STYLE_ASSIGNMENT (( #1291 ) ) ;
#4635 = DIRECTION ( 'NONE',  ( 0.0000000000000000000, 0.0000000000000000000, 1.000000000000000000 ) ) ;
#4636 = DIRECTION ( 'NONE',  ( 0.0000000000000000000, -0.0000000000000000000, -1.000000000000000000 ) ) ;
#4637 = EDGE_CURVE ( 'NONE', #564, #2992, #3684, .T. ) ;
#4638 = EDGE_CURVE ( 'NONE', #2960, #2833, #3414, .T. ) ;
#4639 = CARTESIAN_POINT ( 'NONE',  ( 8.949999999999999289, 1.999999999999999556, -2.149999999999999911 ) ) ;
#4640 = CARTESIAN_POINT ( 'NONE',  ( 0.0000000000000000000, 7.000000000000000888, 0.0000000000000000000 ) ) ;
#4641 = ORIENTED_EDGE ( 'NONE', *, *, #1641, .F. ) ;
#4642 = ORIENTED_EDGE ( 'NONE', *, *, #4553, .F. ) ;
#4643 = LINE ( 'NONE', #2317, #1742 ) ;
#4644 = CARTESIAN_POINT ( 'NONE',  ( 3.727129896139459664, 8.000000000000000000, -2.350000000000000533 ) ) ;
#4645 = FILL_AREA_STYLE ('',( #2112 ) ) ;
#4646 =( NAMED_UNIT ( * ) SI_UNIT ( $, .STERADIAN. ) SOLID_ANGLE_UNIT ( ) );
#4647 = LINE ( 'NONE', #3955, #218 ) ;
#4648 = PLANE ( 'NONE',  #132 ) ;
#4649 = ORIENTED_EDGE ( 'NONE', *, *, #2701, .F. ) ;
#4650 = VERTEX_POINT ( 'NONE', #3786 ) ;
#4651 = CARTESIAN_POINT ( 'NONE',  ( 9.700000000000002842, -6.870268543216652303E-16, -4.200000000000000178 ) ) ;
#4652 = PLANE ( 'NONE',  #4144 ) ;
#4653 = ADVANCED_FACE ( 'NONE', ( #4450 ), #2218, .F. ) ;
#4654 = CARTESIAN_POINT ( 'NONE',  ( 9.700000000000002842, -4.292387031011473471E-16, 2.800000000000000266 ) ) ;
#4655 = CARTESIAN_POINT ( 'NONE',  ( 8.949999999999999289, 5.299999999999999822, -2.149999999999999911 ) ) ;
#4656 = ORIENTED_EDGE ( 'NONE', *, *, #2636, .T. ) ;
#4657 = ORIENTED_EDGE ( 'NONE', *, *, #2995, .T. ) ;
#4658 = SURFACE_STYLE_USAGE ( .BOTH. , #603 ) ;
#4659 = ADVANCED_FACE ( 'NONE', ( #1136 ), #1857, .F. ) ;
#4660 = CARTESIAN_POINT ( 'NONE',  ( 2.499999999999998668, 11.09999999999999787, 1.899999999999999911 ) ) ;
#4661 =( GEOMETRIC_REPRESENTATION_CONTEXT ( 3 ) GLOBAL_UNCERTAINTY_ASSIGNED_CONTEXT ( ( #2829 ) ) GLOBAL_UNIT_ASSIGNED_CONTEXT ( ( #3502, #2026, #851 ) ) REPRESENTATION_CONTEXT ( 'NONE', 'WORKASPACE' ) );
#4662 = DIRECTION ( 'NONE',  ( 0.0000000000000000000, 1.000000000000000000, 1.224646799147353207E-16 ) ) ;
#4663 = FILL_AREA_STYLE_COLOUR ( '', #2544 ) ;
#4664 = ORIENTED_EDGE ( 'NONE', *, *, #4766, .T. ) ;
#4665 = COLOUR_RGB ( '',0.6666666666666666297, 0.6666666666666666297, 0.6666666666666666297 ) ;
#4666 = VERTEX_POINT ( 'NONE', #4477 ) ;
#4667 = EDGE_CURVE ( 'NONE', #1397, #3744, #3741, .T. ) ;
#4668 = SURFACE_STYLE_USAGE ( .BOTH. , #3563 ) ;
#4669 = PLANE ( 'NONE',  #3550 ) ;
#4670 = PRESENTATION_LAYER_ASSIGNMENT (  '', '', ( #4444 ) ) ;
#4671 = DIRECTION ( 'NONE',  ( 0.0000000000000000000, 0.0000000000000000000, -1.000000000000000000 ) ) ;
#4672 = EDGE_LOOP ( 'NONE', ( #253, #2939, #1519, #3677, #3434, #2654 ) ) ;
#4673 = AXIS2_PLACEMENT_3D ( 'NONE', #36, #2979, #4519 ) ;
#4674 = ORIENTED_EDGE ( 'NONE', *, *, #857, .T. ) ;
#4675 = DIRECTION ( 'NONE',  ( -0.0000000000000000000, -1.000000000000000000, -0.0000000000000000000 ) ) ;
#4676 = COLOUR_RGB ( '',0.6666666666666666297, 0.6666666666666666297, 0.6666666666666666297 ) ;
#4677 = CARTESIAN_POINT ( 'NONE',  ( 1.131871675294568011E-62, 2.000000000000001776, 3.000000000000000000 ) ) ;
#4678 = LINE ( 'NONE', #1408, #1648 ) ;
#4679 = VECTOR ( 'NONE', #4423, 1000.000000000000000 ) ;
#4680 = VECTOR ( 'NONE', #1435, 1000.000000000000000 ) ;
#4681 = CARTESIAN_POINT ( 'NONE',  ( 0.0000000000000000000, 7.000000000000000000, 8.572527594031474176E-16 ) ) ;
#4682 = PLANE ( 'NONE',  #1128 ) ;
#4683 = PRESENTATION_LAYER_ASSIGNMENT (  '', '', ( #2126 ) ) ;
#4684 = AXIS2_PLACEMENT_3D ( 'NONE', #2813, #3672, #4293 ) ;
#4685 = CARTESIAN_POINT ( 'NONE',  ( 1.131871675294568011E-62, 5.200000000000001954, 3.000000000000000444 ) ) ;
#4686 = VERTEX_POINT ( 'NONE', #1545 ) ;
#4687 = EDGE_LOOP ( 'NONE', ( #2391, #1036, #1905, #4361 ) ) ;
#4688 = DIRECTION ( 'NONE',  ( -0.0000000000000000000, 1.224646799147353207E-16, -1.000000000000000000 ) ) ;
#4689 = LINE ( 'NONE', #317, #3770 ) ;
#4690 = COLOUR_RGB ( '',0.6666666666666666297, 0.6666666666666666297, 0.6666666666666666297 ) ;
#4691 = LINE ( 'NONE', #4355, #2598 ) ;
#4692 = DIRECTION ( 'NONE',  ( 1.000000000000000000, -4.085429908193782010E-32, 3.336006684570782115E-16 ) ) ;
#4693 = EDGE_CURVE ( 'NONE', #816, #611, #2581, .T. ) ;
#4694 = CARTESIAN_POINT ( 'NONE',  ( 7.500000000000000000, 12.09999999999999964, 0.0000000000000000000 ) ) ;
#4695 = ORIENTED_EDGE ( 'NONE', *, *, #2994, .F. ) ;
#4696 = VECTOR ( 'NONE', #4688, 1000.000000000000000 ) ;
#4697 = EDGE_LOOP ( 'NONE', ( #4129, #320, #3937, #2399 ) ) ;
#4698 = AXIS2_PLACEMENT_3D ( 'NONE', #3816, #187, #3451 ) ;
#4699 = ORIENTED_EDGE ( 'NONE', *, *, #3990, .F. ) ;
#4700 = LINE ( 'NONE', #4389, #3906 ) ;
#4701 = VECTOR ( 'NONE', #3872, 1000.000000000000000 ) ;
#4702 =( LENGTH_UNIT ( ) NAMED_UNIT ( * ) SI_UNIT ( .MILLI., .METRE. ) );
#4703 = AXIS2_PLACEMENT_3D ( 'NONE', #2397, #1675, #3916 ) ;
#4704 = EDGE_CURVE ( 'NONE', #1325, #634, #4501, .T. ) ;
#4705 = EDGE_CURVE ( 'NONE', #1686, #4395, #38, .T. ) ;
#4706 = FACE_OUTER_BOUND ( 'NONE', #327, .T. ) ;
#4707 = ORIENTED_EDGE ( 'NONE', *, *, #3798, .F. ) ;
#4708 = ORIENTED_EDGE ( 'NONE', *, *, #1965, .T. ) ;
#4709 = LINE ( 'NONE', #4651, #1900 ) ;
#4710 = COLOUR_RGB ( '',0.6666666666666666297, 0.6666666666666666297, 0.6666666666666666297 ) ;
#4711 = CARTESIAN_POINT ( 'NONE',  ( 9.700000000000002842, 6.999999999999999112, -3.199999999999999734 ) ) ;
#4712 = CARTESIAN_POINT ( 'NONE',  ( 9.700000000000002842, 0.0000000000000000000, 0.0000000000000000000 ) ) ;
#4713 = DIRECTION ( 'NONE',  ( 0.0000000000000000000, 1.000000000000000000, 0.0000000000000000000 ) ) ;
#4714 = AXIS2_PLACEMENT_3D ( 'NONE', #4051, #4126, #2267 ) ;
#4715 = FACE_OUTER_BOUND ( 'NONE', #1958, .T. ) ;
#4716 = CARTESIAN_POINT ( 'NONE',  ( 0.4000000000000005773, 11.00000000000000000, 1.394422119316001487E-15 ) ) ;
#4717 = ORIENTED_EDGE ( 'NONE', *, *, #4151, .T. ) ;
#4718 = ORIENTED_EDGE ( 'NONE', *, *, #915, .F. ) ;
#4719 = PRESENTATION_STYLE_ASSIGNMENT (( #4743 ) ) ;
#4720 = CARTESIAN_POINT ( 'NONE',  ( 8.900000000000000355, 5.200000000000002842, 3.349999999999999645 ) ) ;
#4721 = SURFACE_STYLE_FILL_AREA ( #4645 ) ;
#4722 = DIRECTION ( 'NONE',  ( -1.000000000000000000, -0.0000000000000000000, -0.0000000000000000000 ) ) ;
#4723 = UNCERTAINTY_MEASURE_WITH_UNIT (LENGTH_MEASURE( 1.000000000000000082E-05 ), #2300, 'distance_accuracy_value', 'NONE');
#4724 = LINE ( 'NONE', #3975, #4546 ) ;
#4725 = ORIENTED_EDGE ( 'NONE', *, *, #1346, .F. ) ;
#4726 = VERTEX_POINT ( 'NONE', #1168 ) ;
#4727 = CARTESIAN_POINT ( 'NONE',  ( 6.099999999999999645, 2.000000000000001776, 3.000000000000000000 ) ) ;
#4728 = ADVANCED_FACE ( 'NONE', ( #1468 ), #2613, .F. ) ;
#4729 = CARTESIAN_POINT ( 'NONE',  ( 7.500000000000000000, 13.10000000000000142, 0.0000000000000000000 ) ) ;
#4730 = ORIENTED_EDGE ( 'NONE', *, *, #3086, .T. ) ;
#4731 = EDGE_CURVE ( 'NONE', #4666, #1507, #1829, .T. ) ;
#4732 = EDGE_CURVE ( 'NONE', #1790, #2277, #3714, .T. ) ;
#4733 = ORIENTED_EDGE ( 'NONE', *, *, #2398, .F. ) ;
#4734 = FILL_AREA_STYLE ('',( #3265 ) ) ;
#4735 = DIRECTION ( 'NONE',  ( 2.042714954096891005E-32, 1.000000000000000000, 3.407255370769963166E-48 ) ) ;
#4736 = CARTESIAN_POINT ( 'NONE',  ( 9.700000000000002842, 6.999999999999999112, -3.199999999999999734 ) ) ;
#4737 = EDGE_CURVE ( 'NONE', #4270, #1146, #14, .T. ) ;
#4738 = DIRECTION ( 'NONE',  ( -1.000000000000000000, 0.0000000000000000000, -0.0000000000000000000 ) ) ;
#4739 = LINE ( 'NONE', #3510, #2677 ) ;
#4740 = CARTESIAN_POINT ( 'NONE',  ( 8.727129896139459220, 0.0000000000000000000, -4.253643450194936726 ) ) ;
#4741 = LINE ( 'NONE', #2820, #692 ) ;
#4742 = VERTEX_POINT ( 'NONE', #4589 ) ;
#4743 = SURFACE_STYLE_USAGE ( .BOTH. , #1748 ) ;
#4744 = CARTESIAN_POINT ( 'NONE',  ( 2.499999999999998668, 13.10000000000000142, -0.5000000000000000000 ) ) ;
#4745 = CARTESIAN_POINT ( 'NONE',  ( 10.00000000000000000, 5.388445916248353027E-16, -4.399999999999999467 ) ) ;
#4746 = CARTESIAN_POINT ( 'NONE',  ( 7.500000000000000000, 13.10000000000000142, 0.0000000000000000000 ) ) ;
#4747 = ORIENTED_EDGE ( 'NONE', *, *, #2988, .F. ) ;
#4748 = VERTEX_POINT ( 'NONE', #4256 ) ;
#4749 = VERTEX_POINT ( 'NONE', #3892 ) ;
#4750 = FACE_OUTER_BOUND ( 'NONE', #2725, .T. ) ;
#4751 = CARTESIAN_POINT ( 'NONE',  ( 1.399999999999998579, 10.44109727785366992, -3.824777611091933149 ) ) ;
#4752 = SURFACE_SIDE_STYLE ('',( #1683 ) ) ;
#4753 =( NAMED_UNIT ( * ) SI_UNIT ( $, .STERADIAN. ) SOLID_ANGLE_UNIT ( ) );
#4754 = ADVANCED_FACE ( 'NONE', ( #204 ), #3121, .F. ) ;
#4755 = ORIENTED_EDGE ( 'NONE', *, *, #2721, .F. ) ;
#4756 = VERTEX_POINT ( 'NONE', #871 ) ;
#4757 = DIRECTION ( 'NONE',  ( -0.0000000000000000000, -1.000000000000000000, -0.0000000000000000000 ) ) ;
#4758 = EDGE_CURVE ( 'NONE', #1707, #1252, #3103, .T. ) ;
#4759 = COLOUR_RGB ( '',0.6666666666666666297, 0.6666666666666666297, 0.6666666666666666297 ) ;
#4760 = FACE_OUTER_BOUND ( 'NONE', #1057, .T. ) ;
#4761 = PLANE ( 'NONE',  #736 ) ;
#4762 = LINE ( 'NONE', #3240, #1276 ) ;
#4763 = STYLED_ITEM ( 'NONE', ( #2781 ), #1002 ) ;
#4764 = CARTESIAN_POINT ( 'NONE',  ( -0.2999999999999999889, 8.673617379884035472E-16, 3.300000000000001155 ) ) ;
#4765 = CARTESIAN_POINT ( 'NONE',  ( 8.600000000000001421, 1.612742585576166343, -3.824777611091934926 ) ) ;
#4766 = EDGE_CURVE ( 'NONE', #4347, #4054, #889, .T. ) ;
#4767 = FACE_OUTER_BOUND ( 'NONE', #3951, .T. ) ;
#4768 = AXIS2_PLACEMENT_3D ( 'NONE', #4336, #4662, #2826 ) ;
#4769 = AXIS2_PLACEMENT_3D ( 'NONE', #2163, #3652, #4795 ) ;
#4770 = CARTESIAN_POINT ( 'NONE',  ( -2.898519476151351842E-17, 5.200000000000004619, 3.349999999999999645 ) ) ;
#4771 = PRESENTATION_LAYER_ASSIGNMENT (  '', '', ( #3777 ) ) ;
#4772 = PLANE ( 'NONE',  #2122 ) ;
#4773 = DIRECTION ( 'NONE',  ( -0.0000000000000000000, -1.224646799147353207E-16, 1.000000000000000000 ) ) ;
#4774 = ORIENTED_EDGE ( 'NONE', *, *, #1556, .F. ) ;
#4775 = ORIENTED_EDGE ( 'NONE', *, *, #1001, .F. ) ;
#4776 = ORIENTED_EDGE ( 'NONE', *, *, #1163, .F. ) ;
#4777 = COLOUR_RGB ( '',0.6666666666666666297, 0.6666666666666666297, 0.6666666666666666297 ) ;
#4778 = VECTOR ( 'NONE', #80, 1000.000000000000000 ) ;
#4779 = LINE ( 'NONE', #2506, #1268 ) ;
#4780 = CARTESIAN_POINT ( 'NONE',  ( -0.2999999999999999889, 7.000000000000000888, -3.699999999999999734 ) ) ;
#4781 = PRESENTATION_STYLE_ASSIGNMENT (( #48 ) ) ;
#4782 = STYLED_ITEM ( 'NONE', ( #2342 ), #2179 ) ;
#4783 =( NAMED_UNIT ( * ) PLANE_ANGLE_UNIT ( ) SI_UNIT ( $, .RADIAN. ) );
#4784 = ORIENTED_EDGE ( 'NONE', *, *, #3112, .T. ) ;
#4785 = MECHANICAL_DESIGN_GEOMETRIC_PRESENTATION_REPRESENTATION (  '', ( #684 ), #1217 ) ;
#4786 = AXIS2_PLACEMENT_3D ( 'NONE', #2169, #1992, #533 ) ;
#4787 = VERTEX_POINT ( 'NONE', #1231 ) ;
#4788 = DIRECTION ( 'NONE',  ( 1.000000000000000000, 1.264537828726647086E-32, -1.032573497605242224E-16 ) ) ;
#4789 = COLOUR_RGB ( '',0.6666666666666666297, 0.6666666666666666297, 0.6666666666666666297 ) ;
#4790 = CARTESIAN_POINT ( 'NONE',  ( 0.5499999999999983791, 8.000000000000000000, 9.797174393178825657E-16 ) ) ;
#4791 = CARTESIAN_POINT ( 'NONE',  ( 3.850000000000000089, 7.000000000000000888, -4.399999999999999467 ) ) ;
#4792 = ORIENTED_EDGE ( 'NONE', *, *, #3962, .T. ) ;
#4793 = ADVANCED_FACE ( 'NONE', ( #550 ), #162, .F. ) ;
#4794 = CIRCLE ( 'NONE', #4247, 0.1999999999999996503 ) ;
#4795 = DIRECTION ( 'NONE',  ( 0.0000000000000000000, -0.0000000000000000000, 1.000000000000000000 ) ) ;
#4796 = CARTESIAN_POINT ( 'NONE',  ( 10.00000000000000000, 1.699999999999998401, 5.000000000000000000 ) ) ;
#4797 = DIRECTION ( 'NONE',  ( 0.0000000000000000000, 1.000000000000000000, 1.224646799147353454E-16 ) ) ;
#4798 =( NAMED_UNIT ( * ) PLANE_ANGLE_UNIT ( ) SI_UNIT ( $, .RADIAN. ) );
#4799 = LINE ( 'NONE', #2578, #582 ) ;
#4800 = EDGE_CURVE ( 'NONE', #1034, #4149, #1618, .T. ) ;
#4801 = EDGE_CURVE ( 'NONE', #4137, #1893, #177, .T. ) ;
#4802 = CARTESIAN_POINT ( 'NONE',  ( 0.8229490168750793755, 12.09999999999999964, 0.4999999999999997780 ) ) ;
#4803 = CARTESIAN_POINT ( 'NONE',  ( 6.149999999999999467, 4.165217391304366856, -4.399999999999998579 ) ) ;
#4804 = CARTESIAN_POINT ( 'NONE',  ( 9.700000000000002842, -4.172983968094606366E-16, -3.199999999999999734 ) ) ;
#4805 = VERTEX_POINT ( 'NONE', #2714 ) ;
#4806 = ORIENTED_EDGE ( 'NONE', *, *, #1096, .T. ) ;
#4807 = EDGE_LOOP ( 'NONE', ( #1353, #3197 ) ) ;
#4808 = FILL_AREA_STYLE_COLOUR ( '', #4759 ) ;
ENDSEC;
END-ISO-10303-21;
